序号,question{idx}_model_sample_size,qp,cp,bs,n_trials,n_question,准确率,平均reward,answer_tokens,total_tokens,mean_eflops,访存量
1,question_0_aime_Qwen3-0.6B_S64,64,1,1,1,1,0.0,0.21069675202458849,132,132,522389769611264.0,1450614017536.0
2,question_0_aime_Qwen3-0.6B_S64,64,1,1,1,1,0.0,0.21069675202458849,132,132,522389769611264.0,1450614017536.0
3,question_0_aime_Qwen3-0.6B_S64,64,1,1,1,1,0.0,0.21069675202458849,132,132,522389769611264.0,1450614017536.0
4,question_0_aime_Qwen3-0.6B_S32,32,1,1,1,1,0.0,0.21069675202458849,132,271,529558574997504.0,1738035257856.0
5,question_0_aime_Qwen3-0.6B_S32,32,1,1,1,1,0.0,0.0,0,0,306254933515264.0,1040806235648.0
6,question_0_aime_Qwen3-0.6B_S32,32,1,1,1,1,0.0,0.21069675202458849,132,271,510322797111296.0,1632620859904.0
7,question_0_aime_Qwen3-0.6B_S16,16,1,1,1,1,0.0,0.2024069129804873,139,1797,371139483900416.0,1376820237312.0
8,question_0_aime_Qwen3-0.6B_S16,16,1,1,1,1,0.0,0.06600534611036042,394,1930,601497242768384.0,2234156542464.0
9,question_0_aime_Qwen3-0.6B_S16,16,1,1,1,1,0.0,0.07847425007185262,398,2054,605295021237760.0,2299509537280.0
10,question_0_aime_Qwen3-0.6B_S8,8,1,1,1,1,0.0,0.13445967397498892,444,1086,451769899403264.0,2110071876096.0
11,question_0_aime_Qwen3-0.6B_S8,8,1,1,1,1,0.0,0.34226109194120535,541,1706,433805690614784.0,1729596069888.0
12,question_0_aime_Qwen3-0.6B_S8,8,1,1,1,1,0.0,0.07029594964456368,452,1435,368300491017728.0,1573639127552.0
13,question_0_aime_Qwen3-0.6B_S4,4,1,1,1,1,0.0,0.21069675202458849,132,132,146274559340544.0,752934236672.0
14,question_0_aime_Qwen3-0.6B_S4,4,1,1,1,1,0.0,0.06600534611036042,394,1454,261608223782912.0,1332840550912.0
15,question_0_aime_Qwen3-0.6B_S4,4,1,1,1,1,0.0,0.052269653349520294,697,1986,350137262851072.0,1720037206016.0
16,question_0_aime_Qwen3-0.6B_S2,2,1,1,1,1,0.0,0.25180959880093207,667,1276,281303674385408.0,1517935171584.0
17,question_0_aime_Qwen3-0.6B_S2,2,1,1,1,1,0.0,0.06611217926130407,717,717,274677526900224.0,1356435159040.0
18,question_0_aime_Qwen3-0.6B_S2,2,1,1,1,1,0.0,0.052269653349520294,697,1155,243153357784064.0,1324033453056.0
19,question_0_aime_Qwen3-0.6B_S1,1,1,1,1,1,0.0,0.040240373461152466,851,851,332259700979200.0,1498071489536.0
20,question_0_aime_Qwen3-0.6B_S1,1,1,1,1,1,0.0,0.04509223887801584,619,619,187064794020864.0,1063407080960.0
21,question_0_aime_Qwen3-0.6B_S1,1,1,1,1,1,0.0,0.027276565253031206,760,760,240852949521920.0,1265967234048.0
22,question_1_aime_Qwen3-0.6B_S64,64,1,1,1,1,0.0,0.4261945026376219,541,541,629651602194432.0,2681359773184.0
23,question_1_aime_Qwen3-0.6B_S64,64,1,1,1,1,0.0,0.4261945026376219,541,541,629651602194432.0,2681359773184.0
24,question_1_aime_Qwen3-0.6B_S64,64,1,1,1,1,0.0,0.4261945026376219,541,541,629651602194432.0,2681359773184.0
25,question_1_aime_Qwen3-0.6B_S32,32,1,1,1,1,0.0,0.0,0,0,464415281187328.0,2302633348608.0
26,question_1_aime_Qwen3-0.6B_S32,32,1,1,1,1,0.0,0.0,0,0,297288487041024.0,1260366448128.0
27,question_1_aime_Qwen3-0.6B_S32,32,1,1,1,1,0.0,0.4261945026376219,541,784,450885073153536.0,1964846325760.0
28,question_1_aime_Qwen3-0.6B_S16,16,1,1,1,1,0.0,0.0,0,0,148594076846592.0,640427462144.0
29,question_1_aime_Qwen3-0.6B_S16,16,1,1,1,1,0.0,0.21955027247632933,247,247,240985767604224.0,890662996992.0
30,question_1_aime_Qwen3-0.6B_S16,16,1,1,1,1,0.0,0.24496784902420152,501,501,347071572444672.0,1552753757184.0
31,question_1_aime_Qwen3-0.6B_S8,8,1,1,1,1,0.0,0.0,0,0,112499163349504.0,568736476672.0
32,question_1_aime_Qwen3-0.6B_S8,8,1,1,1,1,0.0,0.4261945026376219,541,788,219286174590976.0,1189668229120.0
33,question_1_aime_Qwen3-0.6B_S8,8,1,1,1,1,0.0,0.0,0,0,315205016483840.0,1854723429888.0
34,question_1_aime_Qwen3-0.6B_S4,4,1,1,1,1,1.0,0.8432906714130906,417,417,286936583115264.0,1510829475328.0
35,question_1_aime_Qwen3-0.6B_S4,4,1,1,1,1,0.0,0.21955027247632933,247,247,144432209202176.0,760288723968.0
36,question_1_aime_Qwen3-0.6B_S4,4,1,1,1,1,0.0,0.4261945026376219,541,541,253470885391872.0,1491122513920.0
37,question_1_aime_Qwen3-0.6B_S2,2,1,1,1,1,0.0,0.10826548832102648,627,627,239140916206080.0,1322221513728.0
38,question_1_aime_Qwen3-0.6B_S2,2,1,1,1,1,0.0,0.12941226707724862,598,598,234666563937792.0,1326495948800.0
39,question_1_aime_Qwen3-0.6B_S2,2,1,1,1,1,1.0,0.7874334829239774,387,387,143084508688896.0,768699684864.0
40,question_1_aime_Qwen3-0.6B_S1,1,1,1,1,1,0.0,0.090082518572838,378,378,111387162039296.0,625571629056.0
41,question_1_aime_Qwen3-0.6B_S1,1,1,1,1,1,0.0,0.09562335780678818,828,828,232274670462976.0,1338478708224.0
42,question_1_aime_Qwen3-0.6B_S1,1,1,1,1,1,0.0,0.10826548832102648,627,627,173582952506368.0,1021259977728.0
43,question_10_aime_Qwen3-0.6B_S64,64,1,1,1,1,0.0,0.028696463493058263,76,1960,566326630509568.0,1629775106048.0
44,question_10_aime_Qwen3-0.6B_S64,64,1,1,1,1,0.0,0.028696463493058263,76,1960,566326630509568.0,1629775106048.0
45,question_10_aime_Qwen3-0.6B_S64,64,1,1,1,1,0.0,0.028696463493058263,76,1960,566326630509568.0,1629775106048.0
46,question_10_aime_Qwen3-0.6B_S32,32,1,1,1,1,0.0,0.028696463493058263,76,697,311660653512704.0,1013931528192.0
47,question_10_aime_Qwen3-0.6B_S32,32,1,1,1,1,0.0,0.028696463493058263,76,812,324908430151168.0,1081065543680.0
48,question_10_aime_Qwen3-0.6B_S32,32,1,1,1,1,0.0,0.028696463493058263,76,529,317377761317376.0,991867648000.0
49,question_10_aime_Qwen3-0.6B_S16,16,1,1,1,1,0.0,0.02856716105793048,80,537,209020431575040.0,876768139264.0
50,question_10_aime_Qwen3-0.6B_S16,16,1,1,1,1,0.0,0.019489857327548897,264,729,240008543588864.0,1019613579264.0
51,question_10_aime_Qwen3-0.6B_S16,16,1,1,1,1,0.0,0.028696463493058263,76,800,209518711096320.0,833832003584.0
52,question_10_aime_Qwen3-0.6B_S8,8,1,1,1,1,0.0,0.028201881302363216,330,2036,260788157401600.0,1131299264512.0
53,question_10_aime_Qwen3-0.6B_S8,8,1,1,1,1,0.0,0.014353973918802434,154,264,140599271522816.0,658819340288.0
54,question_10_aime_Qwen3-0.6B_S8,8,1,1,1,1,0.0,0.019489857327548897,264,807,200411276492288.0,968179067392.0
55,question_10_aime_Qwen3-0.6B_S4,4,1,1,1,1,0.0,0.09297883619152952,247,736,150251888754176.0,724048216064.0
56,question_10_aime_Qwen3-0.6B_S4,4,1,1,1,1,0.0,0.03670113777305498,273,537,158028712204288.0,820596954112.0
57,question_10_aime_Qwen3-0.6B_S4,4,1,1,1,1,0.0,0.019440915943234306,275,885,211170098896384.0,1011528414720.0
58,question_10_aime_Qwen3-0.6B_S2,2,1,1,1,1,0.0,0.05392264839053498,368,638,127450327689728.0,646312139264.0
59,question_10_aime_Qwen3-0.6B_S2,2,1,1,1,1,0.0,0.014417425384550217,115,115,81939274995712.0,424293601280.0
60,question_10_aime_Qwen3-0.6B_S2,2,1,1,1,1,0.0,0.01645809164946546,222,453,101290407996928.0,522754600960.0
61,question_10_aime_Qwen3-0.6B_S1,1,1,1,1,1,0.0,0.059928228477462736,856,856,280239387023872.0,1430922695168.0
62,question_10_aime_Qwen3-0.6B_S1,1,1,1,1,1,0.0,0.019489857327548897,264,264,72791826753024.0,427370444800.0
63,question_10_aime_Qwen3-0.6B_S1,1,1,1,1,1,0.0,0.03670113777305498,273,273,76839763486208.0,444432810496.0
64,question_11_aime_Qwen3-0.6B_S64,64,1,1,1,1,0.0,0.1272428361896822,84,1100,362389981498880.0,1024240942592.0
65,question_11_aime_Qwen3-0.6B_S64,64,1,1,1,1,0.0,0.1272428361896822,84,1100,362389981498880.0,1024240942592.0
66,question_11_aime_Qwen3-0.6B_S64,64,1,1,1,1,0.0,0.1272428361896822,84,1100,362389981498880.0,1024240942592.0
67,question_11_aime_Qwen3-0.6B_S32,32,1,1,1,1,0.0,0.05541002402972663,195,505,226726266491392.0,786097839616.0
68,question_11_aime_Qwen3-0.6B_S32,32,1,1,1,1,0.0,0.0487260130642469,93,607,220617171467264.0,787354068480.0
69,question_11_aime_Qwen3-0.6B_S32,32,1,1,1,1,0.0,0.06963753026146803,214,410,224184267175936.0,783622381056.0
70,question_11_aime_Qwen3-0.6B_S16,16,1,1,1,1,0.0,0.0,0,0,146526261411328.0,622677923328.0
71,question_11_aime_Qwen3-0.6B_S16,16,1,1,1,1,0.0,0.0487260130642469,93,93,155005956157440.0,668525698560.0
72,question_11_aime_Qwen3-0.6B_S16,16,1,1,1,1,0.0,0.0487260130642469,93,132,121890474521600.0,483193447936.0
73,question_11_aime_Qwen3-0.6B_S8,8,1,1,1,1,0.0,0.05656009266980736,279,911,191842058902016.0,938629001728.0
74,question_11_aime_Qwen3-0.6B_S8,8,1,1,1,1,0.0,0.025520320817633012,196,196,112851497284608.0,559790185984.0
75,question_11_aime_Qwen3-0.6B_S8,8,1,1,1,1,0.0,0.20637936642704657,283,1032,184465922883072.0,840588342272.0
76,question_11_aime_Qwen3-0.6B_S4,4,1,1,1,1,0.0,0.0,0,0,76305777440768.0,418170772992.0
77,question_11_aime_Qwen3-0.6B_S4,4,1,1,1,1,0.0,0.05541002402972663,195,430,97851223160832.0,535626641408.0
78,question_11_aime_Qwen3-0.6B_S4,4,1,1,1,1,0.0,0.1272428361896822,84,177,103824763795456.0,576419729408.0
79,question_11_aime_Qwen3-0.6B_S2,2,1,1,1,1,0.0,0.03398228774318982,415,697,146126184943616.0,813857902592.0
80,question_11_aime_Qwen3-0.6B_S2,2,1,1,1,1,0.0,0.04188633455508435,129,509,113331713563648.0,619538275840.0
81,question_11_aime_Qwen3-0.6B_S2,2,1,1,1,1,0.0,0.0,0,0,44792433062912.0,256745414144.0
82,question_11_aime_Qwen3-0.6B_S1,1,1,1,1,1,0.0,0.04188633455508435,129,129,42279539625472.0,226041865728.0
83,question_11_aime_Qwen3-0.6B_S1,1,1,1,1,1,0.0,0.040495636140401296,133,133,39475136370688.0,223264833536.0
84,question_11_aime_Qwen3-0.6B_S1,1,1,1,1,1,0.0,0.07407369397454397,569,569,171937869654528.0,942812789248.0
85,question_12_aime_Qwen3-0.6B_S64,64,1,1,1,1,0.0,0.12104702516352664,508,1913,795010548406784.0,2954713296896.0
86,question_12_aime_Qwen3-0.6B_S64,64,1,1,1,1,0.0,0.12104702516352664,508,1913,795010548406784.0,2954713296896.0
87,question_12_aime_Qwen3-0.6B_S64,64,1,1,1,1,0.0,0.12104702516352664,508,1913,795010548406784.0,2954713296896.0
88,question_12_aime_Qwen3-0.6B_S32,32,1,1,1,1,0.0,0.12104702516352664,508,705,500407196426752.0,2126172311552.0
89,question_12_aime_Qwen3-0.6B_S32,32,1,1,1,1,0.0,0.5202520308733138,350,3693,618684221066752.0,2374430108672.0
90,question_12_aime_Qwen3-0.6B_S32,32,1,1,1,1,0.0,0.5202520308733138,350,2374,707045530174976.0,3119335981568.0
91,question_12_aime_Qwen3-0.6B_S16,16,1,1,1,1,0.0,0.14678962435140774,365,1421,488416898448896.0,2434656694784.0
92,question_12_aime_Qwen3-0.6B_S16,16,1,1,1,1,0.0,0.05635090877522774,76,197,324442659144192.0,1540382228480.0
93,question_12_aime_Qwen3-0.6B_S16,16,1,1,1,1,0.0,0.14678962435140774,365,1440,387713232641536.0,1815500235264.0
94,question_12_aime_Qwen3-0.6B_S8,8,1,1,1,1,0.0,0.1264935262908318,668,1811,324393126189056.0,1506099137024.0
95,question_12_aime_Qwen3-0.6B_S8,8,1,1,1,1,0.0,0.05401818272059639,244,471,256783807081472.0,1308082160128.0
96,question_12_aime_Qwen3-0.6B_S8,8,1,1,1,1,0.0,0.12104702516352664,508,638,385855081114624.0,2092566680064.0
97,question_12_aime_Qwen3-0.6B_S4,4,1,1,1,1,0.0,0.3948200190095582,358,479,218792030382592.0,1205755577344.0
98,question_12_aime_Qwen3-0.6B_S4,4,1,1,1,1,0.0,0.0663017636938469,625,929,251760611599360.0,1395181991936.0
99,question_12_aime_Qwen3-0.6B_S4,4,1,1,1,1,0.0,0.10316371200820841,276,1600,285586724529152.0,1629748595712.0
100,question_12_aime_Qwen3-0.6B_S2,2,1,1,1,1,0.0,0.03329849881171358,574,1281,258507544446976.0,1391563063808.0
101,question_12_aime_Qwen3-0.6B_S2,2,1,1,1,1,0.0,0.04823412304572041,130,130,134550022553600.0,778088086528.0
102,question_12_aime_Qwen3-0.6B_S2,2,1,1,1,1,0.0,0.025810311430793025,707,707,305614607164416.0,1653874248192.0
103,question_12_aime_Qwen3-0.6B_S1,1,1,1,1,1,0.0,0.09406026777138374,599,599,163848261028864.0,966464061440.0
104,question_12_aime_Qwen3-0.6B_S1,1,1,1,1,1,0.0,0.11877787749677539,764,764,212478997586432.0,1231881467392.0
105,question_12_aime_Qwen3-0.6B_S1,1,1,1,1,1,0.0,0.13125845804197753,528,528,150353651207680.0,859759097344.0
106,question_13_aime_Qwen3-0.6B_S64,64,1,1,1,1,0.0,0.10847872626207677,475,4928,1178438714665472.0,3022510862336.0
107,question_13_aime_Qwen3-0.6B_S64,64,1,1,1,1,0.0,0.10847872626207677,475,4928,1178438714665472.0,3022510862336.0
108,question_13_aime_Qwen3-0.6B_S64,64,1,1,1,1,0.0,0.10847872626207677,475,4928,1178438714665472.0,3022510862336.0
109,question_13_aime_Qwen3-0.6B_S32,32,1,1,1,1,0.0,0.09534915641710767,274,2487,660514425442304.0,2009573859328.0
110,question_13_aime_Qwen3-0.6B_S32,32,1,1,1,1,0.0,0.0397722171705227,191,2757,707525242922496.0,2314445543424.0
111,question_13_aime_Qwen3-0.6B_S32,32,1,1,1,1,0.0,0.06990887591095675,292,2588,674641758817792.0,2106003408896.0
112,question_13_aime_Qwen3-0.6B_S16,16,1,1,1,1,0.0,0.09534915641710767,274,1359,425239265749504.0,1632630302720.0
113,question_13_aime_Qwen3-0.6B_S16,16,1,1,1,1,0.0,0.09534915641710767,274,1578,392849983299072.0,1461478047744.0
114,question_13_aime_Qwen3-0.6B_S16,16,1,1,1,1,0.0,0.0397722171705227,191,1283,421612922296832.0,1620476289024.0
115,question_13_aime_Qwen3-0.6B_S8,8,1,1,1,1,0.0,0.10847872626207677,475,1150,315464871607296.0,1411684669952.0
116,question_13_aime_Qwen3-0.6B_S8,8,1,1,1,1,0.0,0.03280757476555868,259,259,272323724171264.0,1169718214656.0
117,question_13_aime_Qwen3-0.6B_S8,8,1,1,1,1,0.0,0.10847872626207677,475,1215,475789302827520.0,2187374022144.0
118,question_13_aime_Qwen3-0.6B_S4,4,1,1,1,1,0.0,0.03207628502564559,476,912,394982525608960.0,1892405897216.0
119,question_13_aime_Qwen3-0.6B_S4,4,1,1,1,1,0.0,0.07370136415444876,348,1141,239960869484544.0,1139821395968.0
120,question_13_aime_Qwen3-0.6B_S4,4,1,1,1,1,0.0,0.025640174941416436,293,293,208657089593344.0,980177931264.0
121,question_13_aime_Qwen3-0.6B_S2,2,1,1,1,1,0.0,0.02242385710982969,254,254,125104069541888.0,683787202560.0
122,question_13_aime_Qwen3-0.6B_S2,2,1,1,1,1,0.0,0.10847872626207677,475,475,209151117213184.0,1139927279104.0
123,question_13_aime_Qwen3-0.6B_S2,2,1,1,1,1,0.0,0.01864137079666491,401,401,172163312491008.0,945395769856.0
124,question_13_aime_Qwen3-0.6B_S1,1,1,1,1,1,0.0,0.28188594120295385,1402,1402,436502780103168.0,2321489985536.0
125,question_13_aime_Qwen3-0.6B_S1,1,1,1,1,1,0.0,0.052966701763511544,740,740,208615234236416.0,1198391264768.0
126,question_13_aime_Qwen3-0.6B_S1,1,1,1,1,1,0.0,0.038847729311303446,725,725,230797939321344.0,1212407371776.0
127,question_14_aime_Qwen3-0.6B_S64,64,1,1,1,1,0.0,0.0226722951915483,178,436,514610063443456.0,1730177324544.0
128,question_14_aime_Qwen3-0.6B_S64,64,1,1,1,1,0.0,0.0226722951915483,178,436,514610063443456.0,1730177324544.0
129,question_14_aime_Qwen3-0.6B_S64,64,1,1,1,1,0.0,0.0226722951915483,178,436,514610063443456.0,1730177324544.0
130,question_14_aime_Qwen3-0.6B_S32,32,1,1,1,1,0.0,0.0226722951915483,178,178,355205113291264.0,1485784774144.0
131,question_14_aime_Qwen3-0.6B_S32,32,1,1,1,1,0.0,0.04565199304350887,275,951,477214030745088.0,1727014390272.0
132,question_14_aime_Qwen3-0.6B_S32,32,1,1,1,1,0.0,0.0226722951915483,178,436,351640862148096.0,1452490903040.0
133,question_14_aime_Qwen3-0.6B_S16,16,1,1,1,1,0.0,0.04565199304350887,275,825,316028432723456.0,1220644662272.0
134,question_14_aime_Qwen3-0.6B_S16,16,1,1,1,1,0.0,0.0226722951915483,178,178,253089563663872.0,1237581137408.0
135,question_14_aime_Qwen3-0.6B_S16,16,1,1,1,1,0.0,0.033401415284340416,558,2110,538568456855040.0,1958121335808.0
136,question_14_aime_Qwen3-0.6B_S8,8,1,1,1,1,0.0,0.029196559438644017,589,1326,384799697406976.0,1688946894336.0
137,question_14_aime_Qwen3-0.6B_S8,8,1,1,1,1,0.0,0.0,0,0,215500997166592.0,1183663533568.0
138,question_14_aime_Qwen3-0.6B_S8,8,1,1,1,1,0.0,0.01963069311714493,351,821,351737374526464.0,1560966425600.0
139,question_14_aime_Qwen3-0.6B_S4,4,1,1,1,1,0.0,0.01900099915915901,361,604,276005644176384.0,1418681304064.0
140,question_14_aime_Qwen3-0.6B_S4,4,1,1,1,1,0.0,0.033455871901582605,306,715,263408835734528.0,1164236381696.0
141,question_14_aime_Qwen3-0.6B_S4,4,1,1,1,1,0.0,0.0226722951915483,178,178,115978185900544.0,589637659136.0
142,question_14_aime_Qwen3-0.6B_S2,2,1,1,1,1,0.0,0.029196559438644017,589,589,196962469312000.0,1063807516672.0
143,question_14_aime_Qwen3-0.6B_S2,2,1,1,1,1,0.0,0.013050980522594773,329,329,183185394136576.0,1045768865792.0
144,question_14_aime_Qwen3-0.6B_S2,2,1,1,1,1,0.0,0.018249932672921538,524,915,213428162411008.0,1111630607360.0
145,question_14_aime_Qwen3-0.6B_S1,1,1,1,1,1,0.0,0.017541232694113364,480,480,141925298257920.0,816145353216.0
146,question_14_aime_Qwen3-0.6B_S1,1,1,1,1,1,0.0,0.013050980522594773,329,329,95638863173632.0,562640359936.0
147,question_14_aime_Qwen3-0.6B_S1,1,1,1,1,1,0.0,0.01623813979273493,491,491,162103393881600.0,832550305792.0
148,question_15_aime_Qwen3-0.6B_S64,64,1,1,1,1,0.0,0.09879411116758428,114,114,506704723779072.0,1540607919616.0
149,question_15_aime_Qwen3-0.6B_S64,64,1,1,1,1,0.0,0.09879411116758428,114,114,506704723779072.0,1540607919616.0
150,question_15_aime_Qwen3-0.6B_S64,64,1,1,1,1,0.0,0.09879411116758428,114,114,506704723779072.0,1540607919616.0
151,question_15_aime_Qwen3-0.6B_S32,32,1,1,1,1,0.0,0.09879411116758428,114,550,365423327756800.0,1166335703040.0
152,question_15_aime_Qwen3-0.6B_S32,32,1,1,1,1,0.0,0.0,0,0,333047738249216.0,1276002203136.0
153,question_15_aime_Qwen3-0.6B_S32,32,1,1,1,1,0.0,0.09879411116758428,114,114,349418277505536.0,1098440986624.0
154,question_15_aime_Qwen3-0.6B_S16,16,1,1,1,1,0.0,0.09700776412638726,214,1051,326116048276480.0,1239473181696.0
155,question_15_aime_Qwen3-0.6B_S16,16,1,1,1,1,0.0,0.26994553681900174,322,1752,363096268608512.0,1429355250688.0
156,question_15_aime_Qwen3-0.6B_S16,16,1,1,1,1,0.0,0.26994553681900174,322,2134,423687272621568.0,1562747457536.0
157,question_15_aime_Qwen3-0.6B_S8,8,1,1,1,1,0.0,0.09953160947309897,320,974,282283931338752.0,1208662534144.0
158,question_15_aime_Qwen3-0.6B_S8,8,1,1,1,1,0.0,0.08259792368577532,222,222,235234993927168.0,1060464825344.0
159,question_15_aime_Qwen3-0.6B_S8,8,1,1,1,1,0.0,0.09879411116758428,114,114,157956481113088.0,732818632704.0
160,question_15_aime_Qwen3-0.6B_S4,4,1,1,1,1,0.0,0.12413713904229888,360,1031,210783204688896.0,995523443712.0
161,question_15_aime_Qwen3-0.6B_S4,4,1,1,1,1,0.0,0.26994553681900174,322,679,238698912403968.0,1187907842560.0
162,question_15_aime_Qwen3-0.6B_S4,4,1,1,1,1,0.0,0.2019185124478917,286,606,218256878685184.0,1109288167936.0
163,question_15_aime_Qwen3-0.6B_S2,2,1,1,1,1,0.0,0.2508286839543644,828,1524,322145635398656.0,1556869800448.0
164,question_15_aime_Qwen3-0.6B_S2,2,1,1,1,1,0.0,0.045387937932310565,357,357,150684318763008.0,764938055680.0
165,question_15_aime_Qwen3-0.6B_S2,2,1,1,1,1,0.0,0.07014043203573886,214,214,88149129817088.0,479386424320.0
166,question_15_aime_Qwen3-0.6B_S1,1,1,1,1,1,0.0,0.09558713754234022,271,271,87317408061952.0,463246380544.0
167,question_15_aime_Qwen3-0.6B_S1,1,1,1,1,1,0.0,0.10547208324072445,401,401,126498300953088.0,700587340800.0
168,question_15_aime_Qwen3-0.6B_S1,1,1,1,1,1,0.0,0.061642288878284705,401,401,111739654791680.0,648655942656.0
169,question_16_aime_Qwen3-0.6B_S64,64,1,1,1,1,0.0,0.06123076633147225,228,1950,551877317311488.0,1449507395584.0
170,question_16_aime_Qwen3-0.6B_S64,64,1,1,1,1,0.0,0.06123076633147225,228,1950,551877317311488.0,1449507395584.0
171,question_16_aime_Qwen3-0.6B_S64,64,1,1,1,1,0.0,0.06123076633147225,228,1950,551877317311488.0,1449507395584.0
172,question_16_aime_Qwen3-0.6B_S32,32,1,1,1,1,0.0,0.06123076633147225,228,1276,333366723165696.0,1104092485632.0
173,question_16_aime_Qwen3-0.6B_S32,32,1,1,1,1,0.0,0.19439590618243505,174,1427,382957946831360.0,1193150611968.0
174,question_16_aime_Qwen3-0.6B_S32,32,1,1,1,1,0.0,0.06123076633147225,228,1179,332376239534080.0,1110865766400.0
175,question_16_aime_Qwen3-0.6B_S16,16,1,1,1,1,0.0,0.06123076633147225,228,723,221539512497664.0,911397738496.0
176,question_16_aime_Qwen3-0.6B_S16,16,1,1,1,1,0.0,0.19439590618243505,174,639,279961802266112.0,1161538822656.0
177,question_16_aime_Qwen3-0.6B_S16,16,1,1,1,1,0.0,0.06123076633147225,228,1227,255610408204288.0,1030930608640.0
178,question_16_aime_Qwen3-0.6B_S8,8,1,1,1,1,0.0,0.03429806113112131,124,124,190110796838400.0,875535643136.0
179,question_16_aime_Qwen3-0.6B_S8,8,1,1,1,1,0.0,0.04664312866609321,187,660,154941913712640.0,674832448000.0
180,question_16_aime_Qwen3-0.6B_S8,8,1,1,1,1,0.0,0.041101618873863766,72,506,163494034209280.0,747619707392.0
181,question_16_aime_Qwen3-0.6B_S4,4,1,1,1,1,0.0,0.19439590618243505,174,360,136984151726592.0,697443734528.0
182,question_16_aime_Qwen3-0.6B_S4,4,1,1,1,1,0.0,0.031092599606114893,101,101,138759593905664.0,719199578624.0
183,question_16_aime_Qwen3-0.6B_S4,4,1,1,1,1,0.0,0.14601591113387785,410,1181,251169955235328.0,1259520547328.0
184,question_16_aime_Qwen3-0.6B_S2,2,1,1,1,1,0.0,0.026387950789205056,117,117,109143010350080.0,585452713984.0
185,question_16_aime_Qwen3-0.6B_S2,2,1,1,1,1,0.0,0.10212980394343465,393,393,163387373705216.0,905163155968.0
186,question_16_aime_Qwen3-0.6B_S2,2,1,1,1,1,0.0,0.044216086939596395,186,310,66438227525120.0,364164272128.0
187,question_16_aime_Qwen3-0.6B_S1,1,1,1,1,1,0.0,0.1825900430958186,781,781,245319522691584.0,1295573443072.0
188,question_16_aime_Qwen3-0.6B_S1,1,1,1,1,1,0.0,0.08139306498709856,347,347,103078523367424.0,585113028608.0
189,question_16_aime_Qwen3-0.6B_S1,1,1,1,1,1,0.0,0.09734660417826342,506,506,153735643276800.0,845721326080.0
190,question_17_aime_Qwen3-0.6B_S64,64,1,1,1,1,0.0,0.06368975316893946,125,856,587355786938880.0,2105271070208.0
191,question_17_aime_Qwen3-0.6B_S64,64,1,1,1,1,0.0,0.06368975316893946,125,856,587355786938880.0,2105271070208.0
192,question_17_aime_Qwen3-0.6B_S64,64,1,1,1,1,0.0,0.06368975316893946,125,856,587355786938880.0,2105271070208.0
193,question_17_aime_Qwen3-0.6B_S32,32,1,1,1,1,0.0,0.045355656760161685,101,712,397349752164352.0,1695936400896.0
194,question_17_aime_Qwen3-0.6B_S32,32,1,1,1,1,0.0,0.041385428243729185,255,611,360974935741440.0,1453689384448.0
195,question_17_aime_Qwen3-0.6B_S32,32,1,1,1,1,0.0,0.05573440146572915,19,375,398282830821888.0,1721029506560.0
196,question_17_aime_Qwen3-0.6B_S16,16,1,1,1,1,0.0,0.05573440146572915,19,274,269400440669184.0,1313101327872.0
197,question_17_aime_Qwen3-0.6B_S16,16,1,1,1,1,0.0,0.06368975316893946,125,624,270886335834112.0,1190306504704.0
198,question_17_aime_Qwen3-0.6B_S16,16,1,1,1,1,0.0,0.06368975316893946,125,481,230249677409792.0,1075313843712.0
199,question_17_aime_Qwen3-0.6B_S8,8,1,1,1,1,0.0,0.0,0,0,262768983054336.0,1462538751488.0
200,question_17_aime_Qwen3-0.6B_S8,8,1,1,1,1,0.0,0.05487842356784104,164,265,156109435063296.0,736306110464.0
201,question_17_aime_Qwen3-0.6B_S8,8,1,1,1,1,0.0,0.0,0,0,243827481933312.0,1361648428544.0
202,question_17_aime_Qwen3-0.6B_S4,4,1,1,1,1,0.0,0.49360362319250073,154,361,132628845531136.0,664255831040.0
203,question_17_aime_Qwen3-0.6B_S4,4,1,1,1,1,0.0,0.041842754039282504,234,1161,164913783719936.0,749453783040.0
204,question_17_aime_Qwen3-0.6B_S4,4,1,1,1,1,0.0,0.2747510302047688,342,1132,226739065320960.0,1142899173888.0
205,question_17_aime_Qwen3-0.6B_S2,2,1,1,1,1,0.0,0.05487842356784104,164,164,79489644362752.0,428742743040.0
206,question_17_aime_Qwen3-0.6B_S2,2,1,1,1,1,0.0,0.052065870438620196,806,806,315395120318464.0,1758757975040.0
207,question_17_aime_Qwen3-0.6B_S2,2,1,1,1,1,0.0,0.05573440146572915,19,19,72984604466688.0,416091142144.0
208,question_17_aime_Qwen3-0.6B_S1,1,1,1,1,1,0.0,0.04182979441210598,373,373,107915542059008.0,610402928640.0
209,question_17_aime_Qwen3-0.6B_S1,1,1,1,1,1,0.0,0.0,0,0,128424863028736.0,800895597056.0
210,question_17_aime_Qwen3-0.6B_S1,1,1,1,1,1,0.0,0.035154298638726655,1133,1133,363735281390080.0,1958123726336.0
211,question_18_aime_Qwen3-0.6B_S64,64,1,1,1,1,0.0,0.3687341463419947,915,2030,1307635441614848.0,3756528966144.0
212,question_18_aime_Qwen3-0.6B_S64,64,1,1,1,1,0.0,0.3687341463419947,915,2030,1307635441614848.0,3756528966144.0
213,question_18_aime_Qwen3-0.6B_S64,64,1,1,1,1,0.0,0.3687341463419947,915,2030,1307635441614848.0,3756528966144.0
214,question_18_aime_Qwen3-0.6B_S32,32,1,1,1,1,0.0,0.08821834655028044,195,862,943767253693440.0,3127401911808.0
215,question_18_aime_Qwen3-0.6B_S32,32,1,1,1,1,0.0,0.1084018526973759,438,1115,745016299033088.0,2460572494336.0
216,question_18_aime_Qwen3-0.6B_S32,32,1,1,1,1,0.0,0.3687341463419947,915,1353,832538154425856.0,3040863205888.0
217,question_18_aime_Qwen3-0.6B_S16,16,1,1,1,1,0.0,0.2564729024756269,832,2276,1173425924654080.0,4435349092864.0
218,question_18_aime_Qwen3-0.6B_S16,16,1,1,1,1,0.0,0.1084018526973759,438,1300,591710243556352.0,2350462838272.0
219,question_18_aime_Qwen3-0.6B_S16,16,1,1,1,1,0.0,0.3687341463419947,915,1592,625353468369920.0,2807742126592.0
220,question_18_aime_Qwen3-0.6B_S8,8,1,1,1,1,0.0,0.5615299077370041,1649,3293,1047286879685120.0,4544227633152.0
221,question_18_aime_Qwen3-0.6B_S8,8,1,1,1,1,0.0,0.2500605296820814,1079,1759,1188578306529792.0,4630219451392.0
222,question_18_aime_Qwen3-0.6B_S8,8,1,1,1,1,0.0,0.07103514525381287,667,667,596704809707520.0,2783684600832.0
223,question_18_aime_Qwen3-0.6B_S4,4,1,1,1,1,0.0,0.5954194737531092,821,821,710586126295552.0,3437157642240.0
224,question_18_aime_Qwen3-0.6B_S4,4,1,1,1,1,0.0,0.03983529193624178,585,585,465230450945024.0,2242345741312.0
225,question_18_aime_Qwen3-0.6B_S4,4,1,1,1,1,0.0,0.3000893815654222,964,2016,667475545819648.0,3176850360832.0
226,question_18_aime_Qwen3-0.6B_S2,2,1,1,1,1,0.0,0.04746610813187936,661,661,325771449074176.0,1712541453312.0
227,question_18_aime_Qwen3-0.6B_S2,2,1,1,1,1,0.0,0.5035551150051129,1003,1848,445226679887360.0,2322266660352.0
228,question_18_aime_Qwen3-0.6B_S2,2,1,1,1,1,0.0,0.07103514525381287,667,667,249400858606592.0,1391184653312.0
229,question_18_aime_Qwen3-0.6B_S1,1,1,1,1,1,0.0,0.5954194737531092,821,821,243075805209088.0,1350650180608.0
230,question_18_aime_Qwen3-0.6B_S1,1,1,1,1,1,0.0,0.23274294111013305,1396,1396,439953579879424.0,2322542931968.0
231,question_18_aime_Qwen3-0.6B_S1,1,1,1,1,1,0.0,0.038672655314623786,1093,1093,312087572880896.0,1777105158656.0
232,question_19_aime_Qwen3-0.6B_S64,64,1,1,1,1,0.0,0.22086502751025158,225,5198,680854214818304.0,1559828280320.0
233,question_19_aime_Qwen3-0.6B_S64,64,1,1,1,1,0.0,0.22086502751025158,225,5198,680854214818304.0,1559828280320.0
234,question_19_aime_Qwen3-0.6B_S64,64,1,1,1,1,0.0,0.22086502751025158,225,5198,680854214818304.0,1559828280320.0
235,question_19_aime_Qwen3-0.6B_S32,32,1,1,1,1,0.0,0.22086502751025158,225,2775,414894066947584.0,1208036346880.0
236,question_19_aime_Qwen3-0.6B_S32,32,1,1,1,1,0.0,0.22086502751025158,225,2653,425374663757312.0,1285910385664.0
237,question_19_aime_Qwen3-0.6B_S32,32,1,1,1,1,0.0,0.22086502751025158,225,2212,402540197388288.0,1160702919680.0
238,question_19_aime_Qwen3-0.6B_S16,16,1,1,1,1,0.0,0.11045700372677447,210,1114,266952311810560.0,983335379968.0
239,question_19_aime_Qwen3-0.6B_S16,16,1,1,1,1,0.0,0.1503511090482209,196,754,258775583024128.0,920068148224.0
240,question_19_aime_Qwen3-0.6B_S16,16,1,1,1,1,0.0,0.15317051421742936,175,1082,288997156132864.0,1090326905856.0
241,question_19_aime_Qwen3-0.6B_S8,8,1,1,1,1,0.0,0.08263189466350022,170,462,165418590771200.0,706571252736.0
242,question_19_aime_Qwen3-0.6B_S8,8,1,1,1,1,0.0,0.16978486653263686,278,1336,255017315545088.0,1104353505792.0
243,question_19_aime_Qwen3-0.6B_S8,8,1,1,1,1,0.0,0.17780978896307087,160,327,183803181571072.0,810407595008.0
244,question_19_aime_Qwen3-0.6B_S4,4,1,1,1,1,0.0,0.15317051421742936,175,886,172833662370304.0,819566017024.0
245,question_19_aime_Qwen3-0.6B_S4,4,1,1,1,1,0.0,0.22086502751025158,225,423,152012869215232.0,796984542208.0
246,question_19_aime_Qwen3-0.6B_S4,4,1,1,1,1,0.0,0.12464252447046109,271,680,135119940282880.0,653375205376.0
247,question_19_aime_Qwen3-0.6B_S2,2,1,1,1,1,0.0,0.16890336719299534,270,468,89725136418304.0,471527677440.0
248,question_19_aime_Qwen3-0.6B_S2,2,1,1,1,1,0.0,0.1216922781233538,296,483,91249194479616.0,505561700864.0
249,question_19_aime_Qwen3-0.6B_S2,2,1,1,1,1,0.0,0.2608518507937096,322,607,131743457633792.0,664464477696.0
250,question_19_aime_Qwen3-0.6B_S1,1,1,1,1,1,0.0,0.04649212568830465,399,399,120525645007360.0,674166459904.0
251,question_19_aime_Qwen3-0.6B_S1,1,1,1,1,1,0.0,0.2608518507937096,322,322,99501479569408.0,538786190848.0
252,question_19_aime_Qwen3-0.6B_S1,1,1,1,1,1,0.0,0.10908190793230886,150,150,45520418072064.0,252817119744.0
253,question_2_aime_Qwen3-0.6B_S64,64,1,1,1,1,0.0,0.5039088674745311,217,3166,797002627758080.0,2106311905792.0
254,question_2_aime_Qwen3-0.6B_S64,64,1,1,1,1,0.0,0.5039088674745311,217,3166,797002627758080.0,2106311905792.0
255,question_2_aime_Qwen3-0.6B_S64,64,1,1,1,1,0.0,0.5039088674745311,217,3166,797002627758080.0,2106311905792.0
256,question_2_aime_Qwen3-0.6B_S32,32,1,1,1,1,0.0,0.5039088674745311,217,1521,459691161705472.0,1465629499904.0
257,question_2_aime_Qwen3-0.6B_S32,32,1,1,1,1,0.0,0.529367974043348,378,3645,566901557484544.0,1815717784576.0
258,question_2_aime_Qwen3-0.6B_S32,32,1,1,1,1,0.0,0.3923442550541124,310,1609,473037570590208.0,1558991757824.0
259,question_2_aime_Qwen3-0.6B_S16,16,1,1,1,1,0.0,0.529367974043348,378,1648,394075231661568.0,1614414134272.0
260,question_2_aime_Qwen3-0.6B_S16,16,1,1,1,1,0.0,0.5039088674745311,217,1990,344375775127040.0,1321671400448.0
261,question_2_aime_Qwen3-0.6B_S16,16,1,1,1,1,0.0,0.3923442550541124,310,1170,295695054785024.0,1170072535552.0
262,question_2_aime_Qwen3-0.6B_S8,8,1,1,1,1,0.0,0.1462047957151843,392,2717,315529075048448.0,1297848140800.0
263,question_2_aime_Qwen3-0.6B_S8,8,1,1,1,1,0.0,0.4375019134433627,391,1299,293812928784896.0,1304560312320.0
264,question_2_aime_Qwen3-0.6B_S8,8,1,1,1,1,0.0,0.529367974043348,378,2251,289615008983040.0,1268702347776.0
265,question_2_aime_Qwen3-0.6B_S4,4,1,1,1,1,0.0,0.09128067824559091,215,654,150229620824576.0,772330746880.0
266,question_2_aime_Qwen3-0.6B_S4,4,1,1,1,1,0.0,0.08633588835543601,578,1263,255357834977792.0,1251293890048.0
267,question_2_aime_Qwen3-0.6B_S4,4,1,1,1,1,0.0,0.5039088674745311,217,1024,142833651468800.0,720792439808.0
268,question_2_aime_Qwen3-0.6B_S2,2,1,1,1,1,0.0,0.22761659598965747,267,569,101541983567360.0,531876105728.0
269,question_2_aime_Qwen3-0.6B_S2,2,1,1,1,1,0.0,0.15620236663370934,453,857,185640221268992.0,1019861434368.0
270,question_2_aime_Qwen3-0.6B_S2,2,1,1,1,1,0.0,0.5410680559886872,457,865,175738035204608.0,932555613184.0
271,question_2_aime_Qwen3-0.6B_S1,1,1,1,1,1,0.0,0.16739361346447,305,305,85725166630400.0,516086339072.0
272,question_2_aime_Qwen3-0.6B_S1,1,1,1,1,1,0.0,0.10682755541893159,300,300,89094357944832.0,502805347840.0
273,question_2_aime_Qwen3-0.6B_S1,1,1,1,1,1,0.0,0.46153129208966964,260,260,75496868328448.0,427965713408.0
274,question_20_aime_Qwen3-0.6B_S64,64,1,1,1,1,0.0,0.276577292843018,166,288,468858229017600.0,1519320999424.0
275,question_20_aime_Qwen3-0.6B_S64,64,1,1,1,1,0.0,0.276577292843018,166,288,468858229017600.0,1519320999424.0
276,question_20_aime_Qwen3-0.6B_S64,64,1,1,1,1,0.0,0.276577292843018,166,288,468858229017600.0,1519320999424.0
277,question_20_aime_Qwen3-0.6B_S32,32,1,1,1,1,0.0,0.276577292843018,166,288,270132266814976.0,997656923648.0
278,question_20_aime_Qwen3-0.6B_S32,32,1,1,1,1,0.0,0.0,0,0,314943885590016.0,1279307011584.0
279,question_20_aime_Qwen3-0.6B_S32,32,1,1,1,1,0.0,0.276577292843018,166,166,301918938856960.0,1207145471488.0
280,question_20_aime_Qwen3-0.6B_S16,16,1,1,1,1,0.0,0.0,0,0,188611727639552.0,849083661824.0
281,question_20_aime_Qwen3-0.6B_S16,16,1,1,1,1,0.0,0.0,0,0,195194836784640.0,879440025088.0
282,question_20_aime_Qwen3-0.6B_S16,16,1,1,1,1,0.0,0.0,0,0,205776272292352.0,947227907584.0
283,question_20_aime_Qwen3-0.6B_S8,8,1,1,1,1,0.0,0.0,0,0,123819358533632.0,622939586048.0
284,question_20_aime_Qwen3-0.6B_S8,8,1,1,1,1,0.0,0.11904400775610274,369,623,222559203291136.0,1053891515392.0
285,question_20_aime_Qwen3-0.6B_S8,8,1,1,1,1,0.0,0.276577292843018,166,166,131685635747328.0,673753110016.0
286,question_20_aime_Qwen3-0.6B_S4,4,1,1,1,1,0.0,0.1039374838876078,181,303,86938407738368.0,423451283968.0
287,question_20_aime_Qwen3-0.6B_S4,4,1,1,1,1,0.0,0.276577292843018,166,166,118236919109632.0,641980080128.0
288,question_20_aime_Qwen3-0.6B_S4,4,1,1,1,1,0.0,0.0,0,0,98665669223424.0,552891747840.0
289,question_20_aime_Qwen3-0.6B_S2,2,1,1,1,1,0.0,0.07325563505244193,301,301,154164596420096.0,799899037696.0
290,question_20_aime_Qwen3-0.6B_S2,2,1,1,1,1,0.0,0.3028699254395965,227,657,151838174087680.0,828689132544.0
291,question_20_aime_Qwen3-0.6B_S2,2,1,1,1,1,0.0,0.08757645064254266,256,525,112882083807232.0,614551217664.0
292,question_20_aime_Qwen3-0.6B_S1,1,1,1,1,1,0.0,0.098653505661407,380,380,107892201001472.0,628994741248.0
293,question_20_aime_Qwen3-0.6B_S1,1,1,1,1,1,0.0,0.3210950621101809,381,381,112591314179584.0,627576585216.0
294,question_20_aime_Qwen3-0.6B_S1,1,1,1,1,1,0.0,0.0,0,0,51308543438336.0,316903197184.0
295,question_21_aime_Qwen3-0.6B_S64,64,1,1,1,1,0.0,0.03264320884012537,34,694,682542404595712.0,2206747604992.0
296,question_21_aime_Qwen3-0.6B_S64,64,1,1,1,1,0.0,0.03264320884012537,34,694,682542404595712.0,2206747604992.0
297,question_21_aime_Qwen3-0.6B_S64,64,1,1,1,1,0.0,0.03264320884012537,34,694,682542404595712.0,2206747604992.0
298,question_21_aime_Qwen3-0.6B_S32,32,1,1,1,1,0.0,0.03264320884012537,34,404,441430351913984.0,1751119673344.0
299,question_21_aime_Qwen3-0.6B_S32,32,1,1,1,1,0.0,0.05742884502977379,322,622,538401450083328.0,1782733036544.0
300,question_21_aime_Qwen3-0.6B_S32,32,1,1,1,1,0.0,0.03264320884012537,34,282,452014388285440.0,1812342118400.0
301,question_21_aime_Qwen3-0.6B_S16,16,1,1,1,1,0.0,0.028702278820825294,277,755,368875940965888.0,1487230897152.0
302,question_21_aime_Qwen3-0.6B_S16,16,1,1,1,1,0.0,0.030813192183305957,248,749,302649630298112.0,1255263171072.0
303,question_21_aime_Qwen3-0.6B_S16,16,1,1,1,1,0.0,0.030813192183305957,248,576,271313307699712.0,1081039424000.0
304,question_21_aime_Qwen3-0.6B_S8,8,1,1,1,1,0.0,0.11622795662301666,440,1786,379575367851520.0,1773617687040.0
305,question_21_aime_Qwen3-0.6B_S8,8,1,1,1,1,0.0,0.05742884502977379,322,444,264411298916864.0,1283713233920.0
306,question_21_aime_Qwen3-0.6B_S8,8,1,1,1,1,0.0,0.03264320884012537,34,34,267510021964288.0,1446580486144.0
307,question_21_aime_Qwen3-0.6B_S4,4,1,1,1,1,0.0,0.030813192183305957,248,248,144087762283520.0,764826053120.0
308,question_21_aime_Qwen3-0.6B_S4,4,1,1,1,1,0.0,0.03264320884012537,34,34,200308263950848.0,1154087458816.0
309,question_21_aime_Qwen3-0.6B_S4,4,1,1,1,1,0.0,0.101660275604884,597,868,240659681261056.0,1192176663552.0
310,question_21_aime_Qwen3-0.6B_S2,2,1,1,1,1,0.0,0.040371312080662226,243,243,143331678853632.0,765888019456.0
311,question_21_aime_Qwen3-0.6B_S2,2,1,1,1,1,0.0,0.014732004891656573,271,271,162099829552640.0,884423164928.0
312,question_21_aime_Qwen3-0.6B_S2,2,1,1,1,1,0.0,0.011203880760334486,404,404,175617344975360.0,887746186752.0
313,question_21_aime_Qwen3-0.6B_S1,1,1,1,1,1,0.0,0.0445927206257663,522,522,151582982850560.0,857544881664.0
314,question_21_aime_Qwen3-0.6B_S1,1,1,1,1,1,0.0,0.058502151731213765,455,455,129453612122112.0,740965157376.0
315,question_21_aime_Qwen3-0.6B_S1,1,1,1,1,1,0.0,0.02810536813067167,411,411,122222125138432.0,677799509504.0
316,question_22_aime_Qwen3-0.6B_S64,64,1,1,1,1,0.0,0.15006877850015224,109,3025,493262270991872.0,1378972626432.0
317,question_22_aime_Qwen3-0.6B_S64,64,1,1,1,1,0.0,0.15006877850015224,109,3025,493262270991872.0,1378972626432.0
318,question_22_aime_Qwen3-0.6B_S64,64,1,1,1,1,0.0,0.15006877850015224,109,3025,493262270991872.0,1378972626432.0
319,question_22_aime_Qwen3-0.6B_S32,32,1,1,1,1,0.0,0.07859695921193408,127,1482,295829407305728.0,984559808000.0
320,question_22_aime_Qwen3-0.6B_S32,32,1,1,1,1,0.0,0.15006877850015224,109,1780,294591533682176.0,993527109120.0
321,question_22_aime_Qwen3-0.6B_S32,32,1,1,1,1,0.0,0.08882129577191727,142,3475,332778529528832.0,1025076664320.0
322,question_22_aime_Qwen3-0.6B_S16,16,1,1,1,1,0.0,0.15006877850015224,109,487,192912308427776.0,792299290112.0
323,question_22_aime_Qwen3-0.6B_S16,16,1,1,1,1,0.0,0.15006877850015224,109,576,203419965565440.0,846097780224.0
324,question_22_aime_Qwen3-0.6B_S16,16,1,1,1,1,0.0,0.42214465176566324,299,1207,217603226400768.0,813412356096.0
325,question_22_aime_Qwen3-0.6B_S8,8,1,1,1,1,0.0,0.07354066291804276,144,355,120457087040512.0,560297231872.0
326,question_22_aime_Qwen3-0.6B_S8,8,1,1,1,1,0.0,0.15006877850015224,109,1314,154512961743360.0,712920627200.0
327,question_22_aime_Qwen3-0.6B_S8,8,1,1,1,1,0.0,0.07354066291804276,144,585,140115678192128.0,624854872064.0
328,question_22_aime_Qwen3-0.6B_S4,4,1,1,1,1,0.0,0.08034915296771586,226,998,127156745938432.0,638677465088.0
329,question_22_aime_Qwen3-0.6B_S4,4,1,1,1,1,0.0,0.15006877850015224,109,295,98729075520000.0,491769876480.0
330,question_22_aime_Qwen3-0.6B_S4,4,1,1,1,1,0.0,0.03271490527004405,154,154,123818592403456.0,686452700672.0
331,question_22_aime_Qwen3-0.6B_S2,2,1,1,1,1,0.0,0.02896670452641716,135,135,78149225991168.0,440859582464.0
332,question_22_aime_Qwen3-0.6B_S2,2,1,1,1,1,0.0,0.044523293977600124,238,238,132970244855296.0,688544274944.0
333,question_22_aime_Qwen3-0.6B_S2,2,1,1,1,1,0.0,0.08882129577191727,142,308,69400783534592.0,350831756288.0
334,question_22_aime_Qwen3-0.6B_S1,1,1,1,1,1,0.0,0.07042056507182015,147,147,46001212932608.0,249562272256.0
335,question_22_aime_Qwen3-0.6B_S1,1,1,1,1,1,0.0,0.14066847762711576,286,286,83615879097344.0,469958589440.0
336,question_22_aime_Qwen3-0.6B_S1,1,1,1,1,1,0.0,0.06274286893594165,234,234,72209457141760.0,391479922176.0
337,question_23_aime_Qwen3-0.6B_S64,64,1,1,1,1,0.0,0.5,331,5267,858153115054080.0,2188453123072.0
338,question_23_aime_Qwen3-0.6B_S64,64,1,1,1,1,0.0,0.5,213,5267,858153115054080.0,2188453123072.0
339,question_23_aime_Qwen3-0.6B_S64,64,1,1,1,1,0.0,0.5,233,5267,858153115054080.0,2188453123072.0
340,question_23_aime_Qwen3-0.6B_S32,32,1,1,1,1,0.0,0.5,216,3247,515696434574336.0,1675781147648.0
341,question_23_aime_Qwen3-0.6B_S32,32,1,1,1,1,0.0,0.5,244,3044,500033615286784.0,1596730881024.0
342,question_23_aime_Qwen3-0.6B_S32,32,1,1,1,1,0.0,0.5,216,3641,544317635215360.0,1842467640320.0
343,question_23_aime_Qwen3-0.6B_S16,16,1,1,1,1,0.0,0.5,100,1747,341880577437184.0,1361951890432.0
344,question_23_aime_Qwen3-0.6B_S16,16,1,1,1,1,0.0,0.5,251,1837,350353501796352.0,1390040839168.0
345,question_23_aime_Qwen3-0.6B_S16,16,1,1,1,1,0.0,0.5,233,973,331668453673472.0,1296190034944.0
346,question_23_aime_Qwen3-0.6B_S8,8,1,1,1,1,0.0,0.5,216,746,293723291585024.0,1334063069184.0
347,question_23_aime_Qwen3-0.6B_S8,8,1,1,1,1,0.0,0.5,358,842,201238201725440.0,876607491072.0
348,question_23_aime_Qwen3-0.6B_S8,8,1,1,1,1,0.0,0.5,213,313,209616684279296.0,933936727040.0
349,question_23_aime_Qwen3-0.6B_S4,4,1,1,1,1,0.0,0.5,304,304,176517692189696.0,916280622080.0
350,question_23_aime_Qwen3-0.6B_S4,4,1,1,1,1,0.0,0.5,418,418,279116076641792.0,1412162315264.0
351,question_23_aime_Qwen3-0.6B_S4,4,1,1,1,1,0.0,0.5,275,718,151823392437248.0,732326504448.0
352,question_23_aime_Qwen3-0.6B_S2,2,1,1,1,1,0.0,0.5,331,331,132919508266496.0,709622505984.0
353,question_23_aime_Qwen3-0.6B_S2,2,1,1,1,1,0.0,0.5,205,205,108275243675136.0,602493582336.0
354,question_23_aime_Qwen3-0.6B_S2,2,1,1,1,1,0.0,0.5,308,559,116957728367104.0,612489779200.0
355,question_23_aime_Qwen3-0.6B_S1,1,1,1,1,1,0.0,0.5,308,308,93716141945344.0,511956488704.0
356,question_23_aime_Qwen3-0.6B_S1,1,1,1,1,1,0.0,0.5,255,255,77929331762176.0,431245843968.0
357,question_23_aime_Qwen3-0.6B_S1,1,1,1,1,1,0.0,0.5,308,308,93716141945344.0,511956488704.0
358,question_24_aime_Qwen3-0.6B_S64,64,1,1,1,1,0.0,0.2829157042375819,196,479,499051395825152.0,1828306933248.0
359,question_24_aime_Qwen3-0.6B_S64,64,1,1,1,1,0.0,0.2829157042375819,196,479,499051395825152.0,1828306933248.0
360,question_24_aime_Qwen3-0.6B_S64,64,1,1,1,1,0.0,0.2829157042375819,196,479,499051395825152.0,1828306933248.0
361,question_24_aime_Qwen3-0.6B_S32,32,1,1,1,1,0.0,0.2829157042375819,196,479,360742442237440.0,1392074596352.0
362,question_24_aime_Qwen3-0.6B_S32,32,1,1,1,1,0.0,0.2829157042375819,196,479,278408278793728.0,1111993480704.0
363,question_24_aime_Qwen3-0.6B_S32,32,1,1,1,1,0.0,0.2829157042375819,196,479,347837749617664.0,1312793683968.0
364,question_24_aime_Qwen3-0.6B_S16,16,1,1,1,1,0.0,0.09942554489045052,606,1155,412157539938304.0,1903333841920.0
365,question_24_aime_Qwen3-0.6B_S16,16,1,1,1,1,0.0,0.09942554489045052,606,1597,358250312223744.0,1700197968384.0
366,question_24_aime_Qwen3-0.6B_S16,16,1,1,1,1,0.0,0.2829157042375819,196,479,200200486203904.0,943815921152.0
367,question_24_aime_Qwen3-0.6B_S8,8,1,1,1,1,0.0,0.3746318808969323,240,1312,317058231863296.0,1432340694016.0
368,question_24_aime_Qwen3-0.6B_S8,8,1,1,1,1,0.0,0.09942554489045052,606,1302,331973981152256.0,1770342595584.0
369,question_24_aime_Qwen3-0.6B_S8,8,1,1,1,1,0.0,0.0,0,0,109464059167744.0,541797369344.0
370,question_24_aime_Qwen3-0.6B_S4,4,1,1,1,1,0.0,0.04270864625600624,283,283,159490491810816.0,888459663872.0
371,question_24_aime_Qwen3-0.6B_S4,4,1,1,1,1,0.0,0.10000900901285369,277,1421,276344355592192.0,1388264712192.0
372,question_24_aime_Qwen3-0.6B_S4,4,1,1,1,1,0.0,0.1348166112993755,288,288,189229668186112.0,917788845056.0
373,question_24_aime_Qwen3-0.6B_S2,2,1,1,1,1,0.0,0.012317163396660056,356,356,149110137951232.0,805515556352.0
374,question_24_aime_Qwen3-0.6B_S2,2,1,1,1,1,0.0,0.2829157042375819,196,196,93328172532736.0,550772312064.0
375,question_24_aime_Qwen3-0.6B_S2,2,1,1,1,1,0.0,0.032147942309427635,413,413,165963334419968.0,892207665152.0
376,question_24_aime_Qwen3-0.6B_S1,1,1,1,1,1,0.0,0.0,0,0,38855567998976.0,238732233216.0
377,question_24_aime_Qwen3-0.6B_S1,1,1,1,1,1,0.0,0.039198670915140704,273,273,81852965170176.0,464161196032.0
378,question_24_aime_Qwen3-0.6B_S1,1,1,1,1,1,0.0,0.04615903508463151,399,399,132719706850304.0,802269993472.0
379,question_25_aime_Qwen3-0.6B_S64,64,1,1,1,1,0.0,0.5,231,1273,579637960890880.0,2293076041216.0
380,question_25_aime_Qwen3-0.6B_S64,64,1,1,1,1,0.0,0.5,98,1273,579637960890880.0,2293076041216.0
381,question_25_aime_Qwen3-0.6B_S64,64,1,1,1,1,0.0,0.5,98,1273,579637960890880.0,2293076041216.0
382,question_25_aime_Qwen3-0.6B_S32,32,1,1,1,1,0.0,0.5,114,944,422171056836608.0,2011232310784.0
383,question_25_aime_Qwen3-0.6B_S32,32,1,1,1,1,0.0,0.5,427,1424,438266784412672.0,1610332666368.0
384,question_25_aime_Qwen3-0.6B_S32,32,1,1,1,1,0.0,0.5,98,98,254335431375872.0,930990841344.0
385,question_25_aime_Qwen3-0.6B_S16,16,1,1,1,1,0.0,0.5,294,1223,267219506961408.0,1251559555072.0
386,question_25_aime_Qwen3-0.6B_S16,16,1,1,1,1,0.0,0.5,164,701,260546894307840.0,1077258287616.0
387,question_25_aime_Qwen3-0.6B_S16,16,1,1,1,1,0.0,0.5,294,1885,425461882563072.0,2189855520768.0
388,question_25_aime_Qwen3-0.6B_S8,8,1,1,1,1,0.0,0.5,709,1003,326957824413696.0,1856225464320.0
389,question_25_aime_Qwen3-0.6B_S8,8,1,1,1,1,0.0,0.5,493,2940,335121496794624.0,1597957696000.0
390,question_25_aime_Qwen3-0.6B_S8,8,1,1,1,1,0.0,0.5,121,121,212808613373440.0,1061181979136.0
391,question_25_aime_Qwen3-0.6B_S4,4,1,1,1,1,0.0,0.5,298,716,213180412121600.0,1110330597888.0
392,question_25_aime_Qwen3-0.6B_S4,4,1,1,1,1,0.0,0.0,0,0,80539824488960.0,438243081728.0
393,question_25_aime_Qwen3-0.6B_S4,4,1,1,1,1,0.0,0.5,452,898,193938583285248.0,1027768948736.0
394,question_25_aime_Qwen3-0.6B_S2,2,1,1,1,1,0.0,0.5,427,427,144133868276224.0,841438794752.0
395,question_25_aime_Qwen3-0.6B_S2,2,1,1,1,1,0.0,0.5,121,121,74766371736064.0,421873537536.0
396,question_25_aime_Qwen3-0.6B_S2,2,1,1,1,1,0.0,0.5,130,130,64461505660928.0,348126659584.0
397,question_25_aime_Qwen3-0.6B_S1,1,1,1,1,1,0.0,0.5,525,525,147490028926464.0,851024346112.0
398,question_25_aime_Qwen3-0.6B_S1,1,1,1,1,1,0.0,0.5,48,48,20062614946304.0,104481626112.0
399,question_25_aime_Qwen3-0.6B_S1,1,1,1,1,1,0.0,0.5,60,60,21053760262656.0,110634219520.0
400,question_26_aime_Qwen3-0.6B_S64,64,1,1,1,1,0.0,0.02171938875359534,621,621,610751613568512.0,2064635264512.0
401,question_26_aime_Qwen3-0.6B_S64,64,1,1,1,1,0.0,0.02171938875359534,621,621,610751613568512.0,2064635264512.0
402,question_26_aime_Qwen3-0.6B_S64,64,1,1,1,1,0.0,0.02171938875359534,621,621,610751613568512.0,2064635264512.0
403,question_26_aime_Qwen3-0.6B_S32,32,1,1,1,1,0.0,0.0,0,0,335940045434880.0,1228786107904.0
404,question_26_aime_Qwen3-0.6B_S32,32,1,1,1,1,0.0,0.36635622645303534,460,2754,801716505873920.0,2627945359360.0
405,question_26_aime_Qwen3-0.6B_S32,32,1,1,1,1,0.0,0.36635622645303534,460,4694,830357463531520.0,2791489757184.0
406,question_26_aime_Qwen3-0.6B_S16,16,1,1,1,1,0.0,0.02171938875359534,621,621,435282292382720.0,2012649912832.0
407,question_26_aime_Qwen3-0.6B_S16,16,1,1,1,1,0.0,0.02171938875359534,621,621,469152412031488.0,2195586728448.0
408,question_26_aime_Qwen3-0.6B_S16,16,1,1,1,1,0.0,0.02171938875359534,621,621,296124567789056.0,1422488659456.0
409,question_26_aime_Qwen3-0.6B_S8,8,1,1,1,1,0.0,0.1932487232908161,555,1619,412130266014208.0,1764108109312.0
410,question_26_aime_Qwen3-0.6B_S8,8,1,1,1,1,0.0,0.0,0,0,161627244602880.0,825272925696.0
411,question_26_aime_Qwen3-0.6B_S8,8,1,1,1,1,0.0,0.05493792204245203,778,1378,472046890113536.0,2097867929600.0
412,question_26_aime_Qwen3-0.6B_S4,4,1,1,1,1,0.0,0.1636779738923298,758,758,506213984229376.0,2622179208192.0
413,question_26_aime_Qwen3-0.6B_S4,4,1,1,1,1,0.0,0.02171938875359534,621,621,258456415677952.0,1465444936192.0
414,question_26_aime_Qwen3-0.6B_S4,4,1,1,1,1,0.0,0.04335001571959278,483,483,310912728527360.0,1564851963392.0
415,question_26_aime_Qwen3-0.6B_S2,2,1,1,1,1,0.0,0.017438489003598148,421,421,209030963586048.0,1134360749568.0
416,question_26_aime_Qwen3-0.6B_S2,2,1,1,1,1,0.0,0.21516399219136292,754,754,279249505903104.0,1577282029056.0
417,question_26_aime_Qwen3-0.6B_S2,2,1,1,1,1,0.0,0.027352996893505222,657,657,290780739664384.0,1427421212672.0
418,question_26_aime_Qwen3-0.6B_S1,1,1,1,1,1,0.0,0.36635622645303534,460,460,125440727876608.0,740516283392.0
419,question_26_aime_Qwen3-0.6B_S1,1,1,1,1,1,0.0,0.02116861173129994,585,585,184498482584576.0,1018837829632.0
420,question_26_aime_Qwen3-0.6B_S1,1,1,1,1,1,0.0,0.021930782481014703,891,891,268170969885184.0,1465564431360.0
421,question_27_aime_Qwen3-0.6B_S64,64,1,1,1,1,0.0,0.5,383,432,488911578567680.0,1503550291968.0
422,question_27_aime_Qwen3-0.6B_S64,64,1,1,1,1,0.0,0.5,383,432,488911578567680.0,1503550291968.0
423,question_27_aime_Qwen3-0.6B_S64,64,1,1,1,1,0.0,0.5,383,432,488911578567680.0,1503550291968.0
424,question_27_aime_Qwen3-0.6B_S32,32,1,1,1,1,0.0,0.5,49,49,293999520466432.0,1084337260544.0
425,question_27_aime_Qwen3-0.6B_S32,32,1,1,1,1,0.0,0.5,49,49,264383517956096.0,872895541248.0
426,question_27_aime_Qwen3-0.6B_S32,32,1,1,1,1,0.0,0.5,383,432,329435196234240.0,1269809592320.0
427,question_27_aime_Qwen3-0.6B_S16,16,1,1,1,1,0.0,0.5,225,560,334003359713280.0,1256296724480.0
428,question_27_aime_Qwen3-0.6B_S16,16,1,1,1,1,0.0,0.5,49,49,204636466996736.0,916468297728.0
429,question_27_aime_Qwen3-0.6B_S16,16,1,1,1,1,0.0,0.5,335,335,415813204083712.0,1490267135488.0
430,question_27_aime_Qwen3-0.6B_S8,8,1,1,1,1,0.0,0.5,559,894,288402645298176.0,1256102956544.0
431,question_27_aime_Qwen3-0.6B_S8,8,1,1,1,1,0.0,0.5,225,608,203073986541568.0,994035676160.0
432,question_27_aime_Qwen3-0.6B_S8,8,1,1,1,1,0.0,0.5,383,383,234180634764288.0,1178038944768.0
433,question_27_aime_Qwen3-0.6B_S4,4,1,1,1,1,0.0,0.5,712,2122,474332831998976.0,2187768588800.0
434,question_27_aime_Qwen3-0.6B_S4,4,1,1,1,1,0.0,0.5,559,997,261701032778240.0,1276620026880.0
435,question_27_aime_Qwen3-0.6B_S4,4,1,1,1,1,0.0,0.5,467,949,318547283376640.0,1532212438016.0
436,question_27_aime_Qwen3-0.6B_S2,2,1,1,1,1,0.0,0.5,422,422,169376983317504.0,931802445824.0
437,question_27_aime_Qwen3-0.6B_S2,2,1,1,1,1,0.0,0.5,1140,2249,551344796597760.0,2712212043264.0
438,question_27_aime_Qwen3-0.6B_S2,2,1,1,1,1,0.0,0.5,574,574,339952959045632.0,1632645923840.0
439,question_27_aime_Qwen3-0.6B_S1,1,1,1,1,1,0.0,0.5,613,613,191471852818432.0,1027444905472.0
440,question_27_aime_Qwen3-0.6B_S1,1,1,1,1,1,0.0,0.5,924,924,289609035922432.0,1539831184384.0
441,question_27_aime_Qwen3-0.6B_S1,1,1,1,1,1,0.0,0.5,593,593,182837868685312.0,994096412160.0
442,question_28_aime_Qwen3-0.6B_S64,64,1,1,1,1,0.0,0.0,0,0,514288918495232.0,1649574209024.0
443,question_28_aime_Qwen3-0.6B_S64,64,1,1,1,1,0.0,0.0,0,0,514288918495232.0,1649574209024.0
444,question_28_aime_Qwen3-0.6B_S64,64,1,1,1,1,0.0,0.0,0,0,514288918495232.0,1649574209024.0
445,question_28_aime_Qwen3-0.6B_S32,32,1,1,1,1,0.0,0.1931578395117099,281,2069,622966454813184.0,2231849511936.0
446,question_28_aime_Qwen3-0.6B_S32,32,1,1,1,1,0.0,0.09755701804308328,406,1635,705445115753984.0,2769822184448.0
447,question_28_aime_Qwen3-0.6B_S32,32,1,1,1,1,0.0,0.03559520454467961,308,1051,733647666855424.0,2911599393792.0
448,question_28_aime_Qwen3-0.6B_S16,16,1,1,1,1,0.0,0.17328895735609026,370,910,503174537119744.0,1926979588608.0
449,question_28_aime_Qwen3-0.6B_S16,16,1,1,1,1,0.0,0.0,0,0,213419189714432.0,969463311872.0
450,question_28_aime_Qwen3-0.6B_S16,16,1,1,1,1,0.0,0.0,0,0,213991266191360.0,974910240256.0
451,question_28_aime_Qwen3-0.6B_S8,8,1,1,1,1,0.0,0.15417290477854442,694,2343,589496261003776.0,2647399062528.0
452,question_28_aime_Qwen3-0.6B_S8,8,1,1,1,1,0.0,0.23095423123475542,376,703,355211123230208.0,1548613116928.0
453,question_28_aime_Qwen3-0.6B_S8,8,1,1,1,1,0.0,0.15417290477854442,694,1500,470161310294016.0,2039322216448.0
454,question_28_aime_Qwen3-0.6B_S4,4,1,1,1,1,0.0,0.03559520454467961,308,693,184331845407744.0,968995312640.0
455,question_28_aime_Qwen3-0.6B_S4,4,1,1,1,1,0.0,0.1931578395117099,281,1060,208163414380544.0,1042404770304.0
456,question_28_aime_Qwen3-0.6B_S4,4,1,1,1,1,0.0,0.05910051258646358,350,350,178584723763200.0,941248916480.0
457,question_28_aime_Qwen3-0.6B_S2,2,1,1,1,1,0.0,0.0,0,0,98592355119104.0,593602854400.0
458,question_28_aime_Qwen3-0.6B_S2,2,1,1,1,1,0.0,0.11456800357859898,327,689,135716182959104.0,730892980736.0
459,question_28_aime_Qwen3-0.6B_S2,2,1,1,1,1,0.0,0.16009207122105454,811,811,359262655948288.0,1822350946304.0
460,question_28_aime_Qwen3-0.6B_S1,1,1,1,1,1,0.0,0.1512382722027109,413,413,117887707212288.0,672421705728.0
461,question_28_aime_Qwen3-0.6B_S1,1,1,1,1,1,0.0,0.06297314221560368,1054,1054,302573035165696.0,1720195785216.0
462,question_28_aime_Qwen3-0.6B_S1,1,1,1,1,1,0.0,0.2750123774786019,828,828,241752607588352.0,1352210489344.0
463,question_29_aime_Qwen3-0.6B_S64,64,1,1,1,1,0.0,0.09293071184183711,55,992,388748910596608.0,1069225963008.0
464,question_29_aime_Qwen3-0.6B_S64,64,1,1,1,1,0.0,0.09293071184183711,55,992,388748910596608.0,1069225963008.0
465,question_29_aime_Qwen3-0.6B_S64,64,1,1,1,1,0.0,0.09293071184183711,55,992,388748910596608.0,1069225963008.0
466,question_29_aime_Qwen3-0.6B_S32,32,1,1,1,1,0.0,0.09293071184183711,55,675,250244784275456.0,885184265728.0
467,question_29_aime_Qwen3-0.6B_S32,32,1,1,1,1,0.0,0.09293071184183711,55,525,227810869173760.0,740628971008.0
468,question_29_aime_Qwen3-0.6B_S32,32,1,1,1,1,0.0,0.09293071184183711,55,348,238840293447168.0,810830097920.0
469,question_29_aime_Qwen3-0.6B_S16,16,1,1,1,1,0.0,0.09293071184183711,55,1031,193027527942656.0,783659751424.0
470,question_29_aime_Qwen3-0.6B_S16,16,1,1,1,1,0.0,0.06684060466397027,70,70,164049330608640.0,692699594240.0
471,question_29_aime_Qwen3-0.6B_S16,16,1,1,1,1,0.0,0.06684060466397027,70,282,129939522546688.0,503958650368.0
472,question_29_aime_Qwen3-0.6B_S8,8,1,1,1,1,0.0,0.06684060466397027,70,630,135330012619264.0,630643890176.0
473,question_29_aime_Qwen3-0.6B_S8,8,1,1,1,1,0.0,0.04826480081790165,116,364,97888058505728.0,413805588480.0
474,question_29_aime_Qwen3-0.6B_S8,8,1,1,1,1,0.0,0.05921221635440744,199,789,120440258712576.0,484088814080.0
475,question_29_aime_Qwen3-0.6B_S4,4,1,1,1,1,0.0,0.0,0,0,85824428542976.0,465441973760.0
476,question_29_aime_Qwen3-0.6B_S4,4,1,1,1,1,0.0,0.037977124657850365,59,59,77264124955648.0,379624034304.0
477,question_29_aime_Qwen3-0.6B_S4,4,1,1,1,1,0.0,0.07040179187531298,118,554,124425281347072.0,634100988928.0
478,question_29_aime_Qwen3-0.6B_S2,2,1,1,1,1,0.0,0.0564624776706139,74,335,81344135660544.0,466345906176.0
479,question_29_aime_Qwen3-0.6B_S2,2,1,1,1,1,0.0,0.04809426084623727,125,323,66151066348544.0,335652649984.0
480,question_29_aime_Qwen3-0.6B_S2,2,1,1,1,1,0.0,0.14047154902290837,281,416,90348739976704.0,477627381248.0
481,question_29_aime_Qwen3-0.6B_S1,1,1,1,1,1,0.0,0.026650137810335765,182,182,55538316486656.0,305831599104.0
482,question_29_aime_Qwen3-0.6B_S1,1,1,1,1,1,0.0,0.0564624776706139,74,74,24415583585280.0,140210949120.0
483,question_29_aime_Qwen3-0.6B_S1,1,1,1,1,1,0.0,0.04029460663942706,179,179,55312118453248.0,312103434752.0
484,question_3_aime_Qwen3-0.6B_S64,64,1,1,1,1,0.0,0.0594484676613295,341,640,492562042037248.0,1470879575552.0
485,question_3_aime_Qwen3-0.6B_S64,64,1,1,1,1,0.0,0.0594484676613295,341,640,492562042037248.0,1470879575552.0
486,question_3_aime_Qwen3-0.6B_S64,64,1,1,1,1,0.0,0.0594484676613295,341,640,492562042037248.0,1470879575552.0
487,question_3_aime_Qwen3-0.6B_S32,32,1,1,1,1,0.0,0.05341419005076822,299,299,295432370889728.0,1055769904640.0
488,question_3_aime_Qwen3-0.6B_S32,32,1,1,1,1,0.0,0.0,0,0,306339690934784.0,1119447774720.0
489,question_3_aime_Qwen3-0.6B_S32,32,1,1,1,1,0.0,0.1590408938965865,192,1907,449087938066944.0,1434379155968.0
490,question_3_aime_Qwen3-0.6B_S16,16,1,1,1,1,0.0,0.05944138928490745,245,3502,464316648347136.0,1693876603392.0
491,question_3_aime_Qwen3-0.6B_S16,16,1,1,1,1,0.0,0.05393720926287477,223,698,283017510053376.0,1108833001984.0
492,question_3_aime_Qwen3-0.6B_S16,16,1,1,1,1,0.0,0.0,0,0,208788489228800.0,931665059328.0
493,question_3_aime_Qwen3-0.6B_S8,8,1,1,1,1,0.0,0.04396654838237379,209,448,244909396040192.0,1011094865920.0
494,question_3_aime_Qwen3-0.6B_S8,8,1,1,1,1,0.0,0.1590408938965865,192,1155,246943438687744.0,1088949329920.0
495,question_3_aime_Qwen3-0.6B_S8,8,1,1,1,1,0.0,0.061701173978276555,374,1458,275311234382336.0,1235825874944.0
496,question_3_aime_Qwen3-0.6B_S4,4,1,1,1,1,0.0,0.04079579158112092,239,239,169556994276864.0,816520880128.0
497,question_3_aime_Qwen3-0.6B_S4,4,1,1,1,1,0.0,0.054873131158303654,209,508,155089716897280.0,818968627712.0
498,question_3_aime_Qwen3-0.6B_S4,4,1,1,1,1,0.0,0.05944138928490745,245,756,160603879470080.0,778075985920.0
499,question_3_aime_Qwen3-0.6B_S2,2,1,1,1,1,0.0,0.04097279692889721,176,446,92836581820928.0,485911737856.0
500,question_3_aime_Qwen3-0.6B_S2,2,1,1,1,1,0.0,0.033046072632324085,438,748,132418807481344.0,726611057664.0
501,question_3_aime_Qwen3-0.6B_S2,2,1,1,1,1,0.0,0.04702618910741065,351,351,157627034821632.0,912410979328.0
502,question_3_aime_Qwen3-0.6B_S1,1,1,1,1,1,0.0,0.03812810537227891,825,825,255096367830016.0,1363294096896.0
503,question_3_aime_Qwen3-0.6B_S1,1,1,1,1,1,0.0,0.03065677966774787,356,356,104615022424576.0,584471052288.0
504,question_3_aime_Qwen3-0.6B_S1,1,1,1,1,1,0.0,0.03462806701314294,739,739,217725918917120.0,1210328712704.0
505,question_30_aime_Qwen3-0.6B_S64,64,1,1,1,1,0.0,0.5301741826432774,329,2603,495240137212416.0,1759669020160.0
506,question_30_aime_Qwen3-0.6B_S64,64,1,1,1,1,0.0,0.5301741826432774,329,2603,495240137212416.0,1759669020160.0
507,question_30_aime_Qwen3-0.6B_S64,64,1,1,1,1,0.0,0.5301741826432774,329,2603,495240137212416.0,1759669020160.0
508,question_30_aime_Qwen3-0.6B_S32,32,1,1,1,1,0.0,0.5301741826432774,329,1497,332257754507776.0,1420569808384.0
509,question_30_aime_Qwen3-0.6B_S32,32,1,1,1,1,0.0,0.48165520989383304,475,1234,348106584839168.0,1522922165760.0
510,question_30_aime_Qwen3-0.6B_S32,32,1,1,1,1,0.0,0.48165520989383304,475,887,307772225814528.0,1277815674368.0
511,question_30_aime_Qwen3-0.6B_S16,16,1,1,1,1,0.0,0.5301741826432774,329,1547,255308368352768.0,1283247054336.0
512,question_30_aime_Qwen3-0.6B_S16,16,1,1,1,1,0.0,0.48165520989383304,475,475,239055450260480.0,1170806570496.0
513,question_30_aime_Qwen3-0.6B_S16,16,1,1,1,1,0.0,0.48165520989383304,475,999,251286093585408.0,1249222839808.0
514,question_30_aime_Qwen3-0.6B_S8,8,1,1,1,1,0.0,0.23263843515021032,192,1695,380090289304064.0,1921431036416.0
515,question_30_aime_Qwen3-0.6B_S8,8,1,1,1,1,0.0,0.090167604204892,412,774,385619923586048.0,2163281467904.0
516,question_30_aime_Qwen3-0.6B_S8,8,1,1,1,1,0.0,0.48165520989383304,475,475,247315819112960.0,1285853293056.0
517,question_30_aime_Qwen3-0.6B_S4,4,1,1,1,1,0.0,0.1212690047729707,524,936,182549234101760.0,1064031321600.0
518,question_30_aime_Qwen3-0.6B_S4,4,1,1,1,1,0.0,0.4455936750508371,556,1464,280669975592448.0,1434424923648.0
519,question_30_aime_Qwen3-0.6B_S4,4,1,1,1,1,0.0,0.1538138548954186,218,218,241627991154176.0,1271310430720.0
520,question_30_aime_Qwen3-0.6B_S2,2,1,1,1,1,0.0,0.09387782322481007,404,404,219791022062080.0,1180865238528.0
521,question_30_aime_Qwen3-0.6B_S2,2,1,1,1,1,0.0,0.22287608708358123,529,529,194073008739840.0,1081550396928.0
522,question_30_aime_Qwen3-0.6B_S2,2,1,1,1,1,0.0,0.08400611447260643,306,306,147049245083136.0,805649449984.0
523,question_30_aime_Qwen3-0.6B_S1,1,1,1,1,1,0.0,0.09387782322481007,404,404,119316538817024.0,669338361344.0
524,question_30_aime_Qwen3-0.6B_S1,1,1,1,1,1,0.0,0.06661916185229208,361,361,106155363181568.0,595334573056.0
525,question_30_aime_Qwen3-0.6B_S1,1,1,1,1,1,0.0,0.1212690047729707,524,524,134622757166592.0,830516343808.0
526,question_31_aime_Qwen3-0.6B_S64,64,1,1,1,1,0.0,0.03395727472063852,86,997,586099789567488.0,2081536654848.0
527,question_31_aime_Qwen3-0.6B_S64,64,1,1,1,1,0.0,0.03395727472063852,86,997,586099789567488.0,2081536654848.0
528,question_31_aime_Qwen3-0.6B_S64,64,1,1,1,1,0.0,0.03395727472063852,86,997,586099789567488.0,2081536654848.0
529,question_31_aime_Qwen3-0.6B_S32,32,1,1,1,1,0.0,0.03395727472063852,86,742,413444702008832.0,1794080128512.0
530,question_31_aime_Qwen3-0.6B_S32,32,1,1,1,1,0.0,0.0,0,0,326189834978304.0,1286110103040.0
531,question_31_aime_Qwen3-0.6B_S32,32,1,1,1,1,0.0,0.03395727472063852,86,587,339546300677632.0,1347758091776.0
532,question_31_aime_Qwen3-0.6B_S16,16,1,1,1,1,0.0,0.023914728566293147,248,1460,299848532244480.0,1230002420224.0
533,question_31_aime_Qwen3-0.6B_S16,16,1,1,1,1,0.0,0.03395727472063852,86,281,321390751614464.0,1627878751744.0
534,question_31_aime_Qwen3-0.6B_S16,16,1,1,1,1,0.0,0.07603627573934348,367,1612,289409503714816.0,1152825913856.0
535,question_31_aime_Qwen3-0.6B_S8,8,1,1,1,1,0.0,0.02069596667580085,185,340,168429279299584.0,756006885888.0
536,question_31_aime_Qwen3-0.6B_S8,8,1,1,1,1,0.0,0.03395727472063852,86,686,225404090873344.0,1116767980032.0
537,question_31_aime_Qwen3-0.6B_S8,8,1,1,1,1,0.0,0.07603627573934348,367,2040,314789330067456.0,1487723038720.0
538,question_31_aime_Qwen3-0.6B_S4,4,1,1,1,1,0.0,0.02069596667580085,185,340,167155669143552.0,913353251328.0
539,question_31_aime_Qwen3-0.6B_S4,4,1,1,1,1,0.0,0.0314854763860801,201,612,240132887773184.0,1263784400896.0
540,question_31_aime_Qwen3-0.6B_S4,4,1,1,1,1,0.0,0.02396992663963731,195,613,121374087004672.0,628170187264.0
541,question_31_aime_Qwen3-0.6B_S2,2,1,1,1,1,0.0,0.0314854763860801,201,780,185970746854400.0,1043702708736.0
542,question_31_aime_Qwen3-0.6B_S2,2,1,1,1,1,0.0,0.03008016540415299,305,820,171737392986112.0,917126790656.0
543,question_31_aime_Qwen3-0.6B_S2,2,1,1,1,1,0.0,0.012486600663661038,130,130,125768405274112.0,718500314112.0
544,question_31_aime_Qwen3-0.6B_S1,1,1,1,1,1,0.0,0.0,0,0,70557823414272.0,437818855936.0
545,question_31_aime_Qwen3-0.6B_S1,1,1,1,1,1,0.0,0.01660910526289617,272,272,76165117182976.0,442652269056.0
546,question_31_aime_Qwen3-0.6B_S1,1,1,1,1,1,0.0,0.020369624033922878,155,155,67008899761152.0,402100610560.0
547,question_32_aime_Qwen3-0.6B_S64,64,1,1,1,1,0.0,0.06026817195793823,222,1790,543220304759296.0,1818359903744.0
548,question_32_aime_Qwen3-0.6B_S64,64,1,1,1,1,0.0,0.06026817195793823,222,1790,543220304759296.0,1818359903744.0
549,question_32_aime_Qwen3-0.6B_S64,64,1,1,1,1,0.0,0.06026817195793823,222,1790,543220304759296.0,1818359903744.0
550,question_32_aime_Qwen3-0.6B_S32,32,1,1,1,1,0.0,0.06026817195793823,222,464,322490186717696.0,1241754033664.0
551,question_32_aime_Qwen3-0.6B_S32,32,1,1,1,1,0.0,0.05137414259711454,330,732,342602311030784.0,1381144567296.0
552,question_32_aime_Qwen3-0.6B_S32,32,1,1,1,1,0.0,0.06026817195793823,222,1065,338647796736512.0,1344268779008.0
553,question_32_aime_Qwen3-0.6B_S16,16,1,1,1,1,0.0,0.0,0,0,177325170461696.0,738321759744.0
554,question_32_aime_Qwen3-0.6B_S16,16,1,1,1,1,0.0,0.05137414259711454,330,330,223787451409408.0,1032873940480.0
555,question_32_aime_Qwen3-0.6B_S16,16,1,1,1,1,0.0,0.06026817195793823,222,222,204627654927872.0,925715906048.0
556,question_32_aime_Qwen3-0.6B_S8,8,1,1,1,1,0.0,0.0,0,0,194451999129088.0,1038964604416.0
557,question_32_aime_Qwen3-0.6B_S8,8,1,1,1,1,0.0,0.0,0,0,205424371130368.0,1117186754048.0
558,question_32_aime_Qwen3-0.6B_S8,8,1,1,1,1,0.0,0.04164049337186071,199,199,145915351716352.0,738779149824.0
559,question_32_aime_Qwen3-0.6B_S4,4,1,1,1,1,0.0,0.047338919698170764,242,242,153274408477696.0,874523997696.0
560,question_32_aime_Qwen3-0.6B_S4,4,1,1,1,1,0.0,0.04164049337186071,199,873,170086219423232.0,921502708224.0
561,question_32_aime_Qwen3-0.6B_S4,4,1,1,1,1,0.0,0.04155135809661094,395,395,150294651495936.0,865805766144.0
562,question_32_aime_Qwen3-0.6B_S2,2,1,1,1,1,0.0,0.01642938740320649,610,610,260316936897024.0,1283243788288.0
563,question_32_aime_Qwen3-0.6B_S2,2,1,1,1,1,0.0,0.04164049337186071,199,199,92787010537472.0,524544467456.0
564,question_32_aime_Qwen3-0.6B_S2,2,1,1,1,1,0.0,0.02226643222621246,277,277,119845484329984.0,721794350080.0
565,question_32_aime_Qwen3-0.6B_S1,1,1,1,1,1,1.0,0.019909160632232623,456,456,147206529132032.0,766975578112.0
566,question_32_aime_Qwen3-0.6B_S1,1,1,1,1,1,0.0,0.030139869973542347,255,255,74403215679488.0,434689443840.0
567,question_32_aime_Qwen3-0.6B_S1,1,1,1,1,1,0.0,0.016673262147254425,197,197,60014062480896.0,329913365504.0
568,question_33_aime_Qwen3-0.6B_S64,64,1,1,1,1,0.0,0.1902660347196298,140,207,405865830214144.0,1284124544512.0
569,question_33_aime_Qwen3-0.6B_S64,64,1,1,1,1,0.0,0.1902660347196298,140,207,405865830214144.0,1284124544512.0
570,question_33_aime_Qwen3-0.6B_S64,64,1,1,1,1,0.0,0.1902660347196298,140,207,405865830214144.0,1284124544512.0
571,question_33_aime_Qwen3-0.6B_S32,32,1,1,1,1,0.0,0.1902660347196298,140,140,278174725975040.0,1114601694720.0
572,question_33_aime_Qwen3-0.6B_S32,32,1,1,1,1,0.0,0.0,0,0,224203740480000.0,797728802304.0
573,question_33_aime_Qwen3-0.6B_S32,32,1,1,1,1,0.0,0.1902660347196298,140,140,266985450191360.0,1061811758592.0
574,question_33_aime_Qwen3-0.6B_S16,16,1,1,1,1,0.0,0.0,0,0,172371963115008.0,776894217728.0
575,question_33_aime_Qwen3-0.6B_S16,16,1,1,1,1,0.0,0.0,0,0,191309898910208.0,886396184064.0
576,question_33_aime_Qwen3-0.6B_S16,16,1,1,1,1,0.0,0.1902660347196298,140,228,255388102282240.0,1073038375424.0
577,question_33_aime_Qwen3-0.6B_S8,8,1,1,1,1,0.0,0.3560460488749213,235,1736,309315261405184.0,1534104397824.0
578,question_33_aime_Qwen3-0.6B_S8,8,1,1,1,1,0.0,0.4799057089459098,257,1370,319281495672832.0,1467360750592.0
579,question_33_aime_Qwen3-0.6B_S8,8,1,1,1,1,0.0,0.18035666239674591,602,1071,312714570060800.0,1632532937728.0
580,question_33_aime_Qwen3-0.6B_S4,4,1,1,1,1,0.0,0.4799057089459098,257,257,206050870087680.0,1042283777024.0
581,question_33_aime_Qwen3-0.6B_S4,4,1,1,1,1,0.0,0.19054241222012594,182,653,187013059294720.0,989322559488.0
582,question_33_aime_Qwen3-0.6B_S4,4,1,1,1,1,0.0,0.18035666239674591,602,602,295420852261376.0,1612646652416.0
583,question_33_aime_Qwen3-0.6B_S2,2,1,1,1,1,0.0,0.16100407856848942,67,67,41278177631232.0,224991862784.0
584,question_33_aime_Qwen3-0.6B_S2,2,1,1,1,1,0.0,0.24778077735594603,389,389,132122996064768.0,737532822016.0
585,question_33_aime_Qwen3-0.6B_S2,2,1,1,1,1,0.0,0.05413875293169952,498,498,216403057144832.0,1129552749568.0
586,question_33_aime_Qwen3-0.6B_S1,1,1,1,1,1,0.0,0.24778077735594603,389,389,106443242648064.0,626098295808.0
587,question_33_aime_Qwen3-0.6B_S1,1,1,1,1,1,0.0,0.43255348715275554,370,370,104516344429056.0,615267404800.0
588,question_33_aime_Qwen3-0.6B_S1,1,1,1,1,1,0.0,0.22296426360863944,219,219,69090723986432.0,385048862720.0
589,question_34_aime_Qwen3-0.6B_S64,64,1,1,1,1,0.0,0.1978046330303377,81,931,596156467270656.0,1864250595328.0
590,question_34_aime_Qwen3-0.6B_S64,64,1,1,1,1,0.0,0.1978046330303377,81,931,596156467270656.0,1864250595328.0
591,question_34_aime_Qwen3-0.6B_S64,64,1,1,1,1,0.0,0.1978046330303377,81,931,596156467270656.0,1864250595328.0
592,question_34_aime_Qwen3-0.6B_S32,32,1,1,1,1,0.0,0.1978046330303377,81,196,323600779958784.0,1098506934272.0
593,question_34_aime_Qwen3-0.6B_S32,32,1,1,1,1,0.0,0.1167373380994211,167,735,385481921948672.0,1470260361216.0
594,question_34_aime_Qwen3-0.6B_S32,32,1,1,1,1,0.0,0.1167373380994211,167,282,322098804498944.0,1110968315904.0
595,question_34_aime_Qwen3-0.6B_S16,16,1,1,1,1,0.0,0.12745383411553154,377,2055,358836530571264.0,1547450541056.0
596,question_34_aime_Qwen3-0.6B_S16,16,1,1,1,1,0.0,0.1978046330303377,81,351,254028411851776.0,1014643438080.0
597,question_34_aime_Qwen3-0.6B_S16,16,1,1,1,1,0.0,0.25367032015430396,246,2564,419449993536000.0,1673731172352.0
598,question_34_aime_Qwen3-0.6B_S8,8,1,1,1,1,0.0,0.06697911112629462,115,115,154765753010176.0,758457804800.0
599,question_34_aime_Qwen3-0.6B_S8,8,1,1,1,1,0.0,0.08731950467829684,677,1867,346534546131456.0,1593897929728.0
600,question_34_aime_Qwen3-0.6B_S8,8,1,1,1,1,0.0,0.1167373380994211,167,167,182591172345344.0,933311559680.0
601,question_34_aime_Qwen3-0.6B_S4,4,1,1,1,1,0.0,0.054082900074658914,255,255,218269723267072.0,1110923350528.0
602,question_34_aime_Qwen3-0.6B_S4,4,1,1,1,1,0.0,0.06717242200396675,496,703,242016190192128.0,1190279050752.0
603,question_34_aime_Qwen3-0.6B_S4,4,1,1,1,1,0.0,0.07868737777096738,392,392,206909514668544.0,1058021588992.0
604,question_34_aime_Qwen3-0.6B_S2,2,1,1,1,1,0.0,0.12745383411553154,377,552,115913709281280.0,632112385536.0
605,question_34_aime_Qwen3-0.6B_S2,2,1,1,1,1,0.0,0.027356041737128762,270,270,123325273134592.0,680476360704.0
606,question_34_aime_Qwen3-0.6B_S2,2,1,1,1,1,0.0,0.28271616416517087,378,378,192822051650560.0,1010434468864.0
607,question_34_aime_Qwen3-0.6B_S1,1,1,1,1,1,0.0,0.05855291446825311,193,193,57454755591680.0,322240467968.0
608,question_34_aime_Qwen3-0.6B_S1,1,1,1,1,1,0.0,0.029915013103367517,372,372,113404733729792.0,619639044096.0
609,question_34_aime_Qwen3-0.6B_S1,1,1,1,1,1,0.0,0.03392922370706431,367,367,114949572078592.0,666439434240.0
610,question_35_aime_Qwen3-0.6B_S64,64,1,1,1,1,0.0,0.2636933116118508,422,1151,934773450722304.0,3242615699968.0
611,question_35_aime_Qwen3-0.6B_S64,64,1,1,1,1,0.0,0.2636933116118508,422,1151,934773450722304.0,3242615699968.0
612,question_35_aime_Qwen3-0.6B_S64,64,1,1,1,1,0.0,0.2636933116118508,422,1151,934773450722304.0,3242615699968.0
613,question_35_aime_Qwen3-0.6B_S32,32,1,1,1,1,0.0,0.2636933116118508,422,992,631511418824704.0,2642654390784.0
614,question_35_aime_Qwen3-0.6B_S32,32,1,1,1,1,0.0,0.18843018207805753,340,4074,708955953673728.0,2382571266048.0
615,question_35_aime_Qwen3-0.6B_S32,32,1,1,1,1,0.0,0.15931661350637408,241,400,599680062019584.0,2463435328000.0
616,question_35_aime_Qwen3-0.6B_S16,16,1,1,1,1,0.0,0.2636933116118508,422,1078,417146793879552.0,1830377745408.0
617,question_35_aime_Qwen3-0.6B_S16,16,1,1,1,1,0.0,0.15931661350637408,241,241,352212446437376.0,1578085943808.0
618,question_35_aime_Qwen3-0.6B_S16,16,1,1,1,1,0.0,0.10392096453477828,701,2711,552680579255296.0,2245347328512.0
619,question_35_aime_Qwen3-0.6B_S8,8,1,1,1,1,0.0,0.13216315012023258,159,488,302733889187840.0,1426849787904.0
620,question_35_aime_Qwen3-0.6B_S8,8,1,1,1,1,0.0,0.1495427194056183,196,525,264459525139456.0,1161386358784.0
621,question_35_aime_Qwen3-0.6B_S8,8,1,1,1,1,0.0,0.10392096453477828,701,984,426962252728320.0,2037004583424.0
622,question_35_aime_Qwen3-0.6B_S4,4,1,1,1,1,0.0,0.06135252200576045,329,329,221179017789440.0,1135975407616.0
623,question_35_aime_Qwen3-0.6B_S4,4,1,1,1,1,0.0,0.06135252200576045,329,329,185284257315840.0,931474118656.0
624,question_35_aime_Qwen3-0.6B_S4,4,1,1,1,1,0.0,0.12081403758197941,508,508,286736912879104.0,1316054486528.0
625,question_35_aime_Qwen3-0.6B_S2,2,1,1,1,1,0.0,0.02039108698978251,673,673,348898165409792.0,1849822765056.0
626,question_35_aime_Qwen3-0.6B_S2,2,1,1,1,1,0.0,0.16323888348081508,437,945,194546557625344.0,1044890805760.0
627,question_35_aime_Qwen3-0.6B_S2,2,1,1,1,1,0.0,0.09232794439866181,528,528,167001741694464.0,921141787648.0
628,question_35_aime_Qwen3-0.6B_S1,1,1,1,1,1,0.0,0.08572796436879841,370,370,117272337747456.0,625105415680.0
629,question_35_aime_Qwen3-0.6B_S1,1,1,1,1,1,0.0,0.08656900266954667,556,556,180144169675776.0,938921044992.0
630,question_35_aime_Qwen3-0.6B_S1,1,1,1,1,1,0.0,0.2636933116118508,422,422,112351787617280.0,674151880704.0
631,question_36_aime_Qwen3-0.6B_S64,64,1,1,1,1,0.0,0.021640698997180838,57,418,558345439344640.0,1445406365696.0
632,question_36_aime_Qwen3-0.6B_S64,64,1,1,1,1,0.0,0.021640698997180838,57,418,558345439344640.0,1445406365696.0
633,question_36_aime_Qwen3-0.6B_S64,64,1,1,1,1,0.0,0.021640698997180838,57,418,558345439344640.0,1445406365696.0
634,question_36_aime_Qwen3-0.6B_S32,32,1,1,1,1,0.0,0.056235510560535634,194,1172,451006897545728.0,1513149841920.0
635,question_36_aime_Qwen3-0.6B_S32,32,1,1,1,1,0.0,0.056235510560535634,194,883,437851559521280.0,1421021129216.0
636,question_36_aime_Qwen3-0.6B_S32,32,1,1,1,1,0.0,0.021640698997180838,57,328,325318037631488.0,1026773227520.0
637,question_36_aime_Qwen3-0.6B_S16,16,1,1,1,1,0.0,0.021640698997180838,57,206,222186460917760.0,886689079296.0
638,question_36_aime_Qwen3-0.6B_S16,16,1,1,1,1,0.0,0.021640698997180838,57,57,221448072155648.0,875696410624.0
639,question_36_aime_Qwen3-0.6B_S16,16,1,1,1,1,0.0,0.025996206259909362,289,1374,268075319920128.0,1051756438016.0
640,question_36_aime_Qwen3-0.6B_S8,8,1,1,1,1,0.0,0.054542594937250874,201,1305,279583136950784.0,1231537951232.0
641,question_36_aime_Qwen3-0.6B_S8,8,1,1,1,1,0.0,0.031038223407222783,361,1440,277166530547712.0,1261909868544.0
642,question_36_aime_Qwen3-0.6B_S8,8,1,1,1,1,0.0,0.056235510560535634,194,605,200156205230592.0,886935993344.0
643,question_36_aime_Qwen3-0.6B_S4,4,1,1,1,1,0.0,0.015711339031069867,338,338,259716502616576.0,1310448641024.0
644,question_36_aime_Qwen3-0.6B_S4,4,1,1,1,1,0.0,0.018060340427198094,451,823,234028991211008.0,1202167677440.0
645,question_36_aime_Qwen3-0.6B_S4,4,1,1,1,1,0.0,0.054542594937250874,201,759,194059431772672.0,950827407872.0
646,question_36_aime_Qwen3-0.6B_S2,2,1,1,1,1,0.0,0.014360566508452147,310,891,197635126606848.0,1062897137152.0
647,question_36_aime_Qwen3-0.6B_S2,2,1,1,1,1,0.0,0.0224993191659379,389,705,140959092198912.0,769357938176.0
648,question_36_aime_Qwen3-0.6B_S2,2,1,1,1,1,0.0,0.014360566508452147,310,310,190014146182656.0,980558642176.0
649,question_36_aime_Qwen3-0.6B_S1,1,1,1,1,1,0.0,0.015166091502426702,175,175,69118907185152.0,399235979776.0
650,question_36_aime_Qwen3-0.6B_S1,1,1,1,1,1,0.0,0.020973672629115196,149,149,47103099404288.0,254734574592.0
651,question_36_aime_Qwen3-0.6B_S1,1,1,1,1,1,0.0,0.018060340427198094,451,451,123569263040000.0,726628811776.0
652,question_37_aime_Qwen3-0.6B_S64,64,1,1,1,1,0.0,0.05114108474684546,588,892,725571311628288.0,2593703002112.0
653,question_37_aime_Qwen3-0.6B_S64,64,1,1,1,1,0.0,0.05114108474684546,588,892,725571311628288.0,2593703002112.0
654,question_37_aime_Qwen3-0.6B_S64,64,1,1,1,1,0.0,0.05114108474684546,588,892,725571311628288.0,2593703002112.0
655,question_37_aime_Qwen3-0.6B_S32,32,1,1,1,1,0.0,0.05114108474684546,588,892,509004101664256.0,2211277934592.0
656,question_37_aime_Qwen3-0.6B_S32,32,1,1,1,1,0.0,0.05114108474684546,588,892,498945008496128.0,2183809011712.0
657,question_37_aime_Qwen3-0.6B_S32,32,1,1,1,1,0.0,0.05114108474684546,588,588,441379894019584.0,1811105112064.0
658,question_37_aime_Qwen3-0.6B_S16,16,1,1,1,1,0.0,0.07799630815759692,316,1453,481759019816448.0,1809900175872.0
659,question_37_aime_Qwen3-0.6B_S16,16,1,1,1,1,0.0,0.19762382162279354,526,2589,495865464492032.0,2089989421056.0
660,question_37_aime_Qwen3-0.6B_S16,16,1,1,1,1,0.0,0.05114108474684546,588,588,327953657127936.0,1588580603904.0
661,question_37_aime_Qwen3-0.6B_S8,8,1,1,1,1,0.0,0.19762382162279354,526,1168,295540483343872.0,1334707380224.0
662,question_37_aime_Qwen3-0.6B_S8,8,1,1,1,1,0.0,0.19762382162279354,526,793,312412658727936.0,1448502340096.0
663,question_37_aime_Qwen3-0.6B_S8,8,1,1,1,1,0.0,0.12865614090458208,467,857,383224883414016.0,1895189872640.0
664,question_37_aime_Qwen3-0.6B_S4,4,1,1,1,1,0.0,0.07799630815759692,316,316,224423580744192.0,1112104260608.0
665,question_37_aime_Qwen3-0.6B_S4,4,1,1,1,1,0.0,0.16063646467222,438,438,315999622576128.0,1439612416512.0
666,question_37_aime_Qwen3-0.6B_S4,4,1,1,1,1,0.0,0.05363324899760106,267,657,234684374611968.0,1254616434688.0
667,question_37_aime_Qwen3-0.6B_S2,2,1,1,1,1,0.0,0.19762382162279354,526,793,172253209263104.0,960495194112.0
668,question_37_aime_Qwen3-0.6B_S2,2,1,1,1,1,0.0,0.1763178654225799,627,1404,329089039179776.0,1630405121536.0
669,question_37_aime_Qwen3-0.6B_S2,2,1,1,1,1,0.0,0.08416310663366242,912,1648,432466981306880.0,1967982439936.0
670,question_37_aime_Qwen3-0.6B_S1,1,1,1,1,1,0.0,0.07018838733939321,753,753,228099887338496.0,1241042893824.0
671,question_37_aime_Qwen3-0.6B_S1,1,1,1,1,1,0.0,0.0598660428472701,1099,1099,378028419368960.0,1861454939648.0
672,question_37_aime_Qwen3-0.6B_S1,1,1,1,1,1,0.0,0.017077608060565887,528,528,169785614867968.0,889271441408.0
673,question_38_aime_Qwen3-0.6B_S64,64,1,1,1,1,0.0,0.08803078011150102,122,1205,591740093467648.0,2217214336512.0
674,question_38_aime_Qwen3-0.6B_S64,64,1,1,1,1,0.0,0.08803078011150102,122,1205,591740093467648.0,2217214336512.0
675,question_38_aime_Qwen3-0.6B_S64,64,1,1,1,1,0.0,0.08803078011150102,122,1205,591740093467648.0,2217214336512.0
676,question_38_aime_Qwen3-0.6B_S32,32,1,1,1,1,0.0,0.038956517801341475,137,532,388267371781632.0,1716674674176.0
677,question_38_aime_Qwen3-0.6B_S32,32,1,1,1,1,0.0,0.037378642202578395,347,395,332118123400704.0,1352021816832.0
678,question_38_aime_Qwen3-0.6B_S32,32,1,1,1,1,0.0,0.08803078011150102,122,446,424554930369536.0,1927581261312.0
679,question_38_aime_Qwen3-0.6B_S16,16,1,1,1,1,0.0,0.08803078011150102,122,895,243708319838720.0,935342488064.0
680,question_38_aime_Qwen3-0.6B_S16,16,1,1,1,1,0.0,0.037378642202578395,347,347,339494213848064.0,1759599068672.0
681,question_38_aime_Qwen3-0.6B_S16,16,1,1,1,1,0.0,0.06663283191276151,275,551,224723422601728.0,1050449681920.0
682,question_38_aime_Qwen3-0.6B_S8,8,1,1,1,1,0.0,0.052425560845379984,248,920,267233784226304.0,1298985354240.0
683,question_38_aime_Qwen3-0.6B_S8,8,1,1,1,1,0.0,0.0,0,0,250588095853568.0,1402912112128.0
684,question_38_aime_Qwen3-0.6B_S8,8,1,1,1,1,0.0,0.13082971995010517,362,1209,305435662759424.0,1427843696640.0
685,question_38_aime_Qwen3-0.6B_S4,4,1,1,1,1,0.0,0.062298715474232026,237,237,167594348195840.0,875347153920.0
686,question_38_aime_Qwen3-0.6B_S4,4,1,1,1,1,0.0,0.007848529942184487,422,422,251337183824896.0,1397327967232.0
687,question_38_aime_Qwen3-0.6B_S4,4,1,1,1,1,0.0,0.08803078011150102,122,302,127225907174400.0,666819248640.0
688,question_38_aime_Qwen3-0.6B_S2,2,1,1,1,1,0.0,0.062298715474232026,237,237,116488389556736.0,664376960000.0
689,question_38_aime_Qwen3-0.6B_S2,2,1,1,1,1,0.0,0.04251146830345041,445,445,181955436499968.0,948815160320.0
690,question_38_aime_Qwen3-0.6B_S2,2,1,1,1,1,0.0,0.015862934447146083,624,1142,238206372374528.0,1277381910016.0
691,question_38_aime_Qwen3-0.6B_S1,1,1,1,1,1,0.0,0.16648885167952984,574,574,167572394801152.0,940125367296.0
692,question_38_aime_Qwen3-0.6B_S1,1,1,1,1,1,0.0,0.028531242856371975,309,309,122147959362048.0,695696604160.0
693,question_38_aime_Qwen3-0.6B_S1,1,1,1,1,1,0.0,0.052425560845379984,248,248,71504255590400.0,415597281792.0
694,question_39_aime_Qwen3-0.6B_S64,64,1,1,1,1,0.0,0.030710771384678138,46,208,473833876973568.0,1209695501824.0
695,question_39_aime_Qwen3-0.6B_S64,64,1,1,1,1,0.0,0.030710771384678138,46,208,473833876973568.0,1209695501824.0
696,question_39_aime_Qwen3-0.6B_S64,64,1,1,1,1,0.0,0.030710771384678138,46,208,473833876973568.0,1209695501824.0
697,question_39_aime_Qwen3-0.6B_S32,32,1,1,1,1,0.0,0.027065478769350244,140,817,345411859660800.0,959520147456.0
698,question_39_aime_Qwen3-0.6B_S32,32,1,1,1,1,0.0,0.030710771384678138,46,143,289689103345152.0,958306602496.0
699,question_39_aime_Qwen3-0.6B_S32,32,1,1,1,1,0.0,0.012638592186291384,65,213,351458883909632.0,990442485760.0
700,question_39_aime_Qwen3-0.6B_S16,16,1,1,1,1,0.0,0.05643448981821208,341,1411,352762172215808.0,1279906259968.0
701,question_39_aime_Qwen3-0.6B_S16,16,1,1,1,1,0.0,0.0687157740555107,268,625,348696003262464.0,1257219941376.0
702,question_39_aime_Qwen3-0.6B_S16,16,1,1,1,1,0.0,0.0687157740555107,268,686,334786166862848.0,1198847282176.0
703,question_39_aime_Qwen3-0.6B_S8,8,1,1,1,1,0.0,0.030710771384678138,46,568,170428572614144.0,722818357760.0
704,question_39_aime_Qwen3-0.6B_S8,8,1,1,1,1,0.0,0.04712658778260484,540,1628,316058127480832.0,1368804145152.0
705,question_39_aime_Qwen3-0.6B_S8,8,1,1,1,1,0.0,0.0,0,0,149993264798720.0,736279219712.0
706,question_39_aime_Qwen3-0.6B_S4,4,1,1,1,1,0.0,0.024497680600524048,146,1046,179871540689408.0,870091057152.0
707,question_39_aime_Qwen3-0.6B_S4,4,1,1,1,1,0.0,0.030710771384678138,46,262,108479421320192.0,514836802048.0
708,question_39_aime_Qwen3-0.6B_S4,4,1,1,1,1,0.0,0.02764964823146409,178,827,139960995851264.0,649915612672.0
709,question_39_aime_Qwen3-0.6B_S2,2,1,1,1,1,0.0,0.16727221286926344,379,919,208645267293184.0,1135329604096.0
710,question_39_aime_Qwen3-0.6B_S2,2,1,1,1,1,0.0,0.08010199230667395,352,564,137971312657408.0,691619103744.0
711,question_39_aime_Qwen3-0.6B_S2,2,1,1,1,1,0.0,0.0,0,0,91937840367616.0,547183783424.0
712,question_39_aime_Qwen3-0.6B_S1,1,1,1,1,1,0.0,0.018902396068108784,435,435,125490316194304.0,711123568640.0
713,question_39_aime_Qwen3-0.6B_S1,1,1,1,1,1,0.0,0.034996737143595705,806,806,245271375798272.0,1331790459904.0
714,question_39_aime_Qwen3-0.6B_S1,1,1,1,1,1,0.0,0.0649371775945422,477,477,145973809113088.0,790628257792.0
715,question_4_aime_Qwen3-0.6B_S64,64,1,1,1,1,0.0,0.4715427819872098,130,726,491941587714048.0,1726781068800.0
716,question_4_aime_Qwen3-0.6B_S64,64,1,1,1,1,0.0,0.4715427819872098,130,726,491941587714048.0,1726781068800.0
717,question_4_aime_Qwen3-0.6B_S64,64,1,1,1,1,0.0,0.4715427819872098,130,726,491941587714048.0,1726781068800.0
718,question_4_aime_Qwen3-0.6B_S32,32,1,1,1,1,0.0,0.1326548603573083,167,1962,338503911368704.0,1194322233344.0
719,question_4_aime_Qwen3-0.6B_S32,32,1,1,1,1,0.0,0.1326548603573083,167,1506,329554501679104.0,1146008731648.0
720,question_4_aime_Qwen3-0.6B_S32,32,1,1,1,1,0.0,0.4715427819872098,130,1743,433099910768128.0,1812406691840.0
721,question_4_aime_Qwen3-0.6B_S16,16,1,1,1,1,0.0,0.4715427819872098,130,349,204664935261184.0,952719367680.0
722,question_4_aime_Qwen3-0.6B_S16,16,1,1,1,1,0.0,0.1152862146574201,135,773,224568389146624.0,958945542144.0
723,question_4_aime_Qwen3-0.6B_S16,16,1,1,1,1,0.0,0.12857233301986165,75,755,206714999387648.0,853846059008.0
724,question_4_aime_Qwen3-0.6B_S8,8,1,1,1,1,0.0,0.10931192292185318,75,294,165794568139776.0,846141218816.0
725,question_4_aime_Qwen3-0.6B_S8,8,1,1,1,1,0.0,0.1326548603573083,167,380,168312123554816.0,843512487936.0
726,question_4_aime_Qwen3-0.6B_S8,8,1,1,1,1,0.0,0.4715427819872098,130,510,168755082760704.0,846175629312.0
727,question_4_aime_Qwen3-0.6B_S4,4,1,1,1,1,0.0,0.2808991752002208,316,467,152021656766976.0,795585012736.0
728,question_4_aime_Qwen3-0.6B_S4,4,1,1,1,1,0.0,0.10931192292185318,75,75,69408674961408.0,346999568384.0
729,question_4_aime_Qwen3-0.6B_S4,4,1,1,1,1,0.0,0.02741702690236284,219,219,122055808082944.0,669031397376.0
730,question_4_aime_Qwen3-0.6B_S2,2,1,1,1,1,0.0,0.04163052335340969,495,714,169078807354368.0,1022767196160.0
731,question_4_aime_Qwen3-0.6B_S2,2,1,1,1,1,0.0,0.03948563903466487,481,481,187288858080768.0,1061570658816.0
732,question_4_aime_Qwen3-0.6B_S2,2,1,1,1,1,0.0,0.04342444973478251,150,150,79348773112832.0,434179568640.0
733,question_4_aime_Qwen3-0.6B_S1,1,1,1,1,1,0.0,0.022107850417573256,201,201,65107884037120.0,384149938176.0
734,question_4_aime_Qwen3-0.6B_S1,1,1,1,1,1,0.0,0.08535425593080156,306,306,93747294457856.0,512769742336.0
735,question_4_aime_Qwen3-0.6B_S1,1,1,1,1,1,0.0,0.024392092600658312,151,151,43689234534400.0,250835726336.0
736,question_40_aime_Qwen3-0.6B_S64,64,1,1,1,1,0.0,0.023596344399164013,199,1111,479489300082176.0,1395822763520.0
737,question_40_aime_Qwen3-0.6B_S64,64,1,1,1,1,0.0,0.023596344399164013,199,1111,479489300082176.0,1395822763520.0
738,question_40_aime_Qwen3-0.6B_S64,64,1,1,1,1,0.0,0.023596344399164013,199,1111,479489300082176.0,1395822763520.0
739,question_40_aime_Qwen3-0.6B_S32,32,1,1,1,1,0.0,0.035365804779276595,177,1882,384862513494528.0,1340002666496.0
740,question_40_aime_Qwen3-0.6B_S32,32,1,1,1,1,0.0,0.013950029079073613,115,115,295185623915008.0,1056068574720.0
741,question_40_aime_Qwen3-0.6B_S32,32,1,1,1,1,0.0,0.025680405068096542,178,1232,385022714475520.0,1318534098944.0
742,question_40_aime_Qwen3-0.6B_S16,16,1,1,1,1,0.0,0.060047156060144456,188,1179,307935674750976.0,1269101888000.0
743,question_40_aime_Qwen3-0.6B_S16,16,1,1,1,1,0.0,0.013950029079073613,115,386,204089755339776.0,909034954240.0
744,question_40_aime_Qwen3-0.6B_S16,16,1,1,1,1,0.0,0.0,0,0,173173529091072.0,706621576704.0
745,question_40_aime_Qwen3-0.6B_S8,8,1,1,1,1,0.0,0.060047156060144456,188,459,191992467333632.0,887692384768.0
746,question_40_aime_Qwen3-0.6B_S8,8,1,1,1,1,0.0,0.014160073147521593,198,198,196784387129344.0,910878263808.0
747,question_40_aime_Qwen3-0.6B_S8,8,1,1,1,1,0.0,0.0101975641203215,261,570,215021365468672.0,1038678264320.0
748,question_40_aime_Qwen3-0.6B_S4,4,1,1,1,1,0.0,0.009690677607492832,404,404,263447262897152.0,1351016622592.0
749,question_40_aime_Qwen3-0.6B_S4,4,1,1,1,1,0.0,0.035365804779276595,177,177,152241092659200.0,779921902592.0
750,question_40_aime_Qwen3-0.6B_S4,4,1,1,1,1,0.0,0.0304037470876886,247,1044,221009761572352.0,1072420623872.0
751,question_40_aime_Qwen3-0.6B_S2,2,1,1,1,1,0.0,0.014724040621529893,292,868,190802104492544.0,1048939443200.0
752,question_40_aime_Qwen3-0.6B_S2,2,1,1,1,1,0.0,0.012797951138636972,261,261,120129315790848.0,673689541632.0
753,question_40_aime_Qwen3-0.6B_S2,2,1,1,1,1,0.0,0.01855825964516295,596,1222,250772214605824.0,1346266740224.0
754,question_40_aime_Qwen3-0.6B_S1,1,1,1,1,1,0.0,0.015420526296146864,513,513,157046879067648.0,928350903808.0
755,question_40_aime_Qwen3-0.6B_S1,1,1,1,1,1,0.0,0.014035911103349539,626,626,179708065922048.0,1016985335296.0
756,question_40_aime_Qwen3-0.6B_S1,1,1,1,1,1,0.0,0.017246478691807524,973,973,308442793821184.0,1620735042048.0
757,question_41_aime_Qwen3-0.6B_S64,64,1,1,1,1,0.0,0.04086882148444754,119,2900,390031248289792.0,989746261504.0
758,question_41_aime_Qwen3-0.6B_S64,64,1,1,1,1,0.0,0.04086882148444754,119,2900,390031248289792.0,989746261504.0
759,question_41_aime_Qwen3-0.6B_S64,64,1,1,1,1,0.0,0.04086882148444754,119,2900,390031248289792.0,989746261504.0
760,question_41_aime_Qwen3-0.6B_S32,32,1,1,1,1,0.0,0.11394214453821787,114,3468,279891338694656.0,836912048128.0
761,question_41_aime_Qwen3-0.6B_S32,32,1,1,1,1,0.0,0.11394214453821787,114,3342,288937973362688.0,871575724032.0
762,question_41_aime_Qwen3-0.6B_S32,32,1,1,1,1,0.0,0.19630001014331894,128,3097,273731169982464.0,814465148928.0
763,question_41_aime_Qwen3-0.6B_S16,16,1,1,1,1,0.0,0.04086882148444754,119,1789,195589481823744.0,697779282432.0
764,question_41_aime_Qwen3-0.6B_S16,16,1,1,1,1,0.0,0.04166004047219739,144,1407,182070334520832.0,669479360512.0
765,question_41_aime_Qwen3-0.6B_S16,16,1,1,1,1,0.0,0.11394214453821787,114,1546,203314481685504.0,744106289664.0
766,question_41_aime_Qwen3-0.6B_S8,8,1,1,1,1,0.0,0.04086882148444754,119,545,128107380154368.0,587057717248.0
767,question_41_aime_Qwen3-0.6B_S8,8,1,1,1,1,0.0,0.19630001014331894,128,873,127507463889920.0,587460388864.0
768,question_41_aime_Qwen3-0.6B_S8,8,1,1,1,1,0.0,0.021035907987587973,92,471,115415162604032.0,514552289280.0
769,question_41_aime_Qwen3-0.6B_S4,4,1,1,1,1,0.0,0.04166004047219739,144,509,58746750950400.0,282393722880.0
770,question_41_aime_Qwen3-0.6B_S4,4,1,1,1,1,0.0,0.03139947270579919,147,479,63207329252864.0,308008755200.0
771,question_41_aime_Qwen3-0.6B_S4,4,1,1,1,1,0.0,0.04086882148444754,119,649,103155592178688.0,525442890240.0
772,question_41_aime_Qwen3-0.6B_S2,2,1,1,1,1,0.0,0.018266745196508997,121,121,80833906514432.0,461909915648.0
773,question_41_aime_Qwen3-0.6B_S2,2,1,1,1,1,0.0,0.022391335504390947,196,428,97727843914752.0,543513487872.0
774,question_41_aime_Qwen3-0.6B_S2,2,1,1,1,1,0.0,0.03139947270579919,147,343,63838603033088.0,345870342144.0
775,question_41_aime_Qwen3-0.6B_S1,1,1,1,1,1,0.0,0.06086689414667133,326,326,95884996929536.0,536704368640.0
776,question_41_aime_Qwen3-0.6B_S1,1,1,1,1,1,0.0,0.02879722672895784,132,132,40020489924608.0,222338516992.0
777,question_41_aime_Qwen3-0.6B_S1,1,1,1,1,1,0.0,0.010416627496477053,141,141,44310461494784.0,248715726848.0
778,question_42_aime_Qwen3-0.6B_S64,64,1,1,1,1,0.0,0.21700095724251142,83,645,408103193168896.0,1087546770944.0
779,question_42_aime_Qwen3-0.6B_S64,64,1,1,1,1,0.0,0.21700095724251142,83,645,408103193168896.0,1087546770944.0
780,question_42_aime_Qwen3-0.6B_S64,64,1,1,1,1,0.0,0.21700095724251142,83,645,408103193168896.0,1087546770944.0
781,question_42_aime_Qwen3-0.6B_S32,32,1,1,1,1,0.0,0.43156791172008446,190,2139,372063186349056.0,1103257027072.0
782,question_42_aime_Qwen3-0.6B_S32,32,1,1,1,1,0.0,0.21700095724251142,83,294,256505396795904.0,889280665088.0
783,question_42_aime_Qwen3-0.6B_S32,32,1,1,1,1,0.0,0.43156791172008446,190,3005,414452652119040.0,1163189627904.0
784,question_42_aime_Qwen3-0.6B_S16,16,1,1,1,1,0.0,0.2536691240042524,197,1635,237307132341760.0,772283759616.0
785,question_42_aime_Qwen3-0.6B_S16,16,1,1,1,1,0.0,0.183517231716489,114,1629,245607722321408.0,925340224000.0
786,question_42_aime_Qwen3-0.6B_S16,16,1,1,1,1,0.0,0.43156791172008446,190,1339,264409853951488.0,1026237110784.0
787,question_42_aime_Qwen3-0.6B_S8,8,1,1,1,1,0.0,0.10726158063063831,77,77,105892030246912.0,501200840192.0
788,question_42_aime_Qwen3-0.6B_S8,8,1,1,1,1,0.0,0.0,0,0,94710796002816.0,434685279744.0
789,question_42_aime_Qwen3-0.6B_S8,8,1,1,1,1,0.0,0.0,0,0,117142070647808.0,586917103104.0
790,question_42_aime_Qwen3-0.6B_S4,4,1,1,1,1,0.0,0.10726158063063831,77,77,105346941191168.0,525695222272.0
791,question_42_aime_Qwen3-0.6B_S4,4,1,1,1,1,0.0,0.10726158063063831,77,77,109692600476672.0,551329856000.0
792,question_42_aime_Qwen3-0.6B_S4,4,1,1,1,1,0.0,0.259522168488477,268,1018,141028758653952.0,659962853376.0
793,question_42_aime_Qwen3-0.6B_S2,2,1,1,1,1,0.0,0.15701902709680016,340,649,134480073082880.0,732782915072.0
794,question_42_aime_Qwen3-0.6B_S2,2,1,1,1,1,0.0,0.2303575579430143,213,347,74764605961216.0,386912875520.0
795,question_42_aime_Qwen3-0.6B_S2,2,1,1,1,1,0.0,0.16041895174177345,198,508,114587491174912.0,614592323072.0
796,question_42_aime_Qwen3-0.6B_S1,1,1,1,1,1,0.0,0.07076291173919073,226,226,67031729506816.0,374592121856.0
797,question_42_aime_Qwen3-0.6B_S1,1,1,1,1,1,0.0,0.07596808090702846,273,273,80702690354688.0,450883659264.0
798,question_42_aime_Qwen3-0.6B_S1,1,1,1,1,1,0.0,0.15701902709680016,340,340,104277024339968.0,597014212096.0
799,question_43_aime_Qwen3-0.6B_S64,64,1,1,1,1,1.0,0.010185283878008948,227,227,631822477320192.0,1771034875904.0
800,question_43_aime_Qwen3-0.6B_S64,64,1,1,1,1,1.0,0.010185283878008948,227,418,631822477320192.0,1771034875904.0
801,question_43_aime_Qwen3-0.6B_S64,64,1,1,1,1,1.0,0.010185283878008948,227,418,631822477320192.0,1771034875904.0
802,question_43_aime_Qwen3-0.6B_S32,32,1,1,1,1,1.0,0.020478547342596205,354,1735,684555344239616.0,2127886237696.0
803,question_43_aime_Qwen3-0.6B_S32,32,1,1,1,1,1.0,0.010185283878008948,227,418,354947914916352.0,1154846355456.0
804,question_43_aime_Qwen3-0.6B_S32,32,1,1,1,1,1.0,0.010185283878008948,227,227,392862045998080.0,1370745038848.0
805,question_43_aime_Qwen3-0.6B_S16,16,1,1,1,1,1.0,0.04244689197009462,320,1327,395770078088704.0,1389160499200.0
806,question_43_aime_Qwen3-0.6B_S16,16,1,1,1,1,1.0,0.010185283878008948,227,227,247318319874560.0,1033176729600.0
807,question_43_aime_Qwen3-0.6B_S16,16,1,1,1,1,1.0,0.010185283878008948,227,227,252672933485568.0,1054199816192.0
808,question_43_aime_Qwen3-0.6B_S8,8,1,1,1,1,1.0,0.015251249690209414,555,1273,334730157470208.0,1536883650560.0
809,question_43_aime_Qwen3-0.6B_S8,8,1,1,1,1,1.0,0.011886862241008577,306,1127,219590777128448.0,926586656768.0
810,question_43_aime_Qwen3-0.6B_S8,8,1,1,1,1,1.0,0.008349514486126319,260,260,331721998408192.0,1518815926784.0
811,question_43_aime_Qwen3-0.6B_S4,4,1,1,1,1,0.0,0.013964144735000131,362,1062,225288279324160.0,1075402145280.0
812,question_43_aime_Qwen3-0.6B_S4,4,1,1,1,1,1.0,0.010185283878008948,227,227,133711150085120.0,727051696128.0
813,question_43_aime_Qwen3-0.6B_S4,4,1,1,1,1,0.0,0.016434096085664332,241,717,200889543790080.0,993563883520.0
814,question_43_aime_Qwen3-0.6B_S2,2,1,1,1,1,0.0,0.011351541966952122,297,641,117701616261632.0,638386560000.0
815,question_43_aime_Qwen3-0.6B_S2,2,1,1,1,1,0.0,0.020478547342596205,354,660,136952303468544.0,760067853824.0
816,question_43_aime_Qwen3-0.6B_S2,2,1,1,1,1,1.0,0.010185283878008948,227,227,103571362910720.0,608902838272.0
817,question_43_aime_Qwen3-0.6B_S1,1,1,1,1,1,0.0,0.010900892938736929,283,283,84369589334528.0,468804962304.0
818,question_43_aime_Qwen3-0.6B_S1,1,1,1,1,1,0.0,0.026659880217605958,539,539,180807634374144.0,937038645760.0
819,question_43_aime_Qwen3-0.6B_S1,1,1,1,1,1,0.0,0.012579190890689176,290,290,89367614221824.0,485736043520.0
820,question_44_aime_Qwen3-0.6B_S64,64,1,1,1,1,0.0,0.0,0,0,475686128564224.0,1581107652096.0
821,question_44_aime_Qwen3-0.6B_S64,64,1,1,1,1,0.0,0.0,0,0,475686128564224.0,1581107652096.0
822,question_44_aime_Qwen3-0.6B_S64,64,1,1,1,1,0.0,0.0,0,0,475686128564224.0,1581107652096.0
823,question_44_aime_Qwen3-0.6B_S32,32,1,1,1,1,0.0,0.0,0,0,309870900825088.0,1269921109504.0
824,question_44_aime_Qwen3-0.6B_S32,32,1,1,1,1,0.0,0.1977779818985292,190,874,593832401251840.0,2175550286848.0
825,question_44_aime_Qwen3-0.6B_S32,32,1,1,1,1,0.0,0.0,0,0,321844205261824.0,1310912321024.0
826,question_44_aime_Qwen3-0.6B_S16,16,1,1,1,1,0.0,0.0,0,0,244332645875200.0,1191090630144.0
827,question_44_aime_Qwen3-0.6B_S16,16,1,1,1,1,0.0,0.2962623177828233,421,1779,518843134152704.0,2120809310720.0
828,question_44_aime_Qwen3-0.6B_S16,16,1,1,1,1,0.0,0.2515857689620326,658,1703,542516959020544.0,2151237612032.0
829,question_44_aime_Qwen3-0.6B_S8,8,1,1,1,1,0.0,0.04943703246593839,416,416,265449809463808.0,1320002679808.0
830,question_44_aime_Qwen3-0.6B_S8,8,1,1,1,1,0.0,0.14017941912008675,389,762,285992805466624.0,1247854021120.0
831,question_44_aime_Qwen3-0.6B_S8,8,1,1,1,1,0.0,0.2515857689620326,658,1971,407494593272832.0,1916830239744.0
832,question_44_aime_Qwen3-0.6B_S4,4,1,1,1,1,0.0,0.04943703246593839,416,416,244835075398144.0,1365931912192.0
833,question_44_aime_Qwen3-0.6B_S4,4,1,1,1,1,0.0,0.14017941912008675,389,657,191200110946304.0,946101082624.0
834,question_44_aime_Qwen3-0.6B_S4,4,1,1,1,1,0.0,0.18043844519463936,348,681,286793285430272.0,1498986814464.0
835,question_44_aime_Qwen3-0.6B_S2,2,1,1,1,1,0.0,0.05752055768361132,521,521,266047239961600.0,1504932406784.0
836,question_44_aime_Qwen3-0.6B_S2,2,1,1,1,1,0.0,0.08535823921373284,480,480,181222425264128.0,992007536128.0
837,question_44_aime_Qwen3-0.6B_S2,2,1,1,1,1,0.0,0.026246524841040546,367,367,191709164484096.0,1064629552128.0
838,question_44_aime_Qwen3-0.6B_S1,1,1,1,1,1,0.0,0.11658255259712487,722,722,215164685856768.0,1195556569600.0
839,question_44_aime_Qwen3-0.6B_S1,1,1,1,1,1,0.0,0.24819588113076294,919,919,261758805853696.0,1488790951936.0
840,question_44_aime_Qwen3-0.6B_S1,1,1,1,1,1,0.0,0.3281580647497191,704,704,216828583941632.0,1169352227840.0
841,question_45_aime_Qwen3-0.6B_S64,64,1,1,1,1,0.0,0.10946568847375142,65,841,997331000147968.0,3114687568384.0
842,question_45_aime_Qwen3-0.6B_S64,64,1,1,1,1,0.0,0.10946568847375142,65,841,997331000147968.0,3114687568384.0
843,question_45_aime_Qwen3-0.6B_S64,64,1,1,1,1,0.0,0.10946568847375142,65,841,997331000147968.0,3114687568384.0
844,question_45_aime_Qwen3-0.6B_S32,32,1,1,1,1,0.0,0.10946568847375142,65,627,606131450888704.0,2273279140352.0
845,question_45_aime_Qwen3-0.6B_S32,32,1,1,1,1,0.0,0.10946568847375142,65,412,660940086822400.0,2570247465472.0
846,question_45_aime_Qwen3-0.6B_S32,32,1,1,1,1,0.0,0.1677156679735615,258,2488,743886374879744.0,2716963073024.0
847,question_45_aime_Qwen3-0.6B_S16,16,1,1,1,1,0.0,0.10946568847375142,65,282,330743110503424.0,1339583789568.0
848,question_45_aime_Qwen3-0.6B_S16,16,1,1,1,1,0.0,0.17037599004069479,484,2095,539862947594240.0,2115879174144.0
849,question_45_aime_Qwen3-0.6B_S16,16,1,1,1,1,0.0,0.12150702395108628,149,2591,614891520491520.0,2626178217984.0
850,question_45_aime_Qwen3-0.6B_S8,8,1,1,1,1,0.0,0.12150702395108628,149,1143,256454102590464.0,1178617558016.0
851,question_45_aime_Qwen3-0.6B_S8,8,1,1,1,1,0.0,0.17037599004069479,484,1845,356008195050496.0,1722884786176.0
852,question_45_aime_Qwen3-0.6B_S8,8,1,1,1,1,0.0,0.1979726219857078,259,1953,422432169929728.0,2095348682752.0
853,question_45_aime_Qwen3-0.6B_S4,4,1,1,1,1,0.0,0.26301799389126934,396,1390,195127855473152.0,931488205312.0
854,question_45_aime_Qwen3-0.6B_S4,4,1,1,1,1,0.0,0.1677156679735615,258,817,296524875561472.0,1559705336320.0
855,question_45_aime_Qwen3-0.6B_S4,4,1,1,1,1,0.0,0.2619520533627298,668,1175,333298725601792.0,1700481596416.0
856,question_45_aime_Qwen3-0.6B_S2,2,1,1,1,1,0.0,0.023646443480277876,507,507,242120369669120.0,1340712096768.0
857,question_45_aime_Qwen3-0.6B_S2,2,1,1,1,1,0.0,0.012531955710616018,139,139,155437979212288.0,843264074240.0
858,question_45_aime_Qwen3-0.6B_S2,2,1,1,1,1,0.0,0.12708522332834907,339,532,123136742033920.0,635767912960.0
859,question_45_aime_Qwen3-0.6B_S1,1,1,1,1,1,0.0,0.1979726219857078,259,259,75556134931968.0,426299573248.0
860,question_45_aime_Qwen3-0.6B_S1,1,1,1,1,1,0.0,0.02766987229571484,502,502,136894084112384.0,807876549632.0
861,question_45_aime_Qwen3-0.6B_S1,1,1,1,1,1,0.0,0.26301799389126934,396,396,115022430358528.0,647519842304.0
862,question_46_aime_Qwen3-0.6B_S64,64,1,1,1,1,0.0,0.3087074517852488,167,344,476261147521024.0,1684796153344.0
863,question_46_aime_Qwen3-0.6B_S64,64,1,1,1,1,0.0,0.3087074517852488,167,344,476261147521024.0,1684796153344.0
864,question_46_aime_Qwen3-0.6B_S64,64,1,1,1,1,0.0,0.3087074517852488,167,344,476261147521024.0,1684796153344.0
865,question_46_aime_Qwen3-0.6B_S32,32,1,1,1,1,0.0,0.3087074517852488,167,482,412146420053504.0,1660209035264.0
866,question_46_aime_Qwen3-0.6B_S32,32,1,1,1,1,0.0,0.12460228780667411,131,768,483775993511424.0,1877578048000.0
867,question_46_aime_Qwen3-0.6B_S32,32,1,1,1,1,0.0,0.08959635123680604,177,177,330751925560320.0,1404872875520.0
868,question_46_aime_Qwen3-0.6B_S16,16,1,1,1,1,0.0,0.08959635123680604,177,177,148244312881664.0,633010822656.0
869,question_46_aime_Qwen3-0.6B_S16,16,1,1,1,1,0.0,0.10569099494639737,236,564,273581464563200.0,1146497280512.0
870,question_46_aime_Qwen3-0.6B_S16,16,1,1,1,1,0.0,0.08959635123680604,177,177,271872680988672.0,1156226345472.0
871,question_46_aime_Qwen3-0.6B_S8,8,1,1,1,1,0.0,0.12343659987974914,138,288,212609019643392.0,1014439523328.0
872,question_46_aime_Qwen3-0.6B_S8,8,1,1,1,1,0.0,0.0,0,0,206562180824064.0,1140503090688.0
873,question_46_aime_Qwen3-0.6B_S8,8,1,1,1,1,0.0,0.5071826124877317,222,909,277696858587136.0,1314644398080.0
874,question_46_aime_Qwen3-0.6B_S4,4,1,1,1,1,0.0,0.18583864373840447,707,1752,560561274227712.0,2947062663168.0
875,question_46_aime_Qwen3-0.6B_S4,4,1,1,1,1,0.0,0.10569099494639737,236,236,271313881676800.0,1470846208000.0
876,question_46_aime_Qwen3-0.6B_S4,4,1,1,1,1,0.0,0.35605830736196886,410,1331,315991401800704.0,1601745369088.0
877,question_46_aime_Qwen3-0.6B_S2,2,1,1,1,1,0.0,0.45499661475626935,426,756,174061109543424.0,921889749504.0
878,question_46_aime_Qwen3-0.6B_S2,2,1,1,1,1,0.0,0.31071644179340785,407,959,215490713294336.0,1112161742336.0
879,question_46_aime_Qwen3-0.6B_S2,2,1,1,1,1,0.0,0.3345455576724149,376,376,223658125414912.0,1264632515584.0
880,question_46_aime_Qwen3-0.6B_S1,1,1,1,1,1,0.0,0.338677785505926,612,612,180885578459648.0,1005316161024.0
881,question_46_aime_Qwen3-0.6B_S1,1,1,1,1,1,0.0,0.21109975795002858,344,344,95689537788416.0,557224508416.0
882,question_46_aime_Qwen3-0.6B_S1,1,1,1,1,1,0.0,0.3919464863251885,487,487,161975695144448.0,835187271680.0
883,question_47_aime_Qwen3-0.6B_S64,64,1,1,1,1,0.0,0.322143827472779,194,847,518202106983424.0,1289528457216.0
884,question_47_aime_Qwen3-0.6B_S64,64,1,1,1,1,0.0,0.322143827472779,194,847,518202106983424.0,1289528457216.0
885,question_47_aime_Qwen3-0.6B_S64,64,1,1,1,1,0.0,0.322143827472779,194,847,518202106983424.0,1289528457216.0
886,question_47_aime_Qwen3-0.6B_S32,32,1,1,1,1,0.0,0.4094599932336004,139,1684,373746449612800.0,1097964077568.0
887,question_47_aime_Qwen3-0.6B_S32,32,1,1,1,1,0.0,0.322143827472779,194,333,319642823917568.0,1044787304448.0
888,question_47_aime_Qwen3-0.6B_S32,32,1,1,1,1,0.0,0.176119756598698,157,653,303991852277248.0,947349841920.0
889,question_47_aime_Qwen3-0.6B_S16,16,1,1,1,1,0.0,0.05908867439754191,139,300,194975811705344.0,755804598272.0
890,question_47_aime_Qwen3-0.6B_S16,16,1,1,1,1,0.0,0.3800078614823568,192,1441,279971600948736.0,1030319502336.0
891,question_47_aime_Qwen3-0.6B_S16,16,1,1,1,1,0.0,0.43123852219853603,196,1275,266358684523520.0,952533814272.0
892,question_47_aime_Qwen3-0.6B_S8,8,1,1,1,1,0.0,0.20014144771297487,221,898,184999093922816.0,790859512832.0
893,question_47_aime_Qwen3-0.6B_S8,8,1,1,1,1,0.0,0.43123852219853603,196,1947,202271729271296.0,835614668800.0
894,question_47_aime_Qwen3-0.6B_S8,8,1,1,1,1,0.0,0.43123852219853603,196,1167,180303949193728.0,778325361664.0
895,question_47_aime_Qwen3-0.6B_S4,4,1,1,1,1,0.0,0.05908867439754191,139,139,93542271595520.0,485366589440.0
896,question_47_aime_Qwen3-0.6B_S4,4,1,1,1,1,0.0,0.2724846289847446,361,1160,165763536177152.0,782494241280.0
897,question_47_aime_Qwen3-0.6B_S4,4,1,1,1,1,0.0,0.19931391441328758,184,636,128355234813440.0,604142510080.0
898,question_47_aime_Qwen3-0.6B_S2,2,1,1,1,1,0.0,0.176119756598698,157,345,78173240557056.0,421095353344.0
899,question_47_aime_Qwen3-0.6B_S2,2,1,1,1,1,0.0,0.3048797594974086,158,379,80375514494464.0,409170925056.0
900,question_47_aime_Qwen3-0.6B_S2,2,1,1,1,1,0.0,0.24535966889457655,181,369,79542978668544.0,422117022720.0
901,question_47_aime_Qwen3-0.6B_S1,1,1,1,1,1,0.0,0.021928476169164345,300,300,93894900877824.0,512642853888.0
902,question_47_aime_Qwen3-0.6B_S1,1,1,1,1,1,0.0,0.176119756598698,157,157,47185052899840.0,270074445824.0
903,question_47_aime_Qwen3-0.6B_S1,1,1,1,1,1,0.0,0.03467344544457265,365,365,108942999788544.0,603450051584.0
904,question_48_aime_Qwen3-0.6B_S64,64,1,1,1,1,0.0,0.1878003803007624,101,861,470005341342720.0,1617978951168.0
905,question_48_aime_Qwen3-0.6B_S64,64,1,1,1,1,0.0,0.1878003803007624,101,861,470005341342720.0,1617978951168.0
906,question_48_aime_Qwen3-0.6B_S64,64,1,1,1,1,0.0,0.1878003803007624,101,861,470005341342720.0,1617978951168.0
907,question_48_aime_Qwen3-0.6B_S32,32,1,1,1,1,0.0,0.1878003803007624,101,101,272093446248960.0,1064739313152.0
908,question_48_aime_Qwen3-0.6B_S32,32,1,1,1,1,0.0,0.1878003803007624,101,861,321140409862656.0,1378005665280.0
909,question_48_aime_Qwen3-0.6B_S32,32,1,1,1,1,0.0,0.13501798087259478,115,760,327392681717760.0,1397603522048.0
910,question_48_aime_Qwen3-0.6B_S16,16,1,1,1,1,0.0,0.1878003803007624,101,101,214210705986560.0,913085026304.0
911,question_48_aime_Qwen3-0.6B_S16,16,1,1,1,1,0.0,0.061163401421072724,439,594,280950465475072.0,1330799843328.0
912,question_48_aime_Qwen3-0.6B_S16,16,1,1,1,1,0.0,0.26393435084541556,194,515,245807857709056.0,1111509553152.0
913,question_48_aime_Qwen3-0.6B_S8,8,1,1,1,1,0.0,0.09031658034668702,276,637,204201759732224.0,1022079719936.0
914,question_48_aime_Qwen3-0.6B_S8,8,1,1,1,1,0.0,0.2729645329732775,311,1091,327276997074432.0,1646334306304.0
915,question_48_aime_Qwen3-0.6B_S8,8,1,1,1,1,0.0,0.3392597267563844,604,2527,341272453865472.0,1596926643712.0
916,question_48_aime_Qwen3-0.6B_S4,4,1,1,1,1,0.0,0.2729645329732775,311,552,202639808549888.0,1091703154688.0
917,question_48_aime_Qwen3-0.6B_S4,4,1,1,1,1,0.0,0.07274074755390422,730,1614,283933931600896.0,1507260396544.0
918,question_48_aime_Qwen3-0.6B_S4,4,1,1,1,1,0.0,0.07274074755390422,730,1319,358782667624448.0,1896936420352.0
919,question_48_aime_Qwen3-0.6B_S2,2,1,1,1,1,0.0,0.3392597267563844,604,1469,281991999533056.0,1616790551552.0
920,question_48_aime_Qwen3-0.6B_S2,2,1,1,1,1,0.0,0.04525103297255613,296,296,142422320524288.0,812147333120.0
921,question_48_aime_Qwen3-0.6B_S2,2,1,1,1,1,0.0,0.1878003803007624,101,101,75449475490304.0,438821148672.0
922,question_48_aime_Qwen3-0.6B_S1,1,1,1,1,1,0.0,0.04324837833900287,498,498,137960876817408.0,804547105280.0
923,question_48_aime_Qwen3-0.6B_S1,1,1,1,1,1,0.0,0.10841185392437654,180,180,54811202333696.0,313030210048.0
924,question_48_aime_Qwen3-0.6B_S1,1,1,1,1,1,0.0,0.17294459594410275,840,840,229683769826816.0,1349227616768.0
925,question_49_aime_Qwen3-0.6B_S64,64,1,1,1,1,0.0,0.45121580098314895,356,4140,800834726811136.0,2471372259328.0
926,question_49_aime_Qwen3-0.6B_S64,64,1,1,1,1,0.0,0.45121580098314895,356,4140,800834726811136.0,2471372259328.0
927,question_49_aime_Qwen3-0.6B_S64,64,1,1,1,1,0.0,0.45121580098314895,356,4140,800834726811136.0,2471372259328.0
928,question_49_aime_Qwen3-0.6B_S32,32,1,1,1,1,0.0,0.3706610682913459,417,2040,500181087554048.0,1863988047872.0
929,question_49_aime_Qwen3-0.6B_S32,32,1,1,1,1,0.0,0.45121580098314895,356,2230,507414676919296.0,1921329123328.0
930,question_49_aime_Qwen3-0.6B_S32,32,1,1,1,1,0.0,0.3706610682913459,417,3777,576774969632768.0,2081435107840.0
931,question_49_aime_Qwen3-0.6B_S16,16,1,1,1,1,0.0,0.40375545766924437,315,2930,283129117410304.0,1083012839936.0
932,question_49_aime_Qwen3-0.6B_S16,16,1,1,1,1,0.0,0.45121580098314895,356,1655,402981509260288.0,1733491376640.0
933,question_49_aime_Qwen3-0.6B_S16,16,1,1,1,1,0.0,0.45121580098314895,356,2396,399188398664192.0,1656476320768.0
934,question_49_aime_Qwen3-0.6B_S8,8,1,1,1,1,0.0,0.09989936207622054,299,1453,222291627047936.0,1033507074560.0
935,question_49_aime_Qwen3-0.6B_S8,8,1,1,1,1,0.0,0.32802714062481403,329,1263,221794026396160.0,1035882486272.0
936,question_49_aime_Qwen3-0.6B_S8,8,1,1,1,1,0.0,0.09017235721357492,252,819,240602614337536.0,1160859171328.0
937,question_49_aime_Qwen3-0.6B_S4,4,1,1,1,1,0.0,0.08755107767498041,237,577,185117268510208.0,977536109568.0
938,question_49_aime_Qwen3-0.6B_S4,4,1,1,1,1,0.0,0.1249171434864868,438,489,181122848423424.0,965010493952.0
939,question_49_aime_Qwen3-0.6B_S4,4,1,1,1,1,0.0,0.06082015152112449,144,144,158021173766144.0,784485907456.0
940,question_49_aime_Qwen3-0.6B_S2,2,1,1,1,1,0.0,0.06884861642213527,192,192,125096045903360.0,663301668864.0
941,question_49_aime_Qwen3-0.6B_S2,2,1,1,1,1,0.0,0.3706610682913459,417,417,161467991152128.0,938879750656.0
942,question_49_aime_Qwen3-0.6B_S2,2,1,1,1,1,0.0,0.037476708116436316,511,511,231724567335936.0,1318149872128.0
943,question_49_aime_Qwen3-0.6B_S1,1,1,1,1,1,0.0,0.40375545766924437,315,315,86518644711936.0,509004251136.0
944,question_49_aime_Qwen3-0.6B_S1,1,1,1,1,1,0.0,0.1480661290727774,463,463,130582536655872.0,751371519488.0
945,question_49_aime_Qwen3-0.6B_S1,1,1,1,1,1,0.0,0.1085069290745822,324,324,93105138099712.0,529365384192.0
946,question_5_aime_Qwen3-0.6B_S64,64,1,1,1,1,0.0,0.18753307060813504,165,861,431592765531136.0,1323242046976.0
947,question_5_aime_Qwen3-0.6B_S64,64,1,1,1,1,0.0,0.18753307060813504,165,861,431592765531136.0,1323242046976.0
948,question_5_aime_Qwen3-0.6B_S64,64,1,1,1,1,0.0,0.18753307060813504,165,861,431592765531136.0,1323242046976.0
949,question_5_aime_Qwen3-0.6B_S32,32,1,1,1,1,0.0,0.18753307060813504,165,576,255119498400256.0,909276843520.0
950,question_5_aime_Qwen3-0.6B_S32,32,1,1,1,1,0.0,0.18753307060813504,165,302,261808551996416.0,952785387008.0
951,question_5_aime_Qwen3-0.6B_S32,32,1,1,1,1,0.0,0.18753307060813504,165,299,256770871484416.0,930758403584.0
952,question_5_aime_Qwen3-0.6B_S16,16,1,1,1,1,0.0,0.03490074913796309,285,285,205372011557376.0,969802395136.0
953,question_5_aime_Qwen3-0.6B_S16,16,1,1,1,1,0.0,0.03490074913796309,285,285,192915325933056.0,874427264512.0
954,question_5_aime_Qwen3-0.6B_S16,16,1,1,1,1,0.0,0.18753307060813504,165,299,187094791479296.0,837731319296.0
955,question_5_aime_Qwen3-0.6B_S8,8,1,1,1,1,0.0,0.07568975749319284,273,1409,290238957826560.0,1335142805504.0
956,question_5_aime_Qwen3-0.6B_S8,8,1,1,1,1,0.0,0.32401754765244073,200,819,175942016109056.0,759799305216.0
957,question_5_aime_Qwen3-0.6B_S8,8,1,1,1,1,0.0,0.32401754765244073,200,776,174052624728064.0,799122813440.0
958,question_5_aime_Qwen3-0.6B_S4,4,1,1,1,1,0.0,0.18753307060813504,165,165,82800134894592.0,458799855104.0
959,question_5_aime_Qwen3-0.6B_S4,4,1,1,1,1,0.0,0.06029271168396076,300,678,156417806782976.0,803096059904.0
960,question_5_aime_Qwen3-0.6B_S4,4,1,1,1,1,0.0,0.0,0,0,82126702040576.0,448831542784.0
961,question_5_aime_Qwen3-0.6B_S2,2,1,1,1,1,0.0,0.03959435423121849,176,176,103103722646528.0,572661105664.0
962,question_5_aime_Qwen3-0.6B_S2,2,1,1,1,1,0.0,0.10954403774086839,441,971,195882724575744.0,997861319680.0
963,question_5_aime_Qwen3-0.6B_S2,2,1,1,1,1,0.0,0.2797851319265917,222,373,89107892676608.0,469805490176.0
964,question_5_aime_Qwen3-0.6B_S1,1,1,1,1,1,0.0,0.12171243658030903,210,210,63762103058944.0,351917047296.0
965,question_5_aime_Qwen3-0.6B_S1,1,1,1,1,1,0.0,0.14554144182086834,276,276,90564100738560.0,473061718528.0
966,question_5_aime_Qwen3-0.6B_S1,1,1,1,1,1,0.0,0.07568975749319284,273,273,79447831086592.0,449911334400.0
967,question_50_aime_Qwen3-0.6B_S64,64,1,1,1,1,0.0,0.06556231986873161,183,2111,627652169692160.0,2155396183552.0
968,question_50_aime_Qwen3-0.6B_S64,64,1,1,1,1,0.0,0.06556231986873161,183,2111,627652169692160.0,2155396183552.0
969,question_50_aime_Qwen3-0.6B_S64,64,1,1,1,1,0.0,0.06556231986873161,183,2111,627652169692160.0,2155396183552.0
970,question_50_aime_Qwen3-0.6B_S32,32,1,1,1,1,0.0,0.09243825489746935,453,2493,489150885213696.0,1868147927040.0
971,question_50_aime_Qwen3-0.6B_S32,32,1,1,1,1,0.0,0.06556231986873161,183,1417,380247862365696.0,1521068826112.0
972,question_50_aime_Qwen3-0.6B_S32,32,1,1,1,1,0.0,0.038464005144740195,222,669,415853956151296.0,1723224442368.0
973,question_50_aime_Qwen3-0.6B_S16,16,1,1,1,1,0.0,0.10033011244081275,349,2876,360245671260672.0,1544486566400.0
974,question_50_aime_Qwen3-0.6B_S16,16,1,1,1,1,0.0,0.06556231986873161,183,183,263734507238400.0,1191172632064.0
975,question_50_aime_Qwen3-0.6B_S16,16,1,1,1,1,0.0,0.031085374761015517,318,535,285330813828096.0,1384298229248.0
976,question_50_aime_Qwen3-0.6B_S8,8,1,1,1,1,0.0,0.03315447908913917,224,1487,214422640337408.0,1060907692032.0
977,question_50_aime_Qwen3-0.6B_S8,8,1,1,1,1,0.0,0.10033011244081275,349,2298,298217317578752.0,1445301128192.0
978,question_50_aime_Qwen3-0.6B_S8,8,1,1,1,1,0.0,0.008100730990845175,282,282,202861659012608.0,1073494175232.0
979,question_50_aime_Qwen3-0.6B_S4,4,1,1,1,1,0.0,0.02083096727042568,447,819,179836094586880.0,981042881024.0
980,question_50_aime_Qwen3-0.6B_S4,4,1,1,1,1,0.0,0.038464005144740195,222,222,173654171582464.0,1004658402816.0
981,question_50_aime_Qwen3-0.6B_S4,4,1,1,1,1,0.0,0.0776056067629865,396,1171,175100456025088.0,922423004160.0
982,question_50_aime_Qwen3-0.6B_S2,2,1,1,1,1,0.0,0.025645119178734042,274,274,154418375408640.0,879151328256.0
983,question_50_aime_Qwen3-0.6B_S2,2,1,1,1,1,0.0,0.019818630825478006,357,761,156852329905664.0,871421836288.0
984,question_50_aime_Qwen3-0.6B_S2,2,1,1,1,1,0.0,0.01050453387209782,308,308,177709221336064.0,996849659904.0
985,question_50_aime_Qwen3-0.6B_S1,1,1,1,1,1,0.0,0.013369103879766833,333,333,106654715512320.0,620387116032.0
986,question_50_aime_Qwen3-0.6B_S1,1,1,1,1,1,0.0,0.05353424947528131,1504,1504,449527862730240.0,2464573284352.0
987,question_50_aime_Qwen3-0.6B_S1,1,1,1,1,1,0.0,0.007613463929366458,348,348,105332333624832.0,616883018240.0
988,question_51_aime_Qwen3-0.6B_S64,64,1,1,1,1,0.0,0.05079112555103686,458,760,685471185483264.0,2126070083584.0
989,question_51_aime_Qwen3-0.6B_S64,64,1,1,1,1,0.0,0.05079112555103686,458,760,685471185483264.0,2126070083584.0
990,question_51_aime_Qwen3-0.6B_S64,64,1,1,1,1,0.0,0.05079112555103686,458,760,685471185483264.0,2126070083584.0
991,question_51_aime_Qwen3-0.6B_S32,32,1,1,1,1,0.0,0.03916926514058517,302,919,559737947747840.0,1819964167168.0
992,question_51_aime_Qwen3-0.6B_S32,32,1,1,1,1,0.0,0.05079112555103686,458,458,416002804129280.0,1569497247744.0
993,question_51_aime_Qwen3-0.6B_S32,32,1,1,1,1,0.0,0.05079112555103686,458,458,441706364466688.0,1683237132288.0
994,question_51_aime_Qwen3-0.6B_S16,16,1,1,1,1,0.0,0.03916926514058517,302,302,373998304082944.0,1500148984832.0
995,question_51_aime_Qwen3-0.6B_S16,16,1,1,1,1,0.0,0.05169048895757361,586,2937,497740356371456.0,1843431377408.0
996,question_51_aime_Qwen3-0.6B_S16,16,1,1,1,1,0.0,0.05079112555103686,458,760,322461431565312.0,1495957485568.0
997,question_51_aime_Qwen3-0.6B_S8,8,1,1,1,1,0.0,0.0730309022278538,443,2319,342873575866368.0,1447942851584.0
998,question_51_aime_Qwen3-0.6B_S8,8,1,1,1,1,0.0,0.06013305381490888,310,1099,275248343246336.0,1208452257792.0
999,question_51_aime_Qwen3-0.6B_S8,8,1,1,1,1,0.0,0.07814752715333315,338,1433,347886863642112.0,1524554718208.0
1000,question_51_aime_Qwen3-0.6B_S4,4,1,1,1,1,0.0,0.05079112555103686,458,458,203350168928256.0,1157719465984.0
1001,question_51_aime_Qwen3-0.6B_S4,4,1,1,1,1,0.0,0.023590906882783032,398,623,217423127307264.0,1107461203968.0
1002,question_51_aime_Qwen3-0.6B_S4,4,1,1,1,1,0.0,0.016988160316293258,225,225,203801259256832.0,1017150767104.0
1003,question_51_aime_Qwen3-0.6B_S2,2,1,1,1,1,0.0,0.052103349795369715,436,806,157212494171648.0,846103619584.0
1004,question_51_aime_Qwen3-0.6B_S2,2,1,1,1,1,0.0,0.19760851075670485,553,997,207616113018880.0,1103167410176.0
1005,question_51_aime_Qwen3-0.6B_S2,2,1,1,1,1,0.0,0.07814752715333315,338,338,207073863284224.0,1096456849408.0
1006,question_51_aime_Qwen3-0.6B_S1,1,1,1,1,1,0.0,0.056289236591750766,581,581,176896238962176.0,960369698816.0
1007,question_51_aime_Qwen3-0.6B_S1,1,1,1,1,1,0.0,0.07375621917335236,495,495,145881111920640.0,810953682432.0
1008,question_51_aime_Qwen3-0.6B_S1,1,1,1,1,1,0.0,0.026062355372388758,487,487,142223741783040.0,795522333696.0
1009,question_52_aime_Qwen3-0.6B_S64,64,1,1,1,1,0.0,0.3142022974983078,223,2222,752457171718144.0,1928938778624.0
1010,question_52_aime_Qwen3-0.6B_S64,64,1,1,1,1,0.0,0.3142022974983078,223,2222,752457171718144.0,1928938778624.0
1011,question_52_aime_Qwen3-0.6B_S64,64,1,1,1,1,0.0,0.3142022974983078,223,2222,752457171718144.0,1928938778624.0
1012,question_52_aime_Qwen3-0.6B_S32,32,1,1,1,1,0.0,0.3142022974983078,223,1647,398787811918848.0,1128005296128.0
1013,question_52_aime_Qwen3-0.6B_S32,32,1,1,1,1,0.0,0.3142022974983078,223,1612,434678363107840.0,1338382430208.0
1014,question_52_aime_Qwen3-0.6B_S32,32,1,1,1,1,0.0,0.3198001443225481,272,1901,495820268081152.0,1422738512384.0
1015,question_52_aime_Qwen3-0.6B_S16,16,1,1,1,1,0.0,0.1140613723015123,2,638,300349673388544.0,1207073531904.0
1016,question_52_aime_Qwen3-0.6B_S16,16,1,1,1,1,0.0,0.3198001443225481,272,1427,334084825767936.0,1237014860288.0
1017,question_52_aime_Qwen3-0.6B_S16,16,1,1,1,1,0.0,0.2424918017057779,173,1860,362589777302016.0,1242826789888.0
1018,question_52_aime_Qwen3-0.6B_S8,8,1,1,1,1,0.0,0.21547023732585474,341,1616,288682790280704.0,1155067672576.0
1019,question_52_aime_Qwen3-0.6B_S8,8,1,1,1,1,0.0,0.19046825266465534,251,1312,274500856302592.0,1246981164032.0
1020,question_52_aime_Qwen3-0.6B_S8,8,1,1,1,1,0.0,0.3142022974983078,223,360,238267822419968.0,1084115485184.0
1021,question_52_aime_Qwen3-0.6B_S4,4,1,1,1,1,0.0,0.3884656930024998,343,1287,165050252581888.0,729022387712.0
1022,question_52_aime_Qwen3-0.6B_S4,4,1,1,1,1,0.0,0.42695362947566157,312,438,189307517811712.0,960536095744.0
1023,question_52_aime_Qwen3-0.6B_S4,4,1,1,1,1,0.0,0.3198001443225481,272,676,140577681949184.0,657124359168.0
1024,question_52_aime_Qwen3-0.6B_S2,2,1,1,1,1,0.0,0.023695581814779106,226,226,106345934554112.0,588661123584.0
1025,question_52_aime_Qwen3-0.6B_S2,2,1,1,1,1,0.0,0.14972829390808198,222,222,136062714051072.0,696199490048.0
1026,question_52_aime_Qwen3-0.6B_S2,2,1,1,1,1,0.0,0.23096083736527334,172,172,116385086596096.0,594791854080.0
1027,question_52_aime_Qwen3-0.6B_S1,1,1,1,1,1,0.0,0.022699322594223355,341,341,99097705646592.0,558791316480.0
1028,question_52_aime_Qwen3-0.6B_S1,1,1,1,1,1,0.0,0.14972829390808198,222,222,68846755648512.0,371340016640.0
1029,question_52_aime_Qwen3-0.6B_S1,1,1,1,1,1,0.0,0.07342998781375103,237,237,76130870797312.0,407546684928.0
1030,question_53_aime_Qwen3-0.6B_S64,64,1,1,1,1,0.0,0.14872250534668277,89,794,549320940183552.0,1821571720704.0
1031,question_53_aime_Qwen3-0.6B_S64,64,1,1,1,1,0.0,0.14872250534668277,89,794,549320940183552.0,1821571720704.0
1032,question_53_aime_Qwen3-0.6B_S64,64,1,1,1,1,0.0,0.14872250534668277,89,794,549320940183552.0,1821571720704.0
1033,question_53_aime_Qwen3-0.6B_S32,32,1,1,1,1,0.0,0.0,0,0,346837977200640.0,1361411675648.0
1034,question_53_aime_Qwen3-0.6B_S32,32,1,1,1,1,0.0,0.14872250534668277,89,495,308391214811648.0,1150950637056.0
1035,question_53_aime_Qwen3-0.6B_S32,32,1,1,1,1,0.0,0.1041874665364251,148,705,371051195374080.0,1492357062144.0
1036,question_53_aime_Qwen3-0.6B_S16,16,1,1,1,1,0.0,0.06636036820575159,299,299,252267120086016.0,1214074494464.0
1037,question_53_aime_Qwen3-0.6B_S16,16,1,1,1,1,0.0,0.1041874665364251,148,148,258560412706816.0,1232220743168.0
1038,question_53_aime_Qwen3-0.6B_S16,16,1,1,1,1,0.0,0.34422687899693466,211,2315,338953589424128.0,1416397326848.0
1039,question_53_aime_Qwen3-0.6B_S8,8,1,1,1,1,0.0,0.23724412555502283,354,1402,283514473103360.0,1380467223552.0
1040,question_53_aime_Qwen3-0.6B_S8,8,1,1,1,1,0.0,0.14872250534668277,89,388,197354888597504.0,1053549561344.0
1041,question_53_aime_Qwen3-0.6B_S8,8,1,1,1,1,0.0,0.0,0,0,167057944653824.0,873932670464.0
1042,question_53_aime_Qwen3-0.6B_S4,4,1,1,1,1,0.0,0.19340103715919865,157,408,173113759790592.0,899255342080.0
1043,question_53_aime_Qwen3-0.6B_S4,4,1,1,1,1,0.0,0.0,0,0,76074689939968.0,403124778496.0
1044,question_53_aime_Qwen3-0.6B_S4,4,1,1,1,1,0.0,0.0,0,0,115456935596032.0,641523297792.0
1045,question_53_aime_Qwen3-0.6B_S2,2,1,1,1,1,0.0,0.2148607779636188,277,540,87723665733120.0,482183796736.0
1046,question_53_aime_Qwen3-0.6B_S2,2,1,1,1,1,0.0,0.09177009567581079,432,432,165071045873664.0,892316195840.0
1047,question_53_aime_Qwen3-0.6B_S2,2,1,1,1,1,0.0,0.0,0,0,79684442016256.0,469793041920.0
1048,question_53_aime_Qwen3-0.6B_S1,1,1,1,1,1,0.0,0.06636036820575159,299,299,82324986165248.0,490654139904.0
1049,question_53_aime_Qwen3-0.6B_S1,1,1,1,1,1,0.0,0.23724412555502283,354,354,97496118840320.0,571079985664.0
1050,question_53_aime_Qwen3-0.6B_S1,1,1,1,1,1,0.0,0.12946835052038594,379,379,115917142436864.0,631059316736.0
1051,question_54_aime_Qwen3-0.6B_S64,64,1,1,1,1,0.0,0.060392506426322115,301,1499,654438509563904.0,1550876496384.0
1052,question_54_aime_Qwen3-0.6B_S64,64,1,1,1,1,0.0,0.060392506426322115,301,1499,654438509563904.0,1550876496384.0
1053,question_54_aime_Qwen3-0.6B_S64,64,1,1,1,1,0.0,0.060392506426322115,301,1499,654438509563904.0,1550876496384.0
1054,question_54_aime_Qwen3-0.6B_S32,32,1,1,1,1,0.0,0.060392506426322115,301,1041,394244933933056.0,1214157003264.0
1055,question_54_aime_Qwen3-0.6B_S32,32,1,1,1,1,0.0,0.060392506426322115,301,4015,567807622372352.0,1532941590528.0
1056,question_54_aime_Qwen3-0.6B_S32,32,1,1,1,1,0.0,0.060392506426322115,301,1242,388024497022976.0,1183692055040.0
1057,question_54_aime_Qwen3-0.6B_S16,16,1,1,1,1,0.0,0.050288052154620164,301,2117,326175295944192.0,1077453862912.0
1058,question_54_aime_Qwen3-0.6B_S16,16,1,1,1,1,0.0,0.08079055204064327,335,2906,320140339081728.0,1031584980992.0
1059,question_54_aime_Qwen3-0.6B_S16,16,1,1,1,1,0.0,0.03785795213111314,271,271,260779450850304.0,1018819099136.0
1060,question_54_aime_Qwen3-0.6B_S8,8,1,1,1,1,0.0,0.05975077292126697,385,1488,287474490797056.0,1195797277696.0
1061,question_54_aime_Qwen3-0.6B_S8,8,1,1,1,1,0.0,0.10844234653720079,419,1889,230254605309952.0,921018655232.0
1062,question_54_aime_Qwen3-0.6B_S8,8,1,1,1,1,0.0,0.050288052154620164,301,980,228384075993600.0,938797324288.0
1063,question_54_aime_Qwen3-0.6B_S4,4,1,1,1,1,0.0,0.03718665565195214,197,423,160571155633152.0,732780681728.0
1064,question_54_aime_Qwen3-0.6B_S4,4,1,1,1,1,0.0,0.10844234653720079,419,670,181586777083392.0,852008624640.0
1065,question_54_aime_Qwen3-0.6B_S4,4,1,1,1,1,0.0,0.043602378461351884,285,511,157349956328960.0,718948375040.0
1066,question_54_aime_Qwen3-0.6B_S2,2,1,1,1,1,0.0,0.0402434490405423,322,322,123826622728704.0,669529307136.0
1067,question_54_aime_Qwen3-0.6B_S2,2,1,1,1,1,0.0,0.050288052154620164,301,553,115454540065280.0,596198762496.0
1068,question_54_aime_Qwen3-0.6B_S2,2,1,1,1,1,0.0,0.036303859293854435,214,214,115068370221568.0,574713853440.0
1069,question_54_aime_Qwen3-0.6B_S1,1,1,1,1,1,0.0,0.03785795213111314,271,271,72735857143296.0,435566554624.0
1070,question_54_aime_Qwen3-0.6B_S1,1,1,1,1,1,0.0,0.20839619004280097,288,288,90912063564800.0,486185108992.0
1071,question_54_aime_Qwen3-0.6B_S1,1,1,1,1,1,0.0,0.04763143889240007,277,277,83011209860096.0,460011743232.0
1072,question_55_aime_Qwen3-0.6B_S64,64,1,1,1,1,0.0,0.16803998360684444,136,5218,804308453316096.0,2004533668864.0
1073,question_55_aime_Qwen3-0.6B_S64,64,1,1,1,1,0.0,0.16803998360684444,136,5218,804308453316096.0,2004533668864.0
1074,question_55_aime_Qwen3-0.6B_S64,64,1,1,1,1,0.0,0.16803998360684444,136,5218,804308453316096.0,2004533668864.0
1075,question_55_aime_Qwen3-0.6B_S32,32,1,1,1,1,0.0,0.1390372993550211,185,2575,494228229553664.0,1582368130048.0
1076,question_55_aime_Qwen3-0.6B_S32,32,1,1,1,1,0.0,0.13695622083427036,238,2734,467814285054464.0,1433825885184.0
1077,question_55_aime_Qwen3-0.6B_S32,32,1,1,1,1,0.0,0.16803998360684444,136,2765,438973254729216.0,1275250646016.0
1078,question_55_aime_Qwen3-0.6B_S16,16,1,1,1,1,0.0,0.12658217258948332,177,1904,347350540909056.0,1246297892864.0
1079,question_55_aime_Qwen3-0.6B_S16,16,1,1,1,1,0.0,0.26187708803358034,301,2405,364595231347712.0,1350716014592.0
1080,question_55_aime_Qwen3-0.6B_S16,16,1,1,1,1,0.0,0.16803998360684444,136,2533,320545355513856.0,1122667880448.0
1081,question_55_aime_Qwen3-0.6B_S8,8,1,1,1,1,0.0,0.13185483224240258,310,452,214344410116096.0,998004827136.0
1082,question_55_aime_Qwen3-0.6B_S8,8,1,1,1,1,0.0,0.16803998360684444,136,2041,203309425034240.0,862012598272.0
1083,question_55_aime_Qwen3-0.6B_S8,8,1,1,1,1,0.0,0.07410318268386394,326,1290,217948627741184.0,896001058816.0
1084,question_55_aime_Qwen3-0.6B_S4,4,1,1,1,1,0.0,0.13185483224240258,310,310,160833381030912.0,846858189824.0
1085,question_55_aime_Qwen3-0.6B_S4,4,1,1,1,1,0.0,0.09160005542451483,183,785,134956813259776.0,671849610240.0
1086,question_55_aime_Qwen3-0.6B_S4,4,1,1,1,1,0.0,0.10437865639202448,191,674,153969153321984.0,757544609792.0
1087,question_55_aime_Qwen3-0.6B_S2,2,1,1,1,1,0.0,0.06043956433085494,293,293,149066634570752.0,779752527360.0
1088,question_55_aime_Qwen3-0.6B_S2,2,1,1,1,1,0.0,0.06602075147476998,343,613,123843739648000.0,657415348736.0
1089,question_55_aime_Qwen3-0.6B_S2,2,1,1,1,1,0.0,0.1235715809855011,190,381,73832464944640.0,399370535424.0
1090,question_55_aime_Qwen3-0.6B_S1,1,1,1,1,1,0.0,0.10437865639202448,191,191,55813420742144.0,316476690944.0
1091,question_55_aime_Qwen3-0.6B_S1,1,1,1,1,1,0.0,0.06112614628321096,340,340,94948635548672.0,551607766016.0
1092,question_55_aime_Qwen3-0.6B_S1,1,1,1,1,1,0.0,0.05315819830139667,310,310,87271323812864.0,504727190528.0
1093,question_56_aime_Qwen3-0.6B_S64,64,1,1,1,1,0.0,0.4646398678444357,326,2342,660958730916352.0,2437225168384.0
1094,question_56_aime_Qwen3-0.6B_S64,64,1,1,1,1,0.0,0.4646398678444357,326,2342,660958730916352.0,2437225168384.0
1095,question_56_aime_Qwen3-0.6B_S64,64,1,1,1,1,0.0,0.4646398678444357,326,2342,660958730916352.0,2437225168384.0
1096,question_56_aime_Qwen3-0.6B_S32,32,1,1,1,1,0.0,0.04592971165345029,767,1582,431822581383680.0,1877669817856.0
1097,question_56_aime_Qwen3-0.6B_S32,32,1,1,1,1,0.0,0.05021758130111223,165,1610,439870132853248.0,1907635269120.0
1098,question_56_aime_Qwen3-0.6B_S32,32,1,1,1,1,0.0,0.05021758130111223,165,2917,526902413987328.0,2191129530368.0
1099,question_56_aime_Qwen3-0.6B_S16,16,1,1,1,1,0.0,0.05021758130111223,165,1646,303737136657408.0,1392150120448.0
1100,question_56_aime_Qwen3-0.6B_S16,16,1,1,1,1,0.0,0.4646398678444357,326,1355,361591878008320.0,1856840652288.0
1101,question_56_aime_Qwen3-0.6B_S16,16,1,1,1,1,0.0,0.4646398678444357,326,1676,410032286384128.0,2019938885632.0
1102,question_56_aime_Qwen3-0.6B_S8,8,1,1,1,1,0.0,0.04592971165345029,767,948,282474952021504.0,1517335857152.0
1103,question_56_aime_Qwen3-0.6B_S8,8,1,1,1,1,0.0,0.026501956030433288,93,249,302115482557952.0,1480550962176.0
1104,question_56_aime_Qwen3-0.6B_S8,8,1,1,1,1,0.0,0.033969509086971945,689,1513,336459285370880.0,1603247865856.0
1105,question_56_aime_Qwen3-0.6B_S4,4,1,1,1,1,0.0,0.02250432206895167,77,77,118716518100992.0,628667488256.0
1106,question_56_aime_Qwen3-0.6B_S4,4,1,1,1,1,0.0,0.02250432206895167,77,77,139563263218688.0,804165463552.0
1107,question_56_aime_Qwen3-0.6B_S4,4,1,1,1,1,0.0,0.03218980021941967,569,622,189221472518144.0,1071418585088.0
1108,question_56_aime_Qwen3-0.6B_S2,2,1,1,1,1,0.0,0.026501956030433288,93,230,52200590391296.0,245307845632.0
1109,question_56_aime_Qwen3-0.6B_S2,2,1,1,1,1,0.0,0.01614863722517493,407,407,139606492782080.0,797351310336.0
1110,question_56_aime_Qwen3-0.6B_S2,2,1,1,1,1,0.0,0.02892078932406121,130,130,120716691291648.0,654229293056.0
1111,question_56_aime_Qwen3-0.6B_S1,1,1,1,1,1,0.0,0.018001477408796297,813,813,237851667714048.0,1363111641600.0
1112,question_56_aime_Qwen3-0.6B_S1,1,1,1,1,1,0.0,0.11025167718600459,672,672,210870372632576.0,1121164909056.0
1113,question_56_aime_Qwen3-0.6B_S1,1,1,1,1,1,0.0,0.039553241098891904,259,259,75686063114752.0,426590364672.0
1114,question_57_aime_Qwen3-0.6B_S64,64,1,1,1,1,0.0,0.5,137,233,488706744182784.0,1590483086848.0
1115,question_57_aime_Qwen3-0.6B_S64,64,1,1,1,1,0.0,0.5,96,233,488706744182784.0,1590483086848.0
1116,question_57_aime_Qwen3-0.6B_S64,64,1,1,1,1,0.0,0.5,137,233,488706744182784.0,1590483086848.0
1117,question_57_aime_Qwen3-0.6B_S32,32,1,1,1,1,0.0,0.5,137,683,401104694582272.0,1529536548864.0
1118,question_57_aime_Qwen3-0.6B_S32,32,1,1,1,1,0.0,0.5,96,96,283761770312192.0,1061727804928.0
1119,question_57_aime_Qwen3-0.6B_S32,32,1,1,1,1,0.0,0.5,133,607,445163748800000.0,1575623328256.0
1120,question_57_aime_Qwen3-0.6B_S16,16,1,1,1,1,0.0,0.5,293,389,283145262671872.0,1156666194432.0
1121,question_57_aime_Qwen3-0.6B_S16,16,1,1,1,1,0.0,0.5,133,479,267033938913792.0,1202104233984.0
1122,question_57_aime_Qwen3-0.6B_S16,16,1,1,1,1,0.0,0.5,96,619,289624255062528.0,1199631061504.0
1123,question_57_aime_Qwen3-0.6B_S8,8,1,1,1,1,0.0,0.5,220,316,181327193346048.0,859086852608.0
1124,question_57_aime_Qwen3-0.6B_S8,8,1,1,1,1,0.0,0.5,148,564,272476126336000.0,1327961189376.0
1125,question_57_aime_Qwen3-0.6B_S8,8,1,1,1,1,0.0,0.0,0,0,166274696251392.0,880612896256.0
1126,question_57_aime_Qwen3-0.6B_S4,4,1,1,1,1,0.0,0.5,526,526,405295729444352.0,2042635693568.0
1127,question_57_aime_Qwen3-0.6B_S4,4,1,1,1,1,0.0,0.5,133,387,151463631882752.0,776803830784.0
1128,question_57_aime_Qwen3-0.6B_S4,4,1,1,1,1,0.0,0.5,416,775,259616989849600.0,1377235139072.0
1129,question_57_aime_Qwen3-0.6B_S2,2,1,1,1,1,0.0,0.5,133,133,90471352138752.0,497203328000.0
1130,question_57_aime_Qwen3-0.6B_S2,2,1,1,1,1,0.0,0.5,317,317,158441129999872.0,871639312896.0
1131,question_57_aime_Qwen3-0.6B_S2,2,1,1,1,1,0.0,0.5,408,408,204037945131008.0,1113187196416.0
1132,question_57_aime_Qwen3-0.6B_S1,1,1,1,1,1,0.0,0.5,354,354,101910703657472.0,579356577792.0
1133,question_57_aime_Qwen3-0.6B_S1,1,1,1,1,1,0.0,0.5,593,593,173568267066880.0,969524285952.0
1134,question_57_aime_Qwen3-0.6B_S1,1,1,1,1,1,0.0,0.5,687,687,227017911385088.0,1161180343808.0
1135,question_58_aime_Qwen3-0.6B_S64,64,1,1,1,1,0.0,0.024209536346601928,12,106,746454962961408.0,2333928509440.0
1136,question_58_aime_Qwen3-0.6B_S64,64,1,1,1,1,0.0,0.024209536346601928,12,106,746454962961408.0,2333928509440.0
1137,question_58_aime_Qwen3-0.6B_S64,64,1,1,1,1,0.0,0.024209536346601928,12,106,746454962961408.0,2333928509440.0
1138,question_58_aime_Qwen3-0.6B_S32,32,1,1,1,1,0.0,0.024209536346601928,12,106,495041273998848.0,1939006259200.0
1139,question_58_aime_Qwen3-0.6B_S32,32,1,1,1,1,0.0,0.022487120625347374,94,94,376799200611328.0,1198094739456.0
1140,question_58_aime_Qwen3-0.6B_S32,32,1,1,1,1,0.0,0.2805001555013649,267,4016,769025648591872.0,2278128209920.0
1141,question_58_aime_Qwen3-0.6B_S16,16,1,1,1,1,0.0,0.024209536346601928,12,12,274551674275328.0,1170320535552.0
1142,question_58_aime_Qwen3-0.6B_S16,16,1,1,1,1,0.0,0.03226037025499216,227,2858,494128983426048.0,1723374008832.0
1143,question_58_aime_Qwen3-0.6B_S16,16,1,1,1,1,0.0,0.024209536346601928,12,12,271254137665536.0,1138863349760.0
1144,question_58_aime_Qwen3-0.6B_S8,8,1,1,1,1,0.0,0.024209536346601928,12,12,207088248021504.0,1040258613248.0
1145,question_58_aime_Qwen3-0.6B_S8,8,1,1,1,1,0.0,0.025782228546610334,510,1194,334136721368576.0,1402670903808.0
1146,question_58_aime_Qwen3-0.6B_S8,8,1,1,1,1,0.0,0.022487120625347374,94,94,160063087566336.0,751720953856.0
1147,question_58_aime_Qwen3-0.6B_S4,4,1,1,1,1,0.0,0.03226037025499216,227,688,273965069740032.0,1390202251776.0
1148,question_58_aime_Qwen3-0.6B_S4,4,1,1,1,1,0.0,0.03226037025499216,227,1199,178722995022848.0,845513640448.0
1149,question_58_aime_Qwen3-0.6B_S4,4,1,1,1,1,0.0,0.01786496220733126,461,901,235801709466112.0,1189682891264.0
1150,question_58_aime_Qwen3-0.6B_S2,2,1,1,1,1,0.0,0.03226037025499216,227,227,149797234493952.0,804407323136.0
1151,question_58_aime_Qwen3-0.6B_S2,2,1,1,1,1,0.0,0.08413411190543979,615,1013,198190855414784.0,1044989475840.0
1152,question_58_aime_Qwen3-0.6B_S2,2,1,1,1,1,0.0,0.0168173599733044,261,261,147061789006336.0,794027692544.0
1153,question_58_aime_Qwen3-0.6B_S1,1,1,1,1,1,0.0,0.02110408600801403,927,927,269521507916800.0,1511783318528.0
1154,question_58_aime_Qwen3-0.6B_S1,1,1,1,1,1,0.0,0.21524031745235842,272,272,77590045534208.0,443896805888.0
1155,question_58_aime_Qwen3-0.6B_S1,1,1,1,1,1,0.0,0.01786496220733126,461,461,131741836192768.0,749450471424.0
1156,question_59_aime_Qwen3-0.6B_S64,64,1,1,1,1,0.0,0.5,185,1093,510251807120896.0,1713741045248.0
1157,question_59_aime_Qwen3-0.6B_S64,64,1,1,1,1,0.0,0.5,350,1093,510251807120896.0,1713741045248.0
1158,question_59_aime_Qwen3-0.6B_S64,64,1,1,1,1,0.0,0.5,304,1093,510251807120896.0,1713741045248.0
1159,question_59_aime_Qwen3-0.6B_S32,32,1,1,1,1,0.0,0.5,350,350,307416246476800.0,1198867420672.0
1160,question_59_aime_Qwen3-0.6B_S32,32,1,1,1,1,0.0,0.5,254,254,332670257154560.0,1367026578944.0
1161,question_59_aime_Qwen3-0.6B_S32,32,1,1,1,1,0.0,0.0,0,0,289607511233536.0,1081486376448.0
1162,question_59_aime_Qwen3-0.6B_S16,16,1,1,1,1,0.0,0.0,0,0,194197992491008.0,871706510848.0
1163,question_59_aime_Qwen3-0.6B_S16,16,1,1,1,1,0.0,0.5,165,515,291284411998208.0,1296027578368.0
1164,question_59_aime_Qwen3-0.6B_S16,16,1,1,1,1,0.0,0.5,254,254,207318084473856.0,937046892032.0
1165,question_59_aime_Qwen3-0.6B_S8,8,1,1,1,1,0.0,0.5,270,1010,229880292734976.0,1048797072384.0
1166,question_59_aime_Qwen3-0.6B_S8,8,1,1,1,1,0.0,0.5,358,1632,304702618770432.0,1409145497600.0
1167,question_59_aime_Qwen3-0.6B_S8,8,1,1,1,1,0.0,0.0,0,0,163499589864960.0,867754307072.0
1168,question_59_aime_Qwen3-0.6B_S4,4,1,1,1,1,0.0,0.0,0,0,144780416595456.0,845481020928.0
1169,question_59_aime_Qwen3-0.6B_S4,4,1,1,1,1,0.0,0.0,0,0,88690105410048.0,485716690432.0
1170,question_59_aime_Qwen3-0.6B_S4,4,1,1,1,1,0.0,0.5,518,1531,237261179503616.0,1215516899840.0
1171,question_59_aime_Qwen3-0.6B_S2,2,1,1,1,1,0.0,0.0,0,0,86479342528000.0,516140013056.0
1172,question_59_aime_Qwen3-0.6B_S2,2,1,1,1,1,0.0,0.5,447,771,152580140835840.0,837897647616.0
1173,question_59_aime_Qwen3-0.6B_S2,2,1,1,1,1,0.0,0.5,263,263,132788563006976.0,722533076992.0
1174,question_59_aime_Qwen3-0.6B_S1,1,1,1,1,1,0.0,0.5,324,324,93331355945472.0,530074152448.0
1175,question_59_aime_Qwen3-0.6B_S1,1,1,1,1,1,0.0,0.5,396,396,114436150744064.0,646524006400.0
1176,question_59_aime_Qwen3-0.6B_S1,1,1,1,1,1,0.0,0.5,254,254,68412248368640.0,408715425280.0
1177,question_6_aime_Qwen3-0.6B_S64,64,1,1,1,1,0.0,0.15422641937296358,83,283,422690946872320.0,1381967965696.0
1178,question_6_aime_Qwen3-0.6B_S64,64,1,1,1,1,0.0,0.15422641937296358,83,283,422690946872320.0,1381967965696.0
1179,question_6_aime_Qwen3-0.6B_S64,64,1,1,1,1,0.0,0.15422641937296358,83,283,422690946872320.0,1381967965696.0
1180,question_6_aime_Qwen3-0.6B_S32,32,1,1,1,1,0.0,0.1096837468428875,200,200,283887750461440.0,1161614204416.0
1181,question_6_aime_Qwen3-0.6B_S32,32,1,1,1,1,0.0,0.1096837468428875,200,200,278848667068416.0,1116468735488.0
1182,question_6_aime_Qwen3-0.6B_S32,32,1,1,1,1,0.0,0.15422641937296358,83,1304,446702857798144.0,1755461304832.0
1183,question_6_aime_Qwen3-0.6B_S16,16,1,1,1,1,0.0,0.0,0,0,185670274191360.0,876472706560.0
1184,question_6_aime_Qwen3-0.6B_S16,16,1,1,1,1,0.0,0.18690929065267814,383,1834,341503036370432.0,1533588296704.0
1185,question_6_aime_Qwen3-0.6B_S16,16,1,1,1,1,0.0,0.34420506903170633,399,1324,306169032652288.0,1308692902912.0
1186,question_6_aime_Qwen3-0.6B_S8,8,1,1,1,1,0.0,0.07275774723522865,214,581,326390102352896.0,1630608388096.0
1187,question_6_aime_Qwen3-0.6B_S8,8,1,1,1,1,0.0,0.10973947389693865,240,240,191619537485312.0,889254018048.0
1188,question_6_aime_Qwen3-0.6B_S8,8,1,1,1,1,0.0,0.17504079100377812,235,235,315789228796416.0,1477799397888.0
1189,question_6_aime_Qwen3-0.6B_S4,4,1,1,1,1,0.0,0.13757699991048708,337,973,280527347929600.0,1396771257344.0
1190,question_6_aime_Qwen3-0.6B_S4,4,1,1,1,1,0.0,0.34420506903170633,399,399,196341617910784.0,1044439599104.0
1191,question_6_aime_Qwen3-0.6B_S4,4,1,1,1,1,0.0,0.12817495750400384,114,342,167362387368448.0,864035590144.0
1192,question_6_aime_Qwen3-0.6B_S2,2,1,1,1,1,0.0,0.21865308330159808,580,580,351647262883840.0,1882386910720.0
1193,question_6_aime_Qwen3-0.6B_S2,2,1,1,1,1,0.0,0.1080949057656591,337,337,152433514459136.0,854020755968.0
1194,question_6_aime_Qwen3-0.6B_S2,2,1,1,1,1,0.0,0.2541196359492263,509,873,183193698302464.0,945871434752.0
1195,question_6_aime_Qwen3-0.6B_S1,1,1,1,1,1,0.0,0.2890190116973137,1168,1168,377494083219968.0,1964604581888.0
1196,question_6_aime_Qwen3-0.6B_S1,1,1,1,1,1,0.0,0.34420506903170633,399,399,106477449020416.0,637884342784.0
1197,question_6_aime_Qwen3-0.6B_S1,1,1,1,1,1,0.0,0.05947752260149975,430,430,131532227594752.0,722799316480.0
1198,question_7_aime_Qwen3-0.6B_S64,64,1,1,1,1,0.0,0.1685772383397334,238,3264,476627064243712.0,1228536428544.0
1199,question_7_aime_Qwen3-0.6B_S64,64,1,1,1,1,0.0,0.1685772383397334,238,3264,476627064243712.0,1228536428544.0
1200,question_7_aime_Qwen3-0.6B_S64,64,1,1,1,1,0.0,0.1685772383397334,238,3264,476627064243712.0,1228536428544.0
1201,question_7_aime_Qwen3-0.6B_S32,32,1,1,1,1,0.0,0.1685772383397334,238,1949,277814102298112.0,907744903168.0
1202,question_7_aime_Qwen3-0.6B_S32,32,1,1,1,1,0.0,0.1685772383397334,238,1764,298846829587456.0,976268259328.0
1203,question_7_aime_Qwen3-0.6B_S32,32,1,1,1,1,0.0,0.12776948955489228,103,1137,273737004528128.0,807413114880.0
1204,question_7_aime_Qwen3-0.6B_S16,16,1,1,1,1,0.0,0.03044870495818224,106,812,163974692965888.0,626693036032.0
1205,question_7_aime_Qwen3-0.6B_S16,16,1,1,1,1,0.0,0.1685772383397334,238,860,175154039959040.0,689885730816.0
1206,question_7_aime_Qwen3-0.6B_S16,16,1,1,1,1,0.0,0.0457580095558635,271,695,207220703904768.0,844985300992.0
1207,question_7_aime_Qwen3-0.6B_S8,8,1,1,1,1,0.0,0.04699178577565717,107,1004,170301479598592.0,781993345536.0
1208,question_7_aime_Qwen3-0.6B_S8,8,1,1,1,1,0.0,0.04692236849512763,59,542,111739875102720.0,497774467072.0
1209,question_7_aime_Qwen3-0.6B_S8,8,1,1,1,1,0.0,0.04692236849512763,59,388,105999783144960.0,468317143040.0
1210,question_7_aime_Qwen3-0.6B_S4,4,1,1,1,1,0.0,0.02246476381551534,95,296,88473519052800.0,447901345792.0
1211,question_7_aime_Qwen3-0.6B_S4,4,1,1,1,1,0.0,0.12776948955489228,103,290,73917339945984.0,380119660544.0
1212,question_7_aime_Qwen3-0.6B_S4,4,1,1,1,1,0.0,0.01997626300265238,94,295,84393716206080.0,425628612608.0
1213,question_7_aime_Qwen3-0.6B_S2,2,1,1,1,1,0.0,0.02246476381551534,95,95,66718343536128.0,377860376576.0
1214,question_7_aime_Qwen3-0.6B_S2,2,1,1,1,1,0.0,0.023984840865499308,142,142,103899010000896.0,582496410624.0
1215,question_7_aime_Qwen3-0.6B_S2,2,1,1,1,1,0.0,0.0845176363216114,240,240,119971478160384.0,645135130624.0
1216,question_7_aime_Qwen3-0.6B_S1,1,1,1,1,1,0.0,0.017664906317800454,348,348,106847708580864.0,633131649536.0
1217,question_7_aime_Qwen3-0.6B_S1,1,1,1,1,1,0.0,0.03975335528173282,175,175,51697767226880.0,291802894848.0
1218,question_7_aime_Qwen3-0.6B_S1,1,1,1,1,1,0.0,0.02890675145971981,83,83,25668577486336.0,143229963776.0
1219,question_8_aime_Qwen3-0.6B_S64,64,1,1,1,1,0.0,0.44033900778468343,1433,2771,837729799900160.0,3657595733504.0
1220,question_8_aime_Qwen3-0.6B_S64,64,1,1,1,1,0.0,0.44033900778468343,1433,2771,837729799900160.0,3657595733504.0
1221,question_8_aime_Qwen3-0.6B_S64,64,1,1,1,1,0.0,0.44033900778468343,1433,2771,837729799900160.0,3657595733504.0
1222,question_8_aime_Qwen3-0.6B_S32,32,1,1,1,1,0.0,0.44033900778468343,1433,1660,607744568218112.0,3032384296448.0
1223,question_8_aime_Qwen3-0.6B_S32,32,1,1,1,1,0.0,0.44033900778468343,1433,2230,667441937212416.0,3353739943424.0
1224,question_8_aime_Qwen3-0.6B_S32,32,1,1,1,1,0.0,0.44033900778468343,1433,1660,593541147315712.0,2965994417664.0
1225,question_8_aime_Qwen3-0.6B_S16,16,1,1,1,1,0.0,0.44033900778468343,1433,1660,550634725537792.0,2957165348864.0
1226,question_8_aime_Qwen3-0.6B_S16,16,1,1,1,1,0.0,0.0,0,0,527217890640896.0,2945138595328.0
1227,question_8_aime_Qwen3-0.6B_S16,16,1,1,1,1,0.0,0.18444078577005038,314,314,521666939351040.0,2920173053440.0
1228,question_8_aime_Qwen3-0.6B_S8,8,1,1,1,1,0.0,0.14929379510216487,366,1109,294357630817280.0,1342042144768.0
1229,question_8_aime_Qwen3-0.6B_S8,8,1,1,1,1,0.0,0.18444078577005038,314,314,199218945208320.0,1021329692672.0
1230,question_8_aime_Qwen3-0.6B_S8,8,1,1,1,1,0.0,0.44033900778468343,1433,1433,505953376817152.0,2921081804800.0
1231,question_8_aime_Qwen3-0.6B_S4,4,1,1,1,1,0.0,0.20002084752591717,315,759,253841772866560.0,1310283121152.0
1232,question_8_aime_Qwen3-0.6B_S4,4,1,1,1,1,0.0,0.021293869815164315,797,797,252393335954432.0,1496831903232.0
1233,question_8_aime_Qwen3-0.6B_S4,4,1,1,1,1,0.0,0.1354744163918248,486,1216,242788776707584.0,1237064819712.0
1234,question_8_aime_Qwen3-0.6B_S2,2,1,1,1,1,0.0,0.19461100619440433,514,1047,223368443506688.0,1205275230720.0
1235,question_8_aime_Qwen3-0.6B_S2,2,1,1,1,1,0.0,0.15792758356624095,544,544,188435388134912.0,1040260348928.0
1236,question_8_aime_Qwen3-0.6B_S2,2,1,1,1,1,0.0,0.09014982643291693,229,229,115328037935104.0,631315165184.0
1237,question_8_aime_Qwen3-0.6B_S1,1,1,1,1,1,0.0,0.1293336104969609,542,542,155663749202432.0,890379564544.0
1238,question_8_aime_Qwen3-0.6B_S1,1,1,1,1,1,0.0,0.1354744163918248,486,486,136577946050048.0,787296559616.0
1239,question_8_aime_Qwen3-0.6B_S1,1,1,1,1,1,0.0,0.19409254821549907,1056,1056,323381360879616.0,1745801865728.0
1240,question_9_aime_Qwen3-0.6B_S64,64,1,1,1,1,0.0,0.08626193057352756,299,3327,964982762259456.0,2697757260800.0
1241,question_9_aime_Qwen3-0.6B_S64,64,1,1,1,1,0.0,0.08626193057352756,299,3327,964982762259456.0,2697757260800.0
1242,question_9_aime_Qwen3-0.6B_S64,64,1,1,1,1,0.0,0.08626193057352756,299,3327,964982762259456.0,2697757260800.0
1243,question_9_aime_Qwen3-0.6B_S32,32,1,1,1,1,0.0,0.06612977217907538,401,3916,735909536458752.0,2412341446656.0
1244,question_9_aime_Qwen3-0.6B_S32,32,1,1,1,1,0.0,0.08018370410508098,360,1195,573929483569152.0,1926903800832.0
1245,question_9_aime_Qwen3-0.6B_S32,32,1,1,1,1,0.0,0.08018370410508098,360,2270,579720474708480.0,2004132887552.0
1246,question_9_aime_Qwen3-0.6B_S16,16,1,1,1,1,0.0,0.08626193057352756,299,2131,506443771466240.0,2117312630784.0
1247,question_9_aime_Qwen3-0.6B_S16,16,1,1,1,1,0.0,0.08018370410508098,360,1485,411229151718400.0,1739672296448.0
1248,question_9_aime_Qwen3-0.6B_S16,16,1,1,1,1,0.0,0.08626193057352756,299,1521,423574749385216.0,1595180843008.0
1249,question_9_aime_Qwen3-0.6B_S8,8,1,1,1,1,0.0,0.08018370410508098,360,789,336200495636992.0,1590256189440.0
1250,question_9_aime_Qwen3-0.6B_S8,8,1,1,1,1,0.0,0.03212036522933949,422,1863,299469672136192.0,1308184101376.0
1251,question_9_aime_Qwen3-0.6B_S8,8,1,1,1,1,0.0,0.08626193057352756,299,299,280148737037312.0,1170529303040.0
1252,question_9_aime_Qwen3-0.6B_S4,4,1,1,1,1,0.0,0.01737043036435334,342,1258,298444537129984.0,1511361740288.0
1253,question_9_aime_Qwen3-0.6B_S4,4,1,1,1,1,0.0,0.019288611147032578,310,310,231836163378688.0,1144079381504.0
1254,question_9_aime_Qwen3-0.6B_S4,4,1,1,1,1,0.0,0.042826807212943914,356,555,165494760976896.0,871193050112.0
1255,question_9_aime_Qwen3-0.6B_S2,2,1,1,1,1,0.0,0.2335153383965125,595,1475,350116513477632.0,1767542132224.0
1256,question_9_aime_Qwen3-0.6B_S2,2,1,1,1,1,0.0,0.16119092872262014,506,506,204220736078848.0,1075724540928.0
1257,question_9_aime_Qwen3-0.6B_S2,2,1,1,1,1,0.0,0.16119092872262014,506,506,217834909828096.0,1157599575040.0
1258,question_9_aime_Qwen3-0.6B_S1,1,1,1,1,1,0.0,0.01737043036435334,342,342,100714883626496.0,563665871360.0
1259,question_9_aime_Qwen3-0.6B_S1,1,1,1,1,1,0.0,0.36983137855934456,774,774,227476174115328.0,1267202642432.0
1260,question_9_aime_Qwen3-0.6B_S1,1,1,1,1,1,0.0,0.08626193057352756,299,299,84892180044800.0,487556305920.0
1261,question_0_aime_Qwen3-14B_S64,64,1,1,1,1,0.0,0.737929582480944,1118,2308,1.9432288311163136e+16,113484429933056.0
1262,question_0_aime_Qwen3-14B_S64,64,1,1,1,1,0.0,0.737929582480944,1118,2308,1.9432288311163136e+16,113484429933056.0
1263,question_0_aime_Qwen3-14B_S64,64,1,1,1,1,0.0,0.737929582480944,1118,2308,1.9432288311163136e+16,113484429933056.0
1264,question_0_aime_Qwen3-14B_S32,32,1,1,1,1,0.0,0.737929582480944,1118,1769,1.5846189989806592e+16,95369681418752.0
1265,question_0_aime_Qwen3-14B_S32,32,1,1,1,1,0.0,0.737929582480944,1118,1452,1.5989611819806208e+16,96549304330496.0
1266,question_0_aime_Qwen3-14B_S32,32,1,1,1,1,0.0,0.4428446606572256,392,483,1.5879492216356352e+16,96106405010944.0
1267,question_0_aime_Qwen3-14B_S16,16,1,1,1,1,0.0,0.737929582480944,1118,1118,1.0515139139375104e+16,64919143366912.0
1268,question_0_aime_Qwen3-14B_S16,16,1,1,1,1,0.0,0.737929582480944,1118,1118,1.2754313494020864e+16,78884616068608.0
1269,question_0_aime_Qwen3-14B_S16,16,1,1,1,1,0.0,0.4550633123150694,373,373,1.3419671495747072e+16,82993806505472.0
1270,question_0_aime_Qwen3-14B_S8,8,1,1,1,1,0.0,0.0,0,0,8528185120490752.0,53417470963712.0
1271,question_0_aime_Qwen3-14B_S8,8,1,1,1,1,0.0,0.4118447053468669,91,91,9699961522286080.0,61144035622400.0
1272,question_0_aime_Qwen3-14B_S8,8,1,1,1,1,0.0,0.35067259864878725,278,278,1.1370409390469888e+16,71511016976896.0
1273,question_0_aime_Qwen3-14B_S4,4,1,1,1,1,0.0,0.6091266927595482,1234,1234,8471680602821376.0,53108723807744.0
1274,question_0_aime_Qwen3-14B_S4,4,1,1,1,1,0.0,0.0,0,0,6165852576959232.0,38821221526528.0
1275,question_0_aime_Qwen3-14B_S4,4,1,1,1,1,0.0,0.4118447053468669,91,91,1.1117844336865024e+16,70463370406400.0
1276,question_0_aime_Qwen3-14B_S2,2,1,1,1,1,0.0,0.0,0,0,6472792561981952.0,40945772736768.0
1277,question_0_aime_Qwen3-14B_S2,2,1,1,1,1,1.0,0.6686043500045366,1101,1101,5783956594316288.0,36445055615232.0
1278,question_0_aime_Qwen3-14B_S2,2,1,1,1,1,0.0,0.0,0,0,5585829964744704.0,35441296023552.0
1279,question_0_aime_Qwen3-14B_S1,1,1,1,1,1,1.0,0.5710339053561592,935,935,4447079456841472.0,28183259124224.0
1280,question_0_aime_Qwen3-14B_S1,1,1,1,1,1,0.0,0.47975189658060824,430,430,5706087388762624.0,36194475720960.0
1281,question_0_aime_Qwen3-14B_S1,1,1,1,1,1,0.0,0.0,0,0,7792979379383040.0,49529176474624.0
1282,question_1_aime_Qwen3-14B_S64,64,1,1,1,1,1.0,0.8833825502400665,673,2222,2.698280910619392e+16,165202818312192.0
1283,question_1_aime_Qwen3-14B_S64,64,1,1,1,1,1.0,0.8833825502400665,673,3463,2.698280910619392e+16,165202818312192.0
1284,question_1_aime_Qwen3-14B_S64,64,1,1,1,1,1.0,0.8833825502400665,673,1930,2.698280910619392e+16,165202818312192.0
1285,question_1_aime_Qwen3-14B_S32,32,1,1,1,1,0.0,0.758576810351809,41,1175,1.775278182380416e+16,110125744082432.0
1286,question_1_aime_Qwen3-14B_S32,32,1,1,1,1,0.0,0.8303288628402332,48,1943,1.903074057808717e+16,117826835709184.0
1287,question_1_aime_Qwen3-14B_S32,32,1,1,1,1,0.0,0.758576810351809,41,1589,2.638687915058944e+16,164301538359296.0
1288,question_1_aime_Qwen3-14B_S16,16,1,1,1,1,1.0,0.8833825502400665,673,1053,1.0252527944585472e+16,63840014655744.0
1289,question_1_aime_Qwen3-14B_S16,16,1,1,1,1,0.0,0.6634231820017693,385,385,1.1984227484814592e+16,74923117196800.0
1290,question_1_aime_Qwen3-14B_S16,16,1,1,1,1,1.0,0.8833825502400665,673,721,6346419820160000.0,39410127839488.0
1291,question_1_aime_Qwen3-14B_S8,8,1,1,1,1,1.0,0.8833825502400665,673,673,9194031423537408.0,57835836816640.0
1292,question_1_aime_Qwen3-14B_S8,8,1,1,1,1,0.0,0.758576810351809,41,426,6013763095506432.0,37807013096960.0
1293,question_1_aime_Qwen3-14B_S8,8,1,1,1,1,0.0,0.6405601043825321,317,642,6043783040393728.0,37755339184384.0
1294,question_1_aime_Qwen3-14B_S4,4,1,1,1,1,0.0,0.8303288628402332,48,795,4736212729717504.0,29883933918976.0
1295,question_1_aime_Qwen3-14B_S4,4,1,1,1,1,0.0,0.5671178052299493,488,488,4442856892533248.0,28047676643072.0
1296,question_1_aime_Qwen3-14B_S4,4,1,1,1,1,0.0,0.7226228204090603,85,410,6304560724537600.0,39944414963968.0
1297,question_1_aime_Qwen3-14B_S2,2,1,1,1,1,0.0,0.0,0,0,3230596880741888.0,20504486480384.0
1298,question_1_aime_Qwen3-14B_S2,2,1,1,1,1,0.0,0.0,0,0,4731030975410432.0,30052536925184.0
1299,question_1_aime_Qwen3-14B_S2,2,1,1,1,1,1.0,0.9206286057526615,1610,1610,7912595313597184.0,50220637789184.0
1300,question_1_aime_Qwen3-14B_S1,1,1,1,1,1,0.0,0.06281860818580652,2961,2961,1.3954843778887424e+16,88485413978880.0
1301,question_1_aime_Qwen3-14B_S1,1,1,1,1,1,0.0,0.5671178052299493,488,488,3881053988600320.0,24655493531136.0
1302,question_1_aime_Qwen3-14B_S1,1,1,1,1,1,0.0,0.0,0,0,3092008507354368.0,19649808259328.0
1303,question_10_aime_Qwen3-14B_S64,64,1,1,1,1,0.0,0.05561360445493173,958,1624,8280443922338560.0,47793337024000.0
1304,question_10_aime_Qwen3-14B_S64,64,1,1,1,1,0.0,0.05561360445493173,958,1624,8280443922338560.0,47793337024000.0
1305,question_10_aime_Qwen3-14B_S64,64,1,1,1,1,0.0,0.05561360445493173,958,1624,8280443922338560.0,47793337024000.0
1306,question_10_aime_Qwen3-14B_S32,32,1,1,1,1,0.0,0.03684665617952189,666,666,6703925531346176.0,40659536097280.0
1307,question_10_aime_Qwen3-14B_S32,32,1,1,1,1,0.0,0.03684665617952189,666,666,7046850689347840.0,42701859033600.0
1308,question_10_aime_Qwen3-14B_S32,32,1,1,1,1,0.0,0.05561360445493173,958,958,6292058374301952.0,37724976805632.0
1309,question_10_aime_Qwen3-14B_S16,16,1,1,1,1,0.0,0.05561360445493173,958,958,5741869295812608.0,35565065919744.0
1310,question_10_aime_Qwen3-14B_S16,16,1,1,1,1,0.0,0.0,0,0,5045869923252480.0,31258307165952.0
1311,question_10_aime_Qwen3-14B_S16,16,1,1,1,1,0.0,0.0,0,0,6926437134930432.0,42985811313664.0
1312,question_10_aime_Qwen3-14B_S8,8,1,1,1,1,0.0,0.03684665617952189,666,666,5692621178755840.0,35725920519680.0
1313,question_10_aime_Qwen3-14B_S8,8,1,1,1,1,0.0,0.0,0,0,5090520695375360.0,31821368619264.0
1314,question_10_aime_Qwen3-14B_S8,8,1,1,1,1,0.0,0.20070714952055332,552,3540,7121906165172736.0,43056997050880.0
1315,question_10_aime_Qwen3-14B_S4,4,1,1,1,1,0.0,0.05446110163231341,558,558,4668420070725376.0,29097914816000.0
1316,question_10_aime_Qwen3-14B_S4,4,1,1,1,1,0.0,0.0,0,0,4294264938182912.0,27181191277056.0
1317,question_10_aime_Qwen3-14B_S4,4,1,1,1,1,0.0,0.3809350143231149,600,1331,5403214022180352.0,33464152661760.0
1318,question_10_aime_Qwen3-14B_S2,2,1,1,1,1,0.0,0.5888794624939176,1601,4909,1.7083686155601408e+16,105497664553984.0
1319,question_10_aime_Qwen3-14B_S2,2,1,1,1,1,0.0,0.3716823417783113,771,771,6763520806516992.0,42317857004032.0
1320,question_10_aime_Qwen3-14B_S2,2,1,1,1,1,0.0,0.0,0,0,4270529400990720.0,27133367191808.0
1321,question_10_aime_Qwen3-14B_S1,1,1,1,1,1,0.0,0.24470415333720721,1767,1767,8383834246964736.0,52885977343232.0
1322,question_10_aime_Qwen3-14B_S1,1,1,1,1,1,0.0,0.20785660894191152,1482,1482,7147173965096704.0,44660362837504.0
1323,question_10_aime_Qwen3-14B_S1,1,1,1,1,1,0.0,0.05161580203685683,649,649,3098604932131072.0,19588327094784.0
1324,question_11_aime_Qwen3-14B_S64,64,1,1,1,1,0.0,0.07979351430939721,1131,1131,9942509007875840.0,57931190046976.0
1325,question_11_aime_Qwen3-14B_S64,64,1,1,1,1,0.0,0.07979351430939721,1131,1131,9942509007875840.0,57931190046976.0
1326,question_11_aime_Qwen3-14B_S64,64,1,1,1,1,0.0,0.07979351430939721,1131,1131,9942509007875840.0,57931190046976.0
1327,question_11_aime_Qwen3-14B_S32,32,1,1,1,1,0.0,0.0,0,0,9351656996688640.0,57031420186880.0
1328,question_11_aime_Qwen3-14B_S32,32,1,1,1,1,0.0,0.0,0,0,8407477211433472.0,51259761136384.0
1329,question_11_aime_Qwen3-14B_S32,32,1,1,1,1,0.0,0.0,0,0,8609628789596160.0,52362609100032.0
1330,question_11_aime_Qwen3-14B_S16,16,1,1,1,1,0.0,0.0,0,0,7870331874739968.0,48671683935744.0
1331,question_11_aime_Qwen3-14B_S16,16,1,1,1,1,0.0,0.0,0,0,6819659689861120.0,42300615732992.0
1332,question_11_aime_Qwen3-14B_S16,16,1,1,1,1,0.0,0.0,0,0,6594722094734848.0,40735936801024.0
1333,question_11_aime_Qwen3-14B_S8,8,1,1,1,1,0.0,0.0,0,0,5407392380228864.0,33901039364608.0
1334,question_11_aime_Qwen3-14B_S8,8,1,1,1,1,0.0,0.0,0,0,5039425018813952.0,31597910752512.0
1335,question_11_aime_Qwen3-14B_S8,8,1,1,1,1,0.0,0.0,0,0,5907621552641792.0,36984952360704.0
1336,question_11_aime_Qwen3-14B_S4,4,1,1,1,1,0.0,0.6426781424224066,1178,1178,1.0499821087152128e+16,65317968025856.0
1337,question_11_aime_Qwen3-14B_S4,4,1,1,1,1,0.0,0.0,0,0,8164458160594432.0,51748224513280.0
1338,question_11_aime_Qwen3-14B_S4,4,1,1,1,1,0.0,0.265890594902064,920,1745,6167069939066880.0,38411839529472.0
1339,question_11_aime_Qwen3-14B_S2,2,1,1,1,1,0.0,0.3917744032349664,633,633,5322161017781248.0,33544114239488.0
1340,question_11_aime_Qwen3-14B_S2,2,1,1,1,1,0.0,0.6426781424224066,1178,1178,7501839638440704.0,47129763325952.0
1341,question_11_aime_Qwen3-14B_S2,2,1,1,1,1,0.0,0.37223598681425435,1097,1097,7164479938295040.0,45055845800192.0
1342,question_11_aime_Qwen3-14B_S1,1,1,1,1,1,0.0,0.6445323450329676,824,824,3915196333834496.0,24798400047104.0
1343,question_11_aime_Qwen3-14B_S1,1,1,1,1,1,0.0,0.05445536837737403,1470,1470,7821104989974784.0,49582654894080.0
1344,question_11_aime_Qwen3-14B_S1,1,1,1,1,1,0.0,0.023150925330485,1760,1760,8297427881032448.0,52563018582016.0
1345,question_12_aime_Qwen3-14B_S64,64,1,1,1,1,0.0,0.27494791142555014,155,1588,9821216264833536.0,57573385709824.0
1346,question_12_aime_Qwen3-14B_S64,64,1,1,1,1,0.0,0.27494791142555014,155,1588,9821216264833536.0,57573385709824.0
1347,question_12_aime_Qwen3-14B_S64,64,1,1,1,1,0.0,0.27494791142555014,155,1588,9821216264833536.0,57573385709824.0
1348,question_12_aime_Qwen3-14B_S32,32,1,1,1,1,0.0,0.27494791142555014,155,1325,6832816083333376.0,40347124973056.0
1349,question_12_aime_Qwen3-14B_S32,32,1,1,1,1,0.0,0.27494791142555014,155,1580,6920694186450432.0,41362079347712.0
1350,question_12_aime_Qwen3-14B_S32,32,1,1,1,1,0.0,0.167536813380782,161,881,8771977256248832.0,53405665839360.0
1351,question_12_aime_Qwen3-14B_S16,16,1,1,1,1,0.0,0.05789178890368258,470,470,8947429466742784.0,55819916054784.0
1352,question_12_aime_Qwen3-14B_S16,16,1,1,1,1,0.0,0.4338560436740456,367,1546,7935357117156864.0,48471637363968.0
1353,question_12_aime_Qwen3-14B_S16,16,1,1,1,1,0.0,0.27494791142555014,155,1130,6675318192130304.0,41210754094592.0
1354,question_12_aime_Qwen3-14B_S8,8,1,1,1,1,0.0,0.26186086618776444,579,1987,7064831709551360.0,44091929997056.0
1355,question_12_aime_Qwen3-14B_S8,8,1,1,1,1,0.0,0.26186086618776444,579,1099,5271128785887744.0,33019980424448.0
1356,question_12_aime_Qwen3-14B_S8,8,1,1,1,1,0.0,0.11753402123074928,254,461,4616187301228800.0,28745502049280.0
1357,question_12_aime_Qwen3-14B_S4,4,1,1,1,1,0.0,0.07606617995620289,279,279,4136172936996096.0,25958676053248.0
1358,question_12_aime_Qwen3-14B_S4,4,1,1,1,1,0.0,0.167536813380782,161,411,3196986759830272.0,20150768481280.0
1359,question_12_aime_Qwen3-14B_S4,4,1,1,1,1,0.0,0.167536813380782,161,161,2174851842359808.0,13639750912000.0
1360,question_12_aime_Qwen3-14B_S2,2,1,1,1,1,0.0,0.05987546346739375,508,508,3059602504772096.0,19258799834880.0
1361,question_12_aime_Qwen3-14B_S2,2,1,1,1,1,0.0,0.1867115184057527,328,813,2575377939792640.0,16248959116800.0
1362,question_12_aime_Qwen3-14B_S2,2,1,1,1,1,0.0,0.27494791142555014,155,307,818619930908160.0,5134915282688.0
1363,question_12_aime_Qwen3-14B_S1,1,1,1,1,1,0.0,0.08566702722758142,374,374,1780079447720192.0,11251096548608.0
1364,question_12_aime_Qwen3-14B_S1,1,1,1,1,1,0.0,0.18206917050276636,845,845,3969415207992832.0,25189546710016.0
1365,question_12_aime_Qwen3-14B_S1,1,1,1,1,1,0.0,0.09380102688086227,420,420,1989647656231168.0,12600938744576.0
1366,question_13_aime_Qwen3-14B_S64,64,1,1,1,1,0.0,0.48317807877878594,2306,8868,3.395084611326669e+16,194174587241984.0
1367,question_13_aime_Qwen3-14B_S64,64,1,1,1,1,0.0,0.48317807877878594,2306,8868,3.395084611326669e+16,194174587241984.0
1368,question_13_aime_Qwen3-14B_S64,64,1,1,1,1,0.0,0.48317807877878594,2306,8868,3.395084611326669e+16,194174587241984.0
1369,question_13_aime_Qwen3-14B_S32,32,1,1,1,1,0.0,0.24210716083338268,1209,1209,1.8145589821793536e+16,102460814105088.0
1370,question_13_aime_Qwen3-14B_S32,32,1,1,1,1,0.0,0.48317807877878594,2306,6329,2.5640408387193856e+16,152531399375872.0
1371,question_13_aime_Qwen3-14B_S32,32,1,1,1,1,0.0,0.019712925754678194,1330,1330,2.0707053309168384e+16,120256427791104.0
1372,question_13_aime_Qwen3-14B_S16,16,1,1,1,1,0.0,0.2804030764783472,2856,6308,2.894817738369203e+16,173903286405120.0
1373,question_13_aime_Qwen3-14B_S16,16,1,1,1,1,0.0,0.08136714954617232,2607,4023,2.0422047524845824e+16,124676346699008.0
1374,question_13_aime_Qwen3-14B_S16,16,1,1,1,1,0.0,0.019712925754678194,1330,1330,1.934577679810432e+16,117164557693184.0
1375,question_13_aime_Qwen3-14B_S8,8,1,1,1,1,0.0,0.24210716083338268,1209,1209,1.1720307215837952e+16,71665629422848.0
1376,question_13_aime_Qwen3-14B_S8,8,1,1,1,1,0.0,0.019712925754678194,1330,1330,1.4829263614310912e+16,91750915269888.0
1377,question_13_aime_Qwen3-14B_S8,8,1,1,1,1,0.0,0.48317807877878594,2306,2306,1.3569910334961152e+16,84133742802432.0
1378,question_13_aime_Qwen3-14B_S4,4,1,1,1,1,0.0,0.01300251111299752,3538,3538,2.705975863210931e+16,165570897113344.0
1379,question_13_aime_Qwen3-14B_S4,4,1,1,1,1,0.0,0.33048115248081655,2033,4258,2.0542993411691776e+16,125662914233344.0
1380,question_13_aime_Qwen3-14B_S4,4,1,1,1,1,0.0,0.3175927290627446,2225,5763,2.48739109137472e+16,152737308531712.0
1381,question_13_aime_Qwen3-14B_S2,2,1,1,1,1,0.0,0.33048115248081655,2033,2033,1.4246830103249664e+16,88433358739968.0
1382,question_13_aime_Qwen3-14B_S2,2,1,1,1,1,0.0,0.23083976714557047,2103,2103,1.7318822216582912e+16,107369217523968.0
1383,question_13_aime_Qwen3-14B_S2,2,1,1,1,1,0.0,0.7490043240373081,1949,4126,1.403270615782272e+16,86717755992832.0
1384,question_13_aime_Qwen3-14B_S1,1,1,1,1,1,0.0,0.412221363662104,2287,2287,1.100195330568704e+16,68533323387392.0
1385,question_13_aime_Qwen3-14B_S1,1,1,1,1,1,0.0,0.0747920154489968,2755,2755,1.3263224219390464e+16,82558777171968.0
1386,question_13_aime_Qwen3-14B_S1,1,1,1,1,1,0.0,0.32857382465908697,1305,1305,6217445420272384.0,39097703530240.0
1387,question_14_aime_Qwen3-14B_S64,64,1,1,1,1,0.0,0.24348728920578303,1067,2626,1.562857424746752e+16,92790704053248.0
1388,question_14_aime_Qwen3-14B_S64,64,1,1,1,1,0.0,0.24348728920578303,1067,2626,1.562857424746752e+16,92790704053248.0
1389,question_14_aime_Qwen3-14B_S64,64,1,1,1,1,0.0,0.24348728920578303,1067,2626,1.562857424746752e+16,92790704053248.0
1390,question_14_aime_Qwen3-14B_S32,32,1,1,1,1,0.0,0.1787978473798442,1150,1559,1.435198362104704e+16,88234885207552.0
1391,question_14_aime_Qwen3-14B_S32,32,1,1,1,1,0.0,0.06795416038937664,45,45,1.167445834728832e+16,71739290621696.0
1392,question_14_aime_Qwen3-14B_S32,32,1,1,1,1,0.0,0.1787978473798442,1150,1195,1.4869686006470144e+16,91379294941184.0
1393,question_14_aime_Qwen3-14B_S16,16,1,1,1,1,0.0,0.06795416038937664,45,45,1.2210481668920832e+16,76369661741824.0
1394,question_14_aime_Qwen3-14B_S16,16,1,1,1,1,0.0,0.24348728920578303,1067,1067,1.1448112321051136e+16,70698482964480.0
1395,question_14_aime_Qwen3-14B_S16,16,1,1,1,1,0.0,0.24348728920578303,1067,1112,1.4008773722461696e+16,87582309449728.0
1396,question_14_aime_Qwen3-14B_S8,8,1,1,1,1,1.0,0.44363785829389296,2185,3022,1.4624865546141952e+16,91062418514688.0
1397,question_14_aime_Qwen3-14B_S8,8,1,1,1,1,0.0,0.24348728920578303,1067,1067,1.0490807507229696e+16,65662200334336.0
1398,question_14_aime_Qwen3-14B_S8,8,1,1,1,1,0.0,0.06624888523689348,1833,1833,1.3739154278789376e+16,85653588271360.0
1399,question_14_aime_Qwen3-14B_S4,4,1,1,1,1,0.0,0.35546019880203655,2462,2462,1.4977368007232256e+16,93601421698560.0
1400,question_14_aime_Qwen3-14B_S4,4,1,1,1,1,0.0,0.7686959703749956,1483,1483,1.1151921553072128e+16,68837508196096.0
1401,question_14_aime_Qwen3-14B_S4,4,1,1,1,1,0.0,0.35546019880203655,2462,2462,1.5577522145335552e+16,97334710231552.0
1402,question_14_aime_Qwen3-14B_S2,2,1,1,1,1,1.0,0.7826686433195266,1879,1879,1.310394985316096e+16,81249287491072.0
1403,question_14_aime_Qwen3-14B_S2,2,1,1,1,1,1.0,0.8288631336811833,1658,1658,1.3552455250309888e+16,85132840153856.0
1404,question_14_aime_Qwen3-14B_S2,2,1,1,1,1,0.0,0.24348728920578303,1067,1067,7661747068078848.0,48543997488896.0
1405,question_14_aime_Qwen3-14B_S1,1,1,1,1,1,1.0,0.6159812721770888,2300,2300,1.0881475463315712e+16,68780772644608.0
1406,question_14_aime_Qwen3-14B_S1,1,1,1,1,1,1.0,0.6678887361582206,1302,1302,6209384709921536.0,39084927650560.0
1407,question_14_aime_Qwen3-14B_S1,1,1,1,1,1,1.0,0.5566136330853608,2344,2344,1.1098841620070144e+16,70085399919360.0
1408,question_15_aime_Qwen3-14B_S64,64,1,1,1,1,0.0,0.5876034377327686,877,2256,1.2086065280039168e+16,71866396540416.0
1409,question_15_aime_Qwen3-14B_S64,64,1,1,1,1,0.0,0.5876034377327686,877,2256,1.2086065280039168e+16,71866396540416.0
1410,question_15_aime_Qwen3-14B_S64,64,1,1,1,1,0.0,0.5876034377327686,877,2256,1.2086065280039168e+16,71866396540416.0
1411,question_15_aime_Qwen3-14B_S32,32,1,1,1,1,0.0,0.5876034377327686,877,1109,7374816613813248.0,43450192333056.0
1412,question_15_aime_Qwen3-14B_S32,32,1,1,1,1,0.0,0.5876034377327686,877,1641,8449688124155136.0,50145111259136.0
1413,question_15_aime_Qwen3-14B_S32,32,1,1,1,1,0.0,0.0,0,0,8124984191581696.0,49195119327744.0
1414,question_15_aime_Qwen3-14B_S16,16,1,1,1,1,0.0,0.5876034377327686,877,1409,7592394310768384.0,46536803564800.0
1415,question_15_aime_Qwen3-14B_S16,16,1,1,1,1,0.0,0.10585473637269083,232,232,1.0214478012163584e+16,62980035868160.0
1416,question_15_aime_Qwen3-14B_S16,16,1,1,1,1,0.0,0.041125464713979924,1379,1379,8785033112143104.0,54176356793856.0
1417,question_15_aime_Qwen3-14B_S8,8,1,1,1,1,0.0,0.2881112680226215,484,484,5892563917602304.0,36093882177792.0
1418,question_15_aime_Qwen3-14B_S8,8,1,1,1,1,0.0,0.3197224460052115,532,1911,1.4065305718432512e+16,88478137991936.0
1419,question_15_aime_Qwen3-14B_S8,8,1,1,1,1,0.0,0.5876034377327686,877,2256,9564907150137344.0,59906565329664.0
1420,question_15_aime_Qwen3-14B_S4,4,1,1,1,1,0.0,0.7206488352882758,854,1859,9021605905461504.0,56194472045824.0
1421,question_15_aime_Qwen3-14B_S4,4,1,1,1,1,0.0,0.20935525109384306,734,3396,1.498318313460224e+16,94466236078080.0
1422,question_15_aime_Qwen3-14B_S4,4,1,1,1,1,0.0,0.03282278445697067,1621,1621,1.0716947488128768e+16,66949861685760.0
1423,question_15_aime_Qwen3-14B_S2,2,1,1,1,1,0.0,0.30247913058279324,650,650,6051888574108928.0,38130432420608.0
1424,question_15_aime_Qwen3-14B_S2,2,1,1,1,1,0.0,0.27158241084598556,743,743,8227395735312640.0,51584707462144.0
1425,question_15_aime_Qwen3-14B_S2,2,1,1,1,1,0.0,0.027331337267336518,1010,1010,7458804319354624.0,46396325756672.0
1426,question_15_aime_Qwen3-14B_S1,1,1,1,1,1,0.0,0.7991233582236839,1174,1174,5628157794146816.0,35652784657664.0
1427,question_15_aime_Qwen3-14B_S1,1,1,1,1,1,0.0,0.8772496291081837,678,678,3285300295098624.0,20541172752384.0
1428,question_15_aime_Qwen3-14B_S1,1,1,1,1,1,0.0,0.8335184931542927,966,966,4667538464340736.0,29166647548928.0
1429,question_16_aime_Qwen3-14B_S64,64,1,1,1,1,0.0,0.5768646604545116,1556,1556,1.6175703334735616e+16,99390272792576.0
1430,question_16_aime_Qwen3-14B_S64,64,1,1,1,1,0.0,0.5768646604545116,1556,1556,1.6175703334735616e+16,99390272792576.0
1431,question_16_aime_Qwen3-14B_S64,64,1,1,1,1,0.0,0.5768646604545116,1556,1556,1.6175703334735616e+16,99390272792576.0
1432,question_16_aime_Qwen3-14B_S32,32,1,1,1,1,0.0,0.0,0,0,9057542089234688.0,56143377780224.0
1433,question_16_aime_Qwen3-14B_S32,32,1,1,1,1,0.0,0.5768646604545116,1556,1556,8779936942603008.0,54292455534336.0
1434,question_16_aime_Qwen3-14B_S32,32,1,1,1,1,0.0,0.0,0,0,8868496279761664.0,54908562457600.0
1435,question_16_aime_Qwen3-14B_S16,16,1,1,1,1,0.0,0.5768646604545116,1556,1556,9025495148683776.0,56535981118208.0
1436,question_16_aime_Qwen3-14B_S16,16,1,1,1,1,0.0,0.3715899332807314,1370,1370,1.23983889405376e+16,72169424617472.0
1437,question_16_aime_Qwen3-14B_S16,16,1,1,1,1,0.0,0.4080076062449495,828,828,7856671229713152.0,46430868131072.0
1438,question_16_aime_Qwen3-14B_S8,8,1,1,1,1,0.0,0.0,0,0,8492363511899904.0,53747092502016.0
1439,question_16_aime_Qwen3-14B_S8,8,1,1,1,1,0.0,0.0,0,0,1.5005278918904064e+16,95169549229056.0
1440,question_16_aime_Qwen3-14B_S8,8,1,1,1,1,0.0,0.0,0,0,5158020799407616.0,32492048636928.0
1441,question_16_aime_Qwen3-14B_S4,4,1,1,1,1,0.0,0.6569555998533394,1954,1954,1.5885997626193408e+16,97334212124672.0
1442,question_16_aime_Qwen3-14B_S4,4,1,1,1,1,0.0,0.26105407335896125,1375,1375,1.5784323013466112e+16,97104306765568.0
1443,question_16_aime_Qwen3-14B_S4,4,1,1,1,1,0.0,0.24535019987694673,2435,4295,2.0992995919863296e+16,128326806847488.0
1444,question_16_aime_Qwen3-14B_S2,2,1,1,1,1,0.0,0.4080076062449495,828,828,5067131111047936.0,31979836292352.0
1445,question_16_aime_Qwen3-14B_S2,2,1,1,1,1,0.0,0.2199197208086168,3008,3008,1.70338631107008e+16,105891166330880.0
1446,question_16_aime_Qwen3-14B_S2,2,1,1,1,1,0.0,0.6849951450504354,1040,1040,6280282709455104.0,39361706625536.0
1447,question_16_aime_Qwen3-14B_S1,1,1,1,1,1,0.0,0.04230884206983497,3593,3593,1.7162250891450112e+16,107206672125952.0
1448,question_16_aime_Qwen3-14B_S1,1,1,1,1,1,0.0,0.03862281009333652,3594,3594,1.7548578247402496e+16,107435413582080.0
1449,question_16_aime_Qwen3-14B_S1,1,1,1,1,1,0.0,0.4603585840142761,1656,1656,7935335850613248.0,49782836510464.0
1450,question_17_aime_Qwen3-14B_S64,64,1,1,1,1,0.0,0.6187440733707819,1277,3179,1.5120942686942208e+16,85997989565184.0
1451,question_17_aime_Qwen3-14B_S64,64,1,1,1,1,0.0,0.6187440733707819,1277,3179,1.5120942686942208e+16,85997989565184.0
1452,question_17_aime_Qwen3-14B_S64,64,1,1,1,1,0.0,0.6187440733707819,1277,3179,1.5120942686942208e+16,85997989565184.0
1453,question_17_aime_Qwen3-14B_S32,32,1,1,1,1,0.0,0.12011488756371004,789,1396,1.088341265063296e+16,62581674871808.0
1454,question_17_aime_Qwen3-14B_S32,32,1,1,1,1,0.0,0.09276062675936997,968,1295,1.1627626294862848e+16,68530520135936.0
1455,question_17_aime_Qwen3-14B_S32,32,1,1,1,1,0.0,0.09276062675936997,968,1295,1.15038365104896e+16,67362562882816.0
1456,question_17_aime_Qwen3-14B_S16,16,1,1,1,1,0.0,0.09276062675936997,968,968,9257904796091648.0,55993241711872.0
1457,question_17_aime_Qwen3-14B_S16,16,1,1,1,1,1.0,0.7567948104866054,2147,3941,2.956778082114867e+16,174643467078656.0
1458,question_17_aime_Qwen3-14B_S16,16,1,1,1,1,0.0,0.6187440733707819,1277,2852,1.055026291489792e+16,64638600533248.0
1459,question_17_aime_Qwen3-14B_S8,8,1,1,1,1,0.0,0.43532164470720963,2386,4603,2.128596027132851e+16,127239840469504.0
1460,question_17_aime_Qwen3-14B_S8,8,1,1,1,1,1.0,0.5732934122828991,1761,1761,1.5150113893826048e+16,92168032124928.0
1461,question_17_aime_Qwen3-14B_S8,8,1,1,1,1,1.0,0.5732934122828991,1761,1761,1.6928115247158784e+16,103380223522560.0
1462,question_17_aime_Qwen3-14B_S4,4,1,1,1,1,1.0,0.32149160655084025,2678,2678,2.143334836751027e+16,130029084150272.0
1463,question_17_aime_Qwen3-14B_S4,4,1,1,1,1,0.0,0.10362540805536785,1794,1794,1.5816405418062848e+16,97894259293696.0
1464,question_17_aime_Qwen3-14B_S4,4,1,1,1,1,0.0,0.08955627796346266,1166,1166,1.29225999182464e+16,79423514236928.0
1465,question_17_aime_Qwen3-14B_S2,2,1,1,1,1,0.0,0.08882677590609886,1660,1660,1.3776165135873536e+16,85614338826240.0
1466,question_17_aime_Qwen3-14B_S2,2,1,1,1,1,0.0,0.7349002575058302,1868,1868,1.3577699153380352e+16,84515850725120.0
1467,question_17_aime_Qwen3-14B_S2,2,1,1,1,1,0.0,0.10275132777089209,2292,2292,1.4075028958737408e+16,87826447151104.0
1468,question_17_aime_Qwen3-14B_S1,1,1,1,1,1,0.0,0.06065462272300245,607,607,2999634004810496.0,18987904426496.0
1469,question_17_aime_Qwen3-14B_S1,1,1,1,1,1,0.0,0.3680161462919789,1802,1802,8623019830337280.0,54061482160640.0
1470,question_17_aime_Qwen3-14B_S1,1,1,1,1,1,0.0,0.0576568235904267,3562,3562,1.7189931499469824e+16,106360055749888.0
1471,question_18_aime_Qwen3-14B_S64,64,1,1,1,1,1.0,0.7845777797547125,1892,3912,3.4054564899904e+16,205001269966080.0
1472,question_18_aime_Qwen3-14B_S64,64,1,1,1,1,1.0,0.7845777797547125,1892,2096,3.4054564899904e+16,205001269966080.0
1473,question_18_aime_Qwen3-14B_S64,64,1,1,1,1,1.0,0.7845777797547125,1892,3032,3.4054564899904e+16,205001269966080.0
1474,question_18_aime_Qwen3-14B_S32,32,1,1,1,1,1.0,0.7845777797547125,1892,2133,2.6261174537848576e+16,161520527537664.0
1475,question_18_aime_Qwen3-14B_S32,32,1,1,1,1,0.0,0.2772630753559477,241,241,2.478047790744627e+16,153010321882880.0
1476,question_18_aime_Qwen3-14B_S32,32,1,1,1,1,1.0,0.7845777797547125,1892,2337,2.9839384793971456e+16,184533257078528.0
1477,question_18_aime_Qwen3-14B_S16,16,1,1,1,1,0.0,0.379062868022889,2905,5166,2.9975472158776064e+16,187847075565312.0
1478,question_18_aime_Qwen3-14B_S16,16,1,1,1,1,0.0,0.0,0,0,1.988950883863219e+16,124565675669504.0
1479,question_18_aime_Qwen3-14B_S16,16,1,1,1,1,0.0,0.0,0,0,1.5898963076969984e+16,98760866098688.0
1480,question_18_aime_Qwen3-14B_S8,8,1,1,1,1,0.0,0.0,0,0,2.0646925345507584e+16,130151921392384.0
1481,question_18_aime_Qwen3-14B_S8,8,1,1,1,1,1.0,0.6776567917331812,1368,5992,2.768008386577843e+16,175102910097408.0
1482,question_18_aime_Qwen3-14B_S8,8,1,1,1,1,0.0,0.47403297183749327,1140,1140,1.7780696298975488e+16,112241578583808.0
1483,question_18_aime_Qwen3-14B_S4,4,1,1,1,1,1.0,0.7845777797547125,1892,1892,1.5490078195644672e+16,98080473791488.0
1484,question_18_aime_Qwen3-14B_S4,4,1,1,1,1,1.0,0.7710630520585028,2141,2141,1.5626653943592192e+16,98410056727296.0
1485,question_18_aime_Qwen3-14B_S4,4,1,1,1,1,0.0,0.4972103974590799,3098,4593,2.4083553022314496e+16,152213147964160.0
1486,question_18_aime_Qwen3-14B_S2,2,1,1,1,1,0.0,0.17334135864557507,1495,1495,1.2692292083244288e+16,80488497361920.0
1487,question_18_aime_Qwen3-14B_S2,2,1,1,1,1,0.0,0.0,0,0,1.0637585714028032e+16,67638571689728.0
1488,question_18_aime_Qwen3-14B_S2,2,1,1,1,1,0.0,0.47403297183749327,1140,4045,1.95522355384512e+16,124154940688896.0
1489,question_18_aime_Qwen3-14B_S1,1,1,1,1,1,0.0,0.0,0,0,5457176193466624.0,34699499680512.0
1490,question_18_aime_Qwen3-14B_S1,1,1,1,1,1,1.0,0.7710630520585028,2141,2141,1.0068888212293376e+16,63900147652864.0
1491,question_18_aime_Qwen3-14B_S1,1,1,1,1,1,0.0,0.33123589410939663,241,241,7493635069102592.0,47645596506624.0
1492,question_19_aime_Qwen3-14B_S64,64,1,1,1,1,0.0,0.3655497077450326,500,3164,1.1275595707599872e+16,63569773001984.0
1493,question_19_aime_Qwen3-14B_S64,64,1,1,1,1,0.0,0.3655497077450326,500,3164,1.1275595707599872e+16,63569773001984.0
1494,question_19_aime_Qwen3-14B_S64,64,1,1,1,1,0.0,0.3655497077450326,500,3164,1.1275595707599872e+16,63569773001984.0
1495,question_19_aime_Qwen3-14B_S32,32,1,1,1,1,0.0,0.3655497077450326,500,2242,9069769583588096.0,53844643551232.0
1496,question_19_aime_Qwen3-14B_S32,32,1,1,1,1,0.0,0.3655497077450326,500,2243,9748227720567040.0,57983994351616.0
1497,question_19_aime_Qwen3-14B_S32,32,1,1,1,1,1.0,0.7147305397379309,875,3124,9702004289088256.0,55750529328128.0
1498,question_19_aime_Qwen3-14B_S16,16,1,1,1,1,0.0,0.3655497077450326,500,959,6496230896665088.0,39317041548032.0
1499,question_19_aime_Qwen3-14B_S16,16,1,1,1,1,0.0,0.1187751823616795,292,1629,8252722163236864.0,49480394884096.0
1500,question_19_aime_Qwen3-14B_S16,16,1,1,1,1,1.0,0.4780034114593515,561,1483,8823461122553600.0,53639990013696.0
1501,question_19_aime_Qwen3-14B_S8,8,1,1,1,1,0.0,0.25821879330274744,486,1700,8347552028233472.0,51946165276416.0
1502,question_19_aime_Qwen3-14B_S8,8,1,1,1,1,0.0,0.2442901528236291,463,1138,5880075924802560.0,35719358374400.0
1503,question_19_aime_Qwen3-14B_S8,8,1,1,1,1,0.0,0.07170599859806007,204,821,4970787294374144.0,30776037836032.0
1504,question_19_aime_Qwen3-14B_S4,4,1,1,1,1,0.0,0.06279044326177867,794,794,8495406960659456.0,52888692773376.0
1505,question_19_aime_Qwen3-14B_S4,4,1,1,1,1,0.0,0.09479396344823149,922,1688,7394266330224128.0,46509983263744.0
1506,question_19_aime_Qwen3-14B_S4,4,1,1,1,1,0.0,0.21984725120350876,411,1230,5683491651983360.0,35725055124736.0
1507,question_19_aime_Qwen3-14B_S2,2,1,1,1,1,1.0,0.5919462009672807,730,730,4980311117154560.0,31179300172544.0
1508,question_19_aime_Qwen3-14B_S2,2,1,1,1,1,0.0,0.06279044326177867,794,794,4663965540488448.0,29293579910144.0
1509,question_19_aime_Qwen3-14B_S2,2,1,1,1,1,1.0,0.4780034114593515,561,561,3920074595679744.0,24723886474496.0
1510,question_19_aime_Qwen3-14B_S1,1,1,1,1,1,0.0,0.14102091430275643,446,446,2142447597469184.0,13531329718784.0
1511,question_19_aime_Qwen3-14B_S1,1,1,1,1,1,0.0,0.20603777256437725,1598,1598,7632373756088576.0,48210207134976.0
1512,question_19_aime_Qwen3-14B_S1,1,1,1,1,1,1.0,0.5361012592523253,534,534,2574235076262400.0,16216688271360.0
1513,question_2_aime_Qwen3-14B_S64,64,1,1,1,1,0.0,0.46858921821091637,361,361,1.854272571821645e+16,105385394477056.0
1514,question_2_aime_Qwen3-14B_S64,64,1,1,1,1,0.0,0.46858921821091637,361,361,1.854272571821645e+16,105385394477056.0
1515,question_2_aime_Qwen3-14B_S64,64,1,1,1,1,0.0,0.46858921821091637,361,361,1.854272571821645e+16,105385394477056.0
1516,question_2_aime_Qwen3-14B_S32,32,1,1,1,1,0.0,0.7979568033648512,909,3362,2.4201108592733184e+16,143387663340544.0
1517,question_2_aime_Qwen3-14B_S32,32,1,1,1,1,1.0,0.6941748950243903,1283,1283,2.8244667531956736e+16,167467446983680.0
1518,question_2_aime_Qwen3-14B_S32,32,1,1,1,1,0.0,0.7979568033648512,909,4410,2.404041173440077e+16,141590297401856.0
1519,question_2_aime_Qwen3-14B_S16,16,1,1,1,1,0.0,0.46858921821091637,361,361,1.3051983250656e+16,80270038720000.0
1520,question_2_aime_Qwen3-14B_S16,16,1,1,1,1,0.0,0.4306855146141343,875,875,2.107805114576717e+16,128167054961408.0
1521,question_2_aime_Qwen3-14B_S16,16,1,1,1,1,0.0,0.7563673820169721,789,2599,2.000200569865344e+16,121624181529088.0
1522,question_2_aime_Qwen3-14B_S8,8,1,1,1,1,0.0,0.26232021327885796,644,644,1.5149138754851584e+16,93883896792320.0
1523,question_2_aime_Qwen3-14B_S8,8,1,1,1,1,0.0,0.5686247817186032,1041,3230,1.5681699893585152e+16,96313029226752.0
1524,question_2_aime_Qwen3-14B_S8,8,1,1,1,1,1.0,0.6941748950243903,1283,1283,1.938390542888755e+16,119695147314688.0
1525,question_2_aime_Qwen3-14B_S4,4,1,1,1,1,0.0,0.7563673820169721,789,789,1.0790029368048896e+16,67339291538944.0
1526,question_2_aime_Qwen3-14B_S4,4,1,1,1,1,0.0,0.26232021327885796,644,644,9193485890430464.0,57536085347328.0
1527,question_2_aime_Qwen3-14B_S4,4,1,1,1,1,0.0,0.5921921406636309,1008,1008,1.271159094179072e+16,79271961895936.0
1528,question_2_aime_Qwen3-14B_S2,2,1,1,1,1,1.0,0.585660015393319,1414,1414,1.555195742779392e+16,97270435244032.0
1529,question_2_aime_Qwen3-14B_S2,2,1,1,1,1,0.0,0.4306855146141343,875,875,6338298475763968.0,39826188163840.0
1530,question_2_aime_Qwen3-14B_S2,2,1,1,1,1,1.0,0.6304730931079329,1246,2913,9628008872297984.0,60083059772160.0
1531,question_2_aime_Qwen3-14B_S1,1,1,1,1,1,0.0,0.3230709831034527,1873,1873,8945574911347200.0,56171639967232.0
1532,question_2_aime_Qwen3-14B_S1,1,1,1,1,1,0.0,0.6135055155950067,2003,2003,9475592440774656.0,59953038432768.0
1533,question_2_aime_Qwen3-14B_S1,1,1,1,1,1,1.0,0.6941748950243903,1283,1283,6083675987243008.0,38491157377024.0
1534,question_20_aime_Qwen3-14B_S64,64,1,1,1,1,0.0,0.5400038417409729,905,1247,1.1122956115454208e+16,62140827194880.0
1535,question_20_aime_Qwen3-14B_S64,64,1,1,1,1,0.0,0.5400038417409729,905,1247,1.1122956115454208e+16,62140827194880.0
1536,question_20_aime_Qwen3-14B_S64,64,1,1,1,1,0.0,0.5400038417409729,905,1247,1.1122956115454208e+16,62140827194880.0
1537,question_20_aime_Qwen3-14B_S32,32,1,1,1,1,0.0,0.19738703804092975,939,1849,1.2942035547087616e+16,75360218175232.0
1538,question_20_aime_Qwen3-14B_S32,32,1,1,1,1,0.0,0.4040232394424404,342,342,8783504438695424.0,51655945296128.0
1539,question_20_aime_Qwen3-14B_S32,32,1,1,1,1,0.0,0.5400038417409729,905,1247,7519808717785088.0,43806639862528.0
1540,question_20_aime_Qwen3-14B_S16,16,1,1,1,1,0.0,0.19091589812270338,910,910,1.154357632695168e+16,69681861510656.0
1541,question_20_aime_Qwen3-14B_S16,16,1,1,1,1,0.0,0.19738703804092975,939,939,1.1848278364640512e+16,71911842951168.0
1542,question_20_aime_Qwen3-14B_S16,16,1,1,1,1,0.0,0.4040232394424404,342,342,5302825489194496.0,31857730187776.0
1543,question_20_aime_Qwen3-14B_S8,8,1,1,1,1,0.0,0.7822116923115954,1429,2427,1.3960011776652288e+16,85446221194240.0
1544,question_20_aime_Qwen3-14B_S8,8,1,1,1,1,0.0,0.33708343742059904,1264,1264,1.1806517912089856e+16,73255455567872.0
1545,question_20_aime_Qwen3-14B_S8,8,1,1,1,1,0.0,0.19091589812270338,910,910,1.007254869963264e+16,62445776585728.0
1546,question_20_aime_Qwen3-14B_S4,4,1,1,1,1,0.0,0.7672085408365558,578,578,5912156868316416.0,36667700761088.0
1547,question_20_aime_Qwen3-14B_S4,4,1,1,1,1,0.0,0.7672085408365558,578,578,7321117010683648.0,45496776587776.0
1548,question_20_aime_Qwen3-14B_S4,4,1,1,1,1,0.0,0.7822116923115954,1429,2427,9173948200155904.0,57029230593280.0
1549,question_20_aime_Qwen3-14B_S2,2,1,1,1,1,0.0,0.2714656925827564,907,907,7349871641328640.0,46165885934848.0
1550,question_20_aime_Qwen3-14B_S2,2,1,1,1,1,0.0,0.7431534916773695,1102,1102,7022722277272832.0,43992123180800.0
1551,question_20_aime_Qwen3-14B_S2,2,1,1,1,1,0.0,0.49298870702891784,1089,1089,8248559778142464.0,52070484609280.0
1552,question_20_aime_Qwen3-14B_S1,1,1,1,1,1,0.0,0.2714656925827564,907,907,4282356177844224.0,27050919174400.0
1553,question_20_aime_Qwen3-14B_S1,1,1,1,1,1,0.0,0.19738703804092975,939,939,5309112126883072.0,33707873463808.0
1554,question_20_aime_Qwen3-14B_S1,1,1,1,1,1,0.0,0.7672085408365558,578,578,2773724344527616.0,17515623872512.0
1555,question_21_aime_Qwen3-14B_S64,64,1,1,1,1,0.0,0.311907268709506,1385,7745,2.8761494579271424e+16,152169535350272.0
1556,question_21_aime_Qwen3-14B_S64,64,1,1,1,1,0.0,0.311907268709506,1385,7745,2.8761494579271424e+16,152169535350272.0
1557,question_21_aime_Qwen3-14B_S64,64,1,1,1,1,0.0,0.311907268709506,1385,7745,2.8761494579271424e+16,152169535350272.0
1558,question_21_aime_Qwen3-14B_S32,32,1,1,1,1,0.0,0.311907268709506,1385,3373,2.4048818423541504e+16,137728209903616.0
1559,question_21_aime_Qwen3-14B_S32,32,1,1,1,1,0.0,0.311907268709506,1385,3825,2.1317263500392704e+16,120594557749760.0
1560,question_21_aime_Qwen3-14B_S32,32,1,1,1,1,0.0,0.311907268709506,1385,7004,2.369556583626701e+16,134650839759872.0
1561,question_21_aime_Qwen3-14B_S16,16,1,1,1,1,0.0,0.311907268709506,1385,3609,1.909837478109107e+16,113838919130368.0
1562,question_21_aime_Qwen3-14B_S16,16,1,1,1,1,0.0,0.22229451918479354,1696,3220,1.7871082895456768e+16,105323515867392.0
1563,question_21_aime_Qwen3-14B_S16,16,1,1,1,1,0.0,0.2539145481076304,1248,3868,1.8024278889762304e+16,107156581475328.0
1564,question_21_aime_Qwen3-14B_S8,8,1,1,1,1,0.0,0.18628721822873365,1192,1988,1.4727356450204928e+16,90045767816960.0
1565,question_21_aime_Qwen3-14B_S8,8,1,1,1,1,0.0,0.296370494078595,1108,2635,1.879532062425728e+16,115061216845312.0
1566,question_21_aime_Qwen3-14B_S8,8,1,1,1,1,0.0,0.5022249894497426,1932,4553,2.1916119717389056e+16,132872837684224.0
1567,question_21_aime_Qwen3-14B_S4,4,1,1,1,1,0.0,0.296370494078595,1108,1108,1.4096051565072384e+16,87461782028032.0
1568,question_21_aime_Qwen3-14B_S4,4,1,1,1,1,0.0,0.22229451918479354,1696,1696,1.2500253687121408e+16,78037782145024.0
1569,question_21_aime_Qwen3-14B_S4,4,1,1,1,1,0.0,0.34639834512715634,1492,3183,1.4068140977505536e+16,87206264308992.0
1570,question_21_aime_Qwen3-14B_S2,2,1,1,1,1,0.0,0.31793002251217584,1724,1724,1.4447220889076736e+16,90456102637056.0
1571,question_21_aime_Qwen3-14B_S2,2,1,1,1,1,0.0,0.22335166728338401,1546,1546,1.333363428403584e+16,83652466522624.0
1572,question_21_aime_Qwen3-14B_S2,2,1,1,1,1,0.0,0.4692686067950792,2656,5191,1.889103817250483e+16,116976244009728.0
1573,question_21_aime_Qwen3-14B_S1,1,1,1,1,1,0.0,0.17287023181459377,1527,1527,7596296407206400.0,47958208797184.0
1574,question_21_aime_Qwen3-14B_S1,1,1,1,1,1,0.0,0.07177272948738923,3090,3090,1.4828996377915648e+16,92526023610112.0
1575,question_21_aime_Qwen3-14B_S1,1,1,1,1,1,0.0,0.18628721822873365,1192,1192,5665746634362624.0,35837323245312.0
1576,question_22_aime_Qwen3-14B_S64,64,1,1,1,1,0.0,0.36066371138024117,771,1741,1.5245581355103232e+16,86901692582912.0
1577,question_22_aime_Qwen3-14B_S64,64,1,1,1,1,0.0,0.36066371138024117,771,1741,1.5245581355103232e+16,86901692582912.0
1578,question_22_aime_Qwen3-14B_S64,64,1,1,1,1,0.0,0.36066371138024117,771,1741,1.5245581355103232e+16,86901692582912.0
1579,question_22_aime_Qwen3-14B_S32,32,1,1,1,1,0.0,0.36066371138024117,771,1157,1.2926221155601152e+16,77253604681472.0
1580,question_22_aime_Qwen3-14B_S32,32,1,1,1,1,0.0,0.23173110162353014,720,3599,1.6424118410124544e+16,97117494915328.0
1581,question_22_aime_Qwen3-14B_S32,32,1,1,1,1,0.0,0.048580312120603694,584,1176,1.3113069514037248e+16,76028950527744.0
1582,question_22_aime_Qwen3-14B_S16,16,1,1,1,1,0.0,0.27923202767279354,1218,2530,9236130985028864.0,54600807158272.0
1583,question_22_aime_Qwen3-14B_S16,16,1,1,1,1,0.0,0.36066371138024117,771,1741,1.1399581218953984e+16,70285519624192.0
1584,question_22_aime_Qwen3-14B_S16,16,1,1,1,1,0.0,0.04263805107453479,485,1786,1.3448521593816064e+16,81633217281280.0
1585,question_22_aime_Qwen3-14B_S8,8,1,1,1,1,0.0,0.6085798199610905,2195,5874,2.2325594572884736e+16,133352893497600.0
1586,question_22_aime_Qwen3-14B_S8,8,1,1,1,1,0.0,0.36066371138024117,771,771,6010148915757056.0,37207004027392.0
1587,question_22_aime_Qwen3-14B_S8,8,1,1,1,1,0.0,0.13808191593967475,942,942,1.1954286343240192e+16,72977994836224.0
1588,question_22_aime_Qwen3-14B_S4,4,1,1,1,1,0.0,0.609769257749655,1528,5031,1.8687811028630016e+16,115365251506688.0
1589,question_22_aime_Qwen3-14B_S4,4,1,1,1,1,0.0,0.028292573913850698,1416,1416,1.2869245090433536e+16,80955681095424.0
1590,question_22_aime_Qwen3-14B_S4,4,1,1,1,1,0.0,0.02700462113356701,386,386,4391376539135488.0,27369666070784.0
1591,question_22_aime_Qwen3-14B_S2,2,1,1,1,1,0.0,0.048580312120603694,584,584,4766826367761920.0,30109859452928.0
1592,question_22_aime_Qwen3-14B_S2,2,1,1,1,1,0.0,0.0491850824436851,1772,1772,1.4538438358972416e+16,91363428519936.0
1593,question_22_aime_Qwen3-14B_S2,2,1,1,1,1,0.0,0.34207001689441807,1745,1745,1.3706324144142336e+16,85184397526016.0
1594,question_22_aime_Qwen3-14B_S1,1,1,1,1,1,0.0,0.609769257749655,1528,1528,7289425984752128.0,45890319650560.0
1595,question_22_aime_Qwen3-14B_S1,1,1,1,1,1,0.0,0.5502866161235195,2107,2107,1.002645604203264e+16,62863307388160.0
1596,question_22_aime_Qwen3-14B_S1,1,1,1,1,1,0.0,0.13284326584533868,2017,2017,9647603591945984.0,60294026669568.0
1597,question_23_aime_Qwen3-14B_S64,64,1,1,1,1,0.0,0.5,877,877,1.4363602059037952e+16,87355980431104.0
1598,question_23_aime_Qwen3-14B_S64,64,1,1,1,1,0.0,0.5,877,877,1.4363602059037952e+16,87355980431104.0
1599,question_23_aime_Qwen3-14B_S64,64,1,1,1,1,0.0,0.5,877,877,1.4363602059037952e+16,87355980431104.0
1600,question_23_aime_Qwen3-14B_S32,32,1,1,1,1,0.0,0.5,640,1753,7617758433282816.0,41340467785472.0
1601,question_23_aime_Qwen3-14B_S32,32,1,1,1,1,0.0,0.5,877,877,1.3992927983102208e+16,86954565021440.0
1602,question_23_aime_Qwen3-14B_S32,32,1,1,1,1,0.0,0.5,465,1113,7706881040216064.0,41932635251200.0
1603,question_23_aime_Qwen3-14B_S16,16,1,1,1,1,0.0,0.5,653,2414,1.0081433058104576e+16,58365586976000.0
1604,question_23_aime_Qwen3-14B_S16,16,1,1,1,1,0.0,0.5,639,4185,1.1499623248194816e+16,66711420987904.0
1605,question_23_aime_Qwen3-14B_S16,16,1,1,1,1,0.0,0.5,808,1550,7511155913633792.0,43475667922944.0
1606,question_23_aime_Qwen3-14B_S8,8,1,1,1,1,0.0,0.5,794,1433,9321619063221248.0,56335241374208.0
1607,question_23_aime_Qwen3-14B_S8,8,1,1,1,1,0.0,0.5,682,682,8858960540942848.0,53746661691648.0
1608,question_23_aime_Qwen3-14B_S8,8,1,1,1,1,0.0,0.5,732,1855,6477256427746048.0,39220218758144.0
1609,question_23_aime_Qwen3-14B_S4,4,1,1,1,1,0.0,0.5,742,742,5164498702302464.0,31976344389888.0
1610,question_23_aime_Qwen3-14B_S4,4,1,1,1,1,0.0,0.5,648,1494,7604584901575424.0,47082575135744.0
1611,question_23_aime_Qwen3-14B_S4,4,1,1,1,1,0.0,0.5,648,648,5528595782823680.0,34210785085440.0
1612,question_23_aime_Qwen3-14B_S2,2,1,1,1,1,0.0,0.5,877,877,1.3465634773873408e+16,85544068837376.0
1613,question_23_aime_Qwen3-14B_S2,2,1,1,1,1,0.0,0.5,648,648,5424479580076032.0,34042720720128.0
1614,question_23_aime_Qwen3-14B_S2,2,1,1,1,1,0.0,0.5,1130,2038,6545618642176768.0,40952524359168.0
1615,question_23_aime_Qwen3-14B_S1,1,1,1,1,1,0.0,0.5,1127,1127,5415676004462080.0,33957824013824.0
1616,question_23_aime_Qwen3-14B_S1,1,1,1,1,1,0.0,0.5,648,648,3093795250543872.0,19501906470144.0
1617,question_23_aime_Qwen3-14B_S1,1,1,1,1,1,0.0,0.5,1507,1507,7216537445859840.0,45175073665536.0
1618,question_24_aime_Qwen3-14B_S64,64,1,1,1,1,0.0,0.08163002068717555,84,84,1.7890816855866624e+16,109588780019456.0
1619,question_24_aime_Qwen3-14B_S64,64,1,1,1,1,0.0,0.08163002068717555,84,84,1.7890816855866624e+16,109588780019456.0
1620,question_24_aime_Qwen3-14B_S64,64,1,1,1,1,0.0,0.08163002068717555,84,84,1.7890816855866624e+16,109588780019456.0
1621,question_24_aime_Qwen3-14B_S32,32,1,1,1,1,0.0,0.0,0,0,9316094458002176.0,57332187547136.0
1622,question_24_aime_Qwen3-14B_S32,32,1,1,1,1,0.0,0.08163002068717555,84,84,1.5739854106888448e+16,97041456291584.0
1623,question_24_aime_Qwen3-14B_S32,32,1,1,1,1,0.0,0.0,0,0,1.0318652564527872e+16,63603661817600.0
1624,question_24_aime_Qwen3-14B_S16,16,1,1,1,1,0.0,0.0,0,0,6662308595006720.0,41418246194432.0
1625,question_24_aime_Qwen3-14B_S16,16,1,1,1,1,0.0,0.08163002068717555,84,84,1.2652454882078464e+16,79136862368768.0
1626,question_24_aime_Qwen3-14B_S16,16,1,1,1,1,0.0,0.37356126363002207,746,6295,1.959660274793165e+16,121090331238912.0
1627,question_24_aime_Qwen3-14B_S8,8,1,1,1,1,0.0,0.5832309282507692,580,580,9820953025555712.0,61257934653440.0
1628,question_24_aime_Qwen3-14B_S8,8,1,1,1,1,0.0,0.0,0,0,4186293208271872.0,26235097127168.0
1629,question_24_aime_Qwen3-14B_S8,8,1,1,1,1,0.0,0.11044060651129266,894,2710,1.2600332998123008e+16,78478216252928.0
1630,question_24_aime_Qwen3-14B_S4,4,1,1,1,1,0.0,0.42686921718840576,1083,1083,8290107021024512.0,51381011753216.0
1631,question_24_aime_Qwen3-14B_S4,4,1,1,1,1,0.0,0.10435229231838132,949,949,6604023828839680.0,41527939770368.0
1632,question_24_aime_Qwen3-14B_S4,4,1,1,1,1,0.0,0.5771713165803749,1089,4506,1.3992336808868864e+16,86241852259584.0
1633,question_24_aime_Qwen3-14B_S2,2,1,1,1,1,0.0,0.5771713165803749,1089,1089,7266221519969536.0,45101595426048.0
1634,question_24_aime_Qwen3-14B_S2,2,1,1,1,1,0.0,0.37356126363002207,746,1452,4929895251603712.0,31073412909056.0
1635,question_24_aime_Qwen3-14B_S2,2,1,1,1,1,0.0,0.588171161871057,796,2482,8597130293485312.0,53838236490240.0
1636,question_24_aime_Qwen3-14B_S1,1,1,1,1,1,0.0,0.434183226593972,845,845,4018827928061952.0,25454887178240.0
1637,question_24_aime_Qwen3-14B_S1,1,1,1,1,1,0.0,0.015551384202595437,2124,2124,1.0031023609803264e+16,63243214949376.0
1638,question_24_aime_Qwen3-14B_S1,1,1,1,1,1,0.0,0.10435229231838132,949,949,4886835774326784.0,31024676246016.0
1639,question_25_aime_Qwen3-14B_S64,64,1,1,1,1,0.0,0.5,1047,3442,2.057934648757376e+16,122643722370560.0
1640,question_25_aime_Qwen3-14B_S64,64,1,1,1,1,0.0,0.5,1047,3442,2.057934648757376e+16,122643722370560.0
1641,question_25_aime_Qwen3-14B_S64,64,1,1,1,1,0.0,0.5,1196,3442,2.057934648757376e+16,122643722370560.0
1642,question_25_aime_Qwen3-14B_S32,32,1,1,1,1,0.0,0.5,1047,1047,1.0368505155213056e+16,61574871415552.0
1643,question_25_aime_Qwen3-14B_S32,32,1,1,1,1,0.0,0.5,1199,1199,1.0149807611029504e+16,61305254171648.0
1644,question_25_aime_Qwen3-14B_S32,32,1,1,1,1,0.0,0.5,1199,3442,1.611154989893376e+16,98284935123968.0
1645,question_25_aime_Qwen3-14B_S16,16,1,1,1,1,0.0,0.5,1047,2243,1.507972473686144e+16,93381585973248.0
1646,question_25_aime_Qwen3-14B_S16,16,1,1,1,1,0.0,0.5,1853,3681,1.989093568455245e+16,120018882186496.0
1647,question_25_aime_Qwen3-14B_S16,16,1,1,1,1,0.0,0.5,1047,2246,1.3435234738599168e+16,83394708388864.0
1648,question_25_aime_Qwen3-14B_S8,8,1,1,1,1,0.0,0.5,1196,2395,1.3782137583114752e+16,86895978909184.0
1649,question_25_aime_Qwen3-14B_S8,8,1,1,1,1,1.0,0.5,1057,4322,1.7822447229661184e+16,109452712172032.0
1650,question_25_aime_Qwen3-14B_S8,8,1,1,1,1,0.0,0.5,1828,1828,1.3188207953707008e+16,80619213718016.0
1651,question_25_aime_Qwen3-14B_S4,4,1,1,1,1,0.0,0.5,1229,2561,1.0639172382932224e+16,65431311144192.0
1652,question_25_aime_Qwen3-14B_S4,4,1,1,1,1,0.0,0.5,2251,6022,1.923007283821107e+16,117380316152320.0
1653,question_25_aime_Qwen3-14B_S4,4,1,1,1,1,0.0,0.5,1853,1853,1.2587596042621696e+16,78607049147904.0
1654,question_25_aime_Qwen3-14B_S2,2,1,1,1,1,0.0,0.5,1196,1196,6366300350857984.0,40307187741696.0
1655,question_25_aime_Qwen3-14B_S2,2,1,1,1,1,0.0,0.5,1184,1184,7902667580133632.0,49413424246272.0
1656,question_25_aime_Qwen3-14B_S2,2,1,1,1,1,0.0,0.5,2189,2189,1.5789469174856704e+16,97995222842368.0
1657,question_25_aime_Qwen3-14B_S1,1,1,1,1,1,0.0,0.5,1760,1760,8386262377544448.0,52503526886912.0
1658,question_25_aime_Qwen3-14B_S1,1,1,1,1,1,1.0,0.5,3265,3265,1.5455655137775872e+16,97621762472960.0
1659,question_25_aime_Qwen3-14B_S1,1,1,1,1,1,0.0,0.5,1047,1047,4935188615516416.0,31319880461824.0
1660,question_26_aime_Qwen3-14B_S64,64,1,1,1,1,0.0,0.06928910501064767,1204,4474,2.075534008684621e+16,122266163692032.0
1661,question_26_aime_Qwen3-14B_S64,64,1,1,1,1,0.0,0.06928910501064767,1204,4474,2.075534008684621e+16,122266163692032.0
1662,question_26_aime_Qwen3-14B_S64,64,1,1,1,1,0.0,0.06928910501064767,1204,4474,2.075534008684621e+16,122266163692032.0
1663,question_26_aime_Qwen3-14B_S32,32,1,1,1,1,0.0,0.06928910501064767,1204,1204,1.944208358251648e+16,119188328206848.0
1664,question_26_aime_Qwen3-14B_S32,32,1,1,1,1,0.0,0.06209866403427418,1618,1618,1.7046980685475584e+16,103426483138816.0
1665,question_26_aime_Qwen3-14B_S32,32,1,1,1,1,0.0,0.0,0,0,1.746542279364224e+16,106010908960256.0
1666,question_26_aime_Qwen3-14B_S16,16,1,1,1,1,0.0,0.06209866403427418,1618,1618,1.6316790918633216e+16,101519996046592.0
1667,question_26_aime_Qwen3-14B_S16,16,1,1,1,1,0.0,0.0,0,0,1.5071614931823104e+16,94029981855488.0
1668,question_26_aime_Qwen3-14B_S16,16,1,1,1,1,0.0,0.06209866403427418,1618,1618,1.668538088977024e+16,103698990150144.0
1669,question_26_aime_Qwen3-14B_S8,8,1,1,1,1,0.0,0.27350589490263894,3209,6698,3.2229206804740096e+16,201118458528768.0
1670,question_26_aime_Qwen3-14B_S8,8,1,1,1,1,0.0,0.05522810325436746,1652,1652,1.542646728854272e+16,96824689174272.0
1671,question_26_aime_Qwen3-14B_S8,8,1,1,1,1,0.0,0.27350589490263894,3209,5159,2.1914996782219776e+16,135769475576832.0
1672,question_26_aime_Qwen3-14B_S4,4,1,1,1,1,0.0,0.0,0,0,1.3641085798653184e+16,86560426893056.0
1673,question_26_aime_Qwen3-14B_S4,4,1,1,1,1,0.0,0.06201494209196254,1625,1625,1.371960361937024e+16,86055564977152.0
1674,question_26_aime_Qwen3-14B_S4,4,1,1,1,1,0.0,0.07564401706028454,2158,2158,1.3635411759960064e+16,85903266540288.0
1675,question_26_aime_Qwen3-14B_S2,2,1,1,1,1,0.0,0.11886644710137634,1470,1470,7842376838184704.0,49587664797184.0
1676,question_26_aime_Qwen3-14B_S2,2,1,1,1,1,0.0,0.4599856128633791,1281,1281,8827757167018752.0,55748172498688.0
1677,question_26_aime_Qwen3-14B_S2,2,1,1,1,1,0.0,0.55915411555301,1945,4916,1.803329882614067e+16,113998036169984.0
1678,question_26_aime_Qwen3-14B_S1,1,1,1,1,1,0.0,0.281644656877927,3023,3023,1.441822241092736e+16,90355867895296.0
1679,question_26_aime_Qwen3-14B_S1,1,1,1,1,1,0.0,0.0,0,0,9307410186855680.0,59208467793920.0
1680,question_26_aime_Qwen3-14B_S1,1,1,1,1,1,0.0,0.137377350083366,1437,1437,6804369799557376.0,42998351598592.0
1681,question_27_aime_Qwen3-14B_S64,64,1,1,1,1,0.0,0.5,1667,1667,1.260857786284544e+16,76499879061760.0
1682,question_27_aime_Qwen3-14B_S64,64,1,1,1,1,0.0,0.5,1667,1667,1.260857786284544e+16,76499879061760.0
1683,question_27_aime_Qwen3-14B_S64,64,1,1,1,1,0.0,0.5,1667,1667,1.260857786284544e+16,76499879061760.0
1684,question_27_aime_Qwen3-14B_S32,32,1,1,1,1,0.0,0.0,0,0,1.1661506164410368e+16,72401893093888.0
1685,question_27_aime_Qwen3-14B_S32,32,1,1,1,1,0.0,0.5,1667,1667,1.0680358287843328e+16,66000957944320.0
1686,question_27_aime_Qwen3-14B_S32,32,1,1,1,1,0.0,0.5,1667,1667,1.3640528631518208e+16,84431759938816.0
1687,question_27_aime_Qwen3-14B_S16,16,1,1,1,1,0.0,0.5,1667,1667,1.1148958162309632e+16,69893000272640.0
1688,question_27_aime_Qwen3-14B_S16,16,1,1,1,1,0.0,0.5,1667,1667,1.0510186389249792e+16,65829079970304.0
1689,question_27_aime_Qwen3-14B_S16,16,1,1,1,1,0.0,0.5,1591,3557,1.458169989193344e+16,88487489392128.0
1690,question_27_aime_Qwen3-14B_S8,8,1,1,1,1,0.0,0.5,1667,1667,9719261848832256.0,61128467145984.0
1691,question_27_aime_Qwen3-14B_S8,8,1,1,1,1,0.0,0.5,1018,1018,1.2322128712004608e+16,76758080729088.0
1692,question_27_aime_Qwen3-14B_S8,8,1,1,1,1,0.0,0.5,1160,1160,1.0123907411181312e+16,62781771208704.0
1693,question_27_aime_Qwen3-14B_S4,4,1,1,1,1,0.0,0.0,0,0,1.0337653368458752e+16,65627809511424.0
1694,question_27_aime_Qwen3-14B_S4,4,1,1,1,1,0.0,0.5,1595,3721,1.6114418401062912e+16,99956275317504.0
1695,question_27_aime_Qwen3-14B_S4,4,1,1,1,1,0.0,0.5,1551,1551,9946630408676864.0,62133525234432.0
1696,question_27_aime_Qwen3-14B_S2,2,1,1,1,1,0.0,0.5,1603,1603,1.1011601084029952e+16,68654781976320.0
1697,question_27_aime_Qwen3-14B_S2,2,1,1,1,1,0.0,0.5,1547,1547,1.0936168207872768e+16,68615497683712.0
1698,question_27_aime_Qwen3-14B_S2,2,1,1,1,1,0.0,0.0,0,0,7617628118277632.0,48420734850048.0
1699,question_27_aime_Qwen3-14B_S1,1,1,1,1,1,0.0,0.5,1930,1930,9233856324268800.0,57821319628032.0
1700,question_27_aime_Qwen3-14B_S1,1,1,1,1,1,0.0,0.5,1590,1590,7564790285751552.0,47644259799296.0
1701,question_27_aime_Qwen3-14B_S1,1,1,1,1,1,0.0,0.5,1601,1601,7653501222203648.0,47847355550976.0
1702,question_28_aime_Qwen3-14B_S64,64,1,1,1,1,0.0,0.5,788,788,1.06115061923456e+16,60803304293120.0
1703,question_28_aime_Qwen3-14B_S64,64,1,1,1,1,0.0,0.5,788,788,1.06115061923456e+16,60803304293120.0
1704,question_28_aime_Qwen3-14B_S64,64,1,1,1,1,0.0,0.5,788,788,1.06115061923456e+16,60803304293120.0
1705,question_28_aime_Qwen3-14B_S32,32,1,1,1,1,0.0,0.5,788,788,8231911757599232.0,48910824802048.0
1706,question_28_aime_Qwen3-14B_S32,32,1,1,1,1,0.0,0.5,788,788,7852032614459904.0,46745428689152.0
1707,question_28_aime_Qwen3-14B_S32,32,1,1,1,1,0.0,0.6228027990020892,823,2614,1.779305730406016e+16,104677958781952.0
1708,question_28_aime_Qwen3-14B_S16,16,1,1,1,1,0.0,0.31297141013631663,1139,5150,1.8207691545677056e+16,109481157455360.0
1709,question_28_aime_Qwen3-14B_S16,16,1,1,1,1,0.0,0.17779943719329314,875,875,9738235607328000.0,58281273358080.0
1710,question_28_aime_Qwen3-14B_S16,16,1,1,1,1,0.0,0.5,788,788,7562997474150912.0,46567902774528.0
1711,question_28_aime_Qwen3-14B_S8,8,1,1,1,1,0.0,0.3009614458437261,1295,2132,1.7820264380323072e+16,109638620546048.0
1712,question_28_aime_Qwen3-14B_S8,8,1,1,1,1,0.0,0.3838217996603897,1445,2584,1.5481145809140224e+16,94977895220480.0
1713,question_28_aime_Qwen3-14B_S8,8,1,1,1,1,0.0,0.6228027990020892,823,823,8980204983495168.0,55368249328384.0
1714,question_28_aime_Qwen3-14B_S4,4,1,1,1,1,0.0,0.026511159637067395,715,715,5209652562995968.0,32724514329088.0
1715,question_28_aime_Qwen3-14B_S4,4,1,1,1,1,0.0,0.5,788,788,4475416925491200.0,28154541490176.0
1716,question_28_aime_Qwen3-14B_S4,4,1,1,1,1,0.0,0.3895374457987976,1305,2594,1.4631749575066368e+16,89843636422400.0
1717,question_28_aime_Qwen3-14B_S2,2,1,1,1,1,0.0,0.6228027990020892,823,823,5086084136874240.0,31991534970112.0
1718,question_28_aime_Qwen3-14B_S2,2,1,1,1,1,0.0,0.38006536209335096,1350,1350,8890313280258560.0,55672900568064.0
1719,question_28_aime_Qwen3-14B_S2,2,1,1,1,1,0.0,0.026511159637067395,715,715,4699440758652160.0,29708608789760.0
1720,question_28_aime_Qwen3-14B_S1,1,1,1,1,1,0.0,0.3005719891242721,913,913,4371676628359680.0,27546596605184.0
1721,question_28_aime_Qwen3-14B_S1,1,1,1,1,1,0.0,0.0988592981810925,1486,1486,7055095890525952.0,44534785072640.0
1722,question_28_aime_Qwen3-14B_S1,1,1,1,1,1,0.0,0.5224553698191139,1899,1899,9042767367719424.0,56644987901184.0
1723,question_29_aime_Qwen3-14B_S64,64,1,1,1,1,0.0,0.05213116973398972,49,49,4383536616503296.0,23129403434496.0
1724,question_29_aime_Qwen3-14B_S64,64,1,1,1,1,0.0,0.05213116973398972,49,49,4383536616503296.0,23129403434496.0
1725,question_29_aime_Qwen3-14B_S64,64,1,1,1,1,0.0,0.05213116973398972,49,49,4383536616503296.0,23129403434496.0
1726,question_29_aime_Qwen3-14B_S32,32,1,1,1,1,0.0,0.3115587307794533,500,1866,6738890106299904.0,37182663356416.0
1727,question_29_aime_Qwen3-14B_S32,32,1,1,1,1,0.0,0.05213116973398972,49,49,3492379144267776.0,19921443842560.0
1728,question_29_aime_Qwen3-14B_S32,32,1,1,1,1,0.0,0.05213116973398972,49,49,3669365250503680.0,20936918043392.0
1729,question_29_aime_Qwen3-14B_S16,16,1,1,1,1,0.0,0.05213116973398972,49,49,3324123013143296.0,20006015124480.0
1730,question_29_aime_Qwen3-14B_S16,16,1,1,1,1,0.0,0.4533071878571269,661,1770,5617770478747392.0,32800262796032.0
1731,question_29_aime_Qwen3-14B_S16,16,1,1,1,1,0.0,0.379002094576726,281,1840,5193032546983680.0,30496913110528.0
1732,question_29_aime_Qwen3-14B_S8,8,1,1,1,1,0.0,0.26271486696977236,349,832,4902909031198976.0,29631769977600.0
1733,question_29_aime_Qwen3-14B_S8,8,1,1,1,1,0.0,0.37273107299039776,441,862,5777558669770496.0,35331923165696.0
1734,question_29_aime_Qwen3-14B_S8,8,1,1,1,1,0.0,0.05213116973398972,49,49,3395403709322240.0,21070828289024.0
1735,question_29_aime_Qwen3-14B_S4,4,1,1,1,1,0.0,0.24307071497917482,280,960,4199744236751616.0,26201419805440.0
1736,question_29_aime_Qwen3-14B_S4,4,1,1,1,1,0.0,0.05213116973398972,49,49,2963124798977280.0,18639642577920.0
1737,question_29_aime_Qwen3-14B_S4,4,1,1,1,1,0.0,0.379002094576726,281,281,5217178918943488.0,32510273812992.0
1738,question_29_aime_Qwen3-14B_S2,2,1,1,1,1,0.0,0.291380880443376,603,1132,3638724841998848.0,22797379955968.0
1739,question_29_aime_Qwen3-14B_S2,2,1,1,1,1,0.0,0.15525787260586627,680,680,5157870541653760.0,32517557690112.0
1740,question_29_aime_Qwen3-14B_S2,2,1,1,1,1,0.0,0.5925378666479745,645,1117,3496870181414400.0,21930991925248.0
1741,question_29_aime_Qwen3-14B_S1,1,1,1,1,1,0.0,0.3248085425000882,704,704,3378104982357504.0,21319288330752.0
1742,question_29_aime_Qwen3-14B_S1,1,1,1,1,1,0.0,0.2344499486350644,1022,1022,4891443536492800.0,30762786478848.0
1743,question_29_aime_Qwen3-14B_S1,1,1,1,1,1,0.0,0.09496468169486133,452,452,2183921956201216.0,13796582252800.0
1744,question_3_aime_Qwen3-14B_S64,64,1,1,1,1,0.0,0.33877456610198975,591,959,1.01264506488768e+16,59882347282688.0
1745,question_3_aime_Qwen3-14B_S64,64,1,1,1,1,0.0,0.33877456610198975,591,959,1.01264506488768e+16,59882347282688.0
1746,question_3_aime_Qwen3-14B_S64,64,1,1,1,1,0.0,0.33877456610198975,591,959,1.01264506488768e+16,59882347282688.0
1747,question_3_aime_Qwen3-14B_S32,32,1,1,1,1,0.0,0.33877456610198975,591,959,9647395983656704.0,59218818543872.0
1748,question_3_aime_Qwen3-14B_S32,32,1,1,1,1,0.0,0.33877456610198975,591,959,6806626669894912.0,40914550993664.0
1749,question_3_aime_Qwen3-14B_S32,32,1,1,1,1,0.0,0.0,0,0,9644951733693696.0,59239343935744.0
1750,question_3_aime_Qwen3-14B_S16,16,1,1,1,1,0.0,0.33877456610198975,591,591,4161672904456704.0,25458841319680.0
1751,question_3_aime_Qwen3-14B_S16,16,1,1,1,1,0.0,0.0,0,0,3624420708564992.0,22187197177088.0
1752,question_3_aime_Qwen3-14B_S16,16,1,1,1,1,0.0,0.33877456610198975,591,591,4509034658564352.0,27500870336512.0
1753,question_3_aime_Qwen3-14B_S8,8,1,1,1,1,1.0,0.3839377723969664,789,789,6454691608010240.0,39266834652672.0
1754,question_3_aime_Qwen3-14B_S8,8,1,1,1,1,0.0,0.20444285885819274,368,368,4154226693128960.0,25840356097024.0
1755,question_3_aime_Qwen3-14B_S8,8,1,1,1,1,0.0,0.0,0,0,5834413922871296.0,36665428367104.0
1756,question_3_aime_Qwen3-14B_S4,4,1,1,1,1,1.0,0.2742048362114382,820,820,5511124675413504.0,34311255387392.0
1757,question_3_aime_Qwen3-14B_S4,4,1,1,1,1,1.0,0.0569786792010688,682,682,6934000511698176.0,42840649867008.0
1758,question_3_aime_Qwen3-14B_S4,4,1,1,1,1,0.0,0.0,0,0,3134758192830208.0,19792441069824.0
1759,question_3_aime_Qwen3-14B_S2,2,1,1,1,1,1.0,0.6403792081107597,1084,1084,7260773996413952.0,45365186584320.0
1760,question_3_aime_Qwen3-14B_S2,2,1,1,1,1,1.0,0.35941863812415176,1022,1022,6137393140440576.0,38285448348416.0
1761,question_3_aime_Qwen3-14B_S2,2,1,1,1,1,0.0,0.0,0,0,3970350464777984.0,25216293947392.0
1762,question_3_aime_Qwen3-14B_S1,1,1,1,1,1,1.0,0.17672367916951826,575,575,2751648140453632.0,17391032802816.0
1763,question_3_aime_Qwen3-14B_S1,1,1,1,1,1,1.0,0.14763612625608033,933,933,4450047049851648.0,28141498155008.0
1764,question_3_aime_Qwen3-14B_S1,1,1,1,1,1,0.0,0.33877456610198975,591,591,3420463194358784.0,21732925034752.0
1765,question_30_aime_Qwen3-14B_S64,64,1,1,1,1,0.0,0.8533581813196693,396,809,7395987242111744.0,43818876106752.0
1766,question_30_aime_Qwen3-14B_S64,64,1,1,1,1,0.0,0.8533581813196693,396,809,7395987242111744.0,43818876106752.0
1767,question_30_aime_Qwen3-14B_S64,64,1,1,1,1,0.0,0.8533581813196693,396,809,7395987242111744.0,43818876106752.0
1768,question_30_aime_Qwen3-14B_S32,32,1,1,1,1,0.0,0.8533581813196693,396,809,7106517322659072.0,43489092339200.0
1769,question_30_aime_Qwen3-14B_S32,32,1,1,1,1,0.0,0.0,0,0,4477297649459456.0,27006377217280.0
1770,question_30_aime_Qwen3-14B_S32,32,1,1,1,1,0.0,0.8167226069299445,413,413,7045812218303232.0,43383621080576.0
1771,question_30_aime_Qwen3-14B_S16,16,1,1,1,1,0.0,0.6367861709796674,490,901,5917197701002752.0,36249197190144.0
1772,question_30_aime_Qwen3-14B_S16,16,1,1,1,1,0.0,0.0,0,0,5621532537601536.0,35015215062784.0
1773,question_30_aime_Qwen3-14B_S16,16,1,1,1,1,0.0,0.0,0,0,2959270631263488.0,18097742804224.0
1774,question_30_aime_Qwen3-14B_S8,8,1,1,1,1,0.0,0.9214985730388807,570,1079,4488730989723648.0,27465968054784.0
1775,question_30_aime_Qwen3-14B_S8,8,1,1,1,1,0.0,0.0,0,0,3102053080748800.0,19441286825216.0
1776,question_30_aime_Qwen3-14B_S8,8,1,1,1,1,0.0,0.8983046633979287,548,1895,3975097151981056.0,24374516450304.0
1777,question_30_aime_Qwen3-14B_S4,4,1,1,1,1,0.0,0.0,0,0,3005876810581760.0,19002550359808.0
1778,question_30_aime_Qwen3-14B_S4,4,1,1,1,1,0.0,0.0,0,0,2815761329733376.0,17789584391680.0
1779,question_30_aime_Qwen3-14B_S4,4,1,1,1,1,0.0,0.863321279064059,558,1249,5302090957793024.0,33381439932160.0
1780,question_30_aime_Qwen3-14B_S2,2,1,1,1,1,0.0,0.9411615272332832,702,1321,4269371354857472.0,26695103454720.0
1781,question_30_aime_Qwen3-14B_S2,2,1,1,1,1,0.0,0.822059483675036,541,541,4907937621070592.0,30954154986240.0
1782,question_30_aime_Qwen3-14B_S2,2,1,1,1,1,0.0,0.863321279064059,558,558,3990566324283136.0,25186689712896.0
1783,question_30_aime_Qwen3-14B_S1,1,1,1,1,1,0.0,0.8953337654186025,1012,1012,4837862270626304.0,30439714324480.0
1784,question_30_aime_Qwen3-14B_S1,1,1,1,1,1,0.0,0.792289739230975,616,616,2973055365835264.0,18674930505216.0
1785,question_30_aime_Qwen3-14B_S1,1,1,1,1,1,0.0,0.9427249015267155,629,629,3020457272293632.0,19038113261312.0
1786,question_31_aime_Qwen3-14B_S64,64,1,1,1,1,0.0,0.0852284412296885,925,925,1.285965016506496e+16,76191577879296.0
1787,question_31_aime_Qwen3-14B_S64,64,1,1,1,1,0.0,0.0852284412296885,925,925,1.285965016506496e+16,76191577879296.0
1788,question_31_aime_Qwen3-14B_S64,64,1,1,1,1,0.0,0.0852284412296885,925,925,1.285965016506496e+16,76191577879296.0
1789,question_31_aime_Qwen3-14B_S32,32,1,1,1,1,0.0,0.0852284412296885,925,925,1.0311372721412096e+16,63080278714880.0
1790,question_31_aime_Qwen3-14B_S32,32,1,1,1,1,0.0,0.0852284412296885,925,925,1.2238420042776576e+16,75270276735744.0
1791,question_31_aime_Qwen3-14B_S32,32,1,1,1,1,0.0,0.0,0,0,8017995288474624.0,48519859720960.0
1792,question_31_aime_Qwen3-14B_S16,16,1,1,1,1,0.0,0.0,0,0,5213459018809088.0,32080800384768.0
1793,question_31_aime_Qwen3-14B_S16,16,1,1,1,1,0.0,0.0,0,0,9694633238290432.0,60373336751104.0
1794,question_31_aime_Qwen3-14B_S16,16,1,1,1,1,0.0,0.0,0,0,6184771547117056.0,38323074935552.0
1795,question_31_aime_Qwen3-14B_S8,8,1,1,1,1,0.0,0.17143654547101042,1442,5121,1.918686152037837e+16,117718493617408.0
1796,question_31_aime_Qwen3-14B_S8,8,1,1,1,1,0.0,0.03295051118499155,870,2217,1.012644059620736e+16,62139611095552.0
1797,question_31_aime_Qwen3-14B_S8,8,1,1,1,1,0.0,0.0852284412296885,925,925,8860767867204608.0,55718686787072.0
1798,question_31_aime_Qwen3-14B_S4,4,1,1,1,1,0.0,0.3659324877557732,1880,4018,1.5193651566686976e+16,94373327487488.0
1799,question_31_aime_Qwen3-14B_S4,4,1,1,1,1,0.0,0.1237953011187033,2116,3353,1.9198297890095616e+16,120325223092480.0
1800,question_31_aime_Qwen3-14B_S4,4,1,1,1,1,0.0,0.2311980892534366,1513,4504,1.221631131844736e+16,76047526076160.0
1801,question_31_aime_Qwen3-14B_S2,2,1,1,1,1,0.0,0.051800433220598546,951,951,1.1289667384044544e+16,71174492847360.0
1802,question_31_aime_Qwen3-14B_S2,2,1,1,1,1,0.0,0.3330962413316704,1233,2389,7113304874714624.0,44583205010432.0
1803,question_31_aime_Qwen3-14B_S2,2,1,1,1,1,0.0,0.015562272486284877,1519,1519,9462482859568128.0,59294485433856.0
1804,question_31_aime_Qwen3-14B_S1,1,1,1,1,1,0.0,0.09011083982896498,2616,2616,1.2422341890879744e+16,78190081306368.0
1805,question_31_aime_Qwen3-14B_S1,1,1,1,1,1,0.0,0.46797292288808756,1611,1611,7623462305302016.0,48252420880384.0
1806,question_31_aime_Qwen3-14B_S1,1,1,1,1,1,0.0,0.5453633061175889,1008,1008,4748791149339648.0,30046626811392.0
1807,question_32_aime_Qwen3-14B_S64,64,1,1,1,1,0.0,0.08127976270197441,75,729,2819816176672768.0,14491020662272.0
1808,question_32_aime_Qwen3-14B_S64,64,1,1,1,1,0.0,0.08127976270197441,75,729,2819816176672768.0,14491020662272.0
1809,question_32_aime_Qwen3-14B_S64,64,1,1,1,1,0.0,0.08127976270197441,75,729,2819816176672768.0,14491020662272.0
1810,question_32_aime_Qwen3-14B_S32,32,1,1,1,1,0.0,0.06095227820410979,120,540,2516328311796992.0,14292408620544.0
1811,question_32_aime_Qwen3-14B_S32,32,1,1,1,1,0.0,0.08127976270197441,75,193,2500896641992448.0,14173770600960.0
1812,question_32_aime_Qwen3-14B_S32,32,1,1,1,1,0.0,0.08127976270197441,75,304,2064778905219072.0,11443810305536.0
1813,question_32_aime_Qwen3-14B_S16,16,1,1,1,1,0.0,0.06095227820410979,120,311,2177419376280064.0,13033061646080.0
1814,question_32_aime_Qwen3-14B_S16,16,1,1,1,1,0.0,0.05701625190508214,105,105,2078989831797760.0,12359550347264.0
1815,question_32_aime_Qwen3-14B_S16,16,1,1,1,1,0.0,0.04518255323784615,86,86,1578757408621568.0,9239137967872.0
1816,question_32_aime_Qwen3-14B_S8,8,1,1,1,1,0.0,0.06095227820410979,120,120,1696178500869888.0,10406066305024.0
1817,question_32_aime_Qwen3-14B_S8,8,1,1,1,1,0.0,0.03711105539343706,304,534,4371116834911232.0,26776411994368.0
1818,question_32_aime_Qwen3-14B_S8,8,1,1,1,1,0.0,0.03241341277773623,102,102,2272322252103680.0,13764328583168.0
1819,question_32_aime_Qwen3-14B_S4,4,1,1,1,1,0.0,0.08127976270197441,75,307,1059620840642560.0,6592950896640.0
1820,question_32_aime_Qwen3-14B_S4,4,1,1,1,1,0.0,0.08127976270197441,75,75,1278502296379392.0,7981433923328.0
1821,question_32_aime_Qwen3-14B_S4,4,1,1,1,1,0.0,0.018327501753483553,233,233,2706296593034496.0,16866612288512.0
1822,question_32_aime_Qwen3-14B_S2,2,1,1,1,1,0.0,0.03241341277773623,102,102,1481531566928896.0,9319847132160.0
1823,question_32_aime_Qwen3-14B_S2,2,1,1,1,1,0.0,0.018327501753483553,233,233,1747512868700928.0,10982267348480.0
1824,question_32_aime_Qwen3-14B_S2,2,1,1,1,1,0.0,0.055964781417496785,118,118,1234557891445760.0,7794984239360.0
1825,question_32_aime_Qwen3-14B_S1,1,1,1,1,1,0.0,0.044406719180526716,961,961,4530612895956224.0,28648155249408.0
1826,question_32_aime_Qwen3-14B_S1,1,1,1,1,1,0.0,0.19148003586571685,567,567,2696622681462528.0,16970720921344.0
1827,question_32_aime_Qwen3-14B_S1,1,1,1,1,1,0.0,0.049719125156109635,114,114,588414586445056.0,3706240914176.0
1828,question_33_aime_Qwen3-14B_S64,64,1,1,1,1,0.0,0.4976580202491099,717,1346,1.2441382461276928e+16,74816762211072.0
1829,question_33_aime_Qwen3-14B_S64,64,1,1,1,1,0.0,0.4976580202491099,717,1346,1.2441382461276928e+16,74816762211072.0
1830,question_33_aime_Qwen3-14B_S64,64,1,1,1,1,0.0,0.4976580202491099,717,1346,1.2441382461276928e+16,74816762211072.0
1831,question_33_aime_Qwen3-14B_S32,32,1,1,1,1,0.0,0.4976580202491099,717,1346,1.2015722236364544e+16,74301925169920.0
1832,question_33_aime_Qwen3-14B_S32,32,1,1,1,1,0.0,0.45304951663160853,629,629,1.1732879312819712e+16,72596220597504.0
1833,question_33_aime_Qwen3-14B_S32,32,1,1,1,1,0.0,0.6863043905071554,1332,3864,1.79690273613696e+16,108377485639168.0
1834,question_33_aime_Qwen3-14B_S16,16,1,1,1,1,0.0,0.45304951663160853,629,629,7412565692171008.0,45973452435968.0
1835,question_33_aime_Qwen3-14B_S16,16,1,1,1,1,0.0,0.23690824037567285,1225,1225,1.2636647832068608e+16,77710979091968.0
1836,question_33_aime_Qwen3-14B_S16,16,1,1,1,1,0.0,0.4976580202491099,717,717,9171687280421888.0,57178869229568.0
1837,question_33_aime_Qwen3-14B_S8,8,1,1,1,1,0.0,0.41956443424003825,1174,1174,9379884515824128.0,57661176262400.0
1838,question_33_aime_Qwen3-14B_S8,8,1,1,1,1,0.0,0.5568067095868307,1108,1108,1.159222744002432e+16,71574063009536.0
1839,question_33_aime_Qwen3-14B_S8,8,1,1,1,1,0.0,0.33913088392670415,1437,6391,1.4633113331172096e+16,90157751015168.0
1840,question_33_aime_Qwen3-14B_S4,4,1,1,1,1,0.0,0.45304951663160853,629,629,6227793808682752.0,39385633601792.0
1841,question_33_aime_Qwen3-14B_S4,4,1,1,1,1,0.0,0.4976580202491099,717,717,7801964258268416.0,49423800985856.0
1842,question_33_aime_Qwen3-14B_S4,4,1,1,1,1,0.0,0.4976580202491099,717,717,7103223007352064.0,45051537032704.0
1843,question_33_aime_Qwen3-14B_S2,2,1,1,1,1,0.0,0.15691133376229285,1224,1224,9055711687999744.0,56616620046848.0
1844,question_33_aime_Qwen3-14B_S2,2,1,1,1,1,0.0,0.6263886886011448,1071,2349,7706151264669184.0,48505615385344.0
1845,question_33_aime_Qwen3-14B_S2,2,1,1,1,1,1.0,0.8131995484073269,1194,1194,8410713431048192.0,52434017109504.0
1846,question_33_aime_Qwen3-14B_S1,1,1,1,1,1,0.0,0.7844174977594989,1168,1168,5591427228981760.0,35164376041728.0
1847,question_33_aime_Qwen3-14B_S1,1,1,1,1,1,0.0,0.3751877849967724,1449,1449,7125115361587200.0,45089869391104.0
1848,question_33_aime_Qwen3-14B_S1,1,1,1,1,1,0.0,0.5025081014371113,1401,1401,6869752429937920.0,43407587640320.0
1849,question_34_aime_Qwen3-14B_S64,64,1,1,1,1,0.0,0.19157635482071844,132,383,3296292252748800.0,16998258080000.0
1850,question_34_aime_Qwen3-14B_S64,64,1,1,1,1,0.0,0.19157635482071844,132,383,3296292252748800.0,16998258080000.0
1851,question_34_aime_Qwen3-14B_S64,64,1,1,1,1,0.0,0.19157635482071844,132,383,3296292252748800.0,16998258080000.0
1852,question_34_aime_Qwen3-14B_S32,32,1,1,1,1,0.0,0.19157635482071844,132,316,2860365240417024.0,16286937524480.0
1853,question_34_aime_Qwen3-14B_S32,32,1,1,1,1,0.0,0.311879394716275,429,3835,5742936748665344.0,32223302525952.0
1854,question_34_aime_Qwen3-14B_S32,32,1,1,1,1,0.0,0.11754302278411347,67,67,2771779948471552.0,15651103527680.0
1855,question_34_aime_Qwen3-14B_S16,16,1,1,1,1,0.0,0.07826197737765414,184,184,2901004883033856.0,17356737679872.0
1856,question_34_aime_Qwen3-14B_S16,16,1,1,1,1,0.0,0.16470609704158704,280,1356,5233257558714112.0,31182143613440.0
1857,question_34_aime_Qwen3-14B_S16,16,1,1,1,1,0.0,0.2793040340734099,317,2191,5669013413310720.0,33862029428224.0
1858,question_34_aime_Qwen3-14B_S8,8,1,1,1,1,0.0,0.311879394716275,429,1746,4462753578236160.0,27199224241408.0
1859,question_34_aime_Qwen3-14B_S8,8,1,1,1,1,0.0,0.23876046744916624,399,1968,5334243665870592.0,32503946523904.0
1860,question_34_aime_Qwen3-14B_S8,8,1,1,1,1,0.0,0.21491355153455938,309,1438,3545538928266752.0,21587610299648.0
1861,question_34_aime_Qwen3-14B_S4,4,1,1,1,1,0.0,0.11754302278411347,67,67,1501782717181184.0,9402880612096.0
1862,question_34_aime_Qwen3-14B_S4,4,1,1,1,1,0.0,0.07826197737765414,184,184,2085153751722752.0,13076981490944.0
1863,question_34_aime_Qwen3-14B_S4,4,1,1,1,1,0.0,0.15091949509562785,396,680,3172810196862464.0,19777411309568.0
1864,question_34_aime_Qwen3-14B_S2,2,1,1,1,1,0.0,0.05389528836165898,400,400,2928669820681728.0,18455470090752.0
1865,question_34_aime_Qwen3-14B_S2,2,1,1,1,1,0.0,0.11754302278411347,67,67,980221051993600.0,6196313017088.0
1866,question_34_aime_Qwen3-14B_S2,2,1,1,1,1,0.0,0.149004485455667,386,1124,3749807922701824.0,23593587481344.0
1867,question_34_aime_Qwen3-14B_S1,1,1,1,1,1,0.0,0.14932185205626078,537,537,2536506207302400.0,16050016000256.0
1868,question_34_aime_Qwen3-14B_S1,1,1,1,1,1,0.0,0.2626579532637558,589,589,2788728524517632.0,17610617764608.0
1869,question_34_aime_Qwen3-14B_S1,1,1,1,1,1,0.0,0.08981835897062855,390,390,1848022119260160.0,11691424735744.0
1870,question_35_aime_Qwen3-14B_S64,64,1,1,1,1,0.0,0.4756678247450417,605,6546,2.0319199865223936e+16,120893567825408.0
1871,question_35_aime_Qwen3-14B_S64,64,1,1,1,1,0.0,0.4756678247450417,605,6546,2.0319199865223936e+16,120893567825408.0
1872,question_35_aime_Qwen3-14B_S64,64,1,1,1,1,0.0,0.4756678247450417,605,6546,2.0319199865223936e+16,120893567825408.0
1873,question_35_aime_Qwen3-14B_S32,32,1,1,1,1,0.0,0.4756678247450417,605,3424,1.291941412469376e+16,77568304287488.0
1874,question_35_aime_Qwen3-14B_S32,32,1,1,1,1,0.0,0.4756678247450417,605,5424,1.946263807628928e+16,119200280266240.0
1875,question_35_aime_Qwen3-14B_S32,32,1,1,1,1,0.0,0.4756678247450417,605,3540,1.6731384622983168e+16,102106079595520.0
1876,question_35_aime_Qwen3-14B_S16,16,1,1,1,1,0.0,0.0,0,0,8607956264514304.0,53385414576896.0
1877,question_35_aime_Qwen3-14B_S16,16,1,1,1,1,0.0,0.4756678247450417,605,1388,1.2369451850800896e+16,77269653694208.0
1878,question_35_aime_Qwen3-14B_S16,16,1,1,1,1,0.0,0.4756678247450417,605,1131,1.0830814071398144e+16,67274769775360.0
1879,question_35_aime_Qwen3-14B_S8,8,1,1,1,1,0.0,0.42400337315249,187,187,1.183293694638976e+16,74812255828480.0
1880,question_35_aime_Qwen3-14B_S8,8,1,1,1,1,0.0,0.33250163969641083,596,596,1.136032712377728e+16,71290349487872.0
1881,question_35_aime_Qwen3-14B_S8,8,1,1,1,1,0.0,0.42280906800278156,1697,1697,9789711612899328.0,61292710847744.0
1882,question_35_aime_Qwen3-14B_S4,4,1,1,1,1,0.0,0.0,0,0,5698284718901248.0,35954546101504.0
1883,question_35_aime_Qwen3-14B_S4,4,1,1,1,1,0.0,0.0,0,0,6547899907970048.0,41347152580864.0
1884,question_35_aime_Qwen3-14B_S4,4,1,1,1,1,0.0,0.38641983527507406,766,766,7579198923606784.0,47842933058816.0
1885,question_35_aime_Qwen3-14B_S2,2,1,1,1,1,1.0,0.8126842466104522,1031,1031,7372557275857408.0,45966426130176.0
1886,question_35_aime_Qwen3-14B_S2,2,1,1,1,1,0.0,0.705928111047723,941,941,5615979602393088.0,35457437073920.0
1887,question_35_aime_Qwen3-14B_S2,2,1,1,1,1,0.0,0.0,0,0,5931357342370304.0,37692480179200.0
1888,question_35_aime_Qwen3-14B_S1,1,1,1,1,1,0.0,0.29457911261066855,400,400,8705365007986176.0,55348343562240.0
1889,question_35_aime_Qwen3-14B_S1,1,1,1,1,1,1.0,0.7517619644328015,1431,1431,6907254005215744.0,43119997281280.0
1890,question_35_aime_Qwen3-14B_S1,1,1,1,1,1,0.0,0.5547445782482808,1346,1346,6639417696686080.0,41893538059264.0
1891,question_36_aime_Qwen3-14B_S64,64,1,1,1,1,0.0,0.15864825520807893,552,552,5468930366611712.0,29775318840064.0
1892,question_36_aime_Qwen3-14B_S64,64,1,1,1,1,0.0,0.15864825520807893,552,552,5468930366611712.0,29775318840064.0
1893,question_36_aime_Qwen3-14B_S64,64,1,1,1,1,0.0,0.15864825520807893,552,552,5468930366611712.0,29775318840064.0
1894,question_36_aime_Qwen3-14B_S32,32,1,1,1,1,0.0,0.4550969314521198,919,1583,9619875594361088.0,54562254230016.0
1895,question_36_aime_Qwen3-14B_S32,32,1,1,1,1,0.0,0.15864825520807893,552,552,4988815146827008.0,29269822309120.0
1896,question_36_aime_Qwen3-14B_S32,32,1,1,1,1,0.0,0.4550969314521198,919,3577,1.1175138057223168e+16,64378030811904.0
1897,question_36_aime_Qwen3-14B_S16,16,1,1,1,1,0.0,0.15864825520807893,552,552,4551422595562752.0,27788759419392.0
1898,question_36_aime_Qwen3-14B_S16,16,1,1,1,1,0.0,0.15864825520807893,552,552,4669454846857472.0,28533277131520.0
1899,question_36_aime_Qwen3-14B_S16,16,1,1,1,1,0.0,0.15864825520807893,552,552,4550841326678528.0,27767447668992.0
1900,question_36_aime_Qwen3-14B_S8,8,1,1,1,1,0.0,0.015061497312247832,664,664,6616657102904576.0,40110012618752.0
1901,question_36_aime_Qwen3-14B_S8,8,1,1,1,1,0.0,0.43184104288098213,917,3031,6970547509705472.0,42223593868288.0
1902,question_36_aime_Qwen3-14B_S8,8,1,1,1,1,0.0,0.24604060448714668,853,1437,7317761575409152.0,44435373008640.0
1903,question_36_aime_Qwen3-14B_S4,4,1,1,1,1,0.0,0.05242027869565569,475,1102,5673797394513920.0,35175857125376.0
1904,question_36_aime_Qwen3-14B_S4,4,1,1,1,1,0.0,0.03628818093510728,658,658,7923441983482368.0,48898985390336.0
1905,question_36_aime_Qwen3-14B_S4,4,1,1,1,1,0.0,0.33800116621770276,423,862,3652213697366528.0,22711317003520.0
1906,question_36_aime_Qwen3-14B_S2,2,1,1,1,1,0.0,0.6232355538033634,823,823,7559895151280640.0,47492283020544.0
1907,question_36_aime_Qwen3-14B_S2,2,1,1,1,1,0.0,0.33800116621770276,423,423,3396279422667264.0,21405660009216.0
1908,question_36_aime_Qwen3-14B_S2,2,1,1,1,1,0.0,0.1316768294622137,616,1617,5614518012264448.0,35293659750144.0
1909,question_36_aime_Qwen3-14B_S1,1,1,1,1,1,0.0,0.08073668972534984,913,913,4357200283369472.0,27527306411264.0
1910,question_36_aime_Qwen3-14B_S1,1,1,1,1,1,0.0,0.3657113357010494,722,722,3424545798541056.0,21712682555904.0
1911,question_36_aime_Qwen3-14B_S1,1,1,1,1,1,0.0,0.33800116621770276,423,423,2038266596688896.0,12902659927808.0
1912,question_37_aime_Qwen3-14B_S64,64,1,1,1,1,0.0,0.4087570912257809,1522,2369,3.386036779226752e+16,208755866852096.0
1913,question_37_aime_Qwen3-14B_S64,64,1,1,1,1,0.0,0.4087570912257809,1522,2369,3.386036779226752e+16,208755866852096.0
1914,question_37_aime_Qwen3-14B_S64,64,1,1,1,1,0.0,0.4087570912257809,1522,2369,3.386036779226752e+16,208755866852096.0
1915,question_37_aime_Qwen3-14B_S32,32,1,1,1,1,0.0,0.4087570912257809,1522,1648,2.0229738999074304e+16,125426405595136.0
1916,question_37_aime_Qwen3-14B_S32,32,1,1,1,1,0.0,0.043326272377221635,126,847,2.161433483362765e+16,134702640175872.0
1917,question_37_aime_Qwen3-14B_S32,32,1,1,1,1,0.0,0.4087570912257809,1522,2369,3.3118500771888896e+16,207512818150144.0
1918,question_37_aime_Qwen3-14B_S16,16,1,1,1,1,0.0,0.4087570912257809,1522,1648,2.680325120581069e+16,168838054082816.0
1919,question_37_aime_Qwen3-14B_S16,16,1,1,1,1,0.0,0.02499722382511269,721,721,1.7994536464706816e+16,112577772144384.0
1920,question_37_aime_Qwen3-14B_S16,16,1,1,1,1,0.0,0.0,0,0,2.1375930135168e+16,134392798210816.0
1921,question_37_aime_Qwen3-14B_S8,8,1,1,1,1,0.0,0.0,0,0,7916716577351680.0,49680560535040.0
1922,question_37_aime_Qwen3-14B_S8,8,1,1,1,1,0.0,0.043326272377221635,126,126,1.3128971349731328e+16,82748666158848.0
1923,question_37_aime_Qwen3-14B_S8,8,1,1,1,1,0.0,0.043326272377221635,126,126,1.7765715847996928e+16,112286398458880.0
1924,question_37_aime_Qwen3-14B_S4,4,1,1,1,1,0.0,0.17081933286425577,681,2029,1.160436317858048e+16,73045895569152.0
1925,question_37_aime_Qwen3-14B_S4,4,1,1,1,1,0.0,0.07728762076233252,528,528,6552309061389056.0,41082182845696.0
1926,question_37_aime_Qwen3-14B_S4,4,1,1,1,1,1.0,0.8277127212733967,1321,1321,9382819354295296.0,59085848529408.0
1927,question_37_aime_Qwen3-14B_S2,2,1,1,1,1,0.0,0.6270714644878016,1210,1210,6098464528547328.0,38675937683200.0
1928,question_37_aime_Qwen3-14B_S2,2,1,1,1,1,0.0,0.0,0,0,8908210734949120.0,56616153639168.0
1929,question_37_aime_Qwen3-14B_S2,2,1,1,1,1,1.0,0.5401961516938553,2019,2019,1.250576777190272e+16,79101395137536.0
1930,question_37_aime_Qwen3-14B_S1,1,1,1,1,1,1.0,0.7117761256990052,1276,1276,6033035602395648.0,38220103750144.0
1931,question_37_aime_Qwen3-14B_S1,1,1,1,1,1,1.0,0.7026278796836994,1467,1467,6962289321499904.0,43991669752064.0
1932,question_37_aime_Qwen3-14B_S1,1,1,1,1,1,0.0,0.23562654729302276,2317,2317,1.0902431739732736e+16,69228830797056.0
1933,question_38_aime_Qwen3-14B_S64,64,1,1,1,1,0.0,0.09278942315094971,205,1841,5645701533886720.0,32242594568448.0
1934,question_38_aime_Qwen3-14B_S64,64,1,1,1,1,0.0,0.09278942315094971,205,1841,5645701533886720.0,32242594568448.0
1935,question_38_aime_Qwen3-14B_S64,64,1,1,1,1,0.0,0.09278942315094971,205,1841,5645701533886720.0,32242594568448.0
1936,question_38_aime_Qwen3-14B_S32,32,1,1,1,1,0.0,0.09278942315094971,205,1312,4964248248643584.0,29823440404480.0
1937,question_38_aime_Qwen3-14B_S32,32,1,1,1,1,0.0,0.09157563692755565,372,1636,5055491959252992.0,30417371173888.0
1938,question_38_aime_Qwen3-14B_S32,32,1,1,1,1,0.0,0.04738330298691561,364,963,4539495772909312.0,26689195759104.0
1939,question_38_aime_Qwen3-14B_S16,16,1,1,1,1,0.0,0.03442551479044644,371,371,4091498415369216.0,24789477182464.0
1940,question_38_aime_Qwen3-14B_S16,16,1,1,1,1,0.0,0.04031816078839673,312,683,4725068565338112.0,28836326102272.0
1941,question_38_aime_Qwen3-14B_S16,16,1,1,1,1,0.0,0.04738330298691561,364,735,2923862575713280.0,17736211222016.0
1942,question_38_aime_Qwen3-14B_S8,8,1,1,1,1,0.0,0.09278942315094971,205,205,2442777053376000.0,15140464633856.0
1943,question_38_aime_Qwen3-14B_S8,8,1,1,1,1,0.0,0.014328273121553678,198,198,3479216525414656.0,21480740053760.0
1944,question_38_aime_Qwen3-14B_S8,8,1,1,1,1,0.0,0.14443479844098822,505,1034,5930459584846592.0,36866532383488.0
1945,question_38_aime_Qwen3-14B_S4,4,1,1,1,1,0.0,0.030799211437028556,456,456,4326469424113408.0,26993418627328.0
1946,question_38_aime_Qwen3-14B_S4,4,1,1,1,1,0.0,0.020626131591254995,810,810,5191204961874944.0,32574221632000.0
1947,question_38_aime_Qwen3-14B_S4,4,1,1,1,1,0.0,0.014328273121553678,198,198,2488061722407168.0,15574474312960.0
1948,question_38_aime_Qwen3-14B_S2,2,1,1,1,1,0.0,0.09157563692755565,372,372,2306252008274688.0,14629092947456.0
1949,question_38_aime_Qwen3-14B_S2,2,1,1,1,1,0.0,0.0307529422937432,684,684,4248861321487872.0,26906922179584.0
1950,question_38_aime_Qwen3-14B_S2,2,1,1,1,1,0.0,0.029194275400764906,407,407,2983720364083968.0,18829202350336.0
1951,question_38_aime_Qwen3-14B_S1,1,1,1,1,1,0.0,0.04031816078839673,312,312,1478392416034560.0,9365161478144.0
1952,question_38_aime_Qwen3-14B_S1,1,1,1,1,1,0.0,0.11276897302899096,1367,1367,6478170505372928.0,40774676671488.0
1953,question_38_aime_Qwen3-14B_S1,1,1,1,1,1,0.0,0.09469090412332276,936,936,4443535105519872.0,27997596346368.0
1954,question_39_aime_Qwen3-14B_S64,64,1,1,1,1,0.0,0.21403925854839073,136,2815,2377781638140416.0,11987401846528.0
1955,question_39_aime_Qwen3-14B_S64,64,1,1,1,1,0.0,0.21403925854839073,136,2815,2377781638140416.0,11987401846528.0
1956,question_39_aime_Qwen3-14B_S64,64,1,1,1,1,0.0,0.21403925854839073,136,2815,2377781638140416.0,11987401846528.0
1957,question_39_aime_Qwen3-14B_S32,32,1,1,1,1,0.0,0.21403925854839073,136,1857,2033752674664960.0,11468090402048.0
1958,question_39_aime_Qwen3-14B_S32,32,1,1,1,1,0.0,0.19765176153200978,102,1505,2513765516065024.0,14204436328960.0
1959,question_39_aime_Qwen3-14B_S32,32,1,1,1,1,0.0,0.21403925854839073,136,1526,2020487989419008.0,11355652489472.0
1960,question_39_aime_Qwen3-14B_S16,16,1,1,1,1,0.0,0.12907165776967874,75,338,1470013759718144.0,8596357252864.0
1961,question_39_aime_Qwen3-14B_S16,16,1,1,1,1,0.0,0.21403925854839073,136,845,1583403055155968.0,9354976420096.0
1962,question_39_aime_Qwen3-14B_S16,16,1,1,1,1,0.0,0.18044417459922707,107,787,2143968416210688.0,12831495411712.0
1963,question_39_aime_Qwen3-14B_S8,8,1,1,1,1,0.0,0.05994659231119683,163,365,1392848187198976.0,8513621419520.0
1964,question_39_aime_Qwen3-14B_S8,8,1,1,1,1,0.0,0.18331568951682375,106,468,1468294543290880.0,9011411617536.0
1965,question_39_aime_Qwen3-14B_S8,8,1,1,1,1,0.0,0.18044417459922707,107,436,1383157398207232.0,8424625100032.0
1966,question_39_aime_Qwen3-14B_S4,4,1,1,1,1,0.0,0.18331568951682375,106,292,1284295697321984.0,8017178822656.0
1967,question_39_aime_Qwen3-14B_S4,4,1,1,1,1,0.0,0.18331568951682375,106,106,1447077663451648.0,8975753918976.0
1968,question_39_aime_Qwen3-14B_S4,4,1,1,1,1,0.0,0.18052716991352977,128,370,1208073869427968.0,7513794615040.0
1969,question_39_aime_Qwen3-14B_S2,2,1,1,1,1,0.0,0.11888143069704712,106,264,910934805489664.0,5726041495808.0
1970,question_39_aime_Qwen3-14B_S2,2,1,1,1,1,0.0,0.0074862016078049674,111,111,846476778341632.0,5313932061952.0
1971,question_39_aime_Qwen3-14B_S2,2,1,1,1,1,0.0,0.1160117367900097,80,332,1272584839133696.0,8011170535936.0
1972,question_39_aime_Qwen3-14B_S1,1,1,1,1,1,0.0,0.07048901794155985,444,444,2113412945070592.0,13331825277696.0
1973,question_39_aime_Qwen3-14B_S1,1,1,1,1,1,0.0,0.36295516184103643,239,239,1143885598888960.0,7215189725952.0
1974,question_39_aime_Qwen3-14B_S1,1,1,1,1,1,0.0,0.10469575269166834,100,100,491495181435136.0,3089011507200.0
1975,question_4_aime_Qwen3-14B_S64,64,1,1,1,1,0.0,0.024640473924326167,732,732,2.217630341597875e+16,136268503338240.0
1976,question_4_aime_Qwen3-14B_S64,64,1,1,1,1,0.0,0.024640473924326167,732,732,2.217630341597875e+16,136268503338240.0
1977,question_4_aime_Qwen3-14B_S64,64,1,1,1,1,0.0,0.024640473924326167,732,732,2.217630341597875e+16,136268503338240.0
1978,question_4_aime_Qwen3-14B_S32,32,1,1,1,1,0.0,0.0,0,0,1.509944958890624e+16,93879314987776.0
1979,question_4_aime_Qwen3-14B_S32,32,1,1,1,1,0.0,0.024640473924326167,732,732,1.7105970625622016e+16,106674956113408.0
1980,question_4_aime_Qwen3-14B_S32,32,1,1,1,1,0.0,0.0,0,0,6781715149428224.0,41052420304640.0
1981,question_4_aime_Qwen3-14B_S16,16,1,1,1,1,0.0,0.03217761375664714,2338,2338,1.5411353867799552e+16,95720881278208.0
1982,question_4_aime_Qwen3-14B_S16,16,1,1,1,1,0.0,0.024640473924326167,732,732,1.4504826932573696e+16,90982628118784.0
1983,question_4_aime_Qwen3-14B_S16,16,1,1,1,1,0.0,0.03217761375664714,2338,2338,1.5385769499949056e+16,95847520257280.0
1984,question_4_aime_Qwen3-14B_S8,8,1,1,1,1,0.0,0.30389545442841526,1522,1522,1.1808725258816512e+16,72139709855488.0
1985,question_4_aime_Qwen3-14B_S8,8,1,1,1,1,0.0,0.04347544228958361,1740,1740,1.22407133569216e+16,75855166575616.0
1986,question_4_aime_Qwen3-14B_S8,8,1,1,1,1,0.0,0.0,0,0,4281737393051648.0,26784385153792.0
1987,question_4_aime_Qwen3-14B_S4,4,1,1,1,1,0.0,0.6205643416950605,2264,4190,1.9451847612724224e+16,120329940559104.0
1988,question_4_aime_Qwen3-14B_S4,4,1,1,1,1,0.0,0.0685069666735366,1966,1966,1.3265518105544192e+16,82497168481280.0
1989,question_4_aime_Qwen3-14B_S4,4,1,1,1,1,0.0,0.4979697875494984,1527,1527,1.0900496257096192e+16,68063163071488.0
1990,question_4_aime_Qwen3-14B_S2,2,1,1,1,1,0.0,0.6861430785175072,1936,4223,1.3067238739913216e+16,81729359584000.0
1991,question_4_aime_Qwen3-14B_S2,2,1,1,1,1,0.0,0.07859385136134474,1941,1941,1.1667715115401728e+16,73394839255040.0
1992,question_4_aime_Qwen3-14B_S2,2,1,1,1,1,0.0,0.03217761375664714,2338,2338,1.3597119829727488e+16,86358644933376.0
1993,question_4_aime_Qwen3-14B_S1,1,1,1,1,1,0.0,0.07347464195844064,1814,1814,8651907946842368.0,54358176808448.0
1994,question_4_aime_Qwen3-14B_S1,1,1,1,1,1,0.0,0.4012096994797523,2544,2544,1.205795456926848e+16,76032015628288.0
1995,question_4_aime_Qwen3-14B_S1,1,1,1,1,1,0.0,0.4979697875494984,1527,1527,7203746861741568.0,45684273617664.0
1996,question_40_aime_Qwen3-14B_S64,64,1,1,1,1,0.0,0.1206197701142307,89,7103,3584838767948288.0,19404789999616.0
1997,question_40_aime_Qwen3-14B_S64,64,1,1,1,1,0.0,0.1206197701142307,89,7103,3584838767948288.0,19404789999616.0
1998,question_40_aime_Qwen3-14B_S64,64,1,1,1,1,0.0,0.1206197701142307,89,7103,3584838767948288.0,19404789999616.0
1999,question_40_aime_Qwen3-14B_S32,32,1,1,1,1,0.0,0.1206197701142307,89,3123,3246473445206016.0,18831037427200.0
2000,question_40_aime_Qwen3-14B_S32,32,1,1,1,1,0.0,0.1206197701142307,89,3901,2996344643366400.0,17236304283648.0
2001,question_40_aime_Qwen3-14B_S32,32,1,1,1,1,0.0,0.042396258607638335,220,3857,2957473247603200.0,17150262105088.0
2002,question_40_aime_Qwen3-14B_S16,16,1,1,1,1,0.0,0.1206197701142307,89,1342,2406123352156416.0,14588412535296.0
2003,question_40_aime_Qwen3-14B_S16,16,1,1,1,1,0.0,0.05882645937946283,69,1365,2702284147754496.0,16482227118592.0
2004,question_40_aime_Qwen3-14B_S16,16,1,1,1,1,0.0,0.043626952598855025,303,2186,3283814664302848.0,19988680767744.0
2005,question_40_aime_Qwen3-14B_S8,8,1,1,1,1,0.0,0.025765681559743746,86,909,2362559984342016.0,14612906599936.0
2006,question_40_aime_Qwen3-14B_S8,8,1,1,1,1,0.0,0.01758625600560123,222,1311,2245194569238016.0,13875722545920.0
2007,question_40_aime_Qwen3-14B_S8,8,1,1,1,1,0.0,0.01798374241352088,140,866,2369215252685824.0,14621794162176.0
2008,question_40_aime_Qwen3-14B_S4,4,1,1,1,1,0.0,0.03767925291175996,121,729,1388395331425792.0,8637862206208.0
2009,question_40_aime_Qwen3-14B_S4,4,1,1,1,1,0.0,0.011048012285385099,124,592,1829602032837632.0,11400066636288.0
2010,question_40_aime_Qwen3-14B_S4,4,1,1,1,1,0.0,0.03538225473472168,111,111,1831085069945856.0,11423538494208.0
2011,question_40_aime_Qwen3-14B_S2,2,1,1,1,1,0.0,0.017026760056149972,151,300,909439336148480.0,5692571207168.0
2012,question_40_aime_Qwen3-14B_S2,2,1,1,1,1,0.0,0.015209147552846735,654,1074,3764852528573952.0,23730936530944.0
2013,question_40_aime_Qwen3-14B_S2,2,1,1,1,1,0.0,0.010414410931680166,175,175,1461648611763456.0,9215864795392.0
2014,question_40_aime_Qwen3-14B_S1,1,1,1,1,1,0.0,0.011579731094640259,149,149,758610390596608.0,4771130160896.0
2015,question_40_aime_Qwen3-14B_S1,1,1,1,1,1,0.0,0.010686294229297932,222,222,1167850756508160.0,7375032049408.0
2016,question_40_aime_Qwen3-14B_S1,1,1,1,1,1,0.0,0.013928845945748756,217,217,1037651545844736.0,6546434249472.0
2017,question_41_aime_Qwen3-14B_S64,64,1,1,1,1,0.0,0.43280102923906544,998,1446,9729651988435712.0,57569461859584.0
2018,question_41_aime_Qwen3-14B_S64,64,1,1,1,1,0.0,0.43280102923906544,998,1446,9729651988435712.0,57569461859584.0
2019,question_41_aime_Qwen3-14B_S64,64,1,1,1,1,0.0,0.43280102923906544,998,1446,9729651988435712.0,57569461859584.0
2020,question_41_aime_Qwen3-14B_S32,32,1,1,1,1,0.0,0.43280102923906544,998,998,9794624851399168.0,58993160025856.0
2021,question_41_aime_Qwen3-14B_S32,32,1,1,1,1,0.0,0.43280102923906544,998,1446,9369751216344320.0,57164481471744.0
2022,question_41_aime_Qwen3-14B_S32,32,1,1,1,1,0.0,0.009831322706476886,448,448,9267141242727680.0,56936105936128.0
2023,question_41_aime_Qwen3-14B_S16,16,1,1,1,1,0.0,0.0,0,0,6825932547069696.0,42478275483136.0
2024,question_41_aime_Qwen3-14B_S16,16,1,1,1,1,0.0,0.0,0,0,7050610147836672.0,43991117884160.0
2025,question_41_aime_Qwen3-14B_S16,16,1,1,1,1,0.0,0.3198774765903033,844,844,1.0425718371945216e+16,62012804122624.0
2026,question_41_aime_Qwen3-14B_S8,8,1,1,1,1,0.0,0.43280102923906544,998,998,5901036076228864.0,37026635878912.0
2027,question_41_aime_Qwen3-14B_S8,8,1,1,1,1,0.0,0.3857700612161535,1599,4267,1.1263574155640832e+16,69187860067840.0
2028,question_41_aime_Qwen3-14B_S8,8,1,1,1,1,0.0,0.0,0,0,5301640664069376.0,33353310210304.0
2029,question_41_aime_Qwen3-14B_S4,4,1,1,1,1,0.0,0.07548927507345819,552,552,5353620456097792.0,33259411358208.0
2030,question_41_aime_Qwen3-14B_S4,4,1,1,1,1,0.0,0.396734910141334,743,743,6551078161367296.0,40619080052224.0
2031,question_41_aime_Qwen3-14B_S4,4,1,1,1,1,0.0,0.396734910141334,743,1616,6748468045142016.0,41960927235072.0
2032,question_41_aime_Qwen3-14B_S2,2,1,1,1,1,0.0,0.3855629479614336,1072,1072,6092830195056896.0,38302775397632.0
2033,question_41_aime_Qwen3-14B_S2,2,1,1,1,1,0.0,0.2648051041565145,723,723,4914651539562496.0,30809044613632.0
2034,question_41_aime_Qwen3-14B_S2,2,1,1,1,1,1.0,0.6048148418496619,2068,2068,1.1259226666182912e+16,70337640427264.0
2035,question_41_aime_Qwen3-14B_S1,1,1,1,1,1,0.0,0.3513360309651755,1108,1108,5262893541862912.0,33232574754560.0
2036,question_41_aime_Qwen3-14B_S1,1,1,1,1,1,0.0,0.02790450621483416,867,867,5033124297526784.0,31807730056960.0
2037,question_41_aime_Qwen3-14B_S1,1,1,1,1,1,0.0,0.09580736955316617,2305,2305,1.10368092036736e+16,69119676326656.0
2038,question_42_aime_Qwen3-14B_S64,64,1,1,1,1,0.0,0.3806642591074788,66,3061,3124851663730944.0,17225660479232.0
2039,question_42_aime_Qwen3-14B_S64,64,1,1,1,1,0.0,0.3806642591074788,66,3061,3124851663730944.0,17225660479232.0
2040,question_42_aime_Qwen3-14B_S64,64,1,1,1,1,0.0,0.3806642591074788,66,3061,3124851663730944.0,17225660479232.0
2041,question_42_aime_Qwen3-14B_S32,32,1,1,1,1,0.0,0.32440344879571614,86,1316,2377804185881600.0,13831385385216.0
2042,question_42_aime_Qwen3-14B_S32,32,1,1,1,1,0.0,0.3806642591074788,66,1426,2460942767571456.0,14365466503936.0
2043,question_42_aime_Qwen3-14B_S32,32,1,1,1,1,0.0,0.3806642591074788,66,1232,2898290482080000.0,17069965854208.0
2044,question_42_aime_Qwen3-14B_S16,16,1,1,1,1,0.0,0.3806642591074788,66,807,2601961487123712.0,15879698268160.0
2045,question_42_aime_Qwen3-14B_S16,16,1,1,1,1,0.0,0.3219699623771075,88,593,1999496839805696.0,12054238699264.0
2046,question_42_aime_Qwen3-14B_S16,16,1,1,1,1,0.0,0.3806642591074788,66,785,1975605865786112.0,11960181738496.0
2047,question_42_aime_Qwen3-14B_S8,8,1,1,1,1,0.0,0.3219699623771075,88,425,1695255725356032.0,10506667133952.0
2048,question_42_aime_Qwen3-14B_S8,8,1,1,1,1,0.0,0.35485363075185133,80,377,1833279941817856.0,11365672540416.0
2049,question_42_aime_Qwen3-14B_S8,8,1,1,1,1,0.0,0.22122554548245282,70,413,2441017446739200.0,15167537789696.0
2050,question_42_aime_Qwen3-14B_S4,4,1,1,1,1,0.0,0.28439013169272415,79,268,1169135945940480.0,7326396768512.0
2051,question_42_aime_Qwen3-14B_S4,4,1,1,1,1,0.0,0.32172106715506993,80,165,1111372554023424.0,6942993175552.0
2052,question_42_aime_Qwen3-14B_S4,4,1,1,1,1,0.0,0.20573228184127224,96,178,1660192232842752.0,10434395945472.0
2053,question_42_aime_Qwen3-14B_S2,2,1,1,1,1,0.0,0.2598405400646029,97,186,512940117276160.0,3205529711104.0
2054,question_42_aime_Qwen3-14B_S2,2,1,1,1,1,0.0,0.35485363075185133,80,152,641495889599488.0,4034505990144.0
2055,question_42_aime_Qwen3-14B_S2,2,1,1,1,1,0.0,0.15577609911095663,269,378,1370176067590400.0,8632017871104.0
2056,question_42_aime_Qwen3-14B_S1,1,1,1,1,1,0.0,0.28971969507010664,100,100,521875774441728.0,3291577046272.0
2057,question_42_aime_Qwen3-14B_S1,1,1,1,1,1,0.0,0.36462265136074706,70,70,377659469623296.0,2374678119936.0
2058,question_42_aime_Qwen3-14B_S1,1,1,1,1,1,0.0,0.17644754075556215,209,209,1001690959218432.0,6324399379712.0
2059,question_43_aime_Qwen3-14B_S64,64,1,1,1,1,1.0,0.5087584312541513,1289,3823,1.5938967315328512e+16,83939015691264.0
2060,question_43_aime_Qwen3-14B_S64,64,1,1,1,1,1.0,0.018203791413620565,961,961,1.5938967315328512e+16,83939015691264.0
2061,question_43_aime_Qwen3-14B_S64,64,1,1,1,1,1.0,0.5087584312541513,1289,3028,1.5938967315328512e+16,83939015691264.0
2062,question_43_aime_Qwen3-14B_S32,32,1,1,1,1,1.0,0.5087584312541513,1289,2869,1.3759138503000576e+16,79059437446400.0
2063,question_43_aime_Qwen3-14B_S32,32,1,1,1,1,1.0,0.3300754344517256,619,2358,1.1358508309670144e+16,63577561594368.0
2064,question_43_aime_Qwen3-14B_S32,32,1,1,1,1,1.0,0.5087584312541513,1289,3028,1.4438721794536704e+16,82586218072064.0
2065,question_43_aime_Qwen3-14B_S16,16,1,1,1,1,1.0,0.2123043864791459,1213,2288,1.333272042162816e+16,78200524538624.0
2066,question_43_aime_Qwen3-14B_S16,16,1,1,1,1,1.0,0.5087584312541513,1289,2364,1.4505546058406144e+16,86833048898304.0
2067,question_43_aime_Qwen3-14B_S16,16,1,1,1,1,0.0,0.3300754344517256,619,1397,8519271074266624.0,50070986304512.0
2068,question_43_aime_Qwen3-14B_S8,8,1,1,1,1,0.0,0.4771764747596494,1089,3950,1.226523163974528e+16,74410541632768.0
2069,question_43_aime_Qwen3-14B_S8,8,1,1,1,1,1.0,0.5087584312541513,1289,3169,1.0944374963475968e+16,67178224807936.0
2070,question_43_aime_Qwen3-14B_S8,8,1,1,1,1,1.0,0.3300754344517256,619,1580,8055541912187392.0,49293041582848.0
2071,question_43_aime_Qwen3-14B_S4,4,1,1,1,1,1.0,0.030674114495536666,1075,1075,9043680169534976.0,56117395516672.0
2072,question_43_aime_Qwen3-14B_S4,4,1,1,1,1,0.0,0.2661364556120972,795,1761,7646583533227520.0,47509826877184.0
2073,question_43_aime_Qwen3-14B_S4,4,1,1,1,1,0.0,0.583837244238932,1178,2307,1.0918046829681152e+16,67664767920384.0
2074,question_43_aime_Qwen3-14B_S2,2,1,1,1,1,0.0,0.48892874957445565,805,805,6337963329904640.0,39743346170880.0
2075,question_43_aime_Qwen3-14B_S2,2,1,1,1,1,0.0,0.24161785137992314,859,859,8097219541152000.0,50966055814144.0
2076,question_43_aime_Qwen3-14B_S2,2,1,1,1,1,0.0,0.2914281663944415,1129,2342,7584760476649216.0,47574626838272.0
2077,question_43_aime_Qwen3-14B_S1,1,1,1,1,1,0.0,0.1427328621474274,2861,2861,1.3792901893661184e+16,86549082732032.0
2078,question_43_aime_Qwen3-14B_S1,1,1,1,1,1,0.0,0.3390223399134873,822,822,3915379097426944.0,24708587446272.0
2079,question_43_aime_Qwen3-14B_S1,1,1,1,1,1,0.0,0.3863365997353304,1249,1249,5904647318504704.0,37229620297472.0
2080,question_44_aime_Qwen3-14B_S64,64,1,1,1,1,0.0,0.5589005647801545,845,6887,1.659946853005056e+16,85351840162560.0
2081,question_44_aime_Qwen3-14B_S64,64,1,1,1,1,0.0,0.5589005647801545,845,6887,1.659946853005056e+16,85351840162560.0
2082,question_44_aime_Qwen3-14B_S64,64,1,1,1,1,0.0,0.5589005647801545,845,6887,1.659946853005056e+16,85351840162560.0
2083,question_44_aime_Qwen3-14B_S32,32,1,1,1,1,0.0,0.5589005647801545,845,5731,1.4244862903642112e+16,80929389926144.0
2084,question_44_aime_Qwen3-14B_S32,32,1,1,1,1,0.0,0.5653236872011113,1149,4676,1.3034459419072e+16,73128403916032.0
2085,question_44_aime_Qwen3-14B_S32,32,1,1,1,1,0.0,0.6053188866705767,965,15232,1.844280351187456e+16,104358034437632.0
2086,question_44_aime_Qwen3-14B_S16,16,1,1,1,1,0.0,0.5400519046173269,874,2632,1.1683560774704896e+16,68652827102720.0
2087,question_44_aime_Qwen3-14B_S16,16,1,1,1,1,0.0,0.5589005647801545,845,2001,9581093016884480.0,56649078895616.0
2088,question_44_aime_Qwen3-14B_S16,16,1,1,1,1,0.0,0.5315603082498912,835,3366,1.2167316513153536e+16,72259314122496.0
2089,question_44_aime_Qwen3-14B_S8,8,1,1,1,1,0.0,0.40633752263072853,1091,1091,1.0978339514390528e+16,66573516459264.0
2090,question_44_aime_Qwen3-14B_S8,8,1,1,1,1,0.0,0.427344539201237,634,1788,9714552657499648.0,59237090167296.0
2091,question_44_aime_Qwen3-14B_S8,8,1,1,1,1,0.0,0.5263664669180548,1188,3316,1.0457423975328512e+16,63706346040576.0
2092,question_44_aime_Qwen3-14B_S4,4,1,1,1,1,0.0,0.5400519046173269,874,2030,8274154753736704.0,51515575084544.0
2093,question_44_aime_Qwen3-14B_S4,4,1,1,1,1,0.0,0.40633752263072853,1091,1091,9443879492246528.0,58813763815936.0
2094,question_44_aime_Qwen3-14B_S4,4,1,1,1,1,0.0,0.427344539201237,634,634,5973199243861248.0,37134053249024.0
2095,question_44_aime_Qwen3-14B_S2,2,1,1,1,1,0.0,0.29230647093324685,1416,1416,8246785375727360.0,51753050547456.0
2096,question_44_aime_Qwen3-14B_S2,2,1,1,1,1,0.0,0.5653236872011113,1149,2362,6841652677793024.0,42895053661184.0
2097,question_44_aime_Qwen3-14B_S2,2,1,1,1,1,0.0,0.5263664669180548,1188,1188,6246743390062336.0,39381149859328.0
2098,question_44_aime_Qwen3-14B_S1,1,1,1,1,1,0.0,0.19523019219246143,2821,2821,1.3478058762275072e+16,84424010269696.0
2099,question_44_aime_Qwen3-14B_S1,1,1,1,1,1,0.0,0.38061828797876024,1248,1248,5927358412648960.0,37440805639424.0
2100,question_44_aime_Qwen3-14B_S1,1,1,1,1,1,0.0,0.47514820728769547,1282,1282,6101741398411008.0,38252456272896.0
2101,question_45_aime_Qwen3-14B_S64,64,1,1,1,1,0.0,0.4982671192380174,1109,1109,1.0017584262969344e+16,53897298882816.0
2102,question_45_aime_Qwen3-14B_S64,64,1,1,1,1,0.0,0.4982671192380174,1109,1109,1.0017584262969344e+16,53897298882816.0
2103,question_45_aime_Qwen3-14B_S64,64,1,1,1,1,0.0,0.4982671192380174,1109,1109,1.0017584262969344e+16,53897298882816.0
2104,question_45_aime_Qwen3-14B_S32,32,1,1,1,1,1.0,0.7233443714281738,1284,1284,1.6604805155675392e+16,94145642252288.0
2105,question_45_aime_Qwen3-14B_S32,32,1,1,1,1,0.0,0.4982671192380174,1109,1109,8705044666277888.0,50489816664064.0
2106,question_45_aime_Qwen3-14B_S32,32,1,1,1,1,0.0,0.4982671192380174,1109,1109,8767426173992960.0,50893536364032.0
2107,question_45_aime_Qwen3-14B_S16,16,1,1,1,1,1.0,0.5584186588181527,1396,1396,1.7050956429085696e+16,101449323256832.0
2108,question_45_aime_Qwen3-14B_S16,16,1,1,1,1,0.0,0.4982671192380174,1109,1109,7753596117918208.0,47211618951936.0
2109,question_45_aime_Qwen3-14B_S16,16,1,1,1,1,0.0,0.4982671192380174,1109,1109,7581157202808320.0,45932103595264.0
2110,question_45_aime_Qwen3-14B_S8,8,1,1,1,1,0.0,0.23991965635748047,985,985,1.041743170597504e+16,63656465180416.0
2111,question_45_aime_Qwen3-14B_S8,8,1,1,1,1,1.0,0.7071053856837981,1530,1530,1.3501377923639296e+16,82594023216640.0
2112,question_45_aime_Qwen3-14B_S8,8,1,1,1,1,1.0,0.7338706222107014,1549,1549,1.3637205746758144e+16,83313095548416.0
2113,question_45_aime_Qwen3-14B_S4,4,1,1,1,1,1.0,0.7036167902253887,1688,5549,1.7927203339020288e+16,110533967750144.0
2114,question_45_aime_Qwen3-14B_S4,4,1,1,1,1,1.0,0.7344814000228902,1534,1534,1.3254867799227136e+16,82570380094464.0
2115,question_45_aime_Qwen3-14B_S4,4,1,1,1,1,1.0,0.7338706222107014,1549,1549,1.2239756467967488e+16,76015230332416.0
2116,question_45_aime_Qwen3-14B_S2,2,1,1,1,1,1.0,0.7344814000228902,1534,1534,8523125723586304.0,53543982695424.0
2117,question_45_aime_Qwen3-14B_S2,2,1,1,1,1,1.0,0.7071053856837981,1530,1530,1.1511451735955456e+16,72372962089216.0
2118,question_45_aime_Qwen3-14B_S2,2,1,1,1,1,0.0,0.45678713730158127,806,806,8249141313958144.0,51868534065408.0
2119,question_45_aime_Qwen3-14B_S1,1,1,1,1,1,1.0,0.7337784614334765,1614,1614,7739238873582592.0,48426516234496.0
2120,question_45_aime_Qwen3-14B_S1,1,1,1,1,1,0.0,0.4972828782343155,1834,1834,9484723558862592.0,59810980226560.0
2121,question_45_aime_Qwen3-14B_S1,1,1,1,1,1,1.0,0.6156162021643745,1401,1401,6658100818224896.0,41968195536384.0
2122,question_46_aime_Qwen3-14B_S64,64,1,1,1,1,0.0,0.6937518277256666,607,2228,9707671995404800.0,57799711413760.0
2123,question_46_aime_Qwen3-14B_S64,64,1,1,1,1,0.0,0.6937518277256666,607,2228,9707671995404800.0,57799711413760.0
2124,question_46_aime_Qwen3-14B_S64,64,1,1,1,1,0.0,0.6937518277256666,607,2228,9707671995404800.0,57799711413760.0
2125,question_46_aime_Qwen3-14B_S32,32,1,1,1,1,0.0,0.2715926104518384,984,984,8226288009017600.0,50394512423680.0
2126,question_46_aime_Qwen3-14B_S32,32,1,1,1,1,0.0,0.6937518277256666,607,607,7715949217290752.0,47470182256128.0
2127,question_46_aime_Qwen3-14B_S32,32,1,1,1,1,0.0,0.2715926104518384,984,984,8517866841525248.0,51991496086528.0
2128,question_46_aime_Qwen3-14B_S16,16,1,1,1,1,0.0,0.6937518277256666,607,607,6838406558864640.0,42065555762176.0
2129,question_46_aime_Qwen3-14B_S16,16,1,1,1,1,0.0,0.3012482847467686,637,1621,8604359868067072.0,53559869296128.0
2130,question_46_aime_Qwen3-14B_S16,16,1,1,1,1,0.0,0.0,0,0,3656005349979392.0,22517722356224.0
2131,question_46_aime_Qwen3-14B_S8,8,1,1,1,1,0.0,0.8459994916999262,698,1476,6916892138204416.0,42905690084096.0
2132,question_46_aime_Qwen3-14B_S8,8,1,1,1,1,1.0,0.9001556998696492,937,937,7729760064461824.0,47689144124672.0
2133,question_46_aime_Qwen3-14B_S8,8,1,1,1,1,0.0,0.3012482847467686,637,637,5230669731845632.0,32764685252864.0
2134,question_46_aime_Qwen3-14B_S4,4,1,1,1,1,0.0,0.5746677404739718,778,778,5673780166812160.0,35448633523712.0
2135,question_46_aime_Qwen3-14B_S4,4,1,1,1,1,0.0,0.6937518277256666,607,607,3859999652519168.0,24309387545856.0
2136,question_46_aime_Qwen3-14B_S4,4,1,1,1,1,0.0,0.611050056213948,577,577,4856317470063616.0,30238559700224.0
2137,question_46_aime_Qwen3-14B_S2,2,1,1,1,1,0.0,0.7733294341426107,845,845,5789872832273408.0,36561429871616.0
2138,question_46_aime_Qwen3-14B_S2,2,1,1,1,1,0.0,0.21510183514553785,1814,1814,9073864522982144.0,57124082849280.0
2139,question_46_aime_Qwen3-14B_S2,2,1,1,1,1,1.0,0.7840127910446559,622,622,4178575156629248.0,26252288424960.0
2140,question_46_aime_Qwen3-14B_S1,1,1,1,1,1,0.0,0.3212350430540664,2800,2800,1.3158209261573632e+16,83543904153600.0
2141,question_46_aime_Qwen3-14B_S1,1,1,1,1,1,1.0,0.8388782381661617,511,511,2459765147747072.0,15525597955328.0
2142,question_46_aime_Qwen3-14B_S1,1,1,1,1,1,0.0,0.7918378126846486,468,468,2347469228624384.0,14837163203072.0
2143,question_47_aime_Qwen3-14B_S64,64,1,1,1,1,0.0,0.3774685338494562,180,1619,3770156962107904.0,20281719671040.0
2144,question_47_aime_Qwen3-14B_S64,64,1,1,1,1,0.0,0.3774685338494562,180,1619,3770156962107904.0,20281719671040.0
2145,question_47_aime_Qwen3-14B_S64,64,1,1,1,1,0.0,0.3774685338494562,180,1619,3770156962107904.0,20281719671040.0
2146,question_47_aime_Qwen3-14B_S32,32,1,1,1,1,0.0,0.4571502881999237,202,4023,4238961188835328.0,24568277710080.0
2147,question_47_aime_Qwen3-14B_S32,32,1,1,1,1,0.0,0.3774685338494562,180,670,3300522412210944.0,19179331083008.0
2148,question_47_aime_Qwen3-14B_S32,32,1,1,1,1,0.0,0.5764952619331287,216,4683,3396797797889024.0,19187521494784.0
2149,question_47_aime_Qwen3-14B_S16,16,1,1,1,1,0.0,0.40745336941391336,256,1727,3795913945474816.0,22982021313536.0
2150,question_47_aime_Qwen3-14B_S16,16,1,1,1,1,0.0,0.1875369575754807,137,490,2084739177925632.0,12385171650816.0
2151,question_47_aime_Qwen3-14B_S16,16,1,1,1,1,0.0,0.5764952619331287,216,1838,3748894248963840.0,22709610318592.0
2152,question_47_aime_Qwen3-14B_S8,8,1,1,1,1,0.0,0.40931719409664213,222,1179,3036198528997120.0,18619403511296.0
2153,question_47_aime_Qwen3-14B_S8,8,1,1,1,1,0.0,0.5554070017003059,172,1491,2400886841918464.0,14799495496192.0
2154,question_47_aime_Qwen3-14B_S8,8,1,1,1,1,0.0,0.4250794803997378,188,749,2525624224277760.0,15570771274752.0
2155,question_47_aime_Qwen3-14B_S4,4,1,1,1,1,0.0,0.3152709515843118,198,804,2429208119179776.0,15146108802048.0
2156,question_47_aime_Qwen3-14B_S4,4,1,1,1,1,0.0,0.33402363318783057,200,798,3251917141192192.0,20434017649920.0
2157,question_47_aime_Qwen3-14B_S4,4,1,1,1,1,0.0,0.4571502881999237,202,292,2045154316011776.0,12791517028096.0
2158,question_47_aime_Qwen3-14B_S2,2,1,1,1,1,0.0,0.3152709515843118,198,443,1473736170875392.0,9287549135104.0
2159,question_47_aime_Qwen3-14B_S2,2,1,1,1,1,0.0,0.0908736272669532,335,335,2735397344935168.0,17214867186176.0
2160,question_47_aime_Qwen3-14B_S2,2,1,1,1,1,0.0,0.5477136372826673,405,779,2626840332471296.0,16529814136576.0
2161,question_47_aime_Qwen3-14B_S1,1,1,1,1,1,0.0,0.5764952619331287,216,216,1030386222299648.0,6525023123456.0
2162,question_47_aime_Qwen3-14B_S1,1,1,1,1,1,0.0,0.20504787496612284,304,304,1444962234815488.0,9141342406656.0
2163,question_47_aime_Qwen3-14B_S1,1,1,1,1,1,0.0,0.1228841285901468,225,225,1073525807753984.0,6794540585728.0
2164,question_48_aime_Qwen3-14B_S64,64,1,1,1,1,0.0,0.5405110385961672,971,3396,1.6455837624873728e+16,95273737579264.0
2165,question_48_aime_Qwen3-14B_S64,64,1,1,1,1,0.0,0.5405110385961672,971,3396,1.6455837624873728e+16,95273737579264.0
2166,question_48_aime_Qwen3-14B_S64,64,1,1,1,1,0.0,0.5405110385961672,971,3396,1.6455837624873728e+16,95273737579264.0
2167,question_48_aime_Qwen3-14B_S32,32,1,1,1,1,0.0,0.5405110385961672,971,971,1.3115673583699712e+16,79071074032896.0
2168,question_48_aime_Qwen3-14B_S32,32,1,1,1,1,0.0,0.2678245261995763,951,1493,1.3477967173832704e+16,81540056317952.0
2169,question_48_aime_Qwen3-14B_S32,32,1,1,1,1,0.0,0.5405110385961672,971,2445,1.4590198561324544e+16,88357846369024.0
2170,question_48_aime_Qwen3-14B_S16,16,1,1,1,1,0.0,0.37435010897367993,932,932,1.1717766467456256e+16,72651475983872.0
2171,question_48_aime_Qwen3-14B_S16,16,1,1,1,1,0.0,0.2678245261995763,951,951,1.0228288257643264e+16,63263705108736.0
2172,question_48_aime_Qwen3-14B_S16,16,1,1,1,1,0.0,0.5405110385961672,971,971,1.295853555874688e+16,80231234609408.0
2173,question_48_aime_Qwen3-14B_S8,8,1,1,1,1,0.0,0.37435010897367993,932,1474,1.2075289020664832e+16,75882915403520.0
2174,question_48_aime_Qwen3-14B_S8,8,1,1,1,1,0.0,0.37435010897367993,932,932,1.1346266331346944e+16,71212527929600.0
2175,question_48_aime_Qwen3-14B_S8,8,1,1,1,1,0.0,0.0,0,0,7333383915895552.0,45676310120960.0
2176,question_48_aime_Qwen3-14B_S4,4,1,1,1,1,0.0,0.0,0,0,5582311900324352.0,35402588991232.0
2177,question_48_aime_Qwen3-14B_S4,4,1,1,1,1,0.0,0.0,0,0,7538941361364480.0,47470083721984.0
2178,question_48_aime_Qwen3-14B_S4,4,1,1,1,1,0.0,0.0,0,0,1.1661680876574208e+16,73774461375488.0
2179,question_48_aime_Qwen3-14B_S2,2,1,1,1,1,0.0,0.2678245261995763,951,951,4998291704147200.0,31615202560768.0
2180,question_48_aime_Qwen3-14B_S2,2,1,1,1,1,1.0,0.5517250928538541,977,2298,8520421514499584.0,53973609872128.0
2181,question_48_aime_Qwen3-14B_S2,2,1,1,1,1,0.0,0.0,0,0,6824211872309248.0,43166190492160.0
2182,question_48_aime_Qwen3-14B_S1,1,1,1,1,1,0.0,0.47781812767704335,1306,1306,6171942095762944.0,39179675011840.0
2183,question_48_aime_Qwen3-14B_S1,1,1,1,1,1,0.0,0.5405110385961672,971,971,4596039718866432.0,29223031258368.0
2184,question_48_aime_Qwen3-14B_S1,1,1,1,1,1,0.0,0.37435010897367993,932,932,4964538981162240.0,31561212354048.0
2185,question_49_aime_Qwen3-14B_S64,64,1,1,1,1,0.0,0.3909292509811749,616,616,8387359660289792.0,46141886808064.0
2186,question_49_aime_Qwen3-14B_S64,64,1,1,1,1,0.0,0.3909292509811749,616,616,8387359660289792.0,46141886808064.0
2187,question_49_aime_Qwen3-14B_S64,64,1,1,1,1,0.0,0.3909292509811749,616,616,8387359660289792.0,46141886808064.0
2188,question_49_aime_Qwen3-14B_S32,32,1,1,1,1,0.0,0.0,0,0,6616566902408960.0,38812168363776.0
2189,question_49_aime_Qwen3-14B_S32,32,1,1,1,1,0.0,0.3909292509811749,616,616,6835327924139008.0,40100981163520.0
2190,question_49_aime_Qwen3-14B_S32,32,1,1,1,1,0.0,0.0,0,0,7592815957314560.0,44785138282496.0
2191,question_49_aime_Qwen3-14B_S16,16,1,1,1,1,0.0,0.0,0,0,6707934845864448.0,41110099820544.0
2192,question_49_aime_Qwen3-14B_S16,16,1,1,1,1,0.0,0.0,0,0,6425241175954944.0,39251925548544.0
2193,question_49_aime_Qwen3-14B_S16,16,1,1,1,1,0.0,0.0,0,0,6354756875760384.0,38836103684608.0
2194,question_49_aime_Qwen3-14B_S8,8,1,1,1,1,0.0,0.0,0,0,5577089207368448.0,34713076260608.0
2195,question_49_aime_Qwen3-14B_S8,8,1,1,1,1,0.0,0.0,0,0,5826021832304128.0,36334550935552.0
2196,question_49_aime_Qwen3-14B_S8,8,1,1,1,1,0.0,0.0,0,0,5331215180415488.0,33190773968128.0
2197,question_49_aime_Qwen3-14B_S4,4,1,1,1,1,0.0,0.0,0,0,5555889720349696.0,34997124971776.0
2198,question_49_aime_Qwen3-14B_S4,4,1,1,1,1,0.0,0.3909292509811749,616,1537,5218643518013184.0,32721665458688.0
2199,question_49_aime_Qwen3-14B_S4,4,1,1,1,1,0.0,0.5185952623301779,630,1561,6361860069230848.0,39507395199488.0
2200,question_49_aime_Qwen3-14B_S2,2,1,1,1,1,0.0,0.0,0,0,4008841465474048.0,25323716351232.0
2201,question_49_aime_Qwen3-14B_S2,2,1,1,1,1,0.0,0.5185952623301779,630,1626,4931527201142528.0,30960629212416.0
2202,question_49_aime_Qwen3-14B_S2,2,1,1,1,1,0.0,0.3114765573457423,1161,1161,6828478789707008.0,43190394711552.0
2203,question_49_aime_Qwen3-14B_S1,1,1,1,1,1,0.0,0.19564750681926465,504,504,2824002823844608.0,17885071316224.0
2204,question_49_aime_Qwen3-14B_S1,1,1,1,1,1,0.0,0.3442705950864216,732,732,3482357817195264.0,22045249758464.0
2205,question_49_aime_Qwen3-14B_S1,1,1,1,1,1,0.0,0.38913440950822636,996,996,4771966624737536.0,30191760608512.0
2206,question_5_aime_Qwen3-14B_S64,64,1,1,1,1,1.0,0.4341646886949511,705,1905,1.3182280362806016e+16,70823823837440.0
2207,question_5_aime_Qwen3-14B_S64,64,1,1,1,1,1.0,0.3670199436695477,596,1796,1.3182280362806016e+16,70823823837440.0
2208,question_5_aime_Qwen3-14B_S64,64,1,1,1,1,1.0,0.4134236241789482,835,835,1.3182280362806016e+16,70823823837440.0
2209,question_5_aime_Qwen3-14B_S32,32,1,1,1,1,1.0,0.6583792943807301,678,678,1.1642674710567936e+16,67653367717632.0
2210,question_5_aime_Qwen3-14B_S32,32,1,1,1,1,1.0,0.3670199436695477,596,1331,1.0658240424297984e+16,60094329444864.0
2211,question_5_aime_Qwen3-14B_S32,32,1,1,1,1,1.0,0.4341646886949511,705,1440,1.135967661501568e+16,65687076600320.0
2212,question_5_aime_Qwen3-14B_S16,16,1,1,1,1,0.0,0.7140070537555824,965,4789,9342776900688896.0,54967793535232.0
2213,question_5_aime_Qwen3-14B_S16,16,1,1,1,1,1.0,0.4134236241789482,835,2035,1.0497264018497536e+16,62623108239104.0
2214,question_5_aime_Qwen3-14B_S16,16,1,1,1,1,1.0,0.5717806268742033,819,2448,1.2613582568470016e+16,75716385047296.0
2215,question_5_aime_Qwen3-14B_S8,8,1,1,1,1,1.0,0.6583792943807301,678,678,6359405009529600.0,39046581153792.0
2216,question_5_aime_Qwen3-14B_S8,8,1,1,1,1,1.0,0.3670199436695477,596,596,6411758994151168.0,39055187149056.0
2217,question_5_aime_Qwen3-14B_S8,8,1,1,1,1,1.0,0.4341646886949511,705,705,6803895138652416.0,41501141652224.0
2218,question_5_aime_Qwen3-14B_S4,4,1,1,1,1,0.0,0.16777583048304961,737,1629,6540150521261056.0,40713917089280.0
2219,question_5_aime_Qwen3-14B_S4,4,1,1,1,1,1.0,0.6925141375793997,1028,1028,6835954105618176.0,42184058863360.0
2220,question_5_aime_Qwen3-14B_S4,4,1,1,1,1,1.0,0.6204456775897361,809,1687,7921378513078016.0,48930322654464.0
2221,question_5_aime_Qwen3-14B_S2,2,1,1,1,1,0.0,0.3707481119151514,777,777,5444571914482176.0,33929897423872.0
2222,question_5_aime_Qwen3-14B_S2,2,1,1,1,1,1.0,0.5630826577060563,932,932,6148324738674944.0,38526238771200.0
2223,question_5_aime_Qwen3-14B_S2,2,1,1,1,1,1.0,0.4341646886949511,705,705,4085000048430336.0,25695841773824.0
2224,question_5_aime_Qwen3-14B_S1,1,1,1,1,1,1.0,0.4134236241789482,835,835,3962232430392320.0,25100669432320.0
2225,question_5_aime_Qwen3-14B_S1,1,1,1,1,1,1.0,0.7051160757503543,944,944,4499919957881600.0,28416880095488.0
2226,question_5_aime_Qwen3-14B_S1,1,1,1,1,1,0.0,0.3707481119151514,777,777,3742783122932224.0,23585532891136.0
2227,question_50_aime_Qwen3-14B_S64,64,1,1,1,1,0.0,0.024161696978096076,1159,2376,2.65604979475712e+16,159524662223104.0
2228,question_50_aime_Qwen3-14B_S64,64,1,1,1,1,0.0,0.024161696978096076,1159,2376,2.65604979475712e+16,159524662223104.0
2229,question_50_aime_Qwen3-14B_S64,64,1,1,1,1,0.0,0.024161696978096076,1159,2376,2.65604979475712e+16,159524662223104.0
2230,question_50_aime_Qwen3-14B_S32,32,1,1,1,1,0.0,0.0,0,0,1.5772894274341376e+16,96071064028160.0
2231,question_50_aime_Qwen3-14B_S32,32,1,1,1,1,0.0,0.024161696978096076,1159,1159,1.429601508359296e+16,86303828961792.0
2232,question_50_aime_Qwen3-14B_S32,32,1,1,1,1,0.0,0.024161696978096076,1159,1159,1.7712175324992768e+16,107818347263744.0
2233,question_50_aime_Qwen3-14B_S16,16,1,1,1,1,0.0,0.0,0,0,9703263593478144.0,60083441477888.0
2234,question_50_aime_Qwen3-14B_S16,16,1,1,1,1,0.0,0.0,0,0,9875958408695040.0,61374852688384.0
2235,question_50_aime_Qwen3-14B_S16,16,1,1,1,1,0.0,0.0,0,0,1.486834508896512e+16,92137271700736.0
2236,question_50_aime_Qwen3-14B_S8,8,1,1,1,1,0.0,0.0,0,0,1.177217139401344e+16,74006818140672.0
2237,question_50_aime_Qwen3-14B_S8,8,1,1,1,1,0.0,0.4280935624575976,1262,4662,2.1110090116461056e+16,130586225840128.0
2238,question_50_aime_Qwen3-14B_S8,8,1,1,1,1,0.0,0.41926539317119266,2068,2068,1.9023394342461184e+16,118407872329216.0
2239,question_50_aime_Qwen3-14B_S4,4,1,1,1,1,0.0,0.0,0,0,1.1541566851406848e+16,73155177418496.0
2240,question_50_aime_Qwen3-14B_S4,4,1,1,1,1,0.0,0.0,0,0,9604366627694080.0,60588386825472.0
2241,question_50_aime_Qwen3-14B_S4,4,1,1,1,1,0.0,0.0,0,0,1.2612191275255296e+16,79678322938112.0
2242,question_50_aime_Qwen3-14B_S2,2,1,1,1,1,0.0,0.0,0,0,1.1948258435416832e+16,75925157887488.0
2243,question_50_aime_Qwen3-14B_S2,2,1,1,1,1,0.0,0.08867410251988558,3165,6432,2.4500209732228864e+16,154453005618688.0
2244,question_50_aime_Qwen3-14B_S2,2,1,1,1,1,0.0,0.0222575633461219,3470,3470,1.884749970068608e+16,118469635563520.0
2245,question_50_aime_Qwen3-14B_S1,1,1,1,1,1,0.0,0.05173163077428524,2252,2252,1.1006852262085376e+16,69891225521920.0
2246,question_50_aime_Qwen3-14B_S1,1,1,1,1,1,0.0,0.3323379124750828,1804,1804,8553057299514368.0,53966726801920.0
2247,question_50_aime_Qwen3-14B_S1,1,1,1,1,1,0.0,0.03820815719026507,2874,2874,1.5131387528173312e+16,95646806701824.0
2248,question_51_aime_Qwen3-14B_S64,64,1,1,1,1,0.0,0.0631561394459243,672,672,1.932898254716237e+16,115390950602496.0
2249,question_51_aime_Qwen3-14B_S64,64,1,1,1,1,0.0,0.0631561394459243,672,672,1.932898254716237e+16,115390950602496.0
2250,question_51_aime_Qwen3-14B_S64,64,1,1,1,1,0.0,0.0631561394459243,672,672,1.932898254716237e+16,115390950602496.0
2251,question_51_aime_Qwen3-14B_S32,32,1,1,1,1,0.0,0.0,0,0,1.711163997980928e+16,105215118982912.0
2252,question_51_aime_Qwen3-14B_S32,32,1,1,1,1,0.0,0.0,0,0,1.688623968839424e+16,103946524904192.0
2253,question_51_aime_Qwen3-14B_S32,32,1,1,1,1,0.0,0.0631561394459243,672,672,1.846986425231155e+16,113663688537856.0
2254,question_51_aime_Qwen3-14B_S16,16,1,1,1,1,0.0,0.0,0,0,9827508495640832.0,60490072120064.0
2255,question_51_aime_Qwen3-14B_S16,16,1,1,1,1,0.0,0.0,0,0,1.3075761328126976e+16,82272336802304.0
2256,question_51_aime_Qwen3-14B_S16,16,1,1,1,1,0.0,0.0631561394459243,672,672,1.6996544119688192e+16,106582867858432.0
2257,question_51_aime_Qwen3-14B_S8,8,1,1,1,1,0.0,0.0,0,0,7479616143143168.0,46700934909440.0
2258,question_51_aime_Qwen3-14B_S8,8,1,1,1,1,0.0,0.0,0,0,6593527814535168.0,41415778817024.0
2259,question_51_aime_Qwen3-14B_S8,8,1,1,1,1,0.0,0.0,0,0,7806076622480384.0,48956425064448.0
2260,question_51_aime_Qwen3-14B_S4,4,1,1,1,1,0.0,0.33007311475556017,945,2189,9072939407877376.0,56399924576256.0
2261,question_51_aime_Qwen3-14B_S4,4,1,1,1,1,0.0,0.0,0,0,9651011120832000.0,61269411590656.0
2262,question_51_aime_Qwen3-14B_S4,4,1,1,1,1,0.0,0.0,0,0,5648679745780480.0,35615926764032.0
2263,question_51_aime_Qwen3-14B_S2,2,1,1,1,1,0.0,0.0,0,0,4817324909778944.0,30583342714112.0
2264,question_51_aime_Qwen3-14B_S2,2,1,1,1,1,0.0,0.0,0,0,6616067113705472.0,42010262514944.0
2265,question_51_aime_Qwen3-14B_S2,2,1,1,1,1,0.0,0.0,0,0,5306436659935232.0,33676182525184.0
2266,question_51_aime_Qwen3-14B_S1,1,1,1,1,1,0.0,0.32772429389805774,1012,1012,4818361495757568.0,30530852390144.0
2267,question_51_aime_Qwen3-14B_S1,1,1,1,1,1,0.0,0.09223779284060804,1635,1635,7784804648231936.0,49042124859392.0
2268,question_51_aime_Qwen3-14B_S1,1,1,1,1,1,0.0,0.1733667610380533,2302,2302,1.1067338181627136e+16,69065148294400.0
2269,question_52_aime_Qwen3-14B_S64,64,1,1,1,1,0.0,0.040183764125938194,349,990,9209885699859712.0,46746479407616.0
2270,question_52_aime_Qwen3-14B_S64,64,1,1,1,1,0.0,0.040183764125938194,349,990,9209885699859712.0,46746479407616.0
2271,question_52_aime_Qwen3-14B_S64,64,1,1,1,1,0.0,0.040183764125938194,349,990,9209885699859712.0,46746479407616.0
2272,question_52_aime_Qwen3-14B_S32,32,1,1,1,1,0.0,0.030779233339016682,310,641,7822257566912768.0,43877375118592.0
2273,question_52_aime_Qwen3-14B_S32,32,1,1,1,1,0.0,0.010769916470395767,331,331,6619337902464000.0,36350724260608.0
2274,question_52_aime_Qwen3-14B_S32,32,1,1,1,1,0.0,0.010769916470395767,331,331,7719133687888896.0,43144183112448.0
2275,question_52_aime_Qwen3-14B_S16,16,1,1,1,1,0.0,0.040183764125938194,349,349,5555607193661952.0,32467294520320.0
2276,question_52_aime_Qwen3-14B_S16,16,1,1,1,1,0.0,0.40426710548488,830,3646,1.1091060779986432e+16,65800288539904.0
2277,question_52_aime_Qwen3-14B_S16,16,1,1,1,1,0.0,0.040183764125938194,349,680,6934765699192576.0,41319125474816.0
2278,question_52_aime_Qwen3-14B_S8,8,1,1,1,1,0.0,0.2697292663999625,613,1302,7690368030060800.0,46687723120896.0
2279,question_52_aime_Qwen3-14B_S8,8,1,1,1,1,0.0,0.40426710548488,830,2191,9326512987366400.0,56907138029824.0
2280,question_52_aime_Qwen3-14B_S8,8,1,1,1,1,0.0,0.030881846642974924,529,839,4956403616392704.0,30043840818944.0
2281,question_52_aime_Qwen3-14B_S4,4,1,1,1,1,0.0,0.3111551110393432,780,1431,8279673809234688.0,51131468767488.0
2282,question_52_aime_Qwen3-14B_S4,4,1,1,1,1,0.0,0.11355921405212693,928,928,7784931815949568.0,48189647239424.0
2283,question_52_aime_Qwen3-14B_S4,4,1,1,1,1,0.0,0.04327438079513686,574,574,7532801477961984.0,46779085894656.0
2284,question_52_aime_Qwen3-14B_S2,2,1,1,1,1,0.0,0.4806698373226884,1534,2498,9189046466881792.0,57161838856960.0
2285,question_52_aime_Qwen3-14B_S2,2,1,1,1,1,0.0,0.15180910584053453,642,642,4828207879050752.0,30270044330496.0
2286,question_52_aime_Qwen3-14B_S2,2,1,1,1,1,0.0,0.4815502115073165,1051,1051,8844510005606912.0,55041758174720.0
2287,question_52_aime_Qwen3-14B_S1,1,1,1,1,1,0.0,0.09240145825534436,3440,3440,1.6480880212014848e+16,102744705858816.0
2288,question_52_aime_Qwen3-14B_S1,1,1,1,1,1,0.0,0.040183764125938194,349,349,1995002226386176.0,12613683152128.0
2289,question_52_aime_Qwen3-14B_S1,1,1,1,1,1,0.0,0.5178875771859889,862,862,4130057301882624.0,26008453521152.0
2290,question_53_aime_Qwen3-14B_S64,64,1,1,1,1,0.0,0.1360412063534222,891,2093,1.1136619412034816e+16,65557384364800.0
2291,question_53_aime_Qwen3-14B_S64,64,1,1,1,1,0.0,0.1360412063534222,891,2093,1.1136619412034816e+16,65557384364800.0
2292,question_53_aime_Qwen3-14B_S64,64,1,1,1,1,0.0,0.1360412063534222,891,2093,1.1136619412034816e+16,65557384364800.0
2293,question_53_aime_Qwen3-14B_S32,32,1,1,1,1,0.0,0.1360412063534222,891,891,1.0359583789857792e+16,62685948181504.0
2294,question_53_aime_Qwen3-14B_S32,32,1,1,1,1,0.0,0.1360412063534222,891,2093,1.1166471650380032e+16,68093363283200.0
2295,question_53_aime_Qwen3-14B_S32,32,1,1,1,1,0.0,0.12000615111642338,1202,1202,9919801676992256.0,60288159217920.0
2296,question_53_aime_Qwen3-14B_S16,16,1,1,1,1,0.0,0.12000615111642338,1202,1202,1.1255900401414144e+16,70010217107456.0
2297,question_53_aime_Qwen3-14B_S16,16,1,1,1,1,0.0,0.6750857240748847,640,1662,1.0284005563645184e+16,62541685543936.0
2298,question_53_aime_Qwen3-14B_S16,16,1,1,1,1,0.0,0.1360412063534222,891,2093,8676266253333504.0,53903562147072.0
2299,question_53_aime_Qwen3-14B_S8,8,1,1,1,1,0.0,0.6750857240748847,640,2310,1.0943019626047488e+16,68280686187008.0
2300,question_53_aime_Qwen3-14B_S8,8,1,1,1,1,0.0,0.13410927995628133,1670,1670,1.1041228030923776e+16,68712468717824.0
2301,question_53_aime_Qwen3-14B_S8,8,1,1,1,1,0.0,0.45949517511267196,1068,1068,1.2631248483954688e+16,78148815457280.0
2302,question_53_aime_Qwen3-14B_S4,4,1,1,1,1,0.0,0.43194111946791935,1258,2431,1.0671142596296448e+16,66901046148096.0
2303,question_53_aime_Qwen3-14B_S4,4,1,1,1,1,0.0,0.5170235001937455,1673,1673,1.0998685383341824e+16,68800428997632.0
2304,question_53_aime_Qwen3-14B_S4,4,1,1,1,1,0.0,0.4513750146292793,1061,1061,6853280969265920.0,43092271147520.0
2305,question_53_aime_Qwen3-14B_S2,2,1,1,1,1,0.0,0.6097060566040386,1206,1206,7436113750998016.0,46858618526720.0
2306,question_53_aime_Qwen3-14B_S2,2,1,1,1,1,0.0,0.08985522319712311,951,951,5874688925346304.0,37172320352000.0
2307,question_53_aime_Qwen3-14B_S2,2,1,1,1,1,0.0,0.39275737736573246,1152,1152,7374334708312320.0,46626558741248.0
2308,question_53_aime_Qwen3-14B_S1,1,1,1,1,1,0.0,0.6235277862656263,1987,1987,9429624568639744.0,59232461266176.0
2309,question_53_aime_Qwen3-14B_S1,1,1,1,1,1,0.0,0.4912211194680824,1398,1398,6706601267665152.0,42031257588992.0
2310,question_53_aime_Qwen3-14B_S1,1,1,1,1,1,0.0,0.3086676903011768,1805,1805,8693283705116416.0,54981028848384.0
2311,question_54_aime_Qwen3-14B_S64,64,1,1,1,1,0.0,0.14379357679173482,110,1748,3203110602321152.0,17379653298944.0
2312,question_54_aime_Qwen3-14B_S64,64,1,1,1,1,0.0,0.14379357679173482,110,1748,3203110602321152.0,17379653298944.0
2313,question_54_aime_Qwen3-14B_S64,64,1,1,1,1,0.0,0.14379357679173482,110,1748,3203110602321152.0,17379653298944.0
2314,question_54_aime_Qwen3-14B_S32,32,1,1,1,1,0.0,0.1239163567889253,98,792,2571224478157312.0,14937660558848.0
2315,question_54_aime_Qwen3-14B_S32,32,1,1,1,1,0.0,0.09083372883481962,80,578,2451678339456512.0,14118298239488.0
2316,question_54_aime_Qwen3-14B_S32,32,1,1,1,1,0.0,0.14379357679173482,110,774,2145196855473152.0,12167198826496.0
2317,question_54_aime_Qwen3-14B_S16,16,1,1,1,1,0.0,0.14379357679173482,110,308,2004308550115072.0,12031713467904.0
2318,question_54_aime_Qwen3-14B_S16,16,1,1,1,1,0.0,0.08435177522388376,149,420,2450228292921344.0,14871182548480.0
2319,question_54_aime_Qwen3-14B_S16,16,1,1,1,1,0.0,0.14379357679173482,110,293,2345524021282048.0,14244169980160.0
2320,question_54_aime_Qwen3-14B_S8,8,1,1,1,1,0.0,0.041365314261443235,358,759,2465700463395328.0,14976378497792.0
2321,question_54_aime_Qwen3-14B_S8,8,1,1,1,1,0.0,0.07749510366166402,120,408,1679775872442624.0,10364247914240.0
2322,question_54_aime_Qwen3-14B_S8,8,1,1,1,1,0.0,0.1239163567889253,98,98,1784192801845760.0,11016363625728.0
2323,question_54_aime_Qwen3-14B_S4,4,1,1,1,1,0.0,0.02440528169707759,112,112,1546148135469824.0,9721120666112.0
2324,question_54_aime_Qwen3-14B_S4,4,1,1,1,1,0.0,0.07749510366166402,120,238,1332168880918272.0,8360367821824.0
2325,question_54_aime_Qwen3-14B_S4,4,1,1,1,1,0.0,0.0486746289426009,146,146,1447262858208256.0,9073266260992.0
2326,question_54_aime_Qwen3-14B_S2,2,1,1,1,1,0.0,0.05174163154174705,354,707,2258210341372928.0,14073612314368.0
2327,question_54_aime_Qwen3-14B_S2,2,1,1,1,1,0.0,0.03252483228632411,170,170,1356489661005568.0,8567253097728.0
2328,question_54_aime_Qwen3-14B_S2,2,1,1,1,1,0.0,0.014866966005697242,118,118,1333498394230784.0,8398038006528.0
2329,question_54_aime_Qwen3-14B_S1,1,1,1,1,1,0.0,0.04211724716127948,334,334,1598041353569792.0,10057021655040.0
2330,question_54_aime_Qwen3-14B_S1,1,1,1,1,1,0.0,0.059986293381615804,85,85,451468330961408.0,2847707710976.0
2331,question_54_aime_Qwen3-14B_S1,1,1,1,1,1,0.0,0.030516410645055732,231,231,1104166765901568.0,6975162735360.0
2332,question_55_aime_Qwen3-14B_S64,64,1,1,1,1,0.0,0.36072887406360127,578,6755,1.3825952531620352e+16,71912262924288.0
2333,question_55_aime_Qwen3-14B_S64,64,1,1,1,1,0.0,0.36072887406360127,578,6755,1.3825952531620352e+16,71912262924288.0
2334,question_55_aime_Qwen3-14B_S64,64,1,1,1,1,0.0,0.36072887406360127,578,6755,1.3825952531620352e+16,71912262924288.0
2335,question_55_aime_Qwen3-14B_S32,32,1,1,1,1,0.0,0.47405265523337187,1444,13385,1.3479242670738688e+16,75565959395584.0
2336,question_55_aime_Qwen3-14B_S32,32,1,1,1,1,0.0,0.6590284525737978,853,9095,1.442014923376768e+16,81660624442880.0
2337,question_55_aime_Qwen3-14B_S32,32,1,1,1,1,0.0,0.36072887406360127,578,3948,9826167132549632.0,54929824228864.0
2338,question_55_aime_Qwen3-14B_S16,16,1,1,1,1,0.0,0.36072887406360127,578,578,8472992495987968.0,50550815925760.0
2339,question_55_aime_Qwen3-14B_S16,16,1,1,1,1,0.0,0.6590284525737978,853,7658,1.1318157447937792e+16,66896027960832.0
2340,question_55_aime_Qwen3-14B_S16,16,1,1,1,1,0.0,0.6367583367266757,705,5778,1.093108467624704e+16,65467135084032.0
2341,question_55_aime_Qwen3-14B_S8,8,1,1,1,1,0.0,0.29831314731161884,656,2001,1.0596541492451072e+16,65295716005888.0
2342,question_55_aime_Qwen3-14B_S8,8,1,1,1,1,0.0,0.250516251617792,1024,3240,8824941141650176.0,53889053095680.0
2343,question_55_aime_Qwen3-14B_S8,8,1,1,1,1,0.0,0.34075603458912235,935,4452,9120152018729728.0,55432751477248.0
2344,question_55_aime_Qwen3-14B_S4,4,1,1,1,1,0.0,0.12724671510356325,740,1609,7381938092469504.0,46001113154560.0
2345,question_55_aime_Qwen3-14B_S4,4,1,1,1,1,0.0,0.1915901097759533,1039,1779,8524846833768192.0,53002951276288.0
2346,question_55_aime_Qwen3-14B_S4,4,1,1,1,1,0.0,0.10100662869661908,869,869,6949855210459648.0,43350371142656.0
2347,question_55_aime_Qwen3-14B_S2,2,1,1,1,1,0.0,0.10038642439215899,933,933,5805074850375168.0,36559168094464.0
2348,question_55_aime_Qwen3-14B_S2,2,1,1,1,1,0.0,0.34075603458912235,935,935,6723720873370624.0,42247034876160.0
2349,question_55_aime_Qwen3-14B_S2,2,1,1,1,1,0.0,0.0990045458095515,704,704,7015621067594752.0,44207557340416.0
2350,question_55_aime_Qwen3-14B_S1,1,1,1,1,1,0.0,0.22893278137523318,1341,1341,6328187429502208.0,39961735800064.0
2351,question_55_aime_Qwen3-14B_S1,1,1,1,1,1,0.0,0.25936126870007986,1388,1388,6625132684477696.0,41612587222784.0
2352,question_55_aime_Qwen3-14B_S1,1,1,1,1,1,0.0,0.0984455765912077,1005,1005,4769134071685120.0,30162126812160.0
2353,question_56_aime_Qwen3-14B_S64,64,1,1,1,1,0.0,0.03780138829055029,1133,3134,1.8418876004515584e+16,108693230773760.0
2354,question_56_aime_Qwen3-14B_S64,64,1,1,1,1,0.0,0.03780138829055029,1133,3134,1.8418876004515584e+16,108693230773760.0
2355,question_56_aime_Qwen3-14B_S64,64,1,1,1,1,0.0,0.03780138829055029,1133,3134,1.8418876004515584e+16,108693230773760.0
2356,question_56_aime_Qwen3-14B_S32,32,1,1,1,1,0.0,0.03780138829055029,1133,3134,1.763551559733888e+16,107567292827136.0
2357,question_56_aime_Qwen3-14B_S32,32,1,1,1,1,0.0,0.03780138829055029,1133,1133,2.0782124285342976e+16,125644406989568.0
2358,question_56_aime_Qwen3-14B_S32,32,1,1,1,1,0.0,0.03780138829055029,1133,3134,1.715732320827904e+16,105096959229184.0
2359,question_56_aime_Qwen3-14B_S16,16,1,1,1,1,0.0,0.05608979231483734,1649,4830,2.232296160912e+16,135263780713472.0
2360,question_56_aime_Qwen3-14B_S16,16,1,1,1,1,0.0,0.48872421412464073,1003,3435,2.486616935386547e+16,153000140415232.0
2361,question_56_aime_Qwen3-14B_S16,16,1,1,1,1,0.0,0.22156845228402702,1449,1449,1.8776993110552064e+16,113930749115904.0
2362,question_56_aime_Qwen3-14B_S8,8,1,1,1,1,0.0,0.48872421412464073,1003,1003,1.8414487011611904e+16,113948605367552.0
2363,question_56_aime_Qwen3-14B_S8,8,1,1,1,1,0.0,0.08153578798688377,2714,2714,1.7641178386252032e+16,109016871427584.0
2364,question_56_aime_Qwen3-14B_S8,8,1,1,1,1,0.0,0.05608979231483734,1649,1649,1.4116722310200576e+16,86863172736512.0
2365,question_56_aime_Qwen3-14B_S4,4,1,1,1,1,0.0,0.026273452897602825,1140,1140,1.1068513742327296e+16,69596610218240.0
2366,question_56_aime_Qwen3-14B_S4,4,1,1,1,1,0.0,0.026273452897602825,1140,1140,1.1398297722235392e+16,71595974642432.0
2367,question_56_aime_Qwen3-14B_S4,4,1,1,1,1,0.0,0.021316061611974194,776,776,8754071990341632.0,55327314304768.0
2368,question_56_aime_Qwen3-14B_S2,2,1,1,1,1,0.0,0.4604493997020088,1592,1592,1.5390399381672192e+16,96995125913088.0
2369,question_56_aime_Qwen3-14B_S2,2,1,1,1,1,0.0,0.03780138829055029,1133,1133,9941861590561792.0,63102050850816.0
2370,question_56_aime_Qwen3-14B_S2,2,1,1,1,1,0.0,0.02619064523339221,3149,3149,1.842246474567808e+16,116666419109376.0
2371,question_56_aime_Qwen3-14B_S1,1,1,1,1,1,0.0,0.15162443310483148,2836,2836,1.3505761825783552e+16,84783613262080.0
2372,question_56_aime_Qwen3-14B_S1,1,1,1,1,1,0.0,0.028663991801640035,3478,3478,1.6641386295496448e+16,103719251593984.0
2373,question_56_aime_Qwen3-14B_S1,1,1,1,1,1,0.0,0.02038071689038551,3479,3479,1.648073713824e+16,103622905759744.0
2374,question_57_aime_Qwen3-14B_S64,64,1,1,1,1,0.0,0.5,1464,1464,2.1410184405853184e+16,130187056211200.0
2375,question_57_aime_Qwen3-14B_S64,64,1,1,1,1,0.0,0.5,1464,1464,2.1410184405853184e+16,130187056211200.0
2376,question_57_aime_Qwen3-14B_S64,64,1,1,1,1,0.0,0.5,1464,1464,2.1410184405853184e+16,130187056211200.0
2377,question_57_aime_Qwen3-14B_S32,32,1,1,1,1,0.0,0.0,0,0,1.4286352726648832e+16,88606449805824.0
2378,question_57_aime_Qwen3-14B_S32,32,1,1,1,1,0.0,0.0,0,0,1.855841416482304e+16,115067368223232.0
2379,question_57_aime_Qwen3-14B_S32,32,1,1,1,1,0.0,0.5,1464,1464,2.0674341265229824e+16,128899224073472.0
2380,question_57_aime_Qwen3-14B_S16,16,1,1,1,1,0.0,0.5,1541,3191,1.876701656890752e+16,115790843434496.0
2381,question_57_aime_Qwen3-14B_S16,16,1,1,1,1,0.0,0.5,1464,1464,1.9847136893972224e+16,124865850568448.0
2382,question_57_aime_Qwen3-14B_S16,16,1,1,1,1,0.0,0.5,1464,1464,2.058930361545728e+16,128923274224896.0
2383,question_57_aime_Qwen3-14B_S8,8,1,1,1,1,0.0,0.5,1196,1196,1.739483748015488e+16,107871218598144.0
2384,question_57_aime_Qwen3-14B_S8,8,1,1,1,1,0.0,0.0,0,0,1.1836253989737216e+16,74816786724864.0
2385,question_57_aime_Qwen3-14B_S8,8,1,1,1,1,0.0,0.5,1578,4976,1.6534318904365056e+16,103336575392768.0
2386,question_57_aime_Qwen3-14B_S4,4,1,1,1,1,0.0,0.5,1650,3457,1.2194905244625408e+16,76843568877056.0
2387,question_57_aime_Qwen3-14B_S4,4,1,1,1,1,0.0,0.5,1464,1464,1.3642214133673472e+16,86429853406464.0
2388,question_57_aime_Qwen3-14B_S4,4,1,1,1,1,0.0,0.5,2879,4754,1.667440838857856e+16,104566067708416.0
2389,question_57_aime_Qwen3-14B_S2,2,1,1,1,1,0.0,0.5,1503,1503,7769919122708992.0,48999784052224.0
2390,question_57_aime_Qwen3-14B_S2,2,1,1,1,1,0.0,0.5,1578,1578,7962907608881152.0,50425097131520.0
2391,question_57_aime_Qwen3-14B_S2,2,1,1,1,1,0.0,0.5,1578,1578,8085244480356096.0,51220450062592.0
2392,question_57_aime_Qwen3-14B_S1,1,1,1,1,1,0.0,0.0,0,0,3893910950772224.0,24735725519872.0
2393,question_57_aime_Qwen3-14B_S1,1,1,1,1,1,0.0,0.5,1931,1931,9204736742030848.0,57820189272064.0
2394,question_57_aime_Qwen3-14B_S1,1,1,1,1,1,0.0,0.5,1578,1578,7594832731292160.0,48210500720128.0
2395,question_58_aime_Qwen3-14B_S64,64,1,1,1,1,0.0,0.5295500949272177,725,6851,2.2148309403663104e+16,124673721206272.0
2396,question_58_aime_Qwen3-14B_S64,64,1,1,1,1,0.0,0.5295500949272177,725,6851,2.2148309403663104e+16,124673721206272.0
2397,question_58_aime_Qwen3-14B_S64,64,1,1,1,1,0.0,0.5295500949272177,725,6851,2.2148309403663104e+16,124673721206272.0
2398,question_58_aime_Qwen3-14B_S32,32,1,1,1,1,0.0,0.5295500949272177,725,2881,1.6852164421398016e+16,99348186904064.0
2399,question_58_aime_Qwen3-14B_S32,32,1,1,1,1,0.0,0.35332022116953576,1346,4869,1.7089237652971264e+16,100905887305216.0
2400,question_58_aime_Qwen3-14B_S32,32,1,1,1,1,0.0,0.5295500949272177,725,3666,1.6669105770204416e+16,98082132470272.0
2401,question_58_aime_Qwen3-14B_S16,16,1,1,1,1,0.0,0.4365321286270974,904,3824,1.4691245813961728e+16,88806109570816.0
2402,question_58_aime_Qwen3-14B_S16,16,1,1,1,1,0.0,0.5295500949272177,725,3883,1.0930912188471552e+16,65125251436800.0
2403,question_58_aime_Qwen3-14B_S16,16,1,1,1,1,0.0,0.35332022116953576,1346,1858,1.4721275220039168e+16,89745925308672.0
2404,question_58_aime_Qwen3-14B_S8,8,1,1,1,1,0.0,0.15206359555732668,512,512,8303742586976512.0,50819489055488.0
2405,question_58_aime_Qwen3-14B_S8,8,1,1,1,1,0.0,0.35332022116953576,1346,1884,1.04643199730176e+16,64702643071744.0
2406,question_58_aime_Qwen3-14B_S8,8,1,1,1,1,0.0,0.4365321286270974,904,904,7729396506236416.0,47081388704000.0
2407,question_58_aime_Qwen3-14B_S4,4,1,1,1,1,0.0,0.35332022116953576,1346,1346,7650231190642688.0,47942839107840.0
2408,question_58_aime_Qwen3-14B_S4,4,1,1,1,1,0.0,0.26825634316531566,1582,1582,9029313173873920.0,56452419606528.0
2409,question_58_aime_Qwen3-14B_S4,4,1,1,1,1,0.0,0.15206359555732668,512,512,5013838332762368.0,31165126773248.0
2410,question_58_aime_Qwen3-14B_S2,2,1,1,1,1,0.0,0.531374970740098,882,1890,5906494284736000.0,36949535480832.0
2411,question_58_aime_Qwen3-14B_S2,2,1,1,1,1,0.0,0.4279623547981659,2680,3541,1.3312783628410368e+16,84078244431104.0
2412,question_58_aime_Qwen3-14B_S2,2,1,1,1,1,0.0,0.35332022116953576,1346,1346,1.0854439200283648e+16,68656883305216.0
2413,question_58_aime_Qwen3-14B_S1,1,1,1,1,1,0.0,0.2976274263710237,1674,1674,7982089952077056.0,50214419544576.0
2414,question_58_aime_Qwen3-14B_S1,1,1,1,1,1,0.0,0.2976274263710237,1674,1674,7982089952077056.0,50214419544576.0
2415,question_58_aime_Qwen3-14B_S1,1,1,1,1,1,0.0,0.4759946464481629,1215,1215,5797730912012288.0,36480815312640.0
2416,question_59_aime_Qwen3-14B_S64,64,1,1,1,1,0.0,0.5,948,6676,1.512793137240704e+16,78708293437696.0
2417,question_59_aime_Qwen3-14B_S64,64,1,1,1,1,0.0,0.5,820,6676,1.512793137240704e+16,78708293437696.0
2418,question_59_aime_Qwen3-14B_S64,64,1,1,1,1,0.0,0.5,948,6676,1.512793137240704e+16,78708293437696.0
2419,question_59_aime_Qwen3-14B_S32,32,1,1,1,1,0.0,0.5,820,3466,1.1412165594861568e+16,64434085531904.0
2420,question_59_aime_Qwen3-14B_S32,32,1,1,1,1,0.0,0.5,1160,4305,1.3271323505300992e+16,74815482527744.0
2421,question_59_aime_Qwen3-14B_S32,32,1,1,1,1,0.0,0.5,948,1761,1.1860385259812864e+16,66568235073024.0
2422,question_59_aime_Qwen3-14B_S16,16,1,1,1,1,0.0,0.5,1436,5065,1.2697666598235904e+16,74256296521472.0
2423,question_59_aime_Qwen3-14B_S16,16,1,1,1,1,0.0,0.5,813,2268,9216382190614016.0,54378348041728.0
2424,question_59_aime_Qwen3-14B_S16,16,1,1,1,1,0.0,0.5,950,4179,9876435623356160.0,58751926280448.0
2425,question_59_aime_Qwen3-14B_S8,8,1,1,1,1,0.0,0.5,879,879,1.0943931143927808e+16,66940160551168.0
2426,question_59_aime_Qwen3-14B_S8,8,1,1,1,1,0.0,0.5,820,1627,9491946030119936.0,58098268009216.0
2427,question_59_aime_Qwen3-14B_S8,8,1,1,1,1,0.0,0.5,1233,2351,1.4124073839331328e+16,85198266560256.0
2428,question_59_aime_Qwen3-14B_S4,4,1,1,1,1,0.0,0.5,813,813,5592487942584576.0,34819137732096.0
2429,question_59_aime_Qwen3-14B_S4,4,1,1,1,1,0.0,0.5,813,813,7171910470245120.0,44582376030976.0
2430,question_59_aime_Qwen3-14B_S4,4,1,1,1,1,0.0,0.5,1526,3313,1.4673614739758336e+16,90467084962560.0
2431,question_59_aime_Qwen3-14B_S2,2,1,1,1,1,0.0,0.5,1512,1512,9174365441702144.0,57695843518720.0
2432,question_59_aime_Qwen3-14B_S2,2,1,1,1,1,0.0,0.5,813,813,4730746545307648.0,29770151794176.0
2433,question_59_aime_Qwen3-14B_S2,2,1,1,1,1,0.0,0.5,1313,1313,9515435015119360.0,59453736632064.0
2434,question_59_aime_Qwen3-14B_S1,1,1,1,1,1,0.0,0.5,1246,1246,6009739734792960.0,37916702483968.0
2435,question_59_aime_Qwen3-14B_S1,1,1,1,1,1,0.0,0.5,950,950,4520945756603904.0,28589527395072.0
2436,question_59_aime_Qwen3-14B_S1,1,1,1,1,1,0.0,0.5,1296,1296,6357986661210112.0,40041542822144.0
2437,question_6_aime_Qwen3-14B_S64,64,1,1,1,1,0.0,0.2867728026815599,790,896,1.361616321939584e+16,82319511702016.0
2438,question_6_aime_Qwen3-14B_S64,64,1,1,1,1,0.0,0.2867728026815599,790,896,1.361616321939584e+16,82319511702016.0
2439,question_6_aime_Qwen3-14B_S64,64,1,1,1,1,0.0,0.2867728026815599,790,896,1.361616321939584e+16,82319511702016.0
2440,question_6_aime_Qwen3-14B_S32,32,1,1,1,1,0.0,0.9275846425815464,833,4880,1.4369432366767616e+16,86726510222592.0
2441,question_6_aime_Qwen3-14B_S32,32,1,1,1,1,0.0,0.2867728026815599,790,1377,1.6449335621149184e+16,102294367698944.0
2442,question_6_aime_Qwen3-14B_S32,32,1,1,1,1,0.0,0.2867728026815599,790,1377,1.6452080591183872e+16,102296969871360.0
2443,question_6_aime_Qwen3-14B_S16,16,1,1,1,1,0.0,0.8399998188066482,1019,5673,1.0501938356866304e+16,62712795160064.0
2444,question_6_aime_Qwen3-14B_S16,16,1,1,1,1,0.0,0.2867728026815599,790,790,7733914437773312.0,47937440639488.0
2445,question_6_aime_Qwen3-14B_S16,16,1,1,1,1,0.0,0.2867728026815599,790,790,1.0291435619566848e+16,64237529366784.0
2446,question_6_aime_Qwen3-14B_S8,8,1,1,1,1,0.0,0.2867728026815599,790,790,7385235133134080.0,46447216083712.0
2447,question_6_aime_Qwen3-14B_S8,8,1,1,1,1,0.0,0.7296102593366685,924,924,7193950098953728.0,44816887079680.0
2448,question_6_aime_Qwen3-14B_S8,8,1,1,1,1,0.0,0.6022989603658917,1146,2680,1.1673293531055616e+16,73280812146944.0
2449,question_6_aime_Qwen3-14B_S4,4,1,1,1,1,0.0,0.10874260355894527,945,945,5463681068830976.0,34369662540288.0
2450,question_6_aime_Qwen3-14B_S4,4,1,1,1,1,0.0,0.2867728026815599,790,790,6228117264075264.0,39435491272960.0
2451,question_6_aime_Qwen3-14B_S4,4,1,1,1,1,0.0,0.8673027242488275,1236,1236,8361377179627008.0,51884299737088.0
2452,question_6_aime_Qwen3-14B_S2,2,1,1,1,1,0.0,0.2867728026815599,790,790,6045289123540224.0,38406462547712.0
2453,question_6_aime_Qwen3-14B_S2,2,1,1,1,1,0.0,0.18541582091913114,598,598,4335367545885696.0,27259365095424.0
2454,question_6_aime_Qwen3-14B_S2,2,1,1,1,1,0.0,0.191683903570794,481,481,7240983990866176.0,45945764047104.0
2455,question_6_aime_Qwen3-14B_S1,1,1,1,1,1,0.0,0.17923862223575765,898,898,4318100072873984.0,27327670057728.0
2456,question_6_aime_Qwen3-14B_S1,1,1,1,1,1,0.0,0.8478929766280945,1089,1089,5135784396781568.0,32448268228352.0
2457,question_6_aime_Qwen3-14B_S1,1,1,1,1,1,0.0,0.8399998188066482,1019,1019,4915781688759296.0,31122395912960.0
2458,question_7_aime_Qwen3-14B_S64,64,1,1,1,1,0.0,0.08809103410149537,100,1702,2799869384314112.0,15298462671872.0
2459,question_7_aime_Qwen3-14B_S64,64,1,1,1,1,0.0,0.08809103410149537,100,1702,2799869384314112.0,15298462671872.0
2460,question_7_aime_Qwen3-14B_S64,64,1,1,1,1,0.0,0.08809103410149537,100,1702,2799869384314112.0,15298462671872.0
2461,question_7_aime_Qwen3-14B_S32,32,1,1,1,1,0.0,0.05294819171405414,96,997,2354426275732480.0,13769454298368.0
2462,question_7_aime_Qwen3-14B_S32,32,1,1,1,1,0.0,0.04861019543528135,112,542,2309539351681280.0,13499297291264.0
2463,question_7_aime_Qwen3-14B_S32,32,1,1,1,1,0.0,0.08809103410149537,100,544,2354287972944640.0,13743043212288.0
2464,question_7_aime_Qwen3-14B_S16,16,1,1,1,1,0.0,0.04648757055790644,121,811,2340196685502464.0,14350085032704.0
2465,question_7_aime_Qwen3-14B_S16,16,1,1,1,1,0.0,0.08809103410149537,100,199,2254569050758400.0,13605682651904.0
2466,question_7_aime_Qwen3-14B_S16,16,1,1,1,1,0.0,0.03210864874812673,134,247,2217130982849536.0,13501323795968.0
2467,question_7_aime_Qwen3-14B_S8,8,1,1,1,1,0.0,0.01654894678663389,104,104,2270405126347776.0,14021552710656.0
2468,question_7_aime_Qwen3-14B_S8,8,1,1,1,1,0.0,0.08809103410149537,100,357,1797966506691584.0,11108081803264.0
2469,question_7_aime_Qwen3-14B_S8,8,1,1,1,1,0.0,0.2259017947765417,230,810,3629781471399424.0,22378270721280.0
2470,question_7_aime_Qwen3-14B_S4,4,1,1,1,1,0.0,0.04861019543528135,112,197,1161582624714496.0,7293598989824.0
2471,question_7_aime_Qwen3-14B_S4,4,1,1,1,1,0.0,0.02364358134119566,100,230,1838665558896640.0,11512754549760.0
2472,question_7_aime_Qwen3-14B_S4,4,1,1,1,1,0.0,0.08729114076563331,498,1487,5138345591105536.0,32197689289984.0
2473,question_7_aime_Qwen3-14B_S2,2,1,1,1,1,0.0,0.03700078207161736,99,99,1347611340508928.0,8533797829120.0
2474,question_7_aime_Qwen3-14B_S2,2,1,1,1,1,0.0,0.016488430325340003,120,120,1457479742545664.0,9196623062528.0
2475,question_7_aime_Qwen3-14B_S2,2,1,1,1,1,0.0,0.02360643725323485,295,295,2963880157678592.0,18714575573760.0
2476,question_7_aime_Qwen3-14B_S1,1,1,1,1,1,0.0,0.014092582785773283,3851,3851,1.8454537282297856e+16,114832154361856.0
2477,question_7_aime_Qwen3-14B_S1,1,1,1,1,1,0.0,0.023357577965744388,556,556,2618519368800256.0,16601059836416.0
2478,question_7_aime_Qwen3-14B_S1,1,1,1,1,1,0.0,0.14098122258775697,454,454,2157995338557952.0,13611359948800.0
2479,question_8_aime_Qwen3-14B_S64,64,1,1,1,1,0.0,0.1906155639102863,174,174,1.5973167835491584e+16,96656657450240.0
2480,question_8_aime_Qwen3-14B_S64,64,1,1,1,1,0.0,0.1906155639102863,174,174,1.5973167835491584e+16,96656657450240.0
2481,question_8_aime_Qwen3-14B_S64,64,1,1,1,1,0.0,0.1906155639102863,174,174,1.5973167835491584e+16,96656657450240.0
2482,question_8_aime_Qwen3-14B_S32,32,1,1,1,1,0.0,0.1906155639102863,174,174,1.5086714878531328e+16,93500452084480.0
2483,question_8_aime_Qwen3-14B_S32,32,1,1,1,1,0.0,0.1906155639102863,174,174,1.534200101426432e+16,95262798321664.0
2484,question_8_aime_Qwen3-14B_S32,32,1,1,1,1,0.0,0.35814744815187466,1748,3517,1.2686653837534464e+16,75306315865856.0
2485,question_8_aime_Qwen3-14B_S16,16,1,1,1,1,0.0,0.35814744815187466,1748,3618,1.425730293969792e+16,87361252395008.0
2486,question_8_aime_Qwen3-14B_S16,16,1,1,1,1,0.0,0.24452328770872228,642,642,8681776196667648.0,52600874646016.0
2487,question_8_aime_Qwen3-14B_S16,16,1,1,1,1,0.0,0.48690836657929637,1187,2799,1.1426746303716608e+16,68274373781760.0
2488,question_8_aime_Qwen3-14B_S8,8,1,1,1,1,0.0,0.45337344494646165,1256,3725,1.3243302002640896e+16,82237114220800.0
2489,question_8_aime_Qwen3-14B_S8,8,1,1,1,1,0.0,0.4560604857284191,1556,2704,1.3903932973773056e+16,85072889649920.0
2490,question_8_aime_Qwen3-14B_S8,8,1,1,1,1,0.0,0.1792659116390977,1181,1924,9388713312760576.0,57711990945792.0
2491,question_8_aime_Qwen3-14B_S4,4,1,1,1,1,0.0,0.47815217380157765,1398,1398,1.0205937287621632e+16,63659039183360.0
2492,question_8_aime_Qwen3-14B_S4,4,1,1,1,1,0.0,0.48690836657929637,1187,2219,8772373589816064.0,54730438929920.0
2493,question_8_aime_Qwen3-14B_S4,4,1,1,1,1,0.0,0.6146536462455366,2203,4687,1.3894693690859776e+16,86767760231424.0
2494,question_8_aime_Qwen3-14B_S2,2,1,1,1,1,0.0,0.22031433044204357,1726,1726,9410971784431872.0,59527474421760.0
2495,question_8_aime_Qwen3-14B_S2,2,1,1,1,1,0.0,0.6538299393820987,1234,2387,7158923019166720.0,45028378663680.0
2496,question_8_aime_Qwen3-14B_S2,2,1,1,1,1,0.0,0.17177228659346716,1127,1127,7438588992251904.0,47086541604864.0
2497,question_8_aime_Qwen3-14B_S1,1,1,1,1,1,0.0,0.28235849931468765,2048,2048,9692133262176768.0,61007781247488.0
2498,question_8_aime_Qwen3-14B_S1,1,1,1,1,1,0.0,0.21657865367393064,912,912,4357229572224512.0,27496403063808.0
2499,question_8_aime_Qwen3-14B_S1,1,1,1,1,1,0.0,0.22031433044204357,1726,1726,8358681747301120.0,53051543736064.0
2500,question_9_aime_Qwen3-14B_S64,64,1,1,1,1,0.0,0.11545204255426847,523,3356,8897685701167872.0,48102820704256.0
2501,question_9_aime_Qwen3-14B_S64,64,1,1,1,1,0.0,0.11545204255426847,523,3356,8897685701167872.0,48102820704256.0
2502,question_9_aime_Qwen3-14B_S64,64,1,1,1,1,0.0,0.11545204255426847,523,3356,8897685701167872.0,48102820704256.0
2503,question_9_aime_Qwen3-14B_S32,32,1,1,1,1,0.0,0.16063273570776077,552,6886,9324240752822016.0,53191597003264.0
2504,question_9_aime_Qwen3-14B_S32,32,1,1,1,1,0.0,0.11545204255426847,523,1966,7489082939129344.0,43509692984064.0
2505,question_9_aime_Qwen3-14B_S32,32,1,1,1,1,0.0,0.06550142266948208,498,1669,7486139247711488.0,43188801847552.0
2506,question_9_aime_Qwen3-14B_S16,16,1,1,1,1,0.0,0.11545204255426847,523,1455,7698124848189440.0,46757360780288.0
2507,question_9_aime_Qwen3-14B_S16,16,1,1,1,1,0.0,0.01656958700609639,413,724,5365167936409344.0,32055167051008.0
2508,question_9_aime_Qwen3-14B_S16,16,1,1,1,1,0.0,0.09000640953896838,330,1159,4512253815716864.0,26932596389888.0
2509,question_9_aime_Qwen3-14B_S8,8,1,1,1,1,0.0,0.04422807870820943,562,562,5629492270777088.0,34717500134656.0
2510,question_9_aime_Qwen3-14B_S8,8,1,1,1,1,0.0,0.16063273570776077,552,2637,6583720269867776.0,40545675803136.0
2511,question_9_aime_Qwen3-14B_S8,8,1,1,1,1,0.0,0.11545204255426847,523,834,6019722793968128.0,37284716554752.0
2512,question_9_aime_Qwen3-14B_S4,4,1,1,1,1,0.0,0.019613635960252437,753,753,7789958307622400.0,48550014507264.0
2513,question_9_aime_Qwen3-14B_S4,4,1,1,1,1,0.0,0.16063273570776077,552,552,4574831852179456.0,28483689746176.0
2514,question_9_aime_Qwen3-14B_S4,4,1,1,1,1,0.0,0.16063273570776077,552,552,3938666811767296.0,24432417658368.0
2515,question_9_aime_Qwen3-14B_S2,2,1,1,1,1,0.0,0.3793789524944243,682,682,5100057716966912.0,31989302816512.0
2516,question_9_aime_Qwen3-14B_S2,2,1,1,1,1,0.0,0.06482362675734549,797,797,6447193641244160.0,40689088375552.0
2517,question_9_aime_Qwen3-14B_S2,2,1,1,1,1,0.0,0.16818956191978549,811,1372,4030146252029184.0,25177411821824.0
2518,question_9_aime_Qwen3-14B_S1,1,1,1,1,1,0.0,0.30114365607566557,1056,1056,5028076839885568.0,31543811803136.0
2519,question_9_aime_Qwen3-14B_S1,1,1,1,1,1,0.0,0.19147488685145406,931,931,4409988280807424.0,27779471554304.0
2520,question_9_aime_Qwen3-14B_S1,1,1,1,1,1,0.0,0.017916824559165087,468,468,2216715320834560.0,14028157579008.0
2521,question_0_aime_Qwen3-8B_S64,64,1,1,1,1,1.0,0.9134598756181107,1026,1026,1.5749385221972736e+16,71354895882752.0
2522,question_0_aime_Qwen3-8B_S64,64,1,1,1,1,1.0,0.8919182415407438,989,989,1.5749385221972736e+16,71354895882752.0
2523,question_0_aime_Qwen3-8B_S64,64,1,1,1,1,1.0,0.9134598756181107,1026,1026,1.5749385221972736e+16,71354895882752.0
2524,question_0_aime_Qwen3-8B_S32,32,1,1,1,1,1.0,0.8919182415407438,989,989,1.2483597943201536e+16,64576552766208.0
2525,question_0_aime_Qwen3-8B_S32,32,1,1,1,1,1.0,0.8145000990677811,1358,1358,1.2853979910479872e+16,66392441881088.0
2526,question_0_aime_Qwen3-8B_S32,32,1,1,1,1,1.0,0.9134598756181107,1026,1026,1.1779131448226304e+16,60645186464768.0
2527,question_0_aime_Qwen3-8B_S16,16,1,1,1,1,1.0,0.9021881574244086,1091,1091,1.0362175181564416e+16,56665333127680.0
2528,question_0_aime_Qwen3-8B_S16,16,1,1,1,1,1.0,0.8078851818356579,984,984,9839991206519296.0,55407872015104.0
2529,question_0_aime_Qwen3-8B_S16,16,1,1,1,1,1.0,0.8844954528036489,1155,1155,1.1110543043094272e+16,62250545998336.0
2530,question_0_aime_Qwen3-8B_S8,8,1,1,1,1,1.0,0.8145000990677811,1358,1358,8818920418080768.0,52046995686912.0
2531,question_0_aime_Qwen3-8B_S8,8,1,1,1,1,1.0,0.8078851818356579,984,984,6941969572275200.0,40700622468096.0
2532,question_0_aime_Qwen3-8B_S8,8,1,1,1,1,1.0,0.8078851818356579,984,984,7470371117737984.0,44156605288960.0
2533,question_0_aime_Qwen3-8B_S4,4,1,1,1,1,1.0,0.9134598756181107,1026,1026,6612662639538176.0,40066638298624.0
2534,question_0_aime_Qwen3-8B_S4,4,1,1,1,1,1.0,0.7732343418001273,1032,1032,6041871004766464.0,36067526478848.0
2535,question_0_aime_Qwen3-8B_S4,4,1,1,1,1,1.0,0.7622546939311258,1101,1101,8635121084090624.0,52288759156480.0
2536,question_0_aime_Qwen3-8B_S2,2,1,1,1,1,1.0,0.936434056030756,1145,1145,4646643200659968.0,28685601253120.0
2537,question_0_aime_Qwen3-8B_S2,2,1,1,1,1,1.0,0.3978305855933389,1053,1053,4295428366087936.0,26269607874304.0
2538,question_0_aime_Qwen3-8B_S2,2,1,1,1,1,1.0,0.8252111306585936,1397,1397,5040735863705856.0,30987701031936.0
2539,question_0_aime_Qwen3-8B_S1,1,1,1,1,1,1.0,0.7845883170848034,1180,1180,3170942310400512.0,19641412277760.0
2540,question_0_aime_Qwen3-8B_S1,1,1,1,1,1,1.0,0.7622546939311258,1101,1101,2956215315241728.0,18325621934336.0
2541,question_0_aime_Qwen3-8B_S1,1,1,1,1,1,1.0,0.8226198126842704,961,961,2576689669016832.0,15996848391936.0
2542,question_1_aime_Qwen3-8B_S64,64,1,1,1,1,1.0,0.9601936785853352,506,506,6385476815853056.0,28191968017152.0
2543,question_1_aime_Qwen3-8B_S64,64,1,1,1,1,1.0,0.9467155505214822,431,431,6385476815853056.0,28191968017152.0
2544,question_1_aime_Qwen3-8B_S64,64,1,1,1,1,1.0,0.943000166589765,506,506,6385476815853056.0,28191968017152.0
2545,question_1_aime_Qwen3-8B_S32,32,1,1,1,1,1.0,0.9673164057143301,576,576,5231030834531072.0,26757750662912.0
2546,question_1_aime_Qwen3-8B_S32,32,1,1,1,1,1.0,0.9707983920876764,482,482,4900240002825472.0,25061476374784.0
2547,question_1_aime_Qwen3-8B_S32,32,1,1,1,1,1.0,0.9467155505214822,431,431,4644271195711744.0,23391881670400.0
2548,question_1_aime_Qwen3-8B_S16,16,1,1,1,1,1.0,0.9525827859190391,418,418,4230515002397440.0,23991886893568.0
2549,question_1_aime_Qwen3-8B_S16,16,1,1,1,1,1.0,0.9334090596186256,493,493,4112701850116608.0,22939570415104.0
2550,question_1_aime_Qwen3-8B_S16,16,1,1,1,1,1.0,0.9609228183536083,504,504,4280415371503104.0,24086521556992.0
2551,question_1_aime_Qwen3-8B_S8,8,1,1,1,1,1.0,0.7573869750495565,463,463,3822630903226880.0,22712823657472.0
2552,question_1_aime_Qwen3-8B_S8,8,1,1,1,1,1.0,0.9308811808521186,547,547,3594100664467712.0,21191226465024.0
2553,question_1_aime_Qwen3-8B_S8,8,1,1,1,1,1.0,0.7573869750495565,463,463,3478759761158144.0,20629590596096.0
2554,question_1_aime_Qwen3-8B_S4,4,1,1,1,1,1.0,0.9601936785853352,506,506,2547241202881024.0,15538197359616.0
2555,question_1_aime_Qwen3-8B_S4,4,1,1,1,1,1.0,0.9539685056638088,515,515,3592396384369152.0,21880965109504.0
2556,question_1_aime_Qwen3-8B_S4,4,1,1,1,1,1.0,0.9584089252348889,541,541,2458792125000960.0,14907330097408.0
2557,question_1_aime_Qwen3-8B_S2,2,1,1,1,1,1.0,0.931284134400401,436,436,1858583026747392.0,11451001579520.0
2558,question_1_aime_Qwen3-8B_S2,2,1,1,1,1,1.0,0.9609847057558835,573,573,2659518784572416.0,16442626907136.0
2559,question_1_aime_Qwen3-8B_S2,2,1,1,1,1,1.0,0.9583598872051146,640,640,2375924924206592.0,14699044659968.0
2560,question_1_aime_Qwen3-8B_S1,1,1,1,1,1,1.0,0.9365273325723165,436,436,1174660168307200.0,7328105221632.0
2561,question_1_aime_Qwen3-8B_S1,1,1,1,1,1,1.0,0.9340678571743543,480,480,1285388492204544.0,8038681516544.0
2562,question_1_aime_Qwen3-8B_S1,1,1,1,1,1,1.0,0.9520969915288611,748,748,2005168015364096.0,12491894516736.0
2563,question_10_aime_Qwen3-8B_S64,64,1,1,1,1,0.0,0.6105509388043505,1381,6206,2.2857791050484736e+16,95134843656192.0
2564,question_10_aime_Qwen3-8B_S64,64,1,1,1,1,0.0,0.6105509388043505,1381,6206,2.2857791050484736e+16,95134843656192.0
2565,question_10_aime_Qwen3-8B_S64,64,1,1,1,1,0.0,0.6105509388043505,1381,6206,2.2857791050484736e+16,95134843656192.0
2566,question_10_aime_Qwen3-8B_S32,32,1,1,1,1,0.0,0.573710477855839,1792,8024,2.4461899800066816e+16,113048087330560.0
2567,question_10_aime_Qwen3-8B_S32,32,1,1,1,1,0.0,0.5903566448996461,1347,3624,1.7602311135277056e+16,84119180121600.0
2568,question_10_aime_Qwen3-8B_S32,32,1,1,1,1,0.0,0.6105509388043505,1381,4954,1.692442551773184e+16,82604370432000.0
2569,question_10_aime_Qwen3-8B_S16,16,1,1,1,1,0.0,0.6105509388043505,1381,1381,1.42556595363712e+16,74784828559872.0
2570,question_10_aime_Qwen3-8B_S16,16,1,1,1,1,0.0,0.08120750971334109,1201,1201,1.1666860870068224e+16,61989207476992.0
2571,question_10_aime_Qwen3-8B_S16,16,1,1,1,1,0.0,0.639540196368756,1545,6587,1.8010257849892608e+16,95219204796416.0
2572,question_10_aime_Qwen3-8B_S8,8,1,1,1,1,0.0,0.6105509388043505,1381,1381,1.0165593252421888e+16,57511894452480.0
2573,question_10_aime_Qwen3-8B_S8,8,1,1,1,1,0.0,0.5652828734022656,2011,6792,1.7766245054121216e+16,94788204748032.0
2574,question_10_aime_Qwen3-8B_S8,8,1,1,1,1,0.0,0.5903566448996461,1347,1347,9350810532758016.0,53109271848192.0
2575,question_10_aime_Qwen3-8B_S4,4,1,1,1,1,0.0,0.4086277700230663,2535,2535,1.6011288588233472e+16,91188363749376.0
2576,question_10_aime_Qwen3-8B_S4,4,1,1,1,1,0.0,0.5903566448996461,1347,1347,8322782891186688.0,49942885163520.0
2577,question_10_aime_Qwen3-8B_S4,4,1,1,1,1,0.0,0.35992498791592337,1252,1252,7888225391811840.0,46917738415872.0
2578,question_10_aime_Qwen3-8B_S2,2,1,1,1,1,0.0,0.35992498791592337,1252,1252,5847361590224384.0,35811740131840.0
2579,question_10_aime_Qwen3-8B_S2,2,1,1,1,1,0.0,0.5903566448996461,1347,1347,5378739448956928.0,32894531446016.0
2580,question_10_aime_Qwen3-8B_S2,2,1,1,1,1,0.0,0.09295348469716705,1639,1639,8652552050699264.0,51730291260416.0
2581,question_10_aime_Qwen3-8B_S1,1,1,1,1,1,0.0,0.09295348469716705,1639,1639,4480136364083200.0,27322429192448.0
2582,question_10_aime_Qwen3-8B_S1,1,1,1,1,1,0.0,0.21174420110788078,2805,2805,7738724573710336.0,46795688644352.0
2583,question_10_aime_Qwen3-8B_S1,1,1,1,1,1,0.0,0.4086277700230663,2535,2535,6949489810733056.0,42249218499328.0
2584,question_11_aime_Qwen3-8B_S64,64,1,1,1,1,0.0,0.5770045066165214,2087,11401,3.5075976911833344e+16,158057482648576.0
2585,question_11_aime_Qwen3-8B_S64,64,1,1,1,1,0.0,0.5770045066165214,2087,11401,3.5075976911833344e+16,158057482648576.0
2586,question_11_aime_Qwen3-8B_S64,64,1,1,1,1,0.0,0.5770045066165214,2087,11401,3.5075976911833344e+16,158057482648576.0
2587,question_11_aime_Qwen3-8B_S32,32,1,1,1,1,0.0,0.5770045066165214,2087,11401,2.561631081371136e+16,131477681893120.0
2588,question_11_aime_Qwen3-8B_S32,32,1,1,1,1,0.0,0.5770045066165214,2087,7653,2.743265128786048e+16,141992993657088.0
2589,question_11_aime_Qwen3-8B_S32,32,1,1,1,1,0.0,0.5614790197861392,2171,9657,2.5795231444088576e+16,130272233846016.0
2590,question_11_aime_Qwen3-8B_S16,16,1,1,1,1,0.0,0.5614790197861392,2171,5865,1.875245285716992e+16,103250756100608.0
2591,question_11_aime_Qwen3-8B_S16,16,1,1,1,1,0.0,0.6607811303820972,1953,16182,2.0989500040877824e+16,114322207372544.0
2592,question_11_aime_Qwen3-8B_S16,16,1,1,1,1,0.0,0.2735060133373346,1872,1872,2.0802001742977536e+16,116798056447744.0
2593,question_11_aime_Qwen3-8B_S8,8,1,1,1,1,0.0,0.3291383722639428,1985,1985,1.5332567516717568e+16,89439867015680.0
2594,question_11_aime_Qwen3-8B_S8,8,1,1,1,1,0.0,0.6044549369331198,1979,6586,1.7988649159538688e+16,103581433318912.0
2595,question_11_aime_Qwen3-8B_S8,8,1,1,1,1,0.0,0.6044549369331198,1979,4008,1.8430768237947904e+16,106006063968768.0
2596,question_11_aime_Qwen3-8B_S4,4,1,1,1,1,0.0,0.6145792295335855,2007,3925,1.1325875447883264e+16,67750376649216.0
2597,question_11_aime_Qwen3-8B_S4,4,1,1,1,1,0.0,0.3291383722639428,1985,1985,1.1123858154638592e+16,67133692608512.0
2598,question_11_aime_Qwen3-8B_S4,4,1,1,1,1,0.0,0.2735060133373346,1872,1872,1.0538195317994496e+16,63503357352448.0
2599,question_11_aime_Qwen3-8B_S2,2,1,1,1,1,0.0,0.4927456589623632,2906,5423,1.1175496022291712e+16,68115548294400.0
2600,question_11_aime_Qwen3-8B_S2,2,1,1,1,1,0.0,0.3291383722639428,1985,1985,8212213652838656.0,50727533601792.0
2601,question_11_aime_Qwen3-8B_S2,2,1,1,1,1,0.0,0.42970701949670637,2517,2517,1.0376244409985536e+16,63003233896448.0
2602,question_11_aime_Qwen3-8B_S1,1,1,1,1,1,0.0,0.5583483142337137,2220,2220,6016482567871744.0,36978181008896.0
2603,question_11_aime_Qwen3-8B_S1,1,1,1,1,1,0.0,0.6607811303820972,1953,1953,5238327285971456.0,32446978294016.0
2604,question_11_aime_Qwen3-8B_S1,1,1,1,1,1,0.0,0.3462309196721867,1970,1970,5307151563000576.0,32755770762752.0
2605,question_12_aime_Qwen3-8B_S64,64,1,1,1,1,0.0,0.3253772526106638,2414,5353,4.974545814951526e+16,291156351625216.0
2606,question_12_aime_Qwen3-8B_S64,64,1,1,1,1,0.0,0.3253772526106638,2414,5353,4.974545814951526e+16,291156351625216.0
2607,question_12_aime_Qwen3-8B_S64,64,1,1,1,1,0.0,0.3253772526106638,2414,5353,4.974545814951526e+16,291156351625216.0
2608,question_12_aime_Qwen3-8B_S32,32,1,1,1,1,0.0,0.3253772526106638,2414,2414,3.487443271958016e+16,209468099900160.0
2609,question_12_aime_Qwen3-8B_S32,32,1,1,1,1,0.0,0.3253772526106638,2414,5353,3.1556704248634624e+16,188739315166976.0
2610,question_12_aime_Qwen3-8B_S32,32,1,1,1,1,0.0,0.618594519261795,1309,9772,3.834514838022298e+16,221710957292032.0
2611,question_12_aime_Qwen3-8B_S16,16,1,1,1,1,0.0,0.2886372572037256,3174,6113,2.4601261891547904e+16,149344466440960.0
2612,question_12_aime_Qwen3-8B_S16,16,1,1,1,1,0.0,0.3253772526106638,2414,5353,2.188554343661235e+16,133386718373632.0
2613,question_12_aime_Qwen3-8B_S16,16,1,1,1,1,0.0,0.3253772526106638,2414,2414,2.4691713922928896e+16,151498288694528.0
2614,question_12_aime_Qwen3-8B_S8,8,1,1,1,1,0.0,0.0747063033505301,3880,3880,1.9632004129968384e+16,120561738307328.0
2615,question_12_aime_Qwen3-8B_S8,8,1,1,1,1,0.0,0.42438893011295564,2768,3999,1.9701216089804544e+16,120426006322176.0
2616,question_12_aime_Qwen3-8B_S8,8,1,1,1,1,0.0,0.3253772526106638,2414,2414,1.1815985117019648e+16,72788336937216.0
2617,question_12_aime_Qwen3-8B_S4,4,1,1,1,1,0.0,0.5580824064473574,1623,3077,1.0489660201344e+16,64505736521728.0
2618,question_12_aime_Qwen3-8B_S4,4,1,1,1,1,0.0,0.24884097851062145,2939,2939,1.4509581884237312e+16,90337642374656.0
2619,question_12_aime_Qwen3-8B_S4,4,1,1,1,1,0.0,0.6402798217040243,1927,5796,1.9899678670521856e+16,119732966366720.0
2620,question_12_aime_Qwen3-8B_S2,2,1,1,1,1,0.0,0.042869615646020064,3858,3858,1.4643976045660416e+16,90382170991360.0
2621,question_12_aime_Qwen3-8B_S2,2,1,1,1,1,0.0,0.34169161369525114,2218,2218,1.0481326129648384e+16,64906424685312.0
2622,question_12_aime_Qwen3-8B_S2,2,1,1,1,1,0.0,0.5092434911708222,1419,1419,6870676523997696.0,42444272576768.0
2623,question_12_aime_Qwen3-8B_S1,1,1,1,1,1,0.0,0.04079901977110475,3892,3892,1.0579419049941248e+16,64756421594368.0
2624,question_12_aime_Qwen3-8B_S1,1,1,1,1,1,0.0,0.03811677496350902,3857,3857,1.0330225479488512e+16,64054924125696.0
2625,question_12_aime_Qwen3-8B_S1,1,1,1,1,1,0.0,0.02796371712029997,3869,3869,1.0397367787398144e+16,64324183334400.0
2626,question_13_aime_Qwen3-8B_S64,64,1,1,1,1,0.0,0.6483283476073485,1778,6992,3.2717719880655616e+16,144118371659264.0
2627,question_13_aime_Qwen3-8B_S64,64,1,1,1,1,0.0,0.6483283476073485,1778,6992,3.2717719880655616e+16,144118371659264.0
2628,question_13_aime_Qwen3-8B_S64,64,1,1,1,1,0.0,0.6483283476073485,1778,6992,3.2717719880655616e+16,144118371659264.0
2629,question_13_aime_Qwen3-8B_S32,32,1,1,1,1,0.0,0.6483283476073485,1778,3457,2.539974966411725e+16,126100987321600.0
2630,question_13_aime_Qwen3-8B_S32,32,1,1,1,1,0.0,0.6483283476073485,1778,5313,2.448656114556339e+16,124477735805440.0
2631,question_13_aime_Qwen3-8B_S32,32,1,1,1,1,0.0,0.6483283476073485,1778,5313,2.449381962923955e+16,123743493164032.0
2632,question_13_aime_Qwen3-8B_S16,16,1,1,1,1,0.0,0.6483283476073485,1778,1778,2.0929774552287744e+16,116080768590592.0
2633,question_13_aime_Qwen3-8B_S16,16,1,1,1,1,0.0,0.6483283476073485,1778,3457,2.1078406329696256e+16,116582067591936.0
2634,question_13_aime_Qwen3-8B_S16,16,1,1,1,1,0.0,0.5025243302532839,1896,5868,2.2785414078216704e+16,126113695217152.0
2635,question_13_aime_Qwen3-8B_S8,8,1,1,1,1,0.0,0.5469135180631352,1670,1670,1.4460242365607168e+16,84577413867520.0
2636,question_13_aime_Qwen3-8B_S8,8,1,1,1,1,0.0,0.5469135180631352,1670,1670,1.4607587181567744e+16,85699672110336.0
2637,question_13_aime_Qwen3-8B_S8,8,1,1,1,1,0.0,0.6185492007208498,2248,7384,2.321041737353421e+16,133476371281664.0
2638,question_13_aime_Qwen3-8B_S4,4,1,1,1,1,0.0,0.6483283476073485,1778,1778,1.2023405851681536e+16,72489371799040.0
2639,question_13_aime_Qwen3-8B_S4,4,1,1,1,1,0.0,0.48601142009638404,1865,1865,1.0925316029338368e+16,65344519310592.0
2640,question_13_aime_Qwen3-8B_S4,4,1,1,1,1,0.0,0.5986944709975829,2441,4117,1.2989449816438272e+16,77189203751424.0
2641,question_13_aime_Qwen3-8B_S2,2,1,1,1,1,0.0,0.40597264672040717,2455,2455,1.329875726118656e+16,80247509272576.0
2642,question_13_aime_Qwen3-8B_S2,2,1,1,1,1,0.0,0.40597264672040717,2455,2455,1.329875726118656e+16,80247509272576.0
2643,question_13_aime_Qwen3-8B_S2,2,1,1,1,1,0.0,0.45553459022529513,2140,2140,1.1494611780346112e+16,69519130984960.0
2644,question_13_aime_Qwen3-8B_S1,1,1,1,1,1,0.0,0.2338313780548646,2746,2746,7475822701233664.0,45709617592320.0
2645,question_13_aime_Qwen3-8B_S1,1,1,1,1,1,0.0,0.47595070033314624,2107,2107,5635166758439168.0,35019119085312.0
2646,question_13_aime_Qwen3-8B_S1,1,1,1,1,1,0.0,0.5973492872548257,2521,2521,6877585383606528.0,41990386252032.0
2647,question_14_aime_Qwen3-8B_S64,64,1,1,1,1,1.0,0.901720599588338,1653,1653,2.345771600679987e+16,100554154677504.0
2648,question_14_aime_Qwen3-8B_S64,64,1,1,1,1,1.0,0.9058717317153688,1424,1424,2.345771600679987e+16,100554154677504.0
2649,question_14_aime_Qwen3-8B_S64,64,1,1,1,1,1.0,0.737415203241683,2046,2046,2.345771600679987e+16,100554154677504.0
2650,question_14_aime_Qwen3-8B_S32,32,1,1,1,1,1.0,0.8445813979771047,1552,1552,2.1937573403666176e+16,108106487261184.0
2651,question_14_aime_Qwen3-8B_S32,32,1,1,1,1,1.0,0.9058717317153688,1424,3511,2.1282200222530304e+16,103640572979456.0
2652,question_14_aime_Qwen3-8B_S32,32,1,1,1,1,1.0,0.8754845068776959,1439,2882,1.708568455577216e+16,83791368267520.0
2653,question_14_aime_Qwen3-8B_S16,16,1,1,1,1,1.0,0.901720599588338,1653,1653,1.2272661792400384e+16,66484495224832.0
2654,question_14_aime_Qwen3-8B_S16,16,1,1,1,1,1.0,0.8975137193065065,1472,2915,1.30377528751616e+16,70722895388416.0
2655,question_14_aime_Qwen3-8B_S16,16,1,1,1,1,1.0,0.8221204201171303,1767,1767,1.4903676560566528e+16,78960706800384.0
2656,question_14_aime_Qwen3-8B_S8,8,1,1,1,1,1.0,0.7976024783932825,1798,1798,1.1609117128736768e+16,66664554700288.0
2657,question_14_aime_Qwen3-8B_S8,8,1,1,1,1,1.0,0.8877403822337578,1504,1504,1.292006990899328e+16,73679146767616.0
2658,question_14_aime_Qwen3-8B_S8,8,1,1,1,1,1.0,0.8754845068776959,1439,3526,1.2501691373724928e+16,72247127772672.0
2659,question_14_aime_Qwen3-8B_S4,4,1,1,1,1,1.0,0.8689940231950012,1877,1877,1.1754121562300672e+16,70001205577472.0
2660,question_14_aime_Qwen3-8B_S4,4,1,1,1,1,1.0,0.9058717317153688,1424,1424,8410811756499456.0,50108171206912.0
2661,question_14_aime_Qwen3-8B_S4,4,1,1,1,1,1.0,0.7995854217758348,1528,1528,1.0071515800405248e+16,60064643403264.0
2662,question_14_aime_Qwen3-8B_S2,2,1,1,1,1,1.0,0.4587436266329734,2114,2114,1.215980505596544e+16,73131448058624.0
2663,question_14_aime_Qwen3-8B_S2,2,1,1,1,1,1.0,0.8445813979771047,1552,1552,6621399429005824.0,40520958300160.0
2664,question_14_aime_Qwen3-8B_S2,2,1,1,1,1,1.0,0.5338321984079405,1992,1992,9715806729517824.0,58861397757440.0
2665,question_14_aime_Qwen3-8B_S1,1,1,1,1,1,0.0,0.16968917526238625,3333,3333,8996175194153216.0,55446325075712.0
2666,question_14_aime_Qwen3-8B_S1,1,1,1,1,1,1.0,0.9058717317153688,1424,1424,3823550230221824.0,23714848230912.0
2667,question_14_aime_Qwen3-8B_S1,1,1,1,1,1,0.0,0.0348266065464861,3868,3868,1.0687748466665216e+16,64514988004608.0
2668,question_15_aime_Qwen3-8B_S64,64,1,1,1,1,0.0,0.7073431964285398,831,2700,1.2188198005562624e+16,58954287052544.0
2669,question_15_aime_Qwen3-8B_S64,64,1,1,1,1,0.0,0.7073431964285398,831,2700,1.2188198005562624e+16,58954287052544.0
2670,question_15_aime_Qwen3-8B_S64,64,1,1,1,1,0.0,0.7073431964285398,831,2700,1.2188198005562624e+16,58954287052544.0
2671,question_15_aime_Qwen3-8B_S32,32,1,1,1,1,0.0,0.5767819180997161,1331,3541,1.0166616838902016e+16,53914885295616.0
2672,question_15_aime_Qwen3-8B_S32,32,1,1,1,1,0.0,0.7617617853105934,1114,3873,1.0999329909285888e+16,58465954602240.0
2673,question_15_aime_Qwen3-8B_S32,32,1,1,1,1,0.0,0.7073431964285398,831,1484,9764188154180096.0,51794171956224.0
2674,question_15_aime_Qwen3-8B_S16,16,1,1,1,1,0.0,0.7073431964285398,831,2266,8353680248404480.0,48228521957632.0
2675,question_15_aime_Qwen3-8B_S16,16,1,1,1,1,0.0,0.7617617853105934,1114,1767,8144547033148672.0,46183379280128.0
2676,question_15_aime_Qwen3-8B_S16,16,1,1,1,1,0.0,0.9005056719659236,901,3080,1.0837853724515328e+16,61752976005376.0
2677,question_15_aime_Qwen3-8B_S8,8,1,1,1,1,0.0,0.7617617853105934,1114,1114,7391520085544448.0,43495442960128.0
2678,question_15_aime_Qwen3-8B_S8,8,1,1,1,1,0.0,0.8704584210680062,1019,5939,7946851544079104.0,46290357210880.0
2679,question_15_aime_Qwen3-8B_S8,8,1,1,1,1,0.0,0.7617617853105934,1114,1767,6820418831196416.0,40719780102400.0
2680,question_15_aime_Qwen3-8B_S4,4,1,1,1,1,0.0,0.5767819180997161,1331,1331,6633733222514688.0,40493134251264.0
2681,question_15_aime_Qwen3-8B_S4,4,1,1,1,1,0.0,0.2643224725528842,775,775,5311070214763008.0,32217348860160.0
2682,question_15_aime_Qwen3-8B_S4,4,1,1,1,1,0.0,0.8790120916019638,822,1824,5656021569166080.0,34267384457472.0
2683,question_15_aime_Qwen3-8B_S2,2,1,1,1,1,0.0,0.3728163496314786,1649,1649,5851231346985216.0,35927427120384.0
2684,question_15_aime_Qwen3-8B_S2,2,1,1,1,1,0.0,0.7847802808276837,1052,2134,4254186667530240.0,26045255277312.0
2685,question_15_aime_Qwen3-8B_S2,2,1,1,1,1,0.0,0.2875111437703271,434,434,1841610288958976.0,11363027752448.0
2686,question_15_aime_Qwen3-8B_S1,1,1,1,1,1,0.0,0.13112284186689013,1720,1720,4635001765726976.0,28606197827072.0
2687,question_15_aime_Qwen3-8B_S1,1,1,1,1,1,0.0,0.8705125562402646,1113,1113,2977395145203200.0,18507464830208.0
2688,question_15_aime_Qwen3-8B_S1,1,1,1,1,1,0.0,0.6742767472252796,1065,1065,2844188306120192.0,17704746521856.0
2689,question_16_aime_Qwen3-8B_S64,64,1,1,1,1,1.0,0.5990511227467408,739,739,1.226538906390528e+16,55380907849216.0
2690,question_16_aime_Qwen3-8B_S64,64,1,1,1,1,1.0,0.6552755788703281,928,928,1.226538906390528e+16,55380907849216.0
2691,question_16_aime_Qwen3-8B_S64,64,1,1,1,1,1.0,0.6654545086749506,620,2079,1.226538906390528e+16,55380907849216.0
2692,question_16_aime_Qwen3-8B_S32,32,1,1,1,1,1.0,0.5990511227467408,739,2017,9883522065772544.0,50862984243456.0
2693,question_16_aime_Qwen3-8B_S32,32,1,1,1,1,1.0,0.6654545086749506,620,1548,9648222510673664.0,49393295378944.0
2694,question_16_aime_Qwen3-8B_S32,32,1,1,1,1,1.0,0.4223192489797025,759,759,9959867460993024.0,51705436551936.0
2695,question_16_aime_Qwen3-8B_S16,16,1,1,1,1,1.0,0.4223192489797025,759,1847,6685484925970432.0,37543441052928.0
2696,question_16_aime_Qwen3-8B_S16,16,1,1,1,1,0.0,0.35211834224430694,891,1611,9060430656318208.0,50251733517056.0
2697,question_16_aime_Qwen3-8B_S16,16,1,1,1,1,1.0,0.5990511227467408,739,1670,8802417668610048.0,48956342163456.0
2698,question_16_aime_Qwen3-8B_S8,8,1,1,1,1,1.0,0.4223192489797025,759,1479,6039447632806656.0,35739927909632.0
2699,question_16_aime_Qwen3-8B_S8,8,1,1,1,1,0.0,0.6654545086749506,620,1272,5892492047405824.0,34434043089152.0
2700,question_16_aime_Qwen3-8B_S8,8,1,1,1,1,0.0,0.6654545086749506,620,2205,6376676641426944.0,37549937482240.0
2701,question_16_aime_Qwen3-8B_S4,4,1,1,1,1,0.0,0.37464084604952014,530,530,4230196300544000.0,25668832967936.0
2702,question_16_aime_Qwen3-8B_S4,4,1,1,1,1,1.0,0.4634538317801652,1674,1674,1.2989324670265856e+16,76000238949632.0
2703,question_16_aime_Qwen3-8B_S4,4,1,1,1,1,1.0,0.6552755788703281,928,1727,5079771566310400.0,30993439853312.0
2704,question_16_aime_Qwen3-8B_S2,2,1,1,1,1,1.0,0.4223192489797025,759,759,2955207721610752.0,18285919517440.0
2705,question_16_aime_Qwen3-8B_S2,2,1,1,1,1,1.0,0.4223192489797025,759,759,3777410708608000.0,23398152424960.0
2706,question_16_aime_Qwen3-8B_S2,2,1,1,1,1,0.0,0.025336445135280185,3872,3872,1.202640225703424e+16,73819225757440.0
2707,question_16_aime_Qwen3-8B_S1,1,1,1,1,1,0.0,0.040403394059205615,3887,3887,1.1097070284671232e+16,65073356461056.0
2708,question_16_aime_Qwen3-8B_S1,1,1,1,1,1,0.0,0.03273531220507054,3894,3894,1.0706450897482752e+16,64935910096128.0
2709,question_16_aime_Qwen3-8B_S1,1,1,1,1,1,0.0,0.020240657611775296,3881,3881,1.1278209159501568e+16,65072809924608.0
2710,question_17_aime_Qwen3-8B_S64,64,1,1,1,1,0.0,0.2795401080881147,1003,2654,1.8120215182297856e+16,84540012366592.0
2711,question_17_aime_Qwen3-8B_S64,64,1,1,1,1,0.0,0.2795401080881147,1003,2654,1.8120215182297856e+16,84540012366592.0
2712,question_17_aime_Qwen3-8B_S64,64,1,1,1,1,0.0,0.2795401080881147,1003,2654,1.8120215182297856e+16,84540012366592.0
2713,question_17_aime_Qwen3-8B_S32,32,1,1,1,1,0.0,0.27030509774553285,869,1651,1.158195738198528e+16,59383820931072.0
2714,question_17_aime_Qwen3-8B_S32,32,1,1,1,1,0.0,0.27030509774553285,869,869,1.6608046456919552e+16,85972724536320.0
2715,question_17_aime_Qwen3-8B_S32,32,1,1,1,1,0.0,0.2795401080881147,1003,1872,1.5986610540815104e+16,82659490674176.0
2716,question_17_aime_Qwen3-8B_S16,16,1,1,1,1,1.0,0.38044177958296455,1870,7816,1.5394238569655808e+16,84118805370112.0
2717,question_17_aime_Qwen3-8B_S16,16,1,1,1,1,0.0,0.4342291987422308,2280,5594,1.4809925725368064e+16,82922542750208.0
2718,question_17_aime_Qwen3-8B_S16,16,1,1,1,1,1.0,0.2846851109868307,1340,2343,1.0849487480601344e+16,60016986643456.0
2719,question_17_aime_Qwen3-8B_S8,8,1,1,1,1,1.0,0.4061104594616578,1583,3453,1.3974117469498112e+16,81702565142528.0
2720,question_17_aime_Qwen3-8B_S8,8,1,1,1,1,1.0,0.4331685708839478,2213,5763,1.5723620825576704e+16,90872845632512.0
2721,question_17_aime_Qwen3-8B_S8,8,1,1,1,1,1.0,0.3335247045167162,1529,2822,1.2590614911129344e+16,73128963682816.0
2722,question_17_aime_Qwen3-8B_S4,4,1,1,1,1,0.0,0.0683594280241394,1821,1821,1.0623036137864448e+16,63423857498624.0
2723,question_17_aime_Qwen3-8B_S4,4,1,1,1,1,0.0,0.25469432235749606,2195,7869,1.6888482191166976e+16,101318484877056.0
2724,question_17_aime_Qwen3-8B_S4,4,1,1,1,1,0.0,0.2918202646949245,1967,4162,1.1937041775464192e+16,71135126674432.0
2725,question_17_aime_Qwen3-8B_S2,2,1,1,1,1,0.0,0.27030509774553285,869,869,4877307028605440.0,30111642112512.0
2726,question_17_aime_Qwen3-8B_S2,2,1,1,1,1,0.0,0.22674912473744774,1293,1293,7265730559541760.0,44704704073728.0
2727,question_17_aime_Qwen3-8B_S2,2,1,1,1,1,0.0,0.538475044145945,1551,4556,9622490957574144.0,58740874032384.0
2728,question_17_aime_Qwen3-8B_S1,1,1,1,1,1,0.0,0.2918202646949245,1967,1967,5282909909235200.0,32692611544320.0
2729,question_17_aime_Qwen3-8B_S1,1,1,1,1,1,0.0,0.3679846642905106,2229,2229,6010833224677376.0,37066308057856.0
2730,question_17_aime_Qwen3-8B_S1,1,1,1,1,1,0.0,0.44844443152660196,3148,3148,8448556848647936.0,52309916867584.0
2731,question_18_aime_Qwen3-8B_S64,64,1,1,1,1,1.0,0.9251853789743874,1755,1755,1.9616335490796544e+16,90343753594368.0
2732,question_18_aime_Qwen3-8B_S64,64,1,1,1,1,1.0,0.9251853789743874,1755,1755,1.9616335490796544e+16,90343753594368.0
2733,question_18_aime_Qwen3-8B_S64,64,1,1,1,1,1.0,0.9251853789743874,1755,1755,1.9616335490796544e+16,90343753594368.0
2734,question_18_aime_Qwen3-8B_S32,32,1,1,1,1,1.0,0.9251853789743874,1755,1755,1.4734942646187008e+16,77056817324288.0
2735,question_18_aime_Qwen3-8B_S32,32,1,1,1,1,1.0,0.9251853789743874,1755,1755,1.581424327900416e+16,83423012350720.0
2736,question_18_aime_Qwen3-8B_S32,32,1,1,1,1,1.0,0.9153774859926518,1830,1830,1.9254819924317184e+16,98196670817280.0
2737,question_18_aime_Qwen3-8B_S16,16,1,1,1,1,1.0,0.8736389488108238,1911,1911,1.9116269057560576e+16,107390288521472.0
2738,question_18_aime_Qwen3-8B_S16,16,1,1,1,1,1.0,0.9055140364459617,1802,1802,1.5912514216411392e+16,87957464330496.0
2739,question_18_aime_Qwen3-8B_S16,16,1,1,1,1,1.0,0.8736389488108238,1911,1911,1.6361148642636288e+16,90872383511808.0
2740,question_18_aime_Qwen3-8B_S8,8,1,1,1,1,1.0,0.9106918701034379,1681,1681,1.5031471126194432e+16,88634506432000.0
2741,question_18_aime_Qwen3-8B_S8,8,1,1,1,1,1.0,0.6225008759920575,1899,1899,1.54462521323328e+16,90801540393216.0
2742,question_18_aime_Qwen3-8B_S8,8,1,1,1,1,0.0,0.8599497585717579,1657,1657,1.367773286860544e+16,80265193617664.0
2743,question_18_aime_Qwen3-8B_S4,4,1,1,1,1,0.0,0.8599497585717579,1657,1657,9801365543559680.0,59343585581824.0
2744,question_18_aime_Qwen3-8B_S4,4,1,1,1,1,1.0,0.8430520758629516,2377,2377,1.1566210656509952e+16,70138008759296.0
2745,question_18_aime_Qwen3-8B_S4,4,1,1,1,1,1.0,0.9328492069814617,1798,3662,1.1521550275911424e+16,70024320540416.0
2746,question_18_aime_Qwen3-8B_S2,2,1,1,1,1,1.0,0.7651835737188688,2135,2135,9541737396492800.0,58712865411328.0
2747,question_18_aime_Qwen3-8B_S2,2,1,1,1,1,1.0,0.8730868723386047,2241,2241,7717189042742784.0,47346811343616.0
2748,question_18_aime_Qwen3-8B_S2,2,1,1,1,1,1.0,0.7856394188820026,3124,3124,1.1713441294579712e+16,72092764876288.0
2749,question_18_aime_Qwen3-8B_S1,1,1,1,1,1,1.0,0.8933913633702965,2569,2569,6864334087455488.0,42652860264704.0
2750,question_18_aime_Qwen3-8B_S1,1,1,1,1,1,1.0,0.8430520758629516,2377,2377,6336137282192640.0,39444681651968.0
2751,question_18_aime_Qwen3-8B_S1,1,1,1,1,1,1.0,0.9166086280194762,1833,1833,4897744601166080.0,30459259329280.0
2752,question_19_aime_Qwen3-8B_S64,64,1,1,1,1,1.0,0.3500479975007459,640,640,1.1912379630165248e+16,54610495467264.0
2753,question_19_aime_Qwen3-8B_S64,64,1,1,1,1,1.0,0.5113974732234879,583,583,1.1912379630165248e+16,54610495467264.0
2754,question_19_aime_Qwen3-8B_S64,64,1,1,1,1,1.0,0.3500479975007459,640,640,1.1912379630165248e+16,54610495467264.0
2755,question_19_aime_Qwen3-8B_S32,32,1,1,1,1,1.0,0.37368856435259606,676,676,9159968851181568.0,47338995688192.0
2756,question_19_aime_Qwen3-8B_S32,32,1,1,1,1,1.0,0.3500479975007459,640,640,9600875590359296.0,49811345642240.0
2757,question_19_aime_Qwen3-8B_S32,32,1,1,1,1,1.0,0.3500479975007459,640,640,8726374868744704.0,44656764079104.0
2758,question_19_aime_Qwen3-8B_S16,16,1,1,1,1,1.0,0.4164292965222412,755,755,6564822804878592.0,35930024904448.0
2759,question_19_aime_Qwen3-8B_S16,16,1,1,1,1,1.0,0.4951871033927216,716,716,7846618389932800.0,44205287723264.0
2760,question_19_aime_Qwen3-8B_S16,16,1,1,1,1,1.0,0.5381261290873673,834,1635,8572447265716736.0,47832841829376.0
2761,question_19_aime_Qwen3-8B_S8,8,1,1,1,1,1.0,0.3500479975007459,640,640,5529768910685952.0,32584667193088.0
2762,question_19_aime_Qwen3-8B_S8,8,1,1,1,1,1.0,0.25772249742739284,757,757,7183379169449984.0,41895537154304.0
2763,question_19_aime_Qwen3-8B_S8,8,1,1,1,1,1.0,0.3500479975007459,640,640,5892404955695104.0,35060777526528.0
2764,question_19_aime_Qwen3-8B_S4,4,1,1,1,1,1.0,0.25772249742739284,757,757,6144981379716352.0,37614239136768.0
2765,question_19_aime_Qwen3-8B_S4,4,1,1,1,1,0.0,0.09791030798363246,812,812,4996652441078528.0,30503451126784.0
2766,question_19_aime_Qwen3-8B_S4,4,1,1,1,1,1.0,0.4951871033927216,716,716,5343964446074112.0,32471528710656.0
2767,question_19_aime_Qwen3-8B_S2,2,1,1,1,1,0.0,0.3946356458493017,1909,1909,9063310278271744.0,55137034711808.0
2768,question_19_aime_Qwen3-8B_S2,2,1,1,1,1,0.0,0.2971623395407467,2031,2031,8428215194183424.0,51162619930368.0
2769,question_19_aime_Qwen3-8B_S2,2,1,1,1,1,0.0,0.0396735876363672,1087,1087,4526526181472512.0,27996541283072.0
2770,question_19_aime_Qwen3-8B_S1,1,1,1,1,1,1.0,0.6017783196013803,1784,1784,4799485668664832.0,29657974019072.0
2771,question_19_aime_Qwen3-8B_S1,1,1,1,1,1,0.0,0.19409754560467152,1796,1796,4856066784450048.0,29915838259712.0
2772,question_19_aime_Qwen3-8B_S1,1,1,1,1,1,0.0,0.2898698241925117,2841,2841,7766035177917696.0,47331236488960.0
2773,question_2_aime_Qwen3-8B_S64,64,1,1,1,1,0.0,0.8875376194608278,841,23378,3.848280755788621e+16,209700366542080.0
2774,question_2_aime_Qwen3-8B_S64,64,1,1,1,1,0.0,0.8875376194608278,841,23378,3.848280755788621e+16,209700366542080.0
2775,question_2_aime_Qwen3-8B_S64,64,1,1,1,1,0.0,0.8875376194608278,841,23378,3.848280755788621e+16,209700366542080.0
2776,question_2_aime_Qwen3-8B_S32,32,1,1,1,1,0.0,0.8875376194608278,841,10966,2.6904272889856256e+16,154186889132032.0
2777,question_2_aime_Qwen3-8B_S32,32,1,1,1,1,0.0,0.8875376194608278,841,8482,2.526927002955725e+16,143660502414336.0
2778,question_2_aime_Qwen3-8B_S32,32,1,1,1,1,0.0,0.8875376194608278,841,10552,2.6059168754512384e+16,149019553886720.0
2779,question_2_aime_Qwen3-8B_S16,16,1,1,1,1,0.0,0.8875376194608278,841,5597,1.9454642739223296e+16,115118906536960.0
2780,question_2_aime_Qwen3-8B_S16,16,1,1,1,1,0.0,0.8462440097697683,1204,10081,1.7678809282624768e+16,104295404400896.0
2781,question_2_aime_Qwen3-8B_S16,16,1,1,1,1,0.0,0.80964083241229,967,8683,2.516820723738547e+16,150603771719680.0
2782,question_2_aime_Qwen3-8B_S8,8,1,1,1,1,0.0,0.8395098607052973,1049,5040,1.69574919481472e+16,102296235776768.0
2783,question_2_aime_Qwen3-8B_S8,8,1,1,1,1,0.0,0.8875376194608278,841,4302,1.3270291798926592e+16,80744021376512.0
2784,question_2_aime_Qwen3-8B_S8,8,1,1,1,1,0.0,0.8703451157300253,1222,7266,1.0494666376408576e+16,63045350263296.0
2785,question_2_aime_Qwen3-8B_S4,4,1,1,1,1,0.0,0.6052150365545432,1139,3113,9611091085229312.0,59352179294464.0
2786,question_2_aime_Qwen3-8B_S4,4,1,1,1,1,0.0,0.7646250356249591,1342,5131,7506880985814016.0,45523855506176.0
2787,question_2_aime_Qwen3-8B_S4,4,1,1,1,1,0.0,0.8703451157300253,1222,4296,1.0976907661390848e+16,67805484765184.0
2788,question_2_aime_Qwen3-8B_S2,2,1,1,1,1,0.0,0.5742146012471293,1119,2362,5093613940595968.0,31592529738752.0
2789,question_2_aime_Qwen3-8B_S2,2,1,1,1,1,0.0,0.6541204311350703,1294,2817,6228990135932416.0,38503758967808.0
2790,question_2_aime_Qwen3-8B_S2,2,1,1,1,1,0.0,0.6583666255615871,1120,1120,7548626275803648.0,46621562129408.0
2791,question_2_aime_Qwen3-8B_S1,1,1,1,1,1,0.0,0.47435593383741487,2285,2285,6151481555393024.0,38000109398016.0
2792,question_2_aime_Qwen3-8B_S1,1,1,1,1,1,0.0,0.8395098607052973,1049,1049,2800265015512320.0,17439446974720.0
2793,question_2_aime_Qwen3-8B_S1,1,1,1,1,1,0.0,0.05497121768376802,3848,3848,1.0645745911473408e+16,64173336143104.0
2794,question_20_aime_Qwen3-8B_S64,64,1,1,1,1,0.0,0.5301420501316318,1062,2417,2.005237722852992e+16,101125060488448.0
2795,question_20_aime_Qwen3-8B_S64,64,1,1,1,1,0.0,0.5301420501316318,1062,2417,2.005237722852992e+16,101125060488448.0
2796,question_20_aime_Qwen3-8B_S64,64,1,1,1,1,0.0,0.5301420501316318,1062,2417,2.005237722852992e+16,101125060488448.0
2797,question_20_aime_Qwen3-8B_S32,32,1,1,1,1,0.0,0.5301420501316318,1062,2417,1.613378278455936e+16,89420177054208.0
2798,question_20_aime_Qwen3-8B_S32,32,1,1,1,1,0.0,0.5301420501316318,1062,1062,1.5871714924878336e+16,88402274575872.0
2799,question_20_aime_Qwen3-8B_S32,32,1,1,1,1,0.0,0.5301420501316318,1062,1062,1.6200930243066112e+16,89927375748608.0
2800,question_20_aime_Qwen3-8B_S16,16,1,1,1,1,0.0,0.7801644437504139,1345,2619,1.73876311761856e+16,100432982529792.0
2801,question_20_aime_Qwen3-8B_S16,16,1,1,1,1,0.0,0.5301420501316318,1062,2417,1.2261589306644224e+16,71751232764928.0
2802,question_20_aime_Qwen3-8B_S16,16,1,1,1,1,0.0,0.4201201104766424,1355,1355,1.4280280684374272e+16,82805064528896.0
2803,question_20_aime_Qwen3-8B_S8,8,1,1,1,1,0.0,0.5713543544661833,1739,1739,1.2263211255403008e+16,71552832378880.0
2804,question_20_aime_Qwen3-8B_S8,8,1,1,1,1,0.0,0.5301420501316318,1062,1062,7972410383812864.0,47902216363520.0
2805,question_20_aime_Qwen3-8B_S8,8,1,1,1,1,0.0,0.5301420501316318,1062,1062,9475667333097728.0,57174532434688.0
2806,question_20_aime_Qwen3-8B_S4,4,1,1,1,1,0.0,0.3811661037406951,1141,1141,8328286624139520.0,50771381811200.0
2807,question_20_aime_Qwen3-8B_S4,4,1,1,1,1,0.0,0.5713543544661833,1739,4254,1.3994013850953728e+16,85302886737152.0
2808,question_20_aime_Qwen3-8B_S4,4,1,1,1,1,0.0,0.7801644437504139,1345,1345,8190546749904896.0,50006974191872.0
2809,question_20_aime_Qwen3-8B_S2,2,1,1,1,1,0.0,0.6079934380641865,2370,4249,8449166527771392.0,51466604262144.0
2810,question_20_aime_Qwen3-8B_S2,2,1,1,1,1,0.0,0.39568547792764497,1867,3746,7360462336614912.0,44626246708992.0
2811,question_20_aime_Qwen3-8B_S2,2,1,1,1,1,0.0,0.5290782027944712,2018,2018,1.015089835287552e+16,62021287728640.0
2812,question_20_aime_Qwen3-8B_S1,1,1,1,1,1,0.0,0.03551082085281459,3909,3909,1.0448449377536256e+16,64943207362560.0
2813,question_20_aime_Qwen3-8B_S1,1,1,1,1,1,0.0,0.07764244473153119,3907,3907,1.0421728084058368e+16,64932124653568.0
2814,question_20_aime_Qwen3-8B_S1,1,1,1,1,1,0.0,0.3560680240894327,1879,1879,5080636590795776.0,31260740817664.0
2815,question_21_aime_Qwen3-8B_S64,64,1,1,1,1,0.0,0.2677531877835133,704,1729,2.32957061587776e+16,114244558091520.0
2816,question_21_aime_Qwen3-8B_S64,64,1,1,1,1,0.0,0.2677531877835133,704,1729,2.32957061587776e+16,114244558091520.0
2817,question_21_aime_Qwen3-8B_S64,64,1,1,1,1,0.0,0.2677531877835133,704,1729,2.32957061587776e+16,114244558091520.0
2818,question_21_aime_Qwen3-8B_S32,32,1,1,1,1,0.0,0.2677531877835133,704,1729,1.770004041395968e+16,96270090818816.0
2819,question_21_aime_Qwen3-8B_S32,32,1,1,1,1,0.0,0.2677531877835133,704,1729,1.811067124110029e+16,98565954409728.0
2820,question_21_aime_Qwen3-8B_S32,32,1,1,1,1,0.0,0.2677531877835133,704,704,1.782481690046592e+16,96813802747392.0
2821,question_21_aime_Qwen3-8B_S16,16,1,1,1,1,0.0,0.5381010554162232,1618,2824,1.847672309396941e+16,106254865830144.0
2822,question_21_aime_Qwen3-8B_S16,16,1,1,1,1,0.0,0.25807531032882186,1025,1025,1.7689572089837568e+16,101461314718464.0
2823,question_21_aime_Qwen3-8B_S16,16,1,1,1,1,0.0,0.40382150088139085,1182,3413,1.6311310217443328e+16,93191467978240.0
2824,question_21_aime_Qwen3-8B_S8,8,1,1,1,1,0.0,0.43245583440599755,1953,3283,1.4417785453425664e+16,85902604141056.0
2825,question_21_aime_Qwen3-8B_S8,8,1,1,1,1,0.0,0.2256758817298115,1206,1206,1.482819247779328e+16,87432856659456.0
2826,question_21_aime_Qwen3-8B_S8,8,1,1,1,1,0.0,0.28020758544013746,2032,4597,2.077126133288909e+16,121776708799744.0
2827,question_21_aime_Qwen3-8B_S4,4,1,1,1,1,0.0,0.25807531032882186,1025,1025,8331327613248512.0,50787395529472.0
2828,question_21_aime_Qwen3-8B_S4,4,1,1,1,1,0.0,0.44431835564061434,2097,8085,1.796278183398144e+16,110330920023552.0
2829,question_21_aime_Qwen3-8B_S4,4,1,1,1,1,0.0,0.44431835564061434,2097,6046,1.2700333708329984e+16,77629302099456.0
2830,question_21_aime_Qwen3-8B_S2,2,1,1,1,1,0.0,0.27475452205492507,3672,7470,1.6999434762257408e+16,104521206771456.0
2831,question_21_aime_Qwen3-8B_S2,2,1,1,1,1,0.0,0.46225548187187787,2446,2446,1.2633344390781184e+16,76490538927360.0
2832,question_21_aime_Qwen3-8B_S2,2,1,1,1,1,0.0,0.11773095524491403,3798,3798,1.720379217509504e+16,105572348452096.0
2833,question_21_aime_Qwen3-8B_S1,1,1,1,1,1,0.0,0.053434915888758615,3901,3901,1.059322681269248e+16,64907166492672.0
2834,question_21_aime_Qwen3-8B_S1,1,1,1,1,1,0.0,0.23005620589077502,2565,2565,6872082977017088.0,42580307820288.0
2835,question_21_aime_Qwen3-8B_S1,1,1,1,1,1,0.0,0.15941714691077905,3795,3795,1.02582108004416e+16,63142572203776.0
2836,question_22_aime_Qwen3-8B_S64,64,1,1,1,1,0.0,0.29338398197387044,945,3046,1.4129154090024704e+16,61575354566912.0
2837,question_22_aime_Qwen3-8B_S64,64,1,1,1,1,0.0,0.29338398197387044,945,3046,1.4129154090024704e+16,61575354566912.0
2838,question_22_aime_Qwen3-8B_S64,64,1,1,1,1,0.0,0.29338398197387044,945,3046,1.4129154090024704e+16,61575354566912.0
2839,question_22_aime_Qwen3-8B_S32,32,1,1,1,1,0.0,0.1076441046820255,661,1205,1.067995802223232e+16,54092329867776.0
2840,question_22_aime_Qwen3-8B_S32,32,1,1,1,1,0.0,0.0618990464538737,544,544,1.0412891555578368e+16,52189712419072.0
2841,question_22_aime_Qwen3-8B_S32,32,1,1,1,1,0.0,0.29338398197387044,945,5125,1.207345331032832e+16,59568493671168.0
2842,question_22_aime_Qwen3-8B_S16,16,1,1,1,1,0.0,0.0618990464538737,544,544,8315355082977792.0,46064198154496.0
2843,question_22_aime_Qwen3-8B_S16,16,1,1,1,1,0.0,0.29338398197387044,945,3347,9172430014734336.0,50057866498304.0
2844,question_22_aime_Qwen3-8B_S16,16,1,1,1,1,0.0,0.34126381941939365,1008,4031,1.174623803997952e+16,62730293480960.0
2845,question_22_aime_Qwen3-8B_S8,8,1,1,1,1,0.0,0.34126381941939365,1008,1877,8597618473060608.0,49371678181632.0
2846,question_22_aime_Qwen3-8B_S8,8,1,1,1,1,0.0,0.28205651901974077,1142,1142,1.1249513570832384e+16,64031659685888.0
2847,question_22_aime_Qwen3-8B_S8,8,1,1,1,1,0.0,0.42136807418489275,1822,4941,1.886889460217651e+16,102745683757824.0
2848,question_22_aime_Qwen3-8B_S4,4,1,1,1,1,0.0,0.34126381941939365,1008,1008,7802096923720192.0,46345776677632.0
2849,question_22_aime_Qwen3-8B_S4,4,1,1,1,1,0.0,0.29338398197387044,945,1895,6837594619924224.0,41519249480448.0
2850,question_22_aime_Qwen3-8B_S4,4,1,1,1,1,0.0,0.2538074281261534,2985,5178,1.7951082009283072e+16,103516169468160.0
2851,question_22_aime_Qwen3-8B_S2,2,1,1,1,1,0.0,0.23169680695659228,912,912,4942400694416896.0,30489974525440.0
2852,question_22_aime_Qwen3-8B_S2,2,1,1,1,1,0.0,0.29338398197387044,945,945,4526557986827264.0,27882308902144.0
2853,question_22_aime_Qwen3-8B_S2,2,1,1,1,1,0.0,0.16720027608756186,896,896,4632337046347264.0,28680708171008.0
2854,question_22_aime_Qwen3-8B_S1,1,1,1,1,1,0.0,0.3757079763095084,1451,1451,3947450593801216.0,24169432070912.0
2855,question_22_aime_Qwen3-8B_S1,1,1,1,1,1,0.0,0.06351309947522545,3521,3521,9684184067473664.0,58673516249600.0
2856,question_22_aime_Qwen3-8B_S1,1,1,1,1,1,0.0,0.1076441046820255,661,661,1776562941831680.0,11020790621440.0
2857,question_23_aime_Qwen3-8B_S64,64,1,1,1,1,0.0,0.5,421,4428,1.16869927905152e+16,53510264535808.0
2858,question_23_aime_Qwen3-8B_S64,64,1,1,1,1,0.0,0.5,421,4428,1.16869927905152e+16,53510264535808.0
2859,question_23_aime_Qwen3-8B_S64,64,1,1,1,1,0.0,0.5,652,4428,1.16869927905152e+16,53510264535808.0
2860,question_23_aime_Qwen3-8B_S32,32,1,1,1,1,0.0,0.5,991,2327,9531540871772928.0,49206124686592.0
2861,question_23_aime_Qwen3-8B_S32,32,1,1,1,1,0.0,0.5,656,4727,9740632904361472.0,50633068639488.0
2862,question_23_aime_Qwen3-8B_S32,32,1,1,1,1,0.0,0.5,633,5604,9661724997984512.0,50149871022848.0
2863,question_23_aime_Qwen3-8B_S16,16,1,1,1,1,0.0,0.5,473,3537,6836226263124224.0,38168107860224.0
2864,question_23_aime_Qwen3-8B_S16,16,1,1,1,1,0.0,0.5,461,1875,6363632334039040.0,35012843960832.0
2865,question_23_aime_Qwen3-8B_S16,16,1,1,1,1,0.0,0.5,656,4370,8657461653723392.0,48689989684736.0
2866,question_23_aime_Qwen3-8B_S8,8,1,1,1,1,0.0,0.5,652,2486,6356176636390912.0,37531607275776.0
2867,question_23_aime_Qwen3-8B_S8,8,1,1,1,1,0.0,0.5,656,1731,5628104709199104.0,33242120237824.0
2868,question_23_aime_Qwen3-8B_S8,8,1,1,1,1,0.0,0.5,800,2926,1.1125117901983744e+16,65473304271360.0
2869,question_23_aime_Qwen3-8B_S4,4,1,1,1,1,0.0,0.5,633,633,4957073803555584.0,30293243391232.0
2870,question_23_aime_Qwen3-8B_S4,4,1,1,1,1,0.0,0.5,991,991,4666285815860992.0,28129894212608.0
2871,question_23_aime_Qwen3-8B_S4,4,1,1,1,1,0.0,0.5,473,1885,3765476463898624.0,22915163191040.0
2872,question_23_aime_Qwen3-8B_S2,2,1,1,1,1,0.0,0.5,877,877,3490007113943552.0,21227934933248.0
2873,question_23_aime_Qwen3-8B_S2,2,1,1,1,1,0.0,0.5,539,539,3243147785930496.0,19927857105664.0
2874,question_23_aime_Qwen3-8B_S2,2,1,1,1,1,0.0,0.5,925,925,4929592114458880.0,30202317807360.0
2875,question_23_aime_Qwen3-8B_S1,1,1,1,1,1,0.0,0.5,2988,2988,8134019141270016.0,49769888433152.0
2876,question_23_aime_Qwen3-8B_S1,1,1,1,1,1,0.0,0.5,783,783,2105947921928448.0,13037998518528.0
2877,question_23_aime_Qwen3-8B_S1,1,1,1,1,1,0.0,0.5,875,875,2340027657001728.0,14549463446272.0
2878,question_24_aime_Qwen3-8B_S64,64,1,1,1,1,0.0,0.4489286905843655,419,2085,6110539059012096.0,27963734433792.0
2879,question_24_aime_Qwen3-8B_S64,64,1,1,1,1,0.0,0.4489286905843655,419,2085,6110539059012096.0,27963734433792.0
2880,question_24_aime_Qwen3-8B_S64,64,1,1,1,1,0.0,0.4489286905843655,419,2085,6110539059012096.0,27963734433792.0
2881,question_24_aime_Qwen3-8B_S32,32,1,1,1,1,0.0,0.15853416811204343,309,811,4844169633252864.0,25423524489216.0
2882,question_24_aime_Qwen3-8B_S32,32,1,1,1,1,0.0,0.4489286905843655,419,1274,5171213393122304.0,26853356390912.0
2883,question_24_aime_Qwen3-8B_S32,32,1,1,1,1,0.0,0.15853416811204343,309,309,4335379826193408.0,22220272669440.0
2884,question_24_aime_Qwen3-8B_S16,16,1,1,1,1,0.0,0.13144068965427086,502,502,4713688035124224.0,26699055193856.0
2885,question_24_aime_Qwen3-8B_S16,16,1,1,1,1,0.0,0.46103214532664577,846,846,8041892912465152.0,43925885897984.0
2886,question_24_aime_Qwen3-8B_S16,16,1,1,1,1,0.0,0.13144068965427086,502,502,4362343691441408.0,24472577674752.0
2887,question_24_aime_Qwen3-8B_S8,8,1,1,1,1,0.0,0.1982872417785159,1098,2191,9222921086108160.0,53505443961600.0
2888,question_24_aime_Qwen3-8B_S8,8,1,1,1,1,0.0,0.4489286905843655,419,419,3213446357899008.0,19058178916096.0
2889,question_24_aime_Qwen3-8B_S8,8,1,1,1,1,0.0,0.09534930037526408,452,452,3541791009284864.0,20928801056000.0
2890,question_24_aime_Qwen3-8B_S4,4,1,1,1,1,0.0,0.5372174215444663,1492,6836,9593488602006784.0,56903466931968.0
2891,question_24_aime_Qwen3-8B_S4,4,1,1,1,1,0.0,0.2541960381211195,1343,4948,1.0647062369983744e+16,62534044186880.0
2892,question_24_aime_Qwen3-8B_S4,4,1,1,1,1,0.0,0.09940994057373854,992,992,6670643467785472.0,40139561072896.0
2893,question_24_aime_Qwen3-8B_S2,2,1,1,1,1,0.0,0.24435393625599663,1258,2662,5402170060747008.0,32993590027008.0
2894,question_24_aime_Qwen3-8B_S2,2,1,1,1,1,0.0,0.7292965507353724,1783,3959,8048043446437888.0,48919837842176.0
2895,question_24_aime_Qwen3-8B_S2,2,1,1,1,1,0.0,0.46103214532664577,846,846,3587496340168192.0,22106718370304.0
2896,question_24_aime_Qwen3-8B_S1,1,1,1,1,1,0.0,0.1982872417785159,1098,1098,2940078768967680.0,18276014622720.0
2897,question_24_aime_Qwen3-8B_S1,1,1,1,1,1,0.0,0.3534502640355021,1863,1863,5053292478027520.0,31035024672000.0
2898,question_24_aime_Qwen3-8B_S1,1,1,1,1,1,0.0,0.1452836509352244,1735,1735,4668841351075584.0,28882124445952.0
2899,question_25_aime_Qwen3-8B_S64,64,1,1,1,1,0.0,0.5,1008,6106,1.922017681728256e+16,94353949556480.0
2900,question_25_aime_Qwen3-8B_S64,64,1,1,1,1,0.0,0.5,836,6106,1.922017681728256e+16,94353949556480.0
2901,question_25_aime_Qwen3-8B_S64,64,1,1,1,1,0.0,0.5,1008,6106,1.922017681728256e+16,94353949556480.0
2902,question_25_aime_Qwen3-8B_S32,32,1,1,1,1,0.0,0.5,836,3023,1.1798996838056192e+16,61327250048256.0
2903,question_25_aime_Qwen3-8B_S32,32,1,1,1,1,0.0,0.5,2052,14852,1.864974189128525e+16,97981128600064.0
2904,question_25_aime_Qwen3-8B_S32,32,1,1,1,1,0.0,0.5,985,5001,1.4576812138786048e+16,78884531958016.0
2905,question_25_aime_Qwen3-8B_S16,16,1,1,1,1,0.0,0.5,1638,7507,1.715601386120704e+16,98304357751296.0
2906,question_25_aime_Qwen3-8B_S16,16,1,1,1,1,0.0,0.5,985,1821,9975445462631936.0,56928629136384.0
2907,question_25_aime_Qwen3-8B_S16,16,1,1,1,1,0.0,0.5,1105,1941,1.0219567997929728e+16,58306302289152.0
2908,question_25_aime_Qwen3-8B_S8,8,1,1,1,1,0.0,0.5,1202,6462,1.4748130091304704e+16,87905164936192.0
2909,question_25_aime_Qwen3-8B_S8,8,1,1,1,1,0.0,0.5,985,2926,7562220974397440.0,45123252626176.0
2910,question_25_aime_Qwen3-8B_S8,8,1,1,1,1,0.0,0.5,1008,3203,9268850597036032.0,54958081023744.0
2911,question_25_aime_Qwen3-8B_S4,4,1,1,1,1,0.0,0.5,1424,3610,1.1727584964384e+16,70834895393024.0
2912,question_25_aime_Qwen3-8B_S4,4,1,1,1,1,0.0,0.5,1359,2735,8184990192231680.0,49311677920256.0
2913,question_25_aime_Qwen3-8B_S4,4,1,1,1,1,0.0,0.5,1359,2733,8810522355671808.0,53276609582080.0
2914,question_25_aime_Qwen3-8B_S2,2,1,1,1,1,0.0,0.5,2052,2052,7874022749039616.0,48920821410304.0
2915,question_25_aime_Qwen3-8B_S2,2,1,1,1,1,0.0,0.5,942,942,4957683260054272.0,30678337544448.0
2916,question_25_aime_Qwen3-8B_S2,2,1,1,1,1,0.0,0.5,1638,1638,8708843570634752.0,53298285060096.0
2917,question_25_aime_Qwen3-8B_S1,1,1,1,1,1,0.0,0.5,1881,1881,5067950213445632.0,31305149811456.0
2918,question_25_aime_Qwen3-8B_S1,1,1,1,1,1,0.0,0.5,1269,1269,3393942402973696.0,21136800288000.0
2919,question_25_aime_Qwen3-8B_S1,1,1,1,1,1,0.0,0.5,1424,1424,3815199015112448.0,23689710998016.0
2920,question_26_aime_Qwen3-8B_S64,64,1,1,1,1,0.0,0.3854692550391286,1311,17280,3.190228475215923e+16,132686672908544.0
2921,question_26_aime_Qwen3-8B_S64,64,1,1,1,1,0.0,0.3854692550391286,1311,17280,3.190228475215923e+16,132686672908544.0
2922,question_26_aime_Qwen3-8B_S64,64,1,1,1,1,0.0,0.3854692550391286,1311,17280,3.190228475215923e+16,132686672908544.0
2923,question_26_aime_Qwen3-8B_S32,32,1,1,1,1,0.0,0.2710706052490724,1892,10283,2.5886942423379456e+16,125200286612224.0
2924,question_26_aime_Qwen3-8B_S32,32,1,1,1,1,0.0,0.6387768030663072,2321,12082,2.4976967057889024e+16,121307649719040.0
2925,question_26_aime_Qwen3-8B_S32,32,1,1,1,1,0.0,0.24221586867464373,1980,8105,2.343666017903949e+16,113470491730688.0
2926,question_26_aime_Qwen3-8B_S16,16,1,1,1,1,0.0,0.27038607194824993,2167,4061,1.840904632336819e+16,99469392314112.0
2927,question_26_aime_Qwen3-8B_S16,16,1,1,1,1,0.0,0.2414048951102348,1862,3719,2.039212723980672e+16,110097045516288.0
2928,question_26_aime_Qwen3-8B_S16,16,1,1,1,1,0.0,0.3854692550391286,1311,5524,1.7810388033519104e+16,96490033664768.0
2929,question_26_aime_Qwen3-8B_S8,8,1,1,1,1,0.0,0.0692105791223244,2508,2508,1.883410132767821e+16,106989398662656.0
2930,question_26_aime_Qwen3-8B_S8,8,1,1,1,1,0.0,0.6387768030663072,2321,8936,1.6169721142098432e+16,93375514153472.0
2931,question_26_aime_Qwen3-8B_S8,8,1,1,1,1,0.0,0.0871063811513071,1848,3846,1.756181966806144e+16,99802038487552.0
2932,question_26_aime_Qwen3-8B_S4,4,1,1,1,1,0.0,0.2414048951102348,1862,1862,1.0590990465528832e+16,63277450314752.0
2933,question_26_aime_Qwen3-8B_S4,4,1,1,1,1,0.0,0.4272379005370349,2266,2266,1.4360489057540608e+16,85608859078912.0
2934,question_26_aime_Qwen3-8B_S4,4,1,1,1,1,0.0,0.2710706052490724,1892,3890,1.1173161221218304e+16,66984448567040.0
2935,question_26_aime_Qwen3-8B_S2,2,1,1,1,1,0.0,0.0962463744171556,3770,3770,1.4277661064347648e+16,85665624589568.0
2936,question_26_aime_Qwen3-8B_S2,2,1,1,1,1,0.0,0.07065904148509575,2227,2227,1.0750024488952064e+16,65451499823104.0
2937,question_26_aime_Qwen3-8B_S2,2,1,1,1,1,0.0,0.6387768030663072,2321,2321,9225481472061440.0,56033128929280.0
2938,question_26_aime_Qwen3-8B_S1,1,1,1,1,1,0.0,0.2940780633883332,2980,2980,8097292475717376.0,49609481350656.0
2939,question_26_aime_Qwen3-8B_S1,1,1,1,1,1,0.0,0.205605381950139,3530,3530,9545608857067264.0,58730153177600.0
2940,question_26_aime_Qwen3-8B_S1,1,1,1,1,1,0.0,0.3854692550391286,1311,1311,3501983073353216.0,21791488178432.0
2941,question_27_aime_Qwen3-8B_S64,64,1,1,1,1,0.0,0.5,1595,8921,1.8104570070995456e+16,77474061253632.0
2942,question_27_aime_Qwen3-8B_S64,64,1,1,1,1,0.0,0.5,1734,8921,1.8104570070995456e+16,77474061253632.0
2943,question_27_aime_Qwen3-8B_S64,64,1,1,1,1,0.0,0.5,1052,8921,1.8104570070995456e+16,77474061253632.0
2944,question_27_aime_Qwen3-8B_S32,32,1,1,1,1,0.0,0.5,1595,5799,1.371423588505984e+16,67976454959360.0
2945,question_27_aime_Qwen3-8B_S32,32,1,1,1,1,0.0,0.5,1603,4710,1.4299691825217792e+16,71240674460928.0
2946,question_27_aime_Qwen3-8B_S32,32,1,1,1,1,0.0,0.5,1734,7496,1.423656901069568e+16,71544448162560.0
2947,question_27_aime_Qwen3-8B_S16,16,1,1,1,1,0.0,0.5,1548,6032,1.3721364290222592e+16,73122017230336.0
2948,question_27_aime_Qwen3-8B_S16,16,1,1,1,1,0.0,0.5,1727,4747,1.1685262439585792e+16,64347050288128.0
2949,question_27_aime_Qwen3-8B_S16,16,1,1,1,1,0.0,0.5,1734,3337,1.144995886172672e+16,63667774955520.0
2950,question_27_aime_Qwen3-8B_S8,8,1,1,1,1,0.0,0.5,1734,1734,9342991578437120.0,54925026187008.0
2951,question_27_aime_Qwen3-8B_S8,8,1,1,1,1,0.0,0.5,2078,5188,1.2565408786000128e+16,72364503284736.0
2952,question_27_aime_Qwen3-8B_S8,8,1,1,1,1,0.0,0.5,1771,10617,1.2721553891373824e+16,72683331825664.0
2953,question_27_aime_Qwen3-8B_S4,4,1,1,1,1,0.0,0.5,1603,1603,7526221076186112.0,45599249004800.0
2954,question_27_aime_Qwen3-8B_S4,4,1,1,1,1,0.0,0.5,1603,3198,7619743923630336.0,46413166929408.0
2955,question_27_aime_Qwen3-8B_S4,4,1,1,1,1,0.0,0.5,1512,3446,8158163377895680.0,49024414321664.0
2956,question_27_aime_Qwen3-8B_S2,2,1,1,1,1,0.0,0.5,1603,1603,5635523092797440.0,34814812971264.0
2957,question_27_aime_Qwen3-8B_S2,2,1,1,1,1,0.0,0.5,1665,1665,7488461728739584.0,45875148590336.0
2958,question_27_aime_Qwen3-8B_S2,2,1,1,1,1,0.0,0.5,1425,1425,5986337933941760.0,36813070705408.0
2959,question_27_aime_Qwen3-8B_S1,1,1,1,1,1,0.0,0.5,2467,2467,6702878547033344.0,41110601684736.0
2960,question_27_aime_Qwen3-8B_S1,1,1,1,1,1,0.0,0.5,1448,1448,3907680243830784.0,24133114911744.0
2961,question_27_aime_Qwen3-8B_S1,1,1,1,1,1,0.0,0.5,2217,2217,5996420800991488.0,36929181769984.0
2962,question_28_aime_Qwen3-8B_S64,64,1,1,1,1,0.0,0.6008488332489383,1202,21791,4.336966036222413e+16,241314469918208.0
2963,question_28_aime_Qwen3-8B_S64,64,1,1,1,1,0.0,0.6008488332489383,1202,21791,4.336966036222413e+16,241314469918208.0
2964,question_28_aime_Qwen3-8B_S64,64,1,1,1,1,0.0,0.6008488332489383,1202,21791,4.336966036222413e+16,241314469918208.0
2965,question_28_aime_Qwen3-8B_S32,32,1,1,1,1,0.0,0.6008488332489383,1202,16760,3.131355036120755e+16,180892095209216.0
2966,question_28_aime_Qwen3-8B_S32,32,1,1,1,1,0.0,0.6008488332489383,1202,13087,3.5145579960249344e+16,204867813806080.0
2967,question_28_aime_Qwen3-8B_S32,32,1,1,1,1,0.0,0.37305056311689266,1550,18154,3.4860709603506944e+16,204241347998464.0
2968,question_28_aime_Qwen3-8B_S16,16,1,1,1,1,0.0,0.4329559009339485,1661,4723,2.813253079942221e+16,167975934849280.0
2969,question_28_aime_Qwen3-8B_S16,16,1,1,1,1,0.0,0.6008488332489383,1202,8434,2.830430921151181e+16,171828373656832.0
2970,question_28_aime_Qwen3-8B_S16,16,1,1,1,1,0.0,0.6008488332489383,1202,4611,2.3985439706017024e+16,144390592707584.0
2971,question_28_aime_Qwen3-8B_S8,8,1,1,1,1,0.0,0.4373187290159588,1574,5397,1.990149488809344e+16,121428228528128.0
2972,question_28_aime_Qwen3-8B_S8,8,1,1,1,1,0.0,0.2097144454066742,1624,4942,1.551789896409856e+16,94014690966016.0
2973,question_28_aime_Qwen3-8B_S8,8,1,1,1,1,0.0,0.3494941959352694,1146,2770,1.064623527988864e+16,63709422817024.0
2974,question_28_aime_Qwen3-8B_S4,4,1,1,1,1,0.0,0.6008488332489383,1202,2348,8202012687503616.0,50283537467136.0
2975,question_28_aime_Qwen3-8B_S4,4,1,1,1,1,0.0,0.3140619215202621,1163,1163,9346553934865920.0,57588087567360.0
2976,question_28_aime_Qwen3-8B_S4,4,1,1,1,1,0.0,0.535902144546003,1424,6521,1.4598197874967296e+16,89091966337536.0
2977,question_28_aime_Qwen3-8B_S2,2,1,1,1,1,0.0,0.24695467214286912,1135,1135,5943480502782464.0,36389933985536.0
2978,question_28_aime_Qwen3-8B_S2,2,1,1,1,1,0.0,0.6008488332489383,1202,2826,5320982267196928.0,32897859576064.0
2979,question_28_aime_Qwen3-8B_S2,2,1,1,1,1,0.0,0.030147167710345184,3745,3745,1.2981613790767872e+16,81225701864704.0
2980,question_28_aime_Qwen3-8B_S1,1,1,1,1,1,0.0,0.034820804779389355,3743,3743,1.0138177675386624e+16,62400662320640.0
2981,question_28_aime_Qwen3-8B_S1,1,1,1,1,1,0.0,0.3266876436424755,1280,1280,3464487890414336.0,21335149574656.0
2982,question_28_aime_Qwen3-8B_S1,1,1,1,1,1,0.0,0.0744595006686396,3817,3817,1.0159891570242304e+16,63499947912192.0
2983,question_29_aime_Qwen3-8B_S64,64,1,1,1,1,0.0,0.40160621227596316,462,5506,7274712353139456.0,34045870110720.0
2984,question_29_aime_Qwen3-8B_S64,64,1,1,1,1,0.0,0.40160621227596316,462,5506,7274712353139456.0,34045870110720.0
2985,question_29_aime_Qwen3-8B_S64,64,1,1,1,1,0.0,0.40160621227596316,462,5506,7274712353139456.0,34045870110720.0
2986,question_29_aime_Qwen3-8B_S32,32,1,1,1,1,0.0,0.2966544536636601,450,2787,5475400590974464.0,28893314200832.0
2987,question_29_aime_Qwen3-8B_S32,32,1,1,1,1,0.0,0.3643549823432245,470,2144,5606522601079040.0,29261225846016.0
2988,question_29_aime_Qwen3-8B_S32,32,1,1,1,1,0.0,0.3202552035490427,447,4052,5133138682611200.0,26419577378304.0
2989,question_29_aime_Qwen3-8B_S16,16,1,1,1,1,0.0,0.3083214554090214,478,902,4872201132347904.0,27479135270400.0
2990,question_29_aime_Qwen3-8B_S16,16,1,1,1,1,0.0,0.3675557424234534,344,1150,5066770670651392.0,28964435308288.0
2991,question_29_aime_Qwen3-8B_S16,16,1,1,1,1,0.0,0.3825663468980473,562,2444,4823707939029760.0,27215032550912.0
2992,question_29_aime_Qwen3-8B_S8,8,1,1,1,1,0.0,0.3202552035490427,447,1082,4032193043689216.0,23816915854592.0
2993,question_29_aime_Qwen3-8B_S8,8,1,1,1,1,0.0,0.40160621227596316,462,932,3609734882803712.0,21388052262656.0
2994,question_29_aime_Qwen3-8B_S8,8,1,1,1,1,0.0,0.4622502924859747,572,2993,4399866197231360.0,26103388617472.0
2995,question_29_aime_Qwen3-8B_S4,4,1,1,1,1,0.0,0.40160621227596316,462,1268,3273930201517312.0,20057697378816.0
2996,question_29_aime_Qwen3-8B_S4,4,1,1,1,1,0.0,0.3825663468980473,562,1616,2723579000350720.0,16534939688448.0
2997,question_29_aime_Qwen3-8B_S4,4,1,1,1,1,0.0,0.2344841840669066,511,935,3105115844981760.0,19141048747008.0
2998,question_29_aime_Qwen3-8B_S2,2,1,1,1,1,0.0,0.23934047074870476,440,440,1897343374259968.0,11711743564544.0
2999,question_29_aime_Qwen3-8B_S2,2,1,1,1,1,0.0,0.031989909474980115,806,806,2892534177868800.0,17947090621184.0
3000,question_29_aime_Qwen3-8B_S2,2,1,1,1,1,0.0,0.37849217956080816,702,702,3391120425904128.0,20928654920704.0
3001,question_29_aime_Qwen3-8B_S1,1,1,1,1,1,0.0,0.10015726222112357,765,765,2033636044823296.0,12721506122496.0
3002,question_29_aime_Qwen3-8B_S1,1,1,1,1,1,0.0,0.25905890687321736,1150,1150,3069476028562432.0,19108837415424.0
3003,question_29_aime_Qwen3-8B_S1,1,1,1,1,1,0.0,0.2227477902903884,602,602,1605653989421568.0,10033954300928.0
3004,question_3_aime_Qwen3-8B_S64,64,1,1,1,1,1.0,0.40234661289104423,1006,1006,1.3956505636941056e+16,58480757049344.0
3005,question_3_aime_Qwen3-8B_S64,64,1,1,1,1,1.0,0.35087264985005073,948,948,1.3956505636941056e+16,58480757049344.0
3006,question_3_aime_Qwen3-8B_S64,64,1,1,1,1,1.0,0.2597890728417517,911,911,1.3956505636941056e+16,58480757049344.0
3007,question_3_aime_Qwen3-8B_S32,32,1,1,1,1,1.0,0.1184936828653488,1020,1020,1.1352284473456128e+16,55226466715904.0
3008,question_3_aime_Qwen3-8B_S32,32,1,1,1,1,1.0,0.31085253977458505,1011,1011,1.1547130804393472e+16,56238383838720.0
3009,question_3_aime_Qwen3-8B_S32,32,1,1,1,1,1.0,0.27547464474644295,1177,1177,1.0425137853879552e+16,51205041241600.0
3010,question_3_aime_Qwen3-8B_S16,16,1,1,1,1,1.0,0.35148515528080987,952,952,8173918345583104.0,43667124837376.0
3011,question_3_aime_Qwen3-8B_S16,16,1,1,1,1,1.0,0.7579063788317232,1018,1018,9367938356168192.0,51180565302528.0
3012,question_3_aime_Qwen3-8B_S16,16,1,1,1,1,1.0,0.2095785886375835,1054,1054,8952847103811072.0,48096701270016.0
3013,question_3_aime_Qwen3-8B_S8,8,1,1,1,1,1.0,0.332173617525853,924,924,7042974886176256.0,40362074701824.0
3014,question_3_aime_Qwen3-8B_S8,8,1,1,1,1,1.0,0.24566488421939786,1024,1024,7339595566255104.0,42532794253056.0
3015,question_3_aime_Qwen3-8B_S8,8,1,1,1,1,1.0,0.17386061543708273,897,897,7038296088766720.0,40729861415424.0
3016,question_3_aime_Qwen3-8B_S4,4,1,1,1,1,1.0,0.40234661289104423,1006,1006,5666801117069824.0,34087747993344.0
3017,question_3_aime_Qwen3-8B_S4,4,1,1,1,1,1.0,0.35148515528080987,952,952,5424689778491648.0,32497973960704.0
3018,question_3_aime_Qwen3-8B_S4,4,1,1,1,1,1.0,0.8216604215260316,1119,1119,6091277345148928.0,36347225181440.0
3019,question_3_aime_Qwen3-8B_S2,2,1,1,1,1,1.0,0.332173617525853,924,924,3919289018545152.0,24077217799936.0
3020,question_3_aime_Qwen3-8B_S2,2,1,1,1,1,1.0,0.28162459069055473,938,938,4330590947907840.0,26554295229952.0
3021,question_3_aime_Qwen3-8B_S2,2,1,1,1,1,1.0,0.21007066999519064,921,921,3945504259978752.0,24063042654208.0
3022,question_3_aime_Qwen3-8B_S1,1,1,1,1,1,1.0,0.27510050616002013,1024,1024,2760996147505920.0,17084092142080.0
3023,question_3_aime_Qwen3-8B_S1,1,1,1,1,1,1.0,0.4320851163594621,1097,1097,2983601880548352.0,18333460520704.0
3024,question_3_aime_Qwen3-8B_S1,1,1,1,1,1,1.0,0.30232357906081514,1073,1073,2903264674815488.0,17924334973184.0
3025,question_30_aime_Qwen3-8B_S64,64,1,1,1,1,0.0,0.9394570234439769,814,7911,9360797401533696.0,45071429788928.0
3026,question_30_aime_Qwen3-8B_S64,64,1,1,1,1,0.0,0.9394570234439769,814,7911,9360797401533696.0,45071429788928.0
3027,question_30_aime_Qwen3-8B_S64,64,1,1,1,1,0.0,0.9394570234439769,814,7911,9360797401533696.0,45071429788928.0
3028,question_30_aime_Qwen3-8B_S32,32,1,1,1,1,0.0,0.9394570234439769,814,3343,6792140369528832.0,36142379920640.0
3029,question_30_aime_Qwen3-8B_S32,32,1,1,1,1,0.0,0.9394570234439769,814,5266,6846092960587520.0,36500090769408.0
3030,question_30_aime_Qwen3-8B_S32,32,1,1,1,1,0.0,0.9394570234439769,814,4666,6471177787035136.0,34132170598144.0
3031,question_30_aime_Qwen3-8B_S16,16,1,1,1,1,0.0,0.9333318837404306,650,2506,5008014464231424.0,28490090738432.0
3032,question_30_aime_Qwen3-8B_S16,16,1,1,1,1,0.0,0.9526711218334711,707,6252,6156047923168000.0,34833270312448.0
3033,question_30_aime_Qwen3-8B_S16,16,1,1,1,1,0.0,0.9577385652635213,1131,5085,5608281227392000.0,31545824921856.0
3034,question_30_aime_Qwen3-8B_S8,8,1,1,1,1,0.0,0.9577385652635213,1131,2458,5130185050635776.0,30523891090432.0
3035,question_30_aime_Qwen3-8B_S8,8,1,1,1,1,0.0,0.9477555802935513,623,3081,4480056731822080.0,26792745577472.0
3036,question_30_aime_Qwen3-8B_S8,8,1,1,1,1,0.0,0.9577385652635213,1131,3745,5174819375243776.0,30940318189568.0
3037,question_30_aime_Qwen3-8B_S4,4,1,1,1,1,0.0,0.9526711218334711,707,3041,3857655277102592.0,23505892279040.0
3038,question_30_aime_Qwen3-8B_S4,4,1,1,1,1,0.0,0.9443610206925258,749,2128,4022072904756224.0,24566236688896.0
3039,question_30_aime_Qwen3-8B_S4,4,1,1,1,1,0.0,0.5212768531481073,673,673,3448908449542144.0,21195056473600.0
3040,question_30_aime_Qwen3-8B_S2,2,1,1,1,1,0.0,0.837185122199018,574,574,2570708717660160.0,15900427821568.0
3041,question_30_aime_Qwen3-8B_S2,2,1,1,1,1,0.0,0.9150181787816599,754,1416,2628712459289344.0,16300598407424.0
3042,question_30_aime_Qwen3-8B_S2,2,1,1,1,1,0.0,0.6625367419810755,780,780,3018896043906304.0,18673568364032.0
3043,question_30_aime_Qwen3-8B_S1,1,1,1,1,1,0.0,0.6625367419810755,780,780,2073865598196224.0,12976538697216.0
3044,question_30_aime_Qwen3-8B_S1,1,1,1,1,1,0.0,0.919242162204409,985,985,2619680936369408.0,16369148822272.0
3045,question_30_aime_Qwen3-8B_S1,1,1,1,1,1,0.0,0.9717359575162076,712,712,1902054996228608.0,11863706609152.0
3046,question_31_aime_Qwen3-8B_S64,64,1,1,1,1,0.0,0.4569660705760783,794,1479,1.7615412344189952e+16,83356060209408.0
3047,question_31_aime_Qwen3-8B_S64,64,1,1,1,1,0.0,0.4569660705760783,794,1479,1.7615412344189952e+16,83356060209408.0
3048,question_31_aime_Qwen3-8B_S64,64,1,1,1,1,0.0,0.4569660705760783,794,1479,1.7615412344189952e+16,83356060209408.0
3049,question_31_aime_Qwen3-8B_S32,32,1,1,1,1,0.0,0.3259127316813301,685,685,1.284699128936704e+16,67764223314176.0
3050,question_31_aime_Qwen3-8B_S32,32,1,1,1,1,0.0,0.4569660705760783,794,1479,1.3040294610286592e+16,69377667831808.0
3051,question_31_aime_Qwen3-8B_S32,32,1,1,1,1,0.0,0.4569660705760783,794,794,1.4194626457741568e+16,75653824251648.0
3052,question_31_aime_Qwen3-8B_S16,16,1,1,1,1,0.0,0.4569660705760783,794,794,1.0228396490907392e+16,58002644298240.0
3053,question_31_aime_Qwen3-8B_S16,16,1,1,1,1,0.0,0.5777311510119657,908,5408,1.6913144550539776e+16,96144003478528.0
3054,question_31_aime_Qwen3-8B_S16,16,1,1,1,1,0.0,0.5668027809964158,1580,2747,1.5187964212667904e+16,86314787120896.0
3055,question_31_aime_Qwen3-8B_S8,8,1,1,1,1,0.0,0.3259127316813301,685,685,8836758378980864.0,53012516724736.0
3056,question_31_aime_Qwen3-8B_S8,8,1,1,1,1,0.0,0.3259127316813301,685,685,7537599272710912.0,44786060703488.0
3057,question_31_aime_Qwen3-8B_S8,8,1,1,1,1,0.0,0.3259127316813301,685,685,8079288301803264.0,48196487830272.0
3058,question_31_aime_Qwen3-8B_S4,4,1,1,1,1,0.0,0.5274696152273918,1635,1635,9265648659460608.0,55722635042560.0
3059,question_31_aime_Qwen3-8B_S4,4,1,1,1,1,0.0,0.6385500500810579,1665,3335,9678236876644352.0,58316231296256.0
3060,question_31_aime_Qwen3-8B_S4,4,1,1,1,1,0.0,0.4975864776670078,1576,3570,9901193025376768.0,59828532425216.0
3061,question_31_aime_Qwen3-8B_S2,2,1,1,1,1,0.0,0.4569660705760783,794,794,4019014244838656.0,24977084601600.0
3062,question_31_aime_Qwen3-8B_S2,2,1,1,1,1,0.0,0.3507855400951276,2486,2486,1.2625632279627776e+16,76984092187648.0
3063,question_31_aime_Qwen3-8B_S2,2,1,1,1,1,0.0,0.4519019981896458,1458,1458,7464120409918464.0,45389479604224.0
3064,question_31_aime_Qwen3-8B_S1,1,1,1,1,1,0.0,0.466725695584538,1335,1335,3571116540317952.0,22209577380608.0
3065,question_31_aime_Qwen3-8B_S1,1,1,1,1,1,0.0,0.537287983270174,2266,2266,6107119869063168.0,37683127126016.0
3066,question_31_aime_Qwen3-8B_S1,1,1,1,1,1,0.0,0.5103292016716435,1530,1530,4080693090274816.0,25410130954240.0
3067,question_32_aime_Qwen3-8B_S64,64,1,1,1,1,1.0,0.5858447350418167,1536,2445,1.7669115676059648e+16,75572194650880.0
3068,question_32_aime_Qwen3-8B_S64,64,1,1,1,1,1.0,0.5858447350418167,1536,1536,1.7669115676059648e+16,75572194650880.0
3069,question_32_aime_Qwen3-8B_S64,64,1,1,1,1,1.0,0.7918067453542682,1089,1998,1.7669115676059648e+16,75572194650880.0
3070,question_32_aime_Qwen3-8B_S32,32,1,1,1,1,1.0,0.5858447350418167,1536,1536,1.2628080153509632e+16,62184633057792.0
3071,question_32_aime_Qwen3-8B_S32,32,1,1,1,1,1.0,0.5858447350418167,1536,2445,1.428542974593792e+16,69144160252416.0
3072,question_32_aime_Qwen3-8B_S32,32,1,1,1,1,1.0,0.7666021213922638,1146,1146,1.23848566058048e+16,60713356954112.0
3073,question_32_aime_Qwen3-8B_S16,16,1,1,1,1,1.0,0.7097426429121161,1333,1333,1.0487125964131584e+16,56219731265280.0
3074,question_32_aime_Qwen3-8B_S16,16,1,1,1,1,1.0,0.7330544169360581,1027,1027,1.1907158449650944e+16,64807806049024.0
3075,question_32_aime_Qwen3-8B_S16,16,1,1,1,1,1.0,0.7303596480242064,1113,1113,1.3445061026194432e+16,73894019289344.0
3076,question_32_aime_Qwen3-8B_S8,8,1,1,1,1,1.0,0.7963316433225404,1219,1219,8745688252480768.0,50425912821248.0
3077,question_32_aime_Qwen3-8B_S8,8,1,1,1,1,1.0,0.7666021213922638,1146,1146,7915799015311104.0,45182268797952.0
3078,question_32_aime_Qwen3-8B_S8,8,1,1,1,1,1.0,0.7918067453542682,1089,1089,8032344038462464.0,46042878509824.0
3079,question_32_aime_Qwen3-8B_S4,4,1,1,1,1,1.0,0.7279018488425444,1172,1172,6639124601413632.0,39255372216320.0
3080,question_32_aime_Qwen3-8B_S4,4,1,1,1,1,1.0,0.6435016425936526,1173,1173,7468722747849216.0,44615096560384.0
3081,question_32_aime_Qwen3-8B_S4,4,1,1,1,1,0.0,0.4664523305414573,909,909,6528535710746112.0,39158634428928.0
3082,question_32_aime_Qwen3-8B_S2,2,1,1,1,1,1.0,0.7666021213922638,1146,1146,4927406859030016.0,30124746328064.0
3083,question_32_aime_Qwen3-8B_S2,2,1,1,1,1,1.0,0.721602532282007,1252,1252,5011242418633984.0,30451368039168.0
3084,question_32_aime_Qwen3-8B_S2,2,1,1,1,1,1.0,0.7918067453542682,1089,1089,4448416500157952.0,27270486378240.0
3085,question_32_aime_Qwen3-8B_S1,1,1,1,1,1,1.0,0.7526746951529395,1298,1298,3502025688710656.0,21605785100800.0
3086,question_32_aime_Qwen3-8B_S1,1,1,1,1,1,1.0,0.6920180599774499,1149,1149,3107551768380160.0,19144871198464.0
3087,question_32_aime_Qwen3-8B_S1,1,1,1,1,1,1.0,0.6828645975281562,1438,1438,3908490687613952.0,23958210250752.0
3088,question_33_aime_Qwen3-8B_S64,64,1,1,1,1,1.0,0.6640728051830659,1248,6124,1.949260834812928e+16,86760992112128.0
3089,question_33_aime_Qwen3-8B_S64,64,1,1,1,1,1.0,0.6980106698549747,1161,4589,1.949260834812928e+16,86760992112128.0
3090,question_33_aime_Qwen3-8B_S64,64,1,1,1,1,1.0,0.6980106698549747,1161,8979,1.949260834812928e+16,86760992112128.0
3091,question_33_aime_Qwen3-8B_S32,32,1,1,1,1,1.0,0.8770696981826945,1223,3689,1.4350914620303616e+16,71578265728256.0
3092,question_33_aime_Qwen3-8B_S32,32,1,1,1,1,1.0,0.6640728051830659,1248,6833,1.342580209420416e+16,67203849070080.0
3093,question_33_aime_Qwen3-8B_S32,32,1,1,1,1,1.0,0.6980106698549747,1161,2342,1.4884571509779712e+16,76481205756416.0
3094,question_33_aime_Qwen3-8B_S16,16,1,1,1,1,1.0,0.8700582218580246,1161,6096,1.1133459747985408e+16,61212447450368.0
3095,question_33_aime_Qwen3-8B_S16,16,1,1,1,1,1.0,0.736692482625183,1261,2544,1.1886274102501888e+16,65177331249408.0
3096,question_33_aime_Qwen3-8B_S16,16,1,1,1,1,1.0,0.736692482625183,1261,3816,1.146831696505216e+16,63277218795520.0
3097,question_33_aime_Qwen3-8B_S8,8,1,1,1,1,0.0,0.2995361160780917,1058,2006,8044447339873024.0,46767200979200.0
3098,question_33_aime_Qwen3-8B_S8,8,1,1,1,1,0.0,0.5972493233957253,1219,3438,8764881193670656.0,51186184759808.0
3099,question_33_aime_Qwen3-8B_S8,8,1,1,1,1,0.0,0.8770696981826945,1223,6376,9042847395057664.0,52303972662528.0
3100,question_33_aime_Qwen3-8B_S4,4,1,1,1,1,1.0,0.45850234187307365,1375,2746,6850070770878464.0,41150687322880.0
3101,question_33_aime_Qwen3-8B_S4,4,1,1,1,1,1.0,0.4603431620451902,1558,1558,7209747505349632.0,43281838247424.0
3102,question_33_aime_Qwen3-8B_S4,4,1,1,1,1,1.0,0.3429146107641277,1650,1650,7459191228492032.0,44657034304768.0
3103,question_33_aime_Qwen3-8B_S2,2,1,1,1,1,0.0,0.6667121240156826,1391,3019,5631941661633792.0,34381469708800.0
3104,question_33_aime_Qwen3-8B_S2,2,1,1,1,1,0.0,0.8700582218580246,1161,2354,4582975868990464.0,28205810370560.0
3105,question_33_aime_Qwen3-8B_S2,2,1,1,1,1,0.0,0.2995361160780917,1058,1058,4336697914084608.0,26616496026368.0
3106,question_33_aime_Qwen3-8B_S1,1,1,1,1,1,0.0,0.11213555454326557,1665,1665,4467002709255680.0,27694445894912.0
3107,question_33_aime_Qwen3-8B_S1,1,1,1,1,1,0.0,0.5972493233957253,1219,1219,3244064738192384.0,20257314191104.0
3108,question_33_aime_Qwen3-8B_S1,1,1,1,1,1,0.0,0.736692482625183,1261,1261,3374456567324160.0,20982169391360.0
3109,question_34_aime_Qwen3-8B_S64,64,1,1,1,1,0.0,0.8552440767626652,914,2280,1.4724564334979328e+16,69854946323456.0
3110,question_34_aime_Qwen3-8B_S64,64,1,1,1,1,0.0,0.8552440767626652,914,2280,1.4724564334979328e+16,69854946323456.0
3111,question_34_aime_Qwen3-8B_S64,64,1,1,1,1,0.0,0.8552440767626652,914,2280,1.4724564334979328e+16,69854946323456.0
3112,question_34_aime_Qwen3-8B_S32,32,1,1,1,1,0.0,0.4786116919793136,1079,2939,1.1988355347294464e+16,63550824133376.0
3113,question_34_aime_Qwen3-8B_S32,32,1,1,1,1,0.0,0.8552440767626652,914,1606,1.1487177362496e+16,61115102607104.0
3114,question_34_aime_Qwen3-8B_S32,32,1,1,1,1,0.0,0.4786116919793136,1079,2939,1.038057678049024e+16,53931382546176.0
3115,question_34_aime_Qwen3-8B_S16,16,1,1,1,1,0.0,0.7015837983175771,1086,4737,1.1248119287172608e+16,63500961839360.0
3116,question_34_aime_Qwen3-8B_S16,16,1,1,1,1,0.0,0.3498092409507744,674,674,8668095668503552.0,49274794852608.0
3117,question_34_aime_Qwen3-8B_S16,16,1,1,1,1,0.0,0.8552440767626652,914,1606,6456316190047488.0,35634019650560.0
3118,question_34_aime_Qwen3-8B_S8,8,1,1,1,1,0.0,0.7015837983175771,1086,3583,8518770868666624.0,50440411021824.0
3119,question_34_aime_Qwen3-8B_S8,8,1,1,1,1,0.0,0.4720362022958965,1386,2572,9509827016496896.0,56664471662336.0
3120,question_34_aime_Qwen3-8B_S8,8,1,1,1,1,0.0,0.8552440767626652,914,1606,5563747479278592.0,32810446327808.0
3121,question_34_aime_Qwen3-8B_S4,4,1,1,1,1,0.0,0.6194969079659921,1159,2729,8425845073255936.0,50709220074240.0
3122,question_34_aime_Qwen3-8B_S4,4,1,1,1,1,0.0,0.3004124988146559,1586,6478,8492297007281920.0,51279437114112.0
3123,question_34_aime_Qwen3-8B_S4,4,1,1,1,1,0.0,0.6194969079659921,1159,2712,8006062161564160.0,48218107404288.0
3124,question_34_aime_Qwen3-8B_S2,2,1,1,1,1,0.0,0.11688430338713043,1814,4273,8451631694880768.0,51220833679360.0
3125,question_34_aime_Qwen3-8B_S2,2,1,1,1,1,0.0,0.6355371013642372,692,692,4244381605187072.0,26475805757952.0
3126,question_34_aime_Qwen3-8B_S2,2,1,1,1,1,0.0,0.7015837983175771,1086,2272,4356682836326144.0,26954159388928.0
3127,question_34_aime_Qwen3-8B_S1,1,1,1,1,1,0.0,0.10888250276699298,1043,1043,2791009763013888.0,17360823652096.0
3128,question_34_aime_Qwen3-8B_S1,1,1,1,1,1,0.0,0.23108756514475326,2210,2210,5915622115005440.0,36781929952256.0
3129,question_34_aime_Qwen3-8B_S1,1,1,1,1,1,0.0,0.11004294918306042,1414,1414,3774526610931200.0,23488257805312.0
3130,question_35_aime_Qwen3-8B_S64,64,1,1,1,1,0.0,0.3086699288762837,618,618,1.2032885241111552e+16,48810088683264.0
3131,question_35_aime_Qwen3-8B_S64,64,1,1,1,1,0.0,0.3086699288762837,618,618,1.2032885241111552e+16,48810088683264.0
3132,question_35_aime_Qwen3-8B_S64,64,1,1,1,1,0.0,0.3086699288762837,618,618,1.2032885241111552e+16,48810088683264.0
3133,question_35_aime_Qwen3-8B_S32,32,1,1,1,1,0.0,0.3086699288762837,618,618,8937311924570880.0,43254435616512.0
3134,question_35_aime_Qwen3-8B_S32,32,1,1,1,1,1.0,0.5795984788295436,1291,1291,1.5848060268932608e+16,76888080452864.0
3135,question_35_aime_Qwen3-8B_S32,32,1,1,1,1,1.0,0.825263584800494,1241,1241,1.4430435002230528e+16,70045449197056.0
3136,question_35_aime_Qwen3-8B_S16,16,1,1,1,1,1.0,0.46372606267729893,1364,1364,1.0932089455074048e+16,58676665348864.0
3137,question_35_aime_Qwen3-8B_S16,16,1,1,1,1,0.0,0.3086699288762837,618,618,6336948409122304.0,33678404166656.0
3138,question_35_aime_Qwen3-8B_S16,16,1,1,1,1,1.0,0.5795984788295436,1291,1291,1.076073200086528e+16,56727724199424.0
3139,question_35_aime_Qwen3-8B_S8,8,1,1,1,1,1.0,0.8199026303361665,1313,1313,9684996739774464.0,54531967294464.0
3140,question_35_aime_Qwen3-8B_S8,8,1,1,1,1,1.0,0.5804241419976777,1151,1151,8855340369943040.0,50507936823040.0
3141,question_35_aime_Qwen3-8B_S8,8,1,1,1,1,1.0,0.396989742369031,1419,2713,1.048081353661184e+16,59849899536640.0
3142,question_35_aime_Qwen3-8B_S4,4,1,1,1,1,1.0,0.396989742369031,1419,2713,7283151905277952.0,43416668879872.0
3143,question_35_aime_Qwen3-8B_S4,4,1,1,1,1,1.0,0.5423366119795376,1379,1379,8038102471722752.0,47358826075648.0
3144,question_35_aime_Qwen3-8B_S4,4,1,1,1,1,1.0,0.396989742369031,1419,1419,8055577396121600.0,47603930151424.0
3145,question_35_aime_Qwen3-8B_S2,2,1,1,1,1,1.0,0.6171560932072251,1264,1264,5220966556789248.0,32008207237376.0
3146,question_35_aime_Qwen3-8B_S2,2,1,1,1,1,1.0,0.5554951802431398,1371,1371,5484145851918592.0,33367477855488.0
3147,question_35_aime_Qwen3-8B_S2,2,1,1,1,1,1.0,0.5894280282542049,1615,1615,6138379683663360.0,37220477436672.0
3148,question_35_aime_Qwen3-8B_S1,1,1,1,1,1,1.0,0.8007290010667096,1488,1488,4007000917711872.0,24770176020480.0
3149,question_35_aime_Qwen3-8B_S1,1,1,1,1,1,1.0,0.6933615863001243,1443,1443,3887504645369600.0,24021558911744.0
3150,question_35_aime_Qwen3-8B_S1,1,1,1,1,1,1.0,0.43893354679238983,1677,1677,4507939464946944.0,27897884340480.0
3151,question_36_aime_Qwen3-8B_S64,64,1,1,1,1,0.0,0.018250881017902516,504,504,9495009097611264.0,42639853616896.0
3152,question_36_aime_Qwen3-8B_S64,64,1,1,1,1,0.0,0.018250881017902516,504,504,9495009097611264.0,42639853616896.0
3153,question_36_aime_Qwen3-8B_S64,64,1,1,1,1,0.0,0.018250881017902516,504,504,9495009097611264.0,42639853616896.0
3154,question_36_aime_Qwen3-8B_S32,32,1,1,1,1,0.0,0.05107605746291856,726,1456,9679758725193728.0,48856924949760.0
3155,question_36_aime_Qwen3-8B_S32,32,1,1,1,1,0.0,0.13553861217407664,872,4077,1.0849973364168448e+16,53534617619456.0
3156,question_36_aime_Qwen3-8B_S32,32,1,1,1,1,0.0,0.018250881017902516,504,504,7366297675689472.0,38031223432704.0
3157,question_36_aime_Qwen3-8B_S16,16,1,1,1,1,0.0,0.02324198975130084,622,1352,7424988177035520.0,41109766417664.0
3158,question_36_aime_Qwen3-8B_S16,16,1,1,1,1,0.0,0.11396864893318757,1128,4137,1.1032778671181568e+16,59912720523264.0
3159,question_36_aime_Qwen3-8B_S16,16,1,1,1,1,0.0,0.018250881017902516,504,504,5738729037869312.0,32291835355904.0
3160,question_36_aime_Qwen3-8B_S8,8,1,1,1,1,0.0,0.018250881017902516,504,504,4767099275691776.0,28320276562688.0
3161,question_36_aime_Qwen3-8B_S8,8,1,1,1,1,0.0,0.03527942942838695,697,697,6492521810164480.0,37182255334400.0
3162,question_36_aime_Qwen3-8B_S8,8,1,1,1,1,0.0,0.018250881017902516,504,504,4835593084786176.0,28713963504640.0
3163,question_36_aime_Qwen3-8B_S4,4,1,1,1,1,0.0,0.1005206874047511,1022,1719,4587286299182848.0,27439533584384.0
3164,question_36_aime_Qwen3-8B_S4,4,1,1,1,1,0.0,0.18453957428852147,937,2360,4343122558906368.0,26029092110848.0
3165,question_36_aime_Qwen3-8B_S4,4,1,1,1,1,0.0,0.15650451368129975,945,2830,5798269578672640.0,34533646435072.0
3166,question_36_aime_Qwen3-8B_S2,2,1,1,1,1,0.0,0.010552082063766887,730,730,3235610550242304.0,20023614720512.0
3167,question_36_aime_Qwen3-8B_S2,2,1,1,1,1,0.0,0.4292518263520452,2014,4029,7678526644323072.0,46083369167872.0
3168,question_36_aime_Qwen3-8B_S2,2,1,1,1,1,0.0,0.08584421239649406,969,969,4433775967051520.0,27009341808640.0
3169,question_36_aime_Qwen3-8B_S1,1,1,1,1,1,0.0,0.26460776663608604,1518,1518,4102620277699328.0,25266193989120.0
3170,question_36_aime_Qwen3-8B_S1,1,1,1,1,1,0.0,0.18453957428852147,937,937,2515295541166592.0,15596907620096.0
3171,question_36_aime_Qwen3-8B_S1,1,1,1,1,1,0.0,0.4335371887755198,1915,1915,5221199197436928.0,31909156165888.0
3172,question_37_aime_Qwen3-8B_S64,64,1,1,1,1,0.0,0.7355715304217656,1929,1929,2.642984083611136e+16,115264072345600.0
3173,question_37_aime_Qwen3-8B_S64,64,1,1,1,1,0.0,0.7355715304217656,1929,1929,2.642984083611136e+16,115264072345600.0
3174,question_37_aime_Qwen3-8B_S64,64,1,1,1,1,0.0,0.7355715304217656,1929,1929,2.642984083611136e+16,115264072345600.0
3175,question_37_aime_Qwen3-8B_S32,32,1,1,1,1,0.0,0.8172574469972428,1693,14330,2.7059203286460416e+16,130480472415488.0
3176,question_37_aime_Qwen3-8B_S32,32,1,1,1,1,0.0,0.7355715304217656,1929,1929,1.736496393844224e+16,84599134939136.0
3177,question_37_aime_Qwen3-8B_S32,32,1,1,1,1,0.0,0.7355715304217656,1929,1929,1.754968105548544e+16,85683013258240.0
3178,question_37_aime_Qwen3-8B_S16,16,1,1,1,1,1.0,0.8054601347977883,1683,5233,1.7168550233109248e+16,89815414914560.0
3179,question_37_aime_Qwen3-8B_S16,16,1,1,1,1,1.0,0.795659301731872,1607,6516,1.6735654964195072e+16,88090972836864.0
3180,question_37_aime_Qwen3-8B_S16,16,1,1,1,1,1.0,0.8155474865799883,1698,1698,1.816055809321011e+16,95344289957120.0
3181,question_37_aime_Qwen3-8B_S8,8,1,1,1,1,1.0,0.9024320034857175,1472,5212,1.4060173881927424e+16,79681477754880.0
3182,question_37_aime_Qwen3-8B_S8,8,1,1,1,1,1.0,0.7760309625131963,1792,1792,1.4740359329742336e+16,84417320069632.0
3183,question_37_aime_Qwen3-8B_S8,8,1,1,1,1,0.0,0.7355715304217656,1929,1929,1.1654452319292416e+16,67731379824384.0
3184,question_37_aime_Qwen3-8B_S4,4,1,1,1,1,0.0,0.7849389986403987,1758,5486,1.6032575705922816e+16,96897723975936.0
3185,question_37_aime_Qwen3-8B_S4,4,1,1,1,1,1.0,0.795659301731872,1607,1607,8666534556758272.0,51508821569536.0
3186,question_37_aime_Qwen3-8B_S4,4,1,1,1,1,0.0,0.7014311694094625,1783,1783,1.0438041732485888e+16,61696176808704.0
3187,question_37_aime_Qwen3-8B_S2,2,1,1,1,1,0.0,0.5861650735003608,1651,1651,7428961688042240.0,45371097635840.0
3188,question_37_aime_Qwen3-8B_S2,2,1,1,1,1,0.0,0.6720374312289294,2051,2051,8205274521004032.0,49469064109056.0
3189,question_37_aime_Qwen3-8B_S2,2,1,1,1,1,0.0,0.4678982894209976,3361,3361,1.4005432648967424e+16,84302412875520.0
3190,question_37_aime_Qwen3-8B_S1,1,1,1,1,1,1.0,0.8212439119216373,1485,1485,4023824768182016.0,24765831532288.0
3191,question_37_aime_Qwen3-8B_S1,1,1,1,1,1,0.0,0.5538138831571939,3016,3016,8236925102617088.0,50281145505280.0
3192,question_37_aime_Qwen3-8B_S1,1,1,1,1,1,0.0,0.7229496937531532,1901,1901,5157570802484992.0,31674362256128.0
3193,question_38_aime_Qwen3-8B_S64,64,1,1,1,1,0.0,0.4769155216943749,1313,3066,1.878954049553664e+16,87570982824704.0
3194,question_38_aime_Qwen3-8B_S64,64,1,1,1,1,0.0,0.4769155216943749,1313,3066,1.878954049553664e+16,87570982824704.0
3195,question_38_aime_Qwen3-8B_S64,64,1,1,1,1,0.0,0.4769155216943749,1313,3066,1.878954049553664e+16,87570982824704.0
3196,question_38_aime_Qwen3-8B_S32,32,1,1,1,1,0.0,0.4769155216943749,1313,1313,1.4868704337859072e+16,78636615848704.0
3197,question_38_aime_Qwen3-8B_S32,32,1,1,1,1,0.0,0.4106355058621253,1753,1753,1.7784987495864576e+16,91204888024576.0
3198,question_38_aime_Qwen3-8B_S32,32,1,1,1,1,0.0,0.4769155216943749,1313,1313,1.3585917799879936e+16,70563047995648.0
3199,question_38_aime_Qwen3-8B_S16,16,1,1,1,1,0.0,0.4769155216943749,1313,1313,1.1536233901312768e+16,65523623648512.0
3200,question_38_aime_Qwen3-8B_S16,16,1,1,1,1,1.0,0.8621716358565017,1468,4815,1.7366551367275776e+16,95596181074944.0
3201,question_38_aime_Qwen3-8B_S16,16,1,1,1,1,0.0,0.4106355058621253,1753,1753,1.3989890069181952e+16,78506170564608.0
3202,question_38_aime_Qwen3-8B_S8,8,1,1,1,1,0.0,0.5224710234949353,2013,3646,1.931523116386355e+16,113273169965568.0
3203,question_38_aime_Qwen3-8B_S8,8,1,1,1,1,0.0,0.4106355058621253,1753,1753,1.1009547010542336e+16,65148113214976.0
3204,question_38_aime_Qwen3-8B_S8,8,1,1,1,1,1.0,0.8689252969454085,1755,3388,1.4789955430256384e+16,86469325016576.0
3205,question_38_aime_Qwen3-8B_S4,4,1,1,1,1,0.0,0.39966976470578547,1955,1955,1.2908197650992384e+16,77824952014592.0
3206,question_38_aime_Qwen3-8B_S4,4,1,1,1,1,0.0,0.4769155216943749,1313,1313,6586338747478784.0,40317560296704.0
3207,question_38_aime_Qwen3-8B_S4,4,1,1,1,1,0.0,0.5224710234949353,2013,6022,1.1379952229788928e+16,68396577612800.0
3208,question_38_aime_Qwen3-8B_S2,2,1,1,1,1,0.0,0.2639364120146979,2880,2880,1.068970479478272e+16,65869135299840.0
3209,question_38_aime_Qwen3-8B_S2,2,1,1,1,1,0.0,0.3222182817811386,1812,3197,6363169356050688.0,39146650439168.0
3210,question_38_aime_Qwen3-8B_S2,2,1,1,1,1,0.0,0.2900233867313361,3263,7133,1.5092324803259648e+16,91606762066944.0
3211,question_38_aime_Qwen3-8B_S1,1,1,1,1,1,0.0,0.10750921911908372,3871,3871,1.067170372853888e+16,64493118856704.0
3212,question_38_aime_Qwen3-8B_S1,1,1,1,1,1,0.0,0.3222182817811386,1812,1812,4846066726537472.0,30081439805952.0
3213,question_38_aime_Qwen3-8B_S1,1,1,1,1,1,0.0,0.4769155216943749,1313,1313,3465426065991680.0,21754482520832.0
3214,question_39_aime_Qwen3-8B_S64,64,1,1,1,1,0.0,0.8080011077146083,575,3858,1.2911301430369792e+16,57994973495552.0
3215,question_39_aime_Qwen3-8B_S64,64,1,1,1,1,0.0,0.8080011077146083,575,3858,1.2911301430369792e+16,57994973495552.0
3216,question_39_aime_Qwen3-8B_S64,64,1,1,1,1,0.0,0.8080011077146083,575,3858,1.2911301430369792e+16,57994973495552.0
3217,question_39_aime_Qwen3-8B_S32,32,1,1,1,1,0.0,0.7118056919672653,747,2155,9978039650402048.0,50396015700992.0
3218,question_39_aime_Qwen3-8B_S32,32,1,1,1,1,0.0,0.8080011077146083,575,2565,9286899730939904.0,47232800147968.0
3219,question_39_aime_Qwen3-8B_S32,32,1,1,1,1,0.0,0.8080011077146083,575,1725,9882268125844224.0,50871132074496.0
3220,question_39_aime_Qwen3-8B_S16,16,1,1,1,1,0.0,0.7645280473501889,1088,3320,8525174618767616.0,46506094549760.0
3221,question_39_aime_Qwen3-8B_S16,16,1,1,1,1,0.0,0.6951417774626687,693,3022,8581861975027456.0,46832135487488.0
3222,question_39_aime_Qwen3-8B_S16,16,1,1,1,1,0.0,0.8080011077146083,575,3151,8203646529960704.0,44335752823040.0
3223,question_39_aime_Qwen3-8B_S8,8,1,1,1,1,0.0,0.696626265386955,994,1874,6941331550581760.0,40299425441024.0
3224,question_39_aime_Qwen3-8B_S8,8,1,1,1,1,0.0,0.7118056919672653,747,4303,7215762260344064.0,41962552099584.0
3225,question_39_aime_Qwen3-8B_S8,8,1,1,1,1,0.0,0.7248111811947996,717,2374,7094476461072384.0,41434847335936.0
3226,question_39_aime_Qwen3-8B_S4,4,1,1,1,1,0.0,0.7621291553645715,841,841,5409458994464768.0,32293594949888.0
3227,question_39_aime_Qwen3-8B_S4,4,1,1,1,1,0.0,0.5868692779519725,674,674,4202537936503296.0,25042140205312.0
3228,question_39_aime_Qwen3-8B_S4,4,1,1,1,1,1.0,0.7528763603312374,1202,3398,6789183274796544.0,40926005660160.0
3229,question_39_aime_Qwen3-8B_S2,2,1,1,1,1,0.0,0.5376965020305323,1045,2036,3895538611699712.0,23667197795072.0
3230,question_39_aime_Qwen3-8B_S2,2,1,1,1,1,0.0,0.6670807773499844,576,576,2480622389906944.0,15207689454336.0
3231,question_39_aime_Qwen3-8B_S2,2,1,1,1,1,0.0,0.6277947243427315,574,574,2765505797546496.0,17072376679680.0
3232,question_39_aime_Qwen3-8B_S1,1,1,1,1,1,0.0,0.7616670145928663,1098,1098,2968034345634560.0,18320314961408.0
3233,question_39_aime_Qwen3-8B_S1,1,1,1,1,1,0.0,0.5305684006884421,972,972,2626305183173888.0,16203209038336.0
3234,question_39_aime_Qwen3-8B_S1,1,1,1,1,1,0.0,0.7943642421434653,1087,1087,2924848978571776.0,18097523711232.0
3235,question_4_aime_Qwen3-8B_S64,64,1,1,1,1,1.0,0.8128512329736263,1157,1978,1.8730196634525696e+16,89546300058880.0
3236,question_4_aime_Qwen3-8B_S64,64,1,1,1,1,1.0,0.8128512329736263,1157,1978,1.8730196634525696e+16,89546300058880.0
3237,question_4_aime_Qwen3-8B_S64,64,1,1,1,1,1.0,0.8128512329736263,1157,1157,1.8730196634525696e+16,89546300058880.0
3238,question_4_aime_Qwen3-8B_S32,32,1,1,1,1,0.0,0.518950453482485,1549,4403,2.066315391088691e+16,107212052932096.0
3239,question_4_aime_Qwen3-8B_S32,32,1,1,1,1,0.0,0.7462369330301035,821,821,1.372032549228416e+16,72952663254272.0
3240,question_4_aime_Qwen3-8B_S32,32,1,1,1,1,1.0,0.8128512329736263,1157,2496,1.785756156836864e+16,94765822573568.0
3241,question_4_aime_Qwen3-8B_S16,16,1,1,1,1,0.0,0.8459749509547797,1189,5813,1.835602985904512e+16,102198220485376.0
3242,question_4_aime_Qwen3-8B_S16,16,1,1,1,1,0.0,0.22594355234613261,1339,3446,1.433501340916608e+16,80018719438592.0
3243,question_4_aime_Qwen3-8B_S16,16,1,1,1,1,0.0,0.6028973725468039,2673,7044,2.036989110863309e+16,110479879770880.0
3244,question_4_aime_Qwen3-8B_S8,8,1,1,1,1,0.0,0.6028973725468039,2673,8303,1.5942567456626432e+16,92673275988992.0
3245,question_4_aime_Qwen3-8B_S8,8,1,1,1,1,1.0,0.8128512329736263,1157,1157,1.0105535437010944e+16,59905291542528.0
3246,question_4_aime_Qwen3-8B_S8,8,1,1,1,1,0.0,0.17260908396985658,1630,3984,1.7297279897092352e+16,99896413362944.0
3247,question_4_aime_Qwen3-8B_S4,4,1,1,1,1,0.0,0.518950453482485,1549,1549,9989502134426880.0,60357606734848.0
3248,question_4_aime_Qwen3-8B_S4,4,1,1,1,1,0.0,0.405034033634957,2947,2947,1.5928492263414272e+16,94071864383744.0
3249,question_4_aime_Qwen3-8B_S4,4,1,1,1,1,0.0,0.8459749509547797,1189,1189,1.0495931678339072e+16,63524661418496.0
3250,question_4_aime_Qwen3-8B_S2,2,1,1,1,1,0.0,0.42418654597103145,1823,1823,9699763309548288.0,58825896624384.0
3251,question_4_aime_Qwen3-8B_S2,2,1,1,1,1,0.0,0.145591497362632,2809,2809,1.206969213491712e+16,73659583915520.0
3252,question_4_aime_Qwen3-8B_S2,2,1,1,1,1,0.0,0.025418506552616408,3869,6562,1.3455038693348096e+16,81643988421632.0
3253,question_4_aime_Qwen3-8B_S1,1,1,1,1,1,0.0,0.8459749509547797,1189,1189,3179818414461952.0,19770965472000.0
3254,question_4_aime_Qwen3-8B_S1,1,1,1,1,1,0.0,0.22446283584448773,1884,1884,5045740766290688.0,31288169900032.0
3255,question_4_aime_Qwen3-8B_S1,1,1,1,1,1,0.0,0.3247490426195676,2781,2781,7506234050960896.0,46252535115520.0
3256,question_40_aime_Qwen3-8B_S64,64,1,1,1,1,0.0,0.04176035003812129,1469,6309,2.1864464437715456e+16,95518031796992.0
3257,question_40_aime_Qwen3-8B_S64,64,1,1,1,1,0.0,0.04176035003812129,1469,6309,2.1864464437715456e+16,95518031796992.0
3258,question_40_aime_Qwen3-8B_S64,64,1,1,1,1,0.0,0.04176035003812129,1469,6309,2.1864464437715456e+16,95518031796992.0
3259,question_40_aime_Qwen3-8B_S32,32,1,1,1,1,0.0,0.04176035003812129,1469,3937,1.622282989641984e+16,81576842525440.0
3260,question_40_aime_Qwen3-8B_S32,32,1,1,1,1,0.0,0.04176035003812129,1469,4892,1.5233194255211008e+16,75672924301056.0
3261,question_40_aime_Qwen3-8B_S32,32,1,1,1,1,0.0,0.04176035003812129,1469,2520,1.5928521375596288e+16,79901472347648.0
3262,question_40_aime_Qwen3-8B_S16,16,1,1,1,1,0.0,0.04176035003812129,1469,1469,1.2775501036163584e+16,70562702860544.0
3263,question_40_aime_Qwen3-8B_S16,16,1,1,1,1,0.0,0.06881426445940803,1359,9168,1.6727840813452032e+16,91217049879808.0
3264,question_40_aime_Qwen3-8B_S16,16,1,1,1,1,0.0,0.030416646901161595,1164,1164,1.3687358985994496e+16,74575527152384.0
3265,question_40_aime_Qwen3-8B_S8,8,1,1,1,1,0.0,0.01107018675843355,1208,1208,1.0144577714519552e+16,58921787902720.0
3266,question_40_aime_Qwen3-8B_S8,8,1,1,1,1,0.0,0.01107018675843355,1208,1208,1.0656145674843648e+16,62041618102272.0
3267,question_40_aime_Qwen3-8B_S8,8,1,1,1,1,0.0,0.017383946249948552,1051,1051,9871642826895360.0,57330309082624.0
3268,question_40_aime_Qwen3-8B_S4,4,1,1,1,1,0.0,0.037447246079703664,1495,2659,8507250234885376.0,51353512895232.0
3269,question_40_aime_Qwen3-8B_S4,4,1,1,1,1,0.0,0.017383946249948552,1051,1051,7231809471202304.0,43618989085184.0
3270,question_40_aime_Qwen3-8B_S4,4,1,1,1,1,0.0,0.04176035003812129,1469,1469,8047895546916352.0,48724421867264.0
3271,question_40_aime_Qwen3-8B_S2,2,1,1,1,1,0.0,0.04646396677722854,1955,3949,7934640421453568.0,47855207187200.0
3272,question_40_aime_Qwen3-8B_S2,2,1,1,1,1,0.0,0.037447246079703664,1495,1495,6025485423244544.0,36793499484160.0
3273,question_40_aime_Qwen3-8B_S2,2,1,1,1,1,0.0,0.02490347519405469,1633,1633,8062083466595328.0,49337334100224.0
3274,question_40_aime_Qwen3-8B_S1,1,1,1,1,1,0.0,0.031201866579510355,1983,1983,5344800384433152.0,33030511077632.0
3275,question_40_aime_Qwen3-8B_S1,1,1,1,1,1,0.0,0.01739296529548335,2089,2089,5677116992049664.0,34808170801408.0
3276,question_40_aime_Qwen3-8B_S1,1,1,1,1,1,0.0,0.11974709611696237,1986,1986,5391981955791616.0,33066337239552.0
3277,question_41_aime_Qwen3-8B_S64,64,1,1,1,1,0.0,0.5541157065024481,882,1696,1.4123796279861504e+16,64787357416704.0
3278,question_41_aime_Qwen3-8B_S64,64,1,1,1,1,0.0,0.5541157065024481,882,1696,1.4123796279861504e+16,64787357416704.0
3279,question_41_aime_Qwen3-8B_S64,64,1,1,1,1,0.0,0.5541157065024481,882,1696,1.4123796279861504e+16,64787357416704.0
3280,question_41_aime_Qwen3-8B_S32,32,1,1,1,1,0.0,0.44293312543493646,1212,6382,1.8230057394681344e+16,91585010579456.0
3281,question_41_aime_Qwen3-8B_S32,32,1,1,1,1,0.0,0.44293312543493646,1212,5610,1.844730643282304e+16,89154653853952.0
3282,question_41_aime_Qwen3-8B_S32,32,1,1,1,1,0.0,0.5541157065024481,882,882,1.044570274892672e+16,54319006292224.0
3283,question_41_aime_Qwen3-8B_S16,16,1,1,1,1,0.0,0.4442651455998164,814,2368,1.0281624848749824e+16,57046901594880.0
3284,question_41_aime_Qwen3-8B_S16,16,1,1,1,1,0.0,0.30143363109663207,1554,3848,1.4829111256241408e+16,82528230314240.0
3285,question_41_aime_Qwen3-8B_S16,16,1,1,1,1,0.0,0.47256195798904016,1045,3339,1.5406946108490752e+16,83518644805120.0
3286,question_41_aime_Qwen3-8B_S8,8,1,1,1,1,0.0,0.5541157065024481,882,1696,5959453104661760.0,35041987945216.0
3287,question_41_aime_Qwen3-8B_S8,8,1,1,1,1,0.0,0.2992656583335372,2294,2294,1.0453113112189184e+16,60568625455360.0
3288,question_41_aime_Qwen3-8B_S8,8,1,1,1,1,0.0,0.46272400104119604,2227,4446,1.4464343771522048e+16,81983622115072.0
3289,question_41_aime_Qwen3-8B_S4,4,1,1,1,1,0.0,0.5541157065024481,882,882,4612688910013952.0,28074211000576.0
3290,question_41_aime_Qwen3-8B_S4,4,1,1,1,1,0.0,0.22014812036144268,2627,6685,1.311260863876736e+16,77859465115392.0
3291,question_41_aime_Qwen3-8B_S4,4,1,1,1,1,0.0,0.34286843864629146,1924,7641,1.4824052466628864e+16,86974344500736.0
3292,question_41_aime_Qwen3-8B_S2,2,1,1,1,1,0.0,0.3595053046380986,2994,5107,1.0622541595794176e+16,63769643597056.0
3293,question_41_aime_Qwen3-8B_S2,2,1,1,1,1,0.0,0.5541157065024481,882,882,4266712054015232.0,26339480045824.0
3294,question_41_aime_Qwen3-8B_S2,2,1,1,1,1,0.0,0.30143363109663207,1554,1554,5622099475885568.0,34389677874944.0
3295,question_41_aime_Qwen3-8B_S1,1,1,1,1,1,0.0,0.20588266589802687,3375,3375,9276636758017024.0,56322811924736.0
3296,question_41_aime_Qwen3-8B_S1,1,1,1,1,1,0.0,0.2651435231317989,3631,3631,1.0037785487196672e+16,60647142573824.0
3297,question_41_aime_Qwen3-8B_S1,1,1,1,1,1,0.0,0.24549678759445467,1958,1958,5366431410824960.0,32760236753920.0
3298,question_42_aime_Qwen3-8B_S64,64,1,1,1,1,0.0,0.5030006182571455,388,4526,8625974898298880.0,41717815442944.0
3299,question_42_aime_Qwen3-8B_S64,64,1,1,1,1,0.0,0.5030006182571455,388,4526,8625974898298880.0,41717815442944.0
3300,question_42_aime_Qwen3-8B_S64,64,1,1,1,1,0.0,0.5030006182571455,388,4526,8625974898298880.0,41717815442944.0
3301,question_42_aime_Qwen3-8B_S32,32,1,1,1,1,0.0,0.46538912582762754,492,4606,7107361014938368.0,38327014357504.0
3302,question_42_aime_Qwen3-8B_S32,32,1,1,1,1,0.0,0.46538912582762754,492,3218,6853377997649920.0,37173167376896.0
3303,question_42_aime_Qwen3-8B_S32,32,1,1,1,1,0.0,0.5030006182571455,388,2152,6074358249382144.0,32205446543360.0
3304,question_42_aime_Qwen3-8B_S16,16,1,1,1,1,0.0,0.44849274395044153,306,1303,4745811794143232.0,26990871790336.0
3305,question_42_aime_Qwen3-8B_S16,16,1,1,1,1,0.0,0.5221095910297563,551,4544,5897200000730368.0,33330255029504.0
3306,question_42_aime_Qwen3-8B_S16,16,1,1,1,1,0.0,0.6306667331928971,571,2705,5048375754370816.0,28648639095552.0
3307,question_42_aime_Qwen3-8B_S8,8,1,1,1,1,0.0,0.6520363757641635,605,4517,4908019248558592.0,29271821943296.0
3308,question_42_aime_Qwen3-8B_S8,8,1,1,1,1,0.0,0.5015265149132775,481,3174,3633862409339392.0,21524449820672.0
3309,question_42_aime_Qwen3-8B_S8,8,1,1,1,1,0.0,0.5506531776570123,557,2363,4906019033969152.0,29086453551616.0
3310,question_42_aime_Qwen3-8B_S4,4,1,1,1,1,0.0,0.4442925175417084,536,986,2729879035044096.0,16497937988352.0
3311,question_42_aime_Qwen3-8B_S4,4,1,1,1,1,0.0,0.4664265082076868,487,979,3504805054897664.0,21433590873856.0
3312,question_42_aime_Qwen3-8B_S4,4,1,1,1,1,0.0,0.5015265149132775,481,1017,3453957142505984.0,21174328016896.0
3313,question_42_aime_Qwen3-8B_S2,2,1,1,1,1,0.0,0.4302207231802586,908,908,4290409506450432.0,26335427433216.0
3314,question_42_aime_Qwen3-8B_S2,2,1,1,1,1,0.0,0.2730073436185843,672,1283,2766388967580672.0,17232626387200.0
3315,question_42_aime_Qwen3-8B_S2,2,1,1,1,1,0.0,0.6202177339029813,765,1501,2692110428231168.0,16535746271744.0
3316,question_42_aime_Qwen3-8B_S1,1,1,1,1,1,0.0,0.18354588435479122,723,723,1923121936576768.0,12050785123072.0
3317,question_42_aime_Qwen3-8B_S1,1,1,1,1,1,0.0,0.6202177339029813,765,765,2045188323558144.0,12736502403840.0
3318,question_42_aime_Qwen3-8B_S1,1,1,1,1,1,0.0,0.48798423681788045,717,717,1917913711165696.0,11966149732608.0
3319,question_43_aime_Qwen3-8B_S64,64,1,1,1,1,0.0,0.4367890221248246,685,5309,2.0089511327950336e+16,89921332598784.0
3320,question_43_aime_Qwen3-8B_S64,64,1,1,1,1,0.0,0.4367890221248246,685,5309,2.0089511327950336e+16,89921332598784.0
3321,question_43_aime_Qwen3-8B_S64,64,1,1,1,1,0.0,0.4367890221248246,685,5309,2.0089511327950336e+16,89921332598784.0
3322,question_43_aime_Qwen3-8B_S32,32,1,1,1,1,0.0,0.3047862157148428,1242,3429,1.842529573636224e+16,93271417782272.0
3323,question_43_aime_Qwen3-8B_S32,32,1,1,1,1,0.0,0.33989370609042385,856,3382,1.5027468555627776e+16,77329067307776.0
3324,question_43_aime_Qwen3-8B_S32,32,1,1,1,1,0.0,0.28568312843544996,695,695,1.4692650481224192e+16,74554947795712.0
3325,question_43_aime_Qwen3-8B_S16,16,1,1,1,1,0.0,0.33989370609042385,856,3285,1.283786865110912e+16,70148595846144.0
3326,question_43_aime_Qwen3-8B_S16,16,1,1,1,1,0.0,0.33989370609042385,856,3699,1.0009260285079296e+16,54436145123840.0
3327,question_43_aime_Qwen3-8B_S16,16,1,1,1,1,0.0,0.4367890221248246,685,1541,1.0300635611759616e+16,56724136800768.0
3328,question_43_aime_Qwen3-8B_S8,8,1,1,1,1,0.0,0.5291750268173425,1124,10127,1.1090934621714432e+16,63696556705024.0
3329,question_43_aime_Qwen3-8B_S8,8,1,1,1,1,0.0,0.5291750268173425,1124,5051,1.1092152581502208e+16,64154434984704.0
3330,question_43_aime_Qwen3-8B_S8,8,1,1,1,1,0.0,0.3655126057454496,1750,8402,1.3471018291306496e+16,77883010705664.0
3331,question_43_aime_Qwen3-8B_S4,4,1,1,1,1,0.0,0.26655603069606,2301,4561,1.2303863665203712e+16,72627038290688.0
3332,question_43_aime_Qwen3-8B_S4,4,1,1,1,1,0.0,0.4406541769890616,1265,2881,9493714352174080.0,56525117770240.0
3333,question_43_aime_Qwen3-8B_S4,4,1,1,1,1,0.0,0.2253970092610657,1012,1012,8062359078205440.0,48464092109824.0
3334,question_43_aime_Qwen3-8B_S2,2,1,1,1,1,0.0,0.37990366117930363,2335,2335,1.0646052186041088e+16,63484216150784.0
3335,question_43_aime_Qwen3-8B_S2,2,1,1,1,1,0.0,0.28568312843544996,695,695,4357530308136960.0,26887436040448.0
3336,question_43_aime_Qwen3-8B_S2,2,1,1,1,1,0.0,0.33989370609042385,856,856,4350586204937984.0,26688272788992.0
3337,question_43_aime_Qwen3-8B_S1,1,1,1,1,1,0.0,0.3380983591867074,1764,1764,4762688545193472.0,29340204727808.0
3338,question_43_aime_Qwen3-8B_S1,1,1,1,1,1,0.0,0.365771910775457,1780,1780,4812840543744512.0,29642784339456.0
3339,question_43_aime_Qwen3-8B_S1,1,1,1,1,1,0.0,0.38627368288047587,1398,1398,3770241903739392.0,23291052676608.0
3340,question_44_aime_Qwen3-8B_S64,64,1,1,1,1,0.0,0.61924287873027,1148,3502,2.212951300531456e+16,106711516307712.0
3341,question_44_aime_Qwen3-8B_S64,64,1,1,1,1,0.0,0.61924287873027,1148,3502,2.212951300531456e+16,106711516307712.0
3342,question_44_aime_Qwen3-8B_S64,64,1,1,1,1,0.0,0.61924287873027,1148,3502,2.212951300531456e+16,106711516307712.0
3343,question_44_aime_Qwen3-8B_S32,32,1,1,1,1,0.0,0.5637831831585007,1037,12215,2.403356824570547e+16,127999045496064.0
3344,question_44_aime_Qwen3-8B_S32,32,1,1,1,1,0.0,0.61924287873027,1148,3502,1.6165361572854784e+16,86531948389632.0
3345,question_44_aime_Qwen3-8B_S32,32,1,1,1,1,0.0,0.6393533034682531,1815,17445,2.2966619878489856e+16,122397171996160.0
3346,question_44_aime_Qwen3-8B_S16,16,1,1,1,1,0.0,0.61924287873027,1148,7404,1.5256032055484416e+16,85891421799680.0
3347,question_44_aime_Qwen3-8B_S16,16,1,1,1,1,0.0,0.5282610124858448,1242,6345,1.4663914676094976e+16,82246516559104.0
3348,question_44_aime_Qwen3-8B_S16,16,1,1,1,1,0.0,0.4108291341619743,1022,1022,1.106039146028928e+16,62537054278912.0
3349,question_44_aime_Qwen3-8B_S8,8,1,1,1,1,0.0,0.4108291341619743,1022,1022,8649282886882304.0,51356582365184.0
3350,question_44_aime_Qwen3-8B_S8,8,1,1,1,1,0.0,0.5398481921301883,1332,2574,1.0996674828495872e+16,64659988808704.0
3351,question_44_aime_Qwen3-8B_S8,8,1,1,1,1,0.0,0.554530789665331,1715,7225,1.4084900998331392e+16,82597837166336.0
3352,question_44_aime_Qwen3-8B_S4,4,1,1,1,1,0.0,0.61924287873027,1148,1148,7440317549915648.0,45182931159808.0
3353,question_44_aime_Qwen3-8B_S4,4,1,1,1,1,0.0,0.5637831831585007,1037,3903,7600494549429760.0,46106723139072.0
3354,question_44_aime_Qwen3-8B_S4,4,1,1,1,1,0.0,0.5550914658065023,1543,4122,8540396218976256.0,51926499083776.0
3355,question_44_aime_Qwen3-8B_S2,2,1,1,1,1,0.0,0.4108291341619743,1022,1022,6272345170109440.0,39105348953088.0
3356,question_44_aime_Qwen3-8B_S2,2,1,1,1,1,0.0,0.40996694991010124,1683,1683,6383109506043392.0,39504912903936.0
3357,question_44_aime_Qwen3-8B_S2,2,1,1,1,1,0.0,0.4233484676815435,2095,2095,8551825363140608.0,52053896850176.0
3358,question_44_aime_Qwen3-8B_S1,1,1,1,1,1,0.0,0.4044972498786562,1377,1377,3658876104222976.0,22865001779200.0
3359,question_44_aime_Qwen3-8B_S1,1,1,1,1,1,0.0,0.49573171449031683,1933,1933,5162050798329856.0,32099528562944.0
3360,question_44_aime_Qwen3-8B_S1,1,1,1,1,1,0.0,0.5236035550306587,1924,1924,5142661377710848.0,31937123320832.0
3361,question_45_aime_Qwen3-8B_S64,64,1,1,1,1,1.0,0.8432989891807342,1204,1204,1.3378253921414144e+16,64444278123776.0
3362,question_45_aime_Qwen3-8B_S64,64,1,1,1,1,1.0,0.8432989891807342,1204,1204,1.3378253921414144e+16,64444278123776.0
3363,question_45_aime_Qwen3-8B_S64,64,1,1,1,1,1.0,0.8432989891807342,1204,1204,1.3378253921414144e+16,64444278123776.0
3364,question_45_aime_Qwen3-8B_S32,32,1,1,1,1,1.0,0.7175527323326495,1333,1333,1.864316030346931e+16,97530166501120.0
3365,question_45_aime_Qwen3-8B_S32,32,1,1,1,1,1.0,0.8432989891807342,1204,1204,1.0688878016080896e+16,57733582118656.0
3366,question_45_aime_Qwen3-8B_S32,32,1,1,1,1,1.0,0.6514159759541353,1349,1349,1.8161351723147264e+16,94809381531392.0
3367,question_45_aime_Qwen3-8B_S16,16,1,1,1,1,1.0,0.6773946448307576,1331,1331,1.4437474131325184e+16,79851785002496.0
3368,question_45_aime_Qwen3-8B_S16,16,1,1,1,1,1.0,0.8432989891807342,1204,1204,7193149636163584.0,40853848311552.0
3369,question_45_aime_Qwen3-8B_S16,16,1,1,1,1,1.0,0.7205459060705124,1204,1204,1.3267815331020544e+16,74165990799360.0
3370,question_45_aime_Qwen3-8B_S8,8,1,1,1,1,1.0,0.7883445460479428,1528,1528,1.1379804475701504e+16,66472395735552.0
3371,question_45_aime_Qwen3-8B_S8,8,1,1,1,1,1.0,0.7175527323326495,1333,1333,1.2900717444382464e+16,76250556428544.0
3372,question_45_aime_Qwen3-8B_S8,8,1,1,1,1,1.0,0.7175527323326495,1333,1333,1.0380984605124608e+16,60576662183680.0
3373,question_45_aime_Qwen3-8B_S4,4,1,1,1,1,1.0,0.5429259029532066,1428,1428,8164099540436224.0,49392485306624.0
3374,question_45_aime_Qwen3-8B_S4,4,1,1,1,1,1.0,0.8432989891807342,1204,1204,4746917605221888.0,29154079763200.0
3375,question_45_aime_Qwen3-8B_S4,4,1,1,1,1,1.0,0.5429259029532066,1428,1428,9076093454622464.0,54846512330240.0
3376,question_45_aime_Qwen3-8B_S2,2,1,1,1,1,1.0,0.7464799819085776,1391,1391,7082221508146944.0,43634793638912.0
3377,question_45_aime_Qwen3-8B_S2,2,1,1,1,1,1.0,0.6975619527015445,1429,1429,7969177230690560.0,49101814878720.0
3378,question_45_aime_Qwen3-8B_S2,2,1,1,1,1,1.0,0.7788284646024831,1419,1419,5476283960349696.0,33669938689024.0
3379,question_45_aime_Qwen3-8B_S1,1,1,1,1,1,1.0,0.7205459060705124,1204,1204,3210975707734272.0,20006828041728.0
3380,question_45_aime_Qwen3-8B_S1,1,1,1,1,1,0.0,0.023695096446869925,2894,2894,7828766046821120.0,48143990015488.0
3381,question_45_aime_Qwen3-8B_S1,1,1,1,1,1,1.0,0.7380378057820545,1641,1641,4413719359255040.0,27287131597568.0
3382,question_46_aime_Qwen3-8B_S64,64,1,1,1,1,1.0,0.8975352968261471,636,636,7599417036703232.0,35665345853184.0
3383,question_46_aime_Qwen3-8B_S64,64,1,1,1,1,1.0,0.8780186281956126,677,677,7599417036703232.0,35665345853184.0
3384,question_46_aime_Qwen3-8B_S64,64,1,1,1,1,1.0,0.8780186281956126,677,677,7599417036703232.0,35665345853184.0
3385,question_46_aime_Qwen3-8B_S32,32,1,1,1,1,1.0,0.860996074953072,541,541,7668968414581248.0,39978496683264.0
3386,question_46_aime_Qwen3-8B_S32,32,1,1,1,1,1.0,0.8723673652515183,644,1420,7348370306078464.0,38028437864192.0
3387,question_46_aime_Qwen3-8B_S32,32,1,1,1,1,1.0,0.8301272835052997,606,606,8034753963200256.0,42229713816576.0
3388,question_46_aime_Qwen3-8B_S16,16,1,1,1,1,1.0,0.8515589739419864,662,662,6106905208225024.0,34102439562496.0
3389,question_46_aime_Qwen3-8B_S16,16,1,1,1,1,1.0,0.8636651757501025,586,586,5881841161798656.0,32865514885888.0
3390,question_46_aime_Qwen3-8B_S16,16,1,1,1,1,1.0,0.860996074953072,541,541,5525226272678656.0,31254027798272.0
3391,question_46_aime_Qwen3-8B_S8,8,1,1,1,1,1.0,0.8224239691526432,618,1131,5327579934159616.0,31490047850496.0
3392,question_46_aime_Qwen3-8B_S8,8,1,1,1,1,1.0,0.8301272835052997,606,606,4948304294279680.0,29537727578624.0
3393,question_46_aime_Qwen3-8B_S8,8,1,1,1,1,1.0,0.8515589739419864,662,662,5244787547910144.0,30661087076096.0
3394,question_46_aime_Qwen3-8B_S4,4,1,1,1,1,1.0,0.8245855924970056,660,660,5229900622803712.0,31775048126208.0
3395,question_46_aime_Qwen3-8B_S4,4,1,1,1,1,1.0,0.8224239691526432,618,618,3957969125856768.0,24079109911552.0
3396,question_46_aime_Qwen3-8B_S4,4,1,1,1,1,1.0,0.8301272835052997,606,606,7502038710777856.0,46286218010624.0
3397,question_46_aime_Qwen3-8B_S2,2,1,1,1,1,1.0,0.8718280397310854,698,698,2976980673852928.0,18251414280704.0
3398,question_46_aime_Qwen3-8B_S2,2,1,1,1,1,1.0,0.8975352968261471,636,636,2475655180474112.0,15449909565696.0
3399,question_46_aime_Qwen3-8B_S2,2,1,1,1,1,0.0,0.6066203223320743,1485,2383,4999309678033408.0,30895761986048.0
3400,question_46_aime_Qwen3-8B_S1,1,1,1,1,1,1.0,0.7890980659855256,2131,2131,5789993009075456.0,35504726255360.0
3401,question_46_aime_Qwen3-8B_S1,1,1,1,1,1,1.0,0.8905687510423228,847,847,2281684511112704.0,14153761452032.0
3402,question_46_aime_Qwen3-8B_S1,1,1,1,1,1,1.0,0.8213565154741479,515,515,1382310749310208.0,8619353256192.0
3403,question_47_aime_Qwen3-8B_S64,64,1,1,1,1,0.0,0.5206253766819885,449,4213,8778103441757952.0,42495989268736.0
3404,question_47_aime_Qwen3-8B_S64,64,1,1,1,1,0.0,0.5206253766819885,449,4213,8778103441757952.0,42495989268736.0
3405,question_47_aime_Qwen3-8B_S64,64,1,1,1,1,0.0,0.5206253766819885,449,4213,8778103441757952.0,42495989268736.0
3406,question_47_aime_Qwen3-8B_S32,32,1,1,1,1,0.0,0.5206253766819885,449,2750,6330767434451968.0,33739705133568.0
3407,question_47_aime_Qwen3-8B_S32,32,1,1,1,1,0.0,0.5892979131858909,542,5031,7655458456870912.0,40422917559040.0
3408,question_47_aime_Qwen3-8B_S32,32,1,1,1,1,0.0,0.5171177145972325,491,2221,5997879155985920.0,31531378606592.0
3409,question_47_aime_Qwen3-8B_S16,16,1,1,1,1,0.0,0.41404379691113596,373,373,5106738687537408.0,29100158828544.0
3410,question_47_aime_Qwen3-8B_S16,16,1,1,1,1,0.0,0.6685000479884698,836,5176,6152256442131200.0,34237497694976.0
3411,question_47_aime_Qwen3-8B_S16,16,1,1,1,1,0.0,0.509937475154002,410,410,4949533779632896.0,28301453505792.0
3412,question_47_aime_Qwen3-8B_S8,8,1,1,1,1,0.0,0.6583058388986096,638,4057,5100382330146048.0,30121373002752.0
3413,question_47_aime_Qwen3-8B_S8,8,1,1,1,1,0.0,0.5224906923011229,640,1119,4210028129676800.0,24853457018880.0
3414,question_47_aime_Qwen3-8B_S8,8,1,1,1,1,0.0,0.5663740670115941,614,1230,5104129906490112.0,30244993816320.0
3415,question_47_aime_Qwen3-8B_S4,4,1,1,1,1,0.0,0.5447963367167804,717,2573,3529542254368256.0,21506769224448.0
3416,question_47_aime_Qwen3-8B_S4,4,1,1,1,1,0.0,0.5092954504195284,600,1754,3244083820946432.0,19738161917952.0
3417,question_47_aime_Qwen3-8B_S4,4,1,1,1,1,0.0,0.5892979131858909,542,1874,3777386341042176.0,22945696821504.0
3418,question_47_aime_Qwen3-8B_S2,2,1,1,1,1,0.0,0.6685000479884698,836,836,4130814598393856.0,25573628501248.0
3419,question_47_aime_Qwen3-8B_S2,2,1,1,1,1,0.0,0.6064491853400678,663,1562,3142597993913088.0,19391638954240.0
3420,question_47_aime_Qwen3-8B_S2,2,1,1,1,1,0.0,0.6685000479884698,836,836,3398467468246528.0,20952563578112.0
3421,question_47_aime_Qwen3-8B_S1,1,1,1,1,1,0.0,0.6583058388986096,638,638,1707394931030528.0,10638882977792.0
3422,question_47_aime_Qwen3-8B_S1,1,1,1,1,1,0.0,0.6515121738431582,664,664,1778006339461632.0,11075516363776.0
3423,question_47_aime_Qwen3-8B_S1,1,1,1,1,1,0.0,0.5645958271383484,721,721,1926080008662272.0,12009002700544.0
3424,question_48_aime_Qwen3-8B_S64,64,1,1,1,1,1.0,0.7881231148362287,1610,11085,2.567142973124915e+16,114071174525952.0
3425,question_48_aime_Qwen3-8B_S64,64,1,1,1,1,1.0,0.54942703638769,1453,2790,2.567142973124915e+16,114071174525952.0
3426,question_48_aime_Qwen3-8B_S64,64,1,1,1,1,1.0,0.6632171097947296,1577,1577,2.567142973124915e+16,114071174525952.0
3427,question_48_aime_Qwen3-8B_S32,32,1,1,1,1,1.0,0.6712330187279932,1599,4770,2.0103588195164416e+16,102994890849024.0
3428,question_48_aime_Qwen3-8B_S32,32,1,1,1,1,1.0,0.6712330187279932,1599,1599,1.9685160846574336e+16,101506707016704.0
3429,question_48_aime_Qwen3-8B_S32,32,1,1,1,1,1.0,0.6632171097947296,1577,2955,1.927139854736384e+16,98524014253568.0
3430,question_48_aime_Qwen3-8B_S16,16,1,1,1,1,0.0,0.8284346560527522,1407,11050,1.6426386199254272e+16,91661096861440.0
3431,question_48_aime_Qwen3-8B_S16,16,1,1,1,1,1.0,0.7881231148362287,1610,17307,1.6039408395539712e+16,89525907449856.0
3432,question_48_aime_Qwen3-8B_S16,16,1,1,1,1,1.0,0.6712330187279932,1599,1599,1.5458806603881472e+16,86282172975360.0
3433,question_48_aime_Qwen3-8B_S8,8,1,1,1,1,0.0,0.39507603644390205,1518,7637,1.250337662525696e+16,73531865189120.0
3434,question_48_aime_Qwen3-8B_S8,8,1,1,1,1,1.0,0.7729856309890798,1513,3112,1.1413350804604928e+16,66914384131840.0
3435,question_48_aime_Qwen3-8B_S8,8,1,1,1,1,1.0,0.4589700706819523,1337,2825,1.1424127182393344e+16,67325432830976.0
3436,question_48_aime_Qwen3-8B_S4,4,1,1,1,1,0.0,0.6288951718941398,1515,5179,1.03239052600512e+16,62346823774464.0
3437,question_48_aime_Qwen3-8B_S4,4,1,1,1,1,0.0,0.5968933951263574,1741,5323,1.2096213122870784e+16,73375191894528.0
3438,question_48_aime_Qwen3-8B_S4,4,1,1,1,1,0.0,0.4704669760199489,1777,6431,8763137453366528.0,52810901636608.0
3439,question_48_aime_Qwen3-8B_S2,2,1,1,1,1,0.0,0.7517314411832123,1366,1366,6917768444837376.0,42843143238144.0
3440,question_48_aime_Qwen3-8B_S2,2,1,1,1,1,0.0,0.3349246405219197,1535,1535,8456977674581248.0,51975992590336.0
3441,question_48_aime_Qwen3-8B_S2,2,1,1,1,1,0.0,0.4680461256988575,1700,1700,8819608908352768.0,54345912697856.0
3442,question_48_aime_Qwen3-8B_S1,1,1,1,1,1,0.0,0.19200756591954957,2236,2236,6027169864141056.0,37186724576256.0
3443,question_48_aime_Qwen3-8B_S1,1,1,1,1,1,0.0,0.19200756591954957,2236,2236,6027169864141056.0,37186724576256.0
3444,question_48_aime_Qwen3-8B_S1,1,1,1,1,1,0.0,0.3672414011909723,1865,1865,4979912938724864.0,31001836443904.0
3445,question_49_aime_Qwen3-8B_S64,64,1,1,1,1,1.0,0.7972758411255896,847,1709,1.4930712838468096e+16,66569783713792.0
3446,question_49_aime_Qwen3-8B_S64,64,1,1,1,1,1.0,0.5668352268792196,862,862,1.4930712838468096e+16,66569783713792.0
3447,question_49_aime_Qwen3-8B_S64,64,1,1,1,1,1.0,0.5668352268792196,862,862,1.4930712838468096e+16,66569783713792.0
3448,question_49_aime_Qwen3-8B_S32,32,1,1,1,1,1.0,0.6391637976868895,1043,4620,1.4365620988869376e+16,71209769201408.0
3449,question_49_aime_Qwen3-8B_S32,32,1,1,1,1,1.0,0.7972758411255896,847,1709,1.100362040499456e+16,56206097142272.0
3450,question_49_aime_Qwen3-8B_S32,32,1,1,1,1,1.0,0.5755136797211314,1038,3066,1.3097606478518528e+16,65389037490944.0
3451,question_49_aime_Qwen3-8B_S16,16,1,1,1,1,0.0,0.5755136797211314,1038,7872,1.1303552993584896e+16,61633837256192.0
3452,question_49_aime_Qwen3-8B_S16,16,1,1,1,1,1.0,0.5668352268792196,862,862,1.0544226056933632e+16,57981494489856.0
3453,question_49_aime_Qwen3-8B_S16,16,1,1,1,1,1.0,0.6391637976868895,1043,6586,1.1029824328774144e+16,60323820629760.0
3454,question_49_aime_Qwen3-8B_S8,8,1,1,1,1,0.0,0.5892813161245503,1434,7421,9115322038974976.0,52616462252544.0
3455,question_49_aime_Qwen3-8B_S8,8,1,1,1,1,1.0,0.6066625513500233,988,3016,7765997331652608.0,45259182381568.0
3456,question_49_aime_Qwen3-8B_S8,8,1,1,1,1,1.0,0.5668352268792196,862,862,8456022083619584.0,49226537388800.0
3457,question_49_aime_Qwen3-8B_S4,4,1,1,1,1,0.0,0.7063079221908299,1167,2241,7283757026304256.0,43701435638272.0
3458,question_49_aime_Qwen3-8B_S4,4,1,1,1,1,0.0,0.4209286699435721,1360,2827,9102931427759616.0,54162263456512.0
3459,question_49_aime_Qwen3-8B_S4,4,1,1,1,1,1.0,0.5772921544418708,1249,1249,7209270638010880.0,43197051786240.0
3460,question_49_aime_Qwen3-8B_S2,2,1,1,1,1,1.0,0.5668352268792196,862,862,4032201228718080.0,24848386258432.0
3461,question_49_aime_Qwen3-8B_S2,2,1,1,1,1,0.0,0.45788515965011883,2066,2066,8574539244186112.0,52138315055616.0
3462,question_49_aime_Qwen3-8B_S2,2,1,1,1,1,0.0,0.7521075559105718,1077,1077,5501408455930624.0,33906642492416.0
3463,question_49_aime_Qwen3-8B_S1,1,1,1,1,1,0.0,0.7063079221908299,1167,1167,3133488453624064.0,19442995611392.0
3464,question_49_aime_Qwen3-8B_S1,1,1,1,1,1,0.0,0.5643482358698092,1291,1291,3470502760209152.0,21502225515264.0
3465,question_49_aime_Qwen3-8B_S1,1,1,1,1,1,0.0,0.7063079221908299,1167,1167,3133488453624064.0,19442995611392.0
3466,question_5_aime_Qwen3-8B_S64,64,1,1,1,1,1.0,0.7484670651472729,823,1702,9520215102893312.0,45501012790528.0
3467,question_5_aime_Qwen3-8B_S64,64,1,1,1,1,1.0,0.5825037995176888,603,603,9520215102893312.0,45501012790528.0
3468,question_5_aime_Qwen3-8B_S64,64,1,1,1,1,1.0,0.5825037995176888,603,603,9520215102893312.0,45501012790528.0
3469,question_5_aime_Qwen3-8B_S32,32,1,1,1,1,1.0,0.5825037995176888,603,603,7363544969283072.0,39663772483584.0
3470,question_5_aime_Qwen3-8B_S32,32,1,1,1,1,1.0,0.7153018406336819,980,2798,8813905469731328.0,46798535629824.0
3471,question_5_aime_Qwen3-8B_S32,32,1,1,1,1,1.0,0.5825037995176888,603,603,7605260742140160.0,40901125276416.0
3472,question_5_aime_Qwen3-8B_S16,16,1,1,1,1,1.0,0.7007995596470873,897,1563,8126164924193792.0,46324986579200.0
3473,question_5_aime_Qwen3-8B_S16,16,1,1,1,1,1.0,0.6998177434989503,1160,1160,8124690166285824.0,45740799300352.0
3474,question_5_aime_Qwen3-8B_S16,16,1,1,1,1,1.0,0.5825037995176888,603,603,6167155368478720.0,35689759745024.0
3475,question_5_aime_Qwen3-8B_S8,8,1,1,1,1,1.0,0.5825037995176888,603,603,4801757471513088.0,28896819206400.0
3476,question_5_aime_Qwen3-8B_S8,8,1,1,1,1,1.0,0.6985196644516964,792,1630,6939014268013312.0,41294266468096.0
3477,question_5_aime_Qwen3-8B_S8,8,1,1,1,1,1.0,0.6177687871242892,783,1613,5673060381743872.0,32845617841920.0
3478,question_5_aime_Qwen3-8B_S4,4,1,1,1,1,1.0,0.7334045105857813,877,877,5270841834343424.0,31936797647360.0
3479,question_5_aime_Qwen3-8B_S4,4,1,1,1,1,1.0,0.7007995596470873,897,897,4398474750031104.0,26487895624448.0
3480,question_5_aime_Qwen3-8B_S4,4,1,1,1,1,1.0,0.6187353838038185,866,1649,5199738649863680.0,31349168025344.0
3481,question_5_aime_Qwen3-8B_S2,2,1,1,1,1,1.0,0.6740810482768425,840,840,3204944084698880.0,19602463918080.0
3482,question_5_aime_Qwen3-8B_S2,2,1,1,1,1,1.0,0.6876589676699137,879,879,3468783963053056.0,21640663992832.0
3483,question_5_aime_Qwen3-8B_S2,2,1,1,1,1,0.0,0.45095598406548715,755,755,3301759378440448.0,20448986104832.0
3484,question_5_aime_Qwen3-8B_S1,1,1,1,1,1,0.0,0.5032214076616617,860,860,2315750794234368.0,14338307995136.0
3485,question_5_aime_Qwen3-8B_S1,1,1,1,1,1,0.0,0.39740170954613363,1249,1249,3345748732817152.0,20766410767616.0
3486,question_5_aime_Qwen3-8B_S1,1,1,1,1,1,1.0,0.7090839598061156,1312,1312,3523198195518464.0,21833876187136.0
3487,question_50_aime_Qwen3-8B_S64,64,1,1,1,1,0.0,0.2516879118458351,2681,4210,3.3105717856669184e+16,162282700031744.0
3488,question_50_aime_Qwen3-8B_S64,64,1,1,1,1,0.0,0.2516879118458351,2681,4210,3.3105717856669184e+16,162282700031744.0
3489,question_50_aime_Qwen3-8B_S64,64,1,1,1,1,0.0,0.2516879118458351,2681,4210,3.3105717856669184e+16,162282700031744.0
3490,question_50_aime_Qwen3-8B_S32,32,1,1,1,1,0.0,0.2516879118458351,2681,2681,2.806366949878144e+16,149541678853376.0
3491,question_50_aime_Qwen3-8B_S32,32,1,1,1,1,0.0,0.2516879118458351,2681,4210,2.148538355963648e+16,114249561522176.0
3492,question_50_aime_Qwen3-8B_S32,32,1,1,1,1,0.0,0.13071938912757636,1529,1529,2.497573511193933e+16,134301973523712.0
3493,question_50_aime_Qwen3-8B_S16,16,1,1,1,1,0.0,0.36623336628947367,2190,4871,2.144955937119744e+16,121921000339968.0
3494,question_50_aime_Qwen3-8B_S16,16,1,1,1,1,0.0,0.13071938912757636,1529,1529,1.759471348466688e+16,100482115739392.0
3495,question_50_aime_Qwen3-8B_S16,16,1,1,1,1,0.0,0.34672573610777374,3203,7681,2.509590936362675e+16,141669275846144.0
3496,question_50_aime_Qwen3-8B_S8,8,1,1,1,1,0.0,0.43620290581201365,2702,8023,1.982683595248717e+16,116549746747904.0
3497,question_50_aime_Qwen3-8B_S8,8,1,1,1,1,0.0,0.31259066427413024,2334,4965,2.190545206627328e+16,127535402173952.0
3498,question_50_aime_Qwen3-8B_S8,8,1,1,1,1,0.0,0.34383996744363526,2757,8491,2.289551640082739e+16,130528989267968.0
3499,question_50_aime_Qwen3-8B_S4,4,1,1,1,1,0.0,0.31259066427413024,2334,4872,1.6152418046416896e+16,97665511163904.0
3500,question_50_aime_Qwen3-8B_S4,4,1,1,1,1,0.0,0.13071938912757636,1529,1529,1.0639295405125888e+16,65213955152640.0
3501,question_50_aime_Qwen3-8B_S4,4,1,1,1,1,1.0,0.34383996744363526,2757,5669,1.8652010618209024e+16,111597992122880.0
3502,question_50_aime_Qwen3-8B_S2,2,1,1,1,1,0.0,0.3241834232109181,2732,5507,1.141219288189184e+16,69089787417344.0
3503,question_50_aime_Qwen3-8B_S2,2,1,1,1,1,0.0,0.023550712729970617,3744,3744,1.3387031943371264e+16,82301696793856.0
3504,question_50_aime_Qwen3-8B_S2,2,1,1,1,1,0.0,0.4000145297814775,2700,2700,1.2201971364873472e+16,74123340510720.0
3505,question_50_aime_Qwen3-8B_S1,1,1,1,1,1,0.0,0.32550303813336867,2652,2652,7096782121684992.0,44032656243200.0
3506,question_50_aime_Qwen3-8B_S1,1,1,1,1,1,0.0,0.34672573610777374,3203,3203,8516717615268352.0,53221307993088.0
3507,question_50_aime_Qwen3-8B_S1,1,1,1,1,1,0.0,0.14592231728807337,1577,1577,4216754634794240.0,26189636627200.0
3508,question_51_aime_Qwen3-8B_S64,64,1,1,1,1,0.0,0.479121249058643,2074,7133,4.148157812662528e+16,195184422877440.0
3509,question_51_aime_Qwen3-8B_S64,64,1,1,1,1,0.0,0.479121249058643,2074,7133,4.148157812662528e+16,195184422877440.0
3510,question_51_aime_Qwen3-8B_S64,64,1,1,1,1,0.0,0.479121249058643,2074,7133,4.148157812662528e+16,195184422877440.0
3511,question_51_aime_Qwen3-8B_S32,32,1,1,1,1,0.0,0.46319109659447805,1579,3313,2.870499799965901e+16,148009128053504.0
3512,question_51_aime_Qwen3-8B_S32,32,1,1,1,1,0.0,0.479121249058643,2074,3820,2.7707763843296256e+16,141712677150720.0
3513,question_51_aime_Qwen3-8B_S32,32,1,1,1,1,0.0,0.479121249058643,2074,3653,2.995325422230093e+16,155665291609088.0
3514,question_51_aime_Qwen3-8B_S16,16,1,1,1,1,0.0,0.585709972490717,1782,14614,2.504369951191424e+16,136045451877888.0
3515,question_51_aime_Qwen3-8B_S16,16,1,1,1,1,0.0,0.479121249058643,2074,5688,1.8466378651470336e+16,101009384011008.0
3516,question_51_aime_Qwen3-8B_S16,16,1,1,1,1,0.0,0.4302612324712002,1897,12686,2.654386899473536e+16,147100020089856.0
3517,question_51_aime_Qwen3-8B_S8,8,1,1,1,1,0.0,0.4302612324712002,1897,11364,1.884036790285056e+16,108633518402304.0
3518,question_51_aime_Qwen3-8B_S8,8,1,1,1,1,0.0,0.479121249058643,2074,2074,1.5216622915352064e+16,88738051277568.0
3519,question_51_aime_Qwen3-8B_S8,8,1,1,1,1,0.0,0.5664518254709241,1773,11111,1.95790700359616e+16,113390710080256.0
3520,question_51_aime_Qwen3-8B_S4,4,1,1,1,1,0.0,0.5358623743385397,2040,7274,1.4925000653759232e+16,88906813054208.0
3521,question_51_aime_Qwen3-8B_S4,4,1,1,1,1,0.0,0.3188429491777328,1790,3761,1.1600966227612672e+16,68565594930688.0
3522,question_51_aime_Qwen3-8B_S4,4,1,1,1,1,0.0,0.25931224437385036,1905,6294,1.3433325076160256e+16,79195384551936.0
3523,question_51_aime_Qwen3-8B_S2,2,1,1,1,1,0.0,0.4302612324712002,1897,4025,8406657015354880.0,51183846852608.0
3524,question_51_aime_Qwen3-8B_S2,2,1,1,1,1,0.0,0.3840889028513374,2589,4837,9961895649000960.0,60112196257536.0
3525,question_51_aime_Qwen3-8B_S2,2,1,1,1,1,0.0,0.40829428401742734,2596,4342,9213624040741632.0,56636623578880.0
3526,question_51_aime_Qwen3-8B_S1,1,1,1,1,1,0.0,0.352638124788068,2196,2196,5913621574202880.0,36535401672704.0
3527,question_51_aime_Qwen3-8B_S1,1,1,1,1,1,0.0,0.3603862261493148,2123,2123,5729677199662336.0,35307002889472.0
3528,question_51_aime_Qwen3-8B_S1,1,1,1,1,1,0.0,0.2219756369073624,2538,2538,6947526080613888.0,42299851515904.0
3529,question_52_aime_Qwen3-8B_S64,64,1,1,1,1,0.0,0.4354916500194992,1031,5660,1.5142207377907456e+16,71007660376576.0
3530,question_52_aime_Qwen3-8B_S64,64,1,1,1,1,0.0,0.4354916500194992,1031,5660,1.5142207377907456e+16,71007660376576.0
3531,question_52_aime_Qwen3-8B_S64,64,1,1,1,1,0.0,0.4354916500194992,1031,5660,1.5142207377907456e+16,71007660376576.0
3532,question_52_aime_Qwen3-8B_S32,32,1,1,1,1,0.0,0.41946466505932367,960,3254,1.1864790625769472e+16,62957872304384.0
3533,question_52_aime_Qwen3-8B_S32,32,1,1,1,1,0.0,0.5191120772634125,1011,8463,1.3733839008909312e+16,72945831209728.0
3534,question_52_aime_Qwen3-8B_S32,32,1,1,1,1,0.0,0.25662562686860413,872,2791,9496731826070016.0,48059090727680.0
3535,question_52_aime_Qwen3-8B_S16,16,1,1,1,1,0.0,0.3239865422872307,878,878,9281842698948864.0,51772853542912.0
3536,question_52_aime_Qwen3-8B_S16,16,1,1,1,1,0.0,0.3307725475550844,731,3133,1.0404453747294208e+16,58783835543552.0
3537,question_52_aime_Qwen3-8B_S16,16,1,1,1,1,0.0,0.515269402658593,856,4095,1.2241603704726016e+16,69925448738560.0
3538,question_52_aime_Qwen3-8B_S8,8,1,1,1,1,0.0,0.379635751345721,1167,3963,8033673533144320.0,46812657152256.0
3539,question_52_aime_Qwen3-8B_S8,8,1,1,1,1,0.0,0.41946466505932367,960,2800,7346779468471552.0,43114355077888.0
3540,question_52_aime_Qwen3-8B_S8,8,1,1,1,1,0.0,0.24861710679000676,771,1375,7165793345036800.0,42094367806976.0
3541,question_52_aime_Qwen3-8B_S4,4,1,1,1,1,0.0,0.31846395999611127,766,1638,5171940295767552.0,31232531243264.0
3542,question_52_aime_Qwen3-8B_S4,4,1,1,1,1,0.0,0.43534807677014203,770,1804,5847943347521792.0,34866580835584.0
3543,question_52_aime_Qwen3-8B_S4,4,1,1,1,1,0.0,0.5084093627210795,1139,4666,6407249433120000.0,38435963709952.0
3544,question_52_aime_Qwen3-8B_S2,2,1,1,1,1,0.0,0.35734371726921593,963,963,5146303018525952.0,31413131701760.0
3545,question_52_aime_Qwen3-8B_S2,2,1,1,1,1,0.0,0.28508833246960635,1299,2354,4384641175629056.0,26687070730496.0
3546,question_52_aime_Qwen3-8B_S2,2,1,1,1,1,0.0,0.25662562686860413,872,872,3797138387112704.0,23417988595200.0
3547,question_52_aime_Qwen3-8B_S1,1,1,1,1,1,0.0,0.41946466505932367,960,960,2555852437730816.0,15953204732416.0
3548,question_52_aime_Qwen3-8B_S1,1,1,1,1,1,0.0,0.2745478140321798,1613,1613,4306263620666112.0,26789365046528.0
3549,question_52_aime_Qwen3-8B_S1,1,1,1,1,1,0.0,0.2278246488215132,1024,1024,2748898420176896.0,17039313187840.0
3550,question_53_aime_Qwen3-8B_S64,64,1,1,1,1,0.0,0.7614079507725919,1635,17645,4.23909704324777e+16,209093869069056.0
3551,question_53_aime_Qwen3-8B_S64,64,1,1,1,1,0.0,0.7614079507725919,1635,17645,4.23909704324777e+16,209093869069056.0
3552,question_53_aime_Qwen3-8B_S64,64,1,1,1,1,0.0,0.7614079507725919,1635,17645,4.23909704324777e+16,209093869069056.0
3553,question_53_aime_Qwen3-8B_S32,32,1,1,1,1,0.0,0.7614079507725919,1635,12067,2.869390659770573e+16,152958305046784.0
3554,question_53_aime_Qwen3-8B_S32,32,1,1,1,1,0.0,0.712834138898719,2178,12548,3.048497478859187e+16,165061766745600.0
3555,question_53_aime_Qwen3-8B_S32,32,1,1,1,1,0.0,0.7614079507725919,1635,10581,3.1077073160811776e+16,167187054476288.0
3556,question_53_aime_Qwen3-8B_S16,16,1,1,1,1,0.0,0.7614079507725919,1635,9122,2.0673071868085504e+16,116313909327616.0
3557,question_53_aime_Qwen3-8B_S16,16,1,1,1,1,0.0,0.7420895680555671,1967,7538,2.083514263559168e+16,117502121121024.0
3558,question_53_aime_Qwen3-8B_S16,16,1,1,1,1,0.0,0.7614079507725919,1635,8789,1.988356003948979e+16,112382785520640.0
3559,question_53_aime_Qwen3-8B_S8,8,1,1,1,1,0.0,0.712834138898719,2178,3908,1.6571345227074816e+16,97210251162112.0
3560,question_53_aime_Qwen3-8B_S8,8,1,1,1,1,0.0,0.765222832924772,2162,4340,2.097513274514304e+16,124656661331200.0
3561,question_53_aime_Qwen3-8B_S8,8,1,1,1,1,0.0,0.7587897587138482,1857,5947,1.5859729298567424e+16,92568936762368.0
3562,question_53_aime_Qwen3-8B_S4,4,1,1,1,1,0.0,0.7295143795319562,2284,7115,1.5855141849099264e+16,96019618861056.0
3563,question_53_aime_Qwen3-8B_S4,4,1,1,1,1,0.0,0.7935761522523751,1860,8682,1.2395812120435456e+16,74277854185984.0
3564,question_53_aime_Qwen3-8B_S4,4,1,1,1,1,0.0,0.7584775056116835,2083,8728,1.2561278689843968e+16,75133548383488.0
3565,question_53_aime_Qwen3-8B_S2,2,1,1,1,1,0.0,0.7907992889462645,2038,5420,1.0959578746929408e+16,66448951510528.0
3566,question_53_aime_Qwen3-8B_S2,2,1,1,1,1,0.0,0.6923289286679704,2057,3643,7358353478617600.0,44855048368896.0
3567,question_53_aime_Qwen3-8B_S2,2,1,1,1,1,0.0,0.5994292521515606,2514,4184,8114425508286720.0,49707036567552.0
3568,question_53_aime_Qwen3-8B_S1,1,1,1,1,1,0.0,0.5598011866365666,2597,2597,6978904705965824.0,43201351811840.0
3569,question_53_aime_Qwen3-8B_S1,1,1,1,1,1,0.0,0.602515285714706,2329,2329,6275281120289024.0,38722705222400.0
3570,question_53_aime_Qwen3-8B_S1,1,1,1,1,1,0.0,0.6699116884481641,2657,2657,7202271367433984.0,44225136762112.0
3571,question_54_aime_Qwen3-8B_S64,64,1,1,1,1,0.0,0.5664447480054926,933,9605,1.4043558844678912e+16,70761100047360.0
3572,question_54_aime_Qwen3-8B_S64,64,1,1,1,1,0.0,0.5664447480054926,933,9605,1.4043558844678912e+16,70761100047360.0
3573,question_54_aime_Qwen3-8B_S64,64,1,1,1,1,0.0,0.5664447480054926,933,9605,1.4043558844678912e+16,70761100047360.0
3574,question_54_aime_Qwen3-8B_S32,32,1,1,1,1,0.0,0.5664447480054926,933,4263,1.0790262178626304e+16,59403389981952.0
3575,question_54_aime_Qwen3-8B_S32,32,1,1,1,1,0.0,0.07407761863733049,504,2704,9870672953842432.0,53589736152576.0
3576,question_54_aime_Qwen3-8B_S32,32,1,1,1,1,0.0,0.07829577971865295,563,3973,8990252184965120.0,47942235179264.0
3577,question_54_aime_Qwen3-8B_S16,16,1,1,1,1,0.0,0.07407761863733049,504,2168,6289298232062464.0,35769352753920.0
3578,question_54_aime_Qwen3-8B_S16,16,1,1,1,1,0.0,0.284885379506848,816,3002,7683401730176000.0,44445275957504.0
3579,question_54_aime_Qwen3-8B_S16,16,1,1,1,1,0.0,0.07407761863733049,504,2007,8850146379476224.0,51961670124288.0
3580,question_54_aime_Qwen3-8B_S8,8,1,1,1,1,0.0,0.284885379506848,816,1359,5564340783382016.0,33243958714112.0
3581,question_54_aime_Qwen3-8B_S8,8,1,1,1,1,0.0,0.1188161890727739,667,1327,5074293139413504.0,29181930327808.0
3582,question_54_aime_Qwen3-8B_S8,8,1,1,1,1,0.0,0.7221279268898364,862,2725,7810476383019264.0,46949711435776.0
3583,question_54_aime_Qwen3-8B_S4,4,1,1,1,1,0.0,0.04862000969530026,571,571,4139302727056640.0,24892532090624.0
3584,question_54_aime_Qwen3-8B_S4,4,1,1,1,1,0.0,0.07595618228666964,664,1940,3809439853539840.0,22995292955904.0
3585,question_54_aime_Qwen3-8B_S4,4,1,1,1,1,0.0,0.06868985636539385,705,1276,3921046693105408.0,23602348737792.0
3586,question_54_aime_Qwen3-8B_S2,2,1,1,1,1,0.0,0.12042553232438467,818,1693,3112793706115584.0,18986036920064.0
3587,question_54_aime_Qwen3-8B_S2,2,1,1,1,1,0.0,0.029305135803135738,718,718,3319014458684672.0,20397685447936.0
3588,question_54_aime_Qwen3-8B_S2,2,1,1,1,1,0.0,0.04978641790256682,543,543,2585375450643456.0,15976953154816.0
3589,question_54_aime_Qwen3-8B_S1,1,1,1,1,1,0.0,0.04183895941467604,446,446,1195780071006208.0,7461725764608.0
3590,question_54_aime_Qwen3-8B_S1,1,1,1,1,1,0.0,0.044650024443439025,532,532,1428969160826368.0,8891714498560.0
3591,question_54_aime_Qwen3-8B_S1,1,1,1,1,1,0.0,0.06941927657873719,986,986,2672137618437632.0,16453735378944.0
3592,question_55_aime_Qwen3-8B_S64,64,1,1,1,1,0.0,0.514550152915167,666,2400,1.3130825988667136e+16,61879811427584.0
3593,question_55_aime_Qwen3-8B_S64,64,1,1,1,1,0.0,0.514550152915167,666,2400,1.3130825988667136e+16,61879811427584.0
3594,question_55_aime_Qwen3-8B_S64,64,1,1,1,1,0.0,0.514550152915167,666,2400,1.3130825988667136e+16,61879811427584.0
3595,question_55_aime_Qwen3-8B_S32,32,1,1,1,1,0.0,0.5182949140488377,622,8221,1.3487385900301568e+16,70363919023616.0
3596,question_55_aime_Qwen3-8B_S32,32,1,1,1,1,0.0,0.5578440533237451,1014,16856,1.3552267675056384e+16,70357942600704.0
3597,question_55_aime_Qwen3-8B_S32,32,1,1,1,1,0.0,0.41343878692288333,1293,1734,1.0539412826274304e+16,56271552764928.0
3598,question_55_aime_Qwen3-8B_S16,16,1,1,1,1,0.0,0.41343878692288333,1293,2813,9188701552169984.0,51988044996096.0
3599,question_55_aime_Qwen3-8B_S16,16,1,1,1,1,0.0,0.5182949140488377,622,4375,8947632828819200.0,50705286938368.0
3600,question_55_aime_Qwen3-8B_S16,16,1,1,1,1,0.0,0.38806238836598905,700,10283,1.1290514888484864e+16,64217278741504.0
3601,question_55_aime_Qwen3-8B_S8,8,1,1,1,1,0.0,0.256991138137427,895,6123,8366336406770176.0,48658879232000.0
3602,question_55_aime_Qwen3-8B_S8,8,1,1,1,1,0.0,0.22886826953288555,1207,2957,8908695724725504.0,52791513386496.0
3603,question_55_aime_Qwen3-8B_S8,8,1,1,1,1,0.0,0.256991138137427,895,2749,7126508222129920.0,41634922617088.0
3604,question_55_aime_Qwen3-8B_S4,4,1,1,1,1,0.0,0.18613789566787708,784,784,7658525388742400.0,46793162864896.0
3605,question_55_aime_Qwen3-8B_S4,4,1,1,1,1,0.0,0.15747610186881456,892,892,6155078312409600.0,37306383710208.0
3606,question_55_aime_Qwen3-8B_S4,4,1,1,1,1,0.0,0.24797393208706475,934,2698,5459334759342080.0,33021848862208.0
3607,question_55_aime_Qwen3-8B_S2,2,1,1,1,1,0.0,0.3172074722989465,1496,2836,5750401643111680.0,35361468000000.0
3608,question_55_aime_Qwen3-8B_S2,2,1,1,1,1,0.0,0.256991138137427,895,895,4646273388343808.0,28667492460544.0
3609,question_55_aime_Qwen3-8B_S2,2,1,1,1,1,0.0,0.1595770201310708,940,2228,4424693959037184.0,27237719895040.0
3610,question_55_aime_Qwen3-8B_S1,1,1,1,1,1,0.0,0.6356145230571515,1197,1197,3195005593993984.0,19889307206912.0
3611,question_55_aime_Qwen3-8B_S1,1,1,1,1,1,0.0,0.21310861832033537,1249,1249,3358761320666368.0,20780586218752.0
3612,question_55_aime_Qwen3-8B_S1,1,1,1,1,1,0.0,0.24797393208706475,934,934,2496002270238208.0,15540347637248.0
3613,question_56_aime_Qwen3-8B_S64,64,1,1,1,1,0.0,0.6311386465127303,1338,4527,1.7611572847193344e+16,87407327799552.0
3614,question_56_aime_Qwen3-8B_S64,64,1,1,1,1,0.0,0.6311386465127303,1338,4527,1.7611572847193344e+16,87407327799552.0
3615,question_56_aime_Qwen3-8B_S64,64,1,1,1,1,0.0,0.6311386465127303,1338,4527,1.7611572847193344e+16,87407327799552.0
3616,question_56_aime_Qwen3-8B_S32,32,1,1,1,1,0.0,0.6311386465127303,1338,3078,1.336629001798784e+16,73940309827328.0
3617,question_56_aime_Qwen3-8B_S32,32,1,1,1,1,0.0,0.30231182432165965,1740,1740,1.5086624983540736e+16,82687351502336.0
3618,question_56_aime_Qwen3-8B_S32,32,1,1,1,1,0.0,0.30984750332054284,1449,1449,1.4525113973185792e+16,78039328906496.0
3619,question_56_aime_Qwen3-8B_S16,16,1,1,1,1,0.0,0.4012957194471995,2297,2297,1.6710675218808576e+16,95398574939904.0
3620,question_56_aime_Qwen3-8B_S16,16,1,1,1,1,0.0,0.30231182432165965,1740,1740,1.1598759047055104e+16,65833314761216.0
3621,question_56_aime_Qwen3-8B_S16,16,1,1,1,1,0.0,0.3921664977567942,1818,9144,1.961173737371392e+16,111967721167360.0
3622,question_56_aime_Qwen3-8B_S8,8,1,1,1,1,0.0,0.5367336371501406,1859,5580,1.6893761777219072e+16,100721532313856.0
3623,question_56_aime_Qwen3-8B_S8,8,1,1,1,1,0.0,0.6311386465127303,1338,3078,8799421686712064.0,53420495918336.0
3624,question_56_aime_Qwen3-8B_S8,8,1,1,1,1,0.0,0.2891734709739538,1948,4090,1.0928639816420864e+16,64799737562368.0
3625,question_56_aime_Qwen3-8B_S4,4,1,1,1,1,0.0,0.13240019830069485,2142,2142,1.1174016359853056e+16,67930756966912.0
3626,question_56_aime_Qwen3-8B_S4,4,1,1,1,1,0.0,0.19712737418074583,2732,2732,1.3917899222205952e+16,82734737045760.0
3627,question_56_aime_Qwen3-8B_S4,4,1,1,1,1,0.0,0.3921664977567942,1818,1818,4878817983476736.0,30208450426880.0
3628,question_56_aime_Qwen3-8B_S2,2,1,1,1,1,0.0,0.03226727839117369,3723,3723,9931731665642496.0,61765043475968.0
3629,question_56_aime_Qwen3-8B_S2,2,1,1,1,1,0.0,0.33074065793304663,2062,2062,9246619192627200.0,56555950551552.0
3630,question_56_aime_Qwen3-8B_S2,2,1,1,1,1,0.0,0.0,0,0,3425483204352.0,16387815168.0
3631,question_56_aime_Qwen3-8B_S1,1,1,1,1,1,0.0,0.040943502521942704,3748,3748,1.0268091352367872e+16,62387196571904.0
3632,question_56_aime_Qwen3-8B_S1,1,1,1,1,1,0.0,0.03174292238392937,3637,3637,9924079965241344.0,60527841968128.0
3633,question_56_aime_Qwen3-8B_S1,1,1,1,1,1,0.0,0.0,0,0,3425483204352.0,16387815168.0
3634,question_57_aime_Qwen3-8B_S64,64,1,1,1,1,0.0,0.5,1057,10289,2.586253010856499e+16,123291339088128.0
3635,question_57_aime_Qwen3-8B_S64,64,1,1,1,1,0.0,0.5,1050,10289,2.586253010856499e+16,123291339088128.0
3636,question_57_aime_Qwen3-8B_S64,64,1,1,1,1,0.0,0.5,1328,10289,2.586253010856499e+16,123291339088128.0
3637,question_57_aime_Qwen3-8B_S32,32,1,1,1,1,0.0,0.5,1428,4391,1.965788623246515e+16,104357529965056.0
3638,question_57_aime_Qwen3-8B_S32,32,1,1,1,1,0.0,0.5,1428,9239,1.932491628191616e+16,102920916199680.0
3639,question_57_aime_Qwen3-8B_S32,32,1,1,1,1,0.0,0.5,1050,2538,1.9191469365079296e+16,101209507000832.0
3640,question_57_aime_Qwen3-8B_S16,16,1,1,1,1,0.0,0.5,1432,2907,1.5565795681591808e+16,87283145405696.0
3641,question_57_aime_Qwen3-8B_S16,16,1,1,1,1,0.0,0.5,1050,3817,1.4280118104420352e+16,80741065711616.0
3642,question_57_aime_Qwen3-8B_S16,16,1,1,1,1,0.0,0.5,1057,2107,1.4996131041554688e+16,85060776614912.0
3643,question_57_aime_Qwen3-8B_S8,8,1,1,1,1,0.0,0.5,1629,4546,1.3851442590055168e+16,81152172136704.0
3644,question_57_aime_Qwen3-8B_S8,8,1,1,1,1,0.0,0.5,1328,1328,1.0221938320593408e+16,60274974393600.0
3645,question_57_aime_Qwen3-8B_S8,8,1,1,1,1,0.0,0.5,1050,2538,1.0657866620437248e+16,63080397099008.0
3646,question_57_aime_Qwen3-8B_S4,4,1,1,1,1,0.0,0.5,1475,1475,9045937718308864.0,54672151311360.0
3647,question_57_aime_Qwen3-8B_S4,4,1,1,1,1,0.0,0.5,2217,5953,1.201517926980352e+16,71661914919936.0
3648,question_57_aime_Qwen3-8B_S4,4,1,1,1,1,0.0,0.5,1328,1328,7933443612160512.0,48279380828160.0
3649,question_57_aime_Qwen3-8B_S2,2,1,1,1,1,0.0,0.5,1339,1339,7424081590012928.0,45797900535040.0
3650,question_57_aime_Qwen3-8B_S2,2,1,1,1,1,0.0,0.5,1726,1726,8022790253295360.0,49369835196416.0
3651,question_57_aime_Qwen3-8B_S2,2,1,1,1,1,0.0,0.5,1124,1124,5302303146964736.0,32574929922816.0
3652,question_57_aime_Qwen3-8B_S1,1,1,1,1,1,0.0,0.5,2359,2359,6337250469265152.0,39237764549376.0
3653,question_57_aime_Qwen3-8B_S1,1,1,1,1,1,0.0,0.5,1959,1959,5267871535402752.0,32573430466816.0
3654,question_57_aime_Qwen3-8B_S1,1,1,1,1,1,0.0,0.5,2005,2005,5378092924723456.0,33316488146176.0
3655,question_58_aime_Qwen3-8B_S64,64,1,1,1,1,0.0,0.6076310186474366,534,2276,1.2997796133623552e+16,63043906631424.0
3656,question_58_aime_Qwen3-8B_S64,64,1,1,1,1,0.0,0.6076310186474366,534,2276,1.2997796133623552e+16,63043906631424.0
3657,question_58_aime_Qwen3-8B_S64,64,1,1,1,1,0.0,0.6076310186474366,534,2276,1.2997796133623552e+16,63043906631424.0
3658,question_58_aime_Qwen3-8B_S32,32,1,1,1,1,0.0,0.27274335430035457,463,463,9770693248217600.0,52516498240512.0
3659,question_58_aime_Qwen3-8B_S32,32,1,1,1,1,0.0,0.27274335430035457,463,1105,9817208237101056.0,52837281347840.0
3660,question_58_aime_Qwen3-8B_S32,32,1,1,1,1,0.0,0.6076310186474366,534,534,8315562365150720.0,42577499177216.0
3661,question_58_aime_Qwen3-8B_S16,16,1,1,1,1,0.0,0.6076310186474366,534,534,7539983043849472.0,42936443586048.0
3662,question_58_aime_Qwen3-8B_S16,16,1,1,1,1,0.0,0.6823114635420023,1165,3057,1.1694859900766208e+16,64742742318848.0
3663,question_58_aime_Qwen3-8B_S16,16,1,1,1,1,0.0,0.4995770306404067,836,2870,8777688247363840.0,49834015560704.0
3664,question_58_aime_Qwen3-8B_S8,8,1,1,1,1,0.0,0.6128954954113497,827,3017,6390103793041664.0,37297903792640.0
3665,question_58_aime_Qwen3-8B_S8,8,1,1,1,1,0.0,0.4995770306404067,836,2228,6432417232959744.0,38091425415168.0
3666,question_58_aime_Qwen3-8B_S8,8,1,1,1,1,0.0,0.5435776387099177,1149,1904,8380107192563456.0,49538354147328.0
3667,question_58_aime_Qwen3-8B_S4,4,1,1,1,1,0.0,0.24694870869783028,642,642,4591591792870656.0,27797990589184.0
3668,question_58_aime_Qwen3-8B_S4,4,1,1,1,1,0.0,0.36658104465720476,637,637,4876521768712192.0,29790215979776.0
3669,question_58_aime_Qwen3-8B_S4,4,1,1,1,1,0.0,0.42517735628896564,1882,3885,1.4818143322939904e+16,89130169632512.0
3670,question_58_aime_Qwen3-8B_S2,2,1,1,1,1,0.0,0.5256777321101422,1475,2613,5453734369443072.0,33225370768896.0
3671,question_58_aime_Qwen3-8B_S2,2,1,1,1,1,0.0,0.41431111514839397,1453,1453,7302234285678848.0,44695972661248.0
3672,question_58_aime_Qwen3-8B_S2,2,1,1,1,1,0.0,0.3687691792122548,709,709,4018886392737280.0,24732173743616.0
3673,question_58_aime_Qwen3-8B_S1,1,1,1,1,1,0.0,0.3687691792122548,709,709,1915234102259712.0,11866848883968.0
3674,question_58_aime_Qwen3-8B_S1,1,1,1,1,1,0.0,0.42052946412368103,1660,1660,4542540438819072.0,27703520610304.0
3675,question_58_aime_Qwen3-8B_S1,1,1,1,1,1,0.0,0.4871807034956443,1333,1333,3584913938485760.0,22176629670144.0
3676,question_59_aime_Qwen3-8B_S64,64,1,1,1,1,0.0,0.5,1337,3420,1.6905803085045248e+16,68168252648960.0
3677,question_59_aime_Qwen3-8B_S64,64,1,1,1,1,0.0,0.5,1337,3420,1.6905803085045248e+16,68168252648960.0
3678,question_59_aime_Qwen3-8B_S64,64,1,1,1,1,0.0,0.5,912,3420,1.6905803085045248e+16,68168252648960.0
3679,question_59_aime_Qwen3-8B_S32,32,1,1,1,1,0.0,0.5,1543,5857,1.7874327364627712e+16,79249190443520.0
3680,question_59_aime_Qwen3-8B_S32,32,1,1,1,1,0.0,0.5,1171,1171,1.3305668138183424e+16,61186711121664.0
3681,question_59_aime_Qwen3-8B_S32,32,1,1,1,1,0.0,0.5,1168,3988,1.8045253179777024e+16,82214248259584.0
3682,question_59_aime_Qwen3-8B_S16,16,1,1,1,1,0.0,0.5,912,912,9449292151292928.0,50476094209024.0
3683,question_59_aime_Qwen3-8B_S16,16,1,1,1,1,0.0,0.5,1171,1171,1.0709988166469376e+16,55938700498944.0
3684,question_59_aime_Qwen3-8B_S16,16,1,1,1,1,0.0,0.5,1171,1171,1.1118777504440576e+16,58828257789952.0
3685,question_59_aime_Qwen3-8B_S8,8,1,1,1,1,0.0,0.5,1171,1171,8252246540381440.0,46630925106944.0
3686,question_59_aime_Qwen3-8B_S8,8,1,1,1,1,0.0,0.5,1798,3226,1.1732611704538624e+16,64499750431488.0
3687,question_59_aime_Qwen3-8B_S8,8,1,1,1,1,0.0,0.5,2490,6992,1.7096091127877888e+16,91919047957504.0
3688,question_59_aime_Qwen3-8B_S4,4,1,1,1,1,0.0,0.5,912,912,5732896140371712.0,34166276851456.0
3689,question_59_aime_Qwen3-8B_S4,4,1,1,1,1,0.0,0.5,2487,5209,1.6501963593211648e+16,91811479389440.0
3690,question_59_aime_Qwen3-8B_S4,4,1,1,1,1,0.0,0.5,2261,3689,9968646036869888.0,57990539400704.0
3691,question_59_aime_Qwen3-8B_S2,2,1,1,1,1,0.0,0.5,2614,4864,9514238497618432.0,56214207154176.0
3692,question_59_aime_Qwen3-8B_S2,2,1,1,1,1,0.0,0.5,1168,1168,5639932362497792.0,34184403918080.0
3693,question_59_aime_Qwen3-8B_S2,2,1,1,1,1,0.0,0.5,1946,1946,9069831629682944.0,54723115459072.0
3694,question_59_aime_Qwen3-8B_S1,1,1,1,1,1,0.0,0.5,1428,1428,3858910628352256.0,23784412397568.0
3695,question_59_aime_Qwen3-8B_S1,1,1,1,1,1,0.0,0.5,1946,1946,5286585100417792.0,32436018952192.0
3696,question_59_aime_Qwen3-8B_S1,1,1,1,1,1,0.0,0.5,2833,2833,7894544609753344.0,47323984365568.0
3697,question_6_aime_Qwen3-8B_S64,64,1,1,1,1,0.0,0.9375251997701561,1244,24008,1.5399559974552064e+16,72130909250304.0
3698,question_6_aime_Qwen3-8B_S64,64,1,1,1,1,0.0,0.9375251997701561,1244,24008,1.5399559974552064e+16,72130909250304.0
3699,question_6_aime_Qwen3-8B_S64,64,1,1,1,1,0.0,0.9375251997701561,1244,24008,1.5399559974552064e+16,72130909250304.0
3700,question_6_aime_Qwen3-8B_S32,32,1,1,1,1,0.0,0.9258290980070039,1068,11322,1.18427177513472e+16,62461483885312.0
3701,question_6_aime_Qwen3-8B_S32,32,1,1,1,1,0.0,0.9375251997701561,1244,9917,1.2384666846020608e+16,65334287918080.0
3702,question_6_aime_Qwen3-8B_S32,32,1,1,1,1,0.0,0.9375251997701561,1244,17455,1.3111975135036416e+16,69384125670912.0
3703,question_6_aime_Qwen3-8B_S16,16,1,1,1,1,0.0,0.9258290980070039,1068,7714,9422682713264128.0,54054740571648.0
3704,question_6_aime_Qwen3-8B_S16,16,1,1,1,1,0.0,0.9373242276762304,1164,6063,1.0307229726969856e+16,59111874423808.0
3705,question_6_aime_Qwen3-8B_S16,16,1,1,1,1,0.0,0.9375251997701561,1244,6274,9617962948077056.0,55015431041024.0
3706,question_6_aime_Qwen3-8B_S8,8,1,1,1,1,0.0,0.9332969976342053,764,3810,7537336170422272.0,44868735341312.0
3707,question_6_aime_Qwen3-8B_S8,8,1,1,1,1,0.0,0.8715506558321626,1226,5024,7571604273123840.0,45323506068736.0
3708,question_6_aime_Qwen3-8B_S8,8,1,1,1,1,0.0,0.895979528994176,1080,5056,8353259495473152.0,50111013043200.0
3709,question_6_aime_Qwen3-8B_S4,4,1,1,1,1,0.0,0.9191291158273803,1188,4506,6299818287336448.0,38631852615424.0
3710,question_6_aime_Qwen3-8B_S4,4,1,1,1,1,0.0,0.9091208179990073,1323,3299,6248857205084416.0,38155337193728.0
3711,question_6_aime_Qwen3-8B_S4,4,1,1,1,1,0.0,0.654710367172427,821,2615,5655109391313664.0,34666645448704.0
3712,question_6_aime_Qwen3-8B_S2,2,1,1,1,1,0.0,0.910035585787504,1273,2303,5000922107046144.0,31144416941056.0
3713,question_6_aime_Qwen3-8B_S2,2,1,1,1,1,0.0,0.9258290980070039,1068,1068,4822134301111040.0,29931962015488.0
3714,question_6_aime_Qwen3-8B_S2,2,1,1,1,1,0.0,0.9375251997701561,1244,2399,4766389893670144.0,29591900461312.0
3715,question_6_aime_Qwen3-8B_S1,1,1,1,1,1,0.0,0.03308745812063128,1071,1071,2859368329613824.0,17837642766592.0
3716,question_6_aime_Qwen3-8B_S1,1,1,1,1,1,0.0,0.9301336506069257,1176,1176,3128437186785024.0,19558926791680.0
3717,question_6_aime_Qwen3-8B_S1,1,1,1,1,1,0.0,0.7088929248749916,1414,1414,3761292084821760.0,23494259216896.0
3718,question_7_aime_Qwen3-8B_S64,64,1,1,1,1,0.0,0.31923596053642617,686,1383,1.223622273043328e+16,53602359894272.0
3719,question_7_aime_Qwen3-8B_S64,64,1,1,1,1,0.0,0.31923596053642617,686,1383,1.223622273043328e+16,53602359894272.0
3720,question_7_aime_Qwen3-8B_S64,64,1,1,1,1,0.0,0.31923596053642617,686,1383,1.223622273043328e+16,53602359894272.0
3721,question_7_aime_Qwen3-8B_S32,32,1,1,1,1,0.0,0.46939083758005573,983,2637,1.367477663467648e+16,67090473064192.0
3722,question_7_aime_Qwen3-8B_S32,32,1,1,1,1,0.0,0.31923596053642617,686,1383,8799104891620352.0,44092649192960.0
3723,question_7_aime_Qwen3-8B_S32,32,1,1,1,1,0.0,0.29491154997696567,697,697,1.0123229946026496e+16,50063235054336.0
3724,question_7_aime_Qwen3-8B_S16,16,1,1,1,1,0.0,0.29491154997696567,697,697,7951157335096832.0,43758598276864.0
3725,question_7_aime_Qwen3-8B_S16,16,1,1,1,1,0.0,0.5117266760762793,1320,4157,1.3910282018803456e+16,73918310471424.0
3726,question_7_aime_Qwen3-8B_S16,16,1,1,1,1,0.0,0.3202500782707889,712,712,9636335940379392.0,51730128958976.0
3727,question_7_aime_Qwen3-8B_S8,8,1,1,1,1,0.0,0.3202500782707889,712,712,7757638411045376.0,44799816919296.0
3728,question_7_aime_Qwen3-8B_S8,8,1,1,1,1,0.0,0.4254464832865645,1246,1246,1.270840511437952e+16,72082773067520.0
3729,question_7_aime_Qwen3-8B_S8,8,1,1,1,1,0.0,0.5556712913757859,1286,2790,1.00215623209408e+16,56367606658816.0
3730,question_7_aime_Qwen3-8B_S4,4,1,1,1,1,0.0,0.4948467574391559,984,1967,5956457965022464.0,35492442691840.0
3731,question_7_aime_Qwen3-8B_S4,4,1,1,1,1,0.0,0.3125725288416317,1313,1313,9685749422699776.0,57029079549952.0
3732,question_7_aime_Qwen3-8B_S4,4,1,1,1,1,0.0,0.4254464832865645,1246,1246,9117494660023296.0,53706786373888.0
3733,question_7_aime_Qwen3-8B_S2,2,1,1,1,1,0.0,0.5556712913757859,1286,1286,5692269361417984.0,34735939002880.0
3734,question_7_aime_Qwen3-8B_S2,2,1,1,1,1,0.0,0.19650316979492022,2034,2034,9429121653454336.0,56424166937856.0
3735,question_7_aime_Qwen3-8B_S2,2,1,1,1,1,0.0,0.4467617068185525,2720,4909,1.0610225425259008e+16,63425004075008.0
3736,question_7_aime_Qwen3-8B_S1,1,1,1,1,1,0.0,0.38177792740286454,2189,2189,5949802467527424.0,36459927726848.0
3737,question_7_aime_Qwen3-8B_S1,1,1,1,1,1,0.0,0.028049739681355598,3877,3877,1.0771308117532672e+16,64684355284992.0
3738,question_7_aime_Qwen3-8B_S1,1,1,1,1,1,0.0,0.3202500782707889,712,712,1925119917163008.0,11917776972800.0
3739,question_8_aime_Qwen3-8B_S64,64,1,1,1,1,0.0,0.5745376791936239,1175,2089,1.665591516246912e+16,77721964508928.0
3740,question_8_aime_Qwen3-8B_S64,64,1,1,1,1,0.0,0.5745376791936239,1175,2089,1.665591516246912e+16,77721964508928.0
3741,question_8_aime_Qwen3-8B_S64,64,1,1,1,1,0.0,0.5745376791936239,1175,2089,1.665591516246912e+16,77721964508928.0
3742,question_8_aime_Qwen3-8B_S32,32,1,1,1,1,0.0,0.5095129741639386,1386,5569,1.65401866342976e+16,85650982851584.0
3743,question_8_aime_Qwen3-8B_S32,32,1,1,1,1,0.0,0.39121591180785087,1187,6584,1.6125987281517824e+16,83421689512448.0
3744,question_8_aime_Qwen3-8B_S32,32,1,1,1,1,0.0,0.5095129741639386,1386,5223,1.595955261373312e+16,81962257664256.0
3745,question_8_aime_Qwen3-8B_S16,16,1,1,1,1,0.0,0.326372459543033,1246,2974,1.3670890189225984e+16,76942394486016.0
3746,question_8_aime_Qwen3-8B_S16,16,1,1,1,1,0.0,0.326372459543033,1246,2455,1.0766107390450944e+16,59628102208000.0
3747,question_8_aime_Qwen3-8B_S16,16,1,1,1,1,0.0,0.4314787926297658,1377,5024,1.2338405558681344e+16,68951137650432.0
3748,question_8_aime_Qwen3-8B_S8,8,1,1,1,1,0.0,0.5745376791936239,1175,1175,8085134817417216.0,48145447946496.0
3749,question_8_aime_Qwen3-8B_S8,8,1,1,1,1,0.0,0.5095129741639386,1386,4203,1.0697661756994048e+16,62618446365440.0
3750,question_8_aime_Qwen3-8B_S8,8,1,1,1,1,0.0,0.3872364316308869,1212,2813,1.1710856352244736e+16,68406222396928.0
3751,question_8_aime_Qwen3-8B_S4,4,1,1,1,1,0.0,0.4235218590374445,1365,1365,9739176026392832.0,58403673946624.0
3752,question_8_aime_Qwen3-8B_S4,4,1,1,1,1,0.0,0.3181622190337203,1601,3131,1.0732292217525504e+16,64772050843648.0
3753,question_8_aime_Qwen3-8B_S4,4,1,1,1,1,0.0,0.37153125548867627,1281,3195,9985247894386432.0,59847870179840.0
3754,question_8_aime_Qwen3-8B_S2,2,1,1,1,1,0.0,0.20286935859003902,1728,1728,6343012370258176.0,39307801541120.0
3755,question_8_aime_Qwen3-8B_S2,2,1,1,1,1,0.0,0.41140672059992084,1494,1494,7114082734233600.0,43788645575680.0
3756,question_8_aime_Qwen3-8B_S2,2,1,1,1,1,0.0,0.326372459543033,1246,2160,4399939127648000.0,27327861303552.0
3757,question_8_aime_Qwen3-8B_S1,1,1,1,1,1,0.0,0.3289870901906042,1395,1395,3731745169725184.0,23193154029312.0
3758,question_8_aime_Qwen3-8B_S1,1,1,1,1,1,0.0,0.6028317640273941,1430,1430,3837211547639808.0,23816513843712.0
3759,question_8_aime_Qwen3-8B_S1,1,1,1,1,1,0.0,0.2521415562146919,1888,1888,5024609851784704.0,31316010606592.0
3760,question_9_aime_Qwen3-8B_S64,64,1,1,1,1,0.0,0.15696131605705504,504,1122,1.125289812960768e+16,51259349302784.0
3761,question_9_aime_Qwen3-8B_S64,64,1,1,1,1,0.0,0.15696131605705504,504,1122,1.125289812960768e+16,51259349302784.0
3762,question_9_aime_Qwen3-8B_S64,64,1,1,1,1,0.0,0.15696131605705504,504,1122,1.125289812960768e+16,51259349302784.0
3763,question_9_aime_Qwen3-8B_S32,32,1,1,1,1,0.0,0.14765042303038722,618,618,1.1160253136130048e+16,57522439033088.0
3764,question_9_aime_Qwen3-8B_S32,32,1,1,1,1,0.0,0.15696131605705504,504,1122,8905412902617344.0,46368349018368.0
3765,question_9_aime_Qwen3-8B_S32,32,1,1,1,1,0.0,0.669144970254041,829,2592,1.4653189365802752e+16,74316823571968.0
3766,question_9_aime_Qwen3-8B_S16,16,1,1,1,1,0.0,0.4468619985904057,2581,5603,1.993926835405696e+16,106536854927616.0
3767,question_9_aime_Qwen3-8B_S16,16,1,1,1,1,0.0,0.15696131605705504,504,504,6757219150918912.0,37845753537280.0
3768,question_9_aime_Qwen3-8B_S16,16,1,1,1,1,0.0,0.39001070167952545,1171,3390,1.3955341693882112e+16,75702291177472.0
3769,question_9_aime_Qwen3-8B_S8,8,1,1,1,1,0.0,0.5342926690920288,1282,5018,1.1141062371323136e+16,64214672523008.0
3770,question_9_aime_Qwen3-8B_S8,8,1,1,1,1,0.0,0.669144970254041,829,829,9464685485852160.0,54763563233536.0
3771,question_9_aime_Qwen3-8B_S8,8,1,1,1,1,0.0,0.15696131605705504,504,504,5274529189244160.0,31253178540032.0
3772,question_9_aime_Qwen3-8B_S4,4,1,1,1,1,0.0,0.14765042303038722,618,618,4733581885449728.0,28772427746304.0
3773,question_9_aime_Qwen3-8B_S4,4,1,1,1,1,0.0,0.5735807346805686,1837,3006,9668960600597248.0,57138777338112.0
3774,question_9_aime_Qwen3-8B_S4,4,1,1,1,1,0.0,0.6565308367756476,824,824,7344977844667392.0,44570680582912.0
3775,question_9_aime_Qwen3-8B_S2,2,1,1,1,1,0.0,0.40683146760928995,2064,2064,1.1821617481535744e+16,71054427780608.0
3776,question_9_aime_Qwen3-8B_S2,2,1,1,1,1,0.0,0.20776664820337443,1625,1625,6569872726412288.0,39541975657472.0
3777,question_9_aime_Qwen3-8B_S2,2,1,1,1,1,0.0,0.15696131605705504,504,504,2553859902983936.0,15841053841920.0
3778,question_9_aime_Qwen3-8B_S1,1,1,1,1,1,0.0,0.36191678621399187,2127,2127,5796230423217664.0,35464427156736.0
3779,question_9_aime_Qwen3-8B_S1,1,1,1,1,1,0.0,0.44114034476293507,1954,1954,5294258504759552.0,32547245492224.0
3780,question_9_aime_Qwen3-8B_S1,1,1,1,1,1,0.0,0.3883400615286474,939,939,2524509039994368.0,15664089568512.0
3781,question_0_aime_Qwen3-32B_S64,64,1,1,1,1,1.0,0.3538791859020451,905,905,2.866376879516877e+16,164391504998400.0
3782,question_0_aime_Qwen3-32B_S64,64,1,1,1,1,1.0,0.3538791859020451,905,905,2.866376879516877e+16,164391504998400.0
3783,question_0_aime_Qwen3-32B_S64,64,1,1,1,1,1.0,0.8891014630838521,1295,1295,2.866376879516877e+16,164391504998400.0
3784,question_0_aime_Qwen3-32B_S32,32,1,1,1,1,1.0,0.3538791859020451,905,905,2.661484232231885e+16,160120341630976.0
3785,question_0_aime_Qwen3-32B_S32,32,1,1,1,1,1.0,0.8891014630838521,1295,2204,2.606739457891584e+16,155293207390208.0
3786,question_0_aime_Qwen3-32B_S32,32,1,1,1,1,1.0,0.8891014630838521,1295,4059,2.619718644480256e+16,157827415102464.0
3787,question_0_aime_Qwen3-32B_S16,16,1,1,1,1,1.0,0.687231191219079,929,929,1.7637478112055808e+16,106744081586688.0
3788,question_0_aime_Qwen3-32B_S16,16,1,1,1,1,0.0,0.44783662171835475,1093,1093,2.0042162819577344e+16,123679310563328.0
3789,question_0_aime_Qwen3-32B_S16,16,1,1,1,1,1.0,0.8891014630838521,1295,1295,2.395430484300595e+16,147650197765120.0
3790,question_0_aime_Qwen3-32B_S8,8,1,1,1,1,1.0,0.687231191219079,929,929,1.929025888633088e+16,119531686345216.0
3791,question_0_aime_Qwen3-32B_S8,8,1,1,1,1,1.0,0.46134867573493926,1036,1036,2.922135047727667e+16,179750539485184.0
3792,question_0_aime_Qwen3-32B_S8,8,1,1,1,1,0.0,0.6643204891884203,909,909,1.37905964110208e+16,85751251596288.0
3793,question_0_aime_Qwen3-32B_S4,4,1,1,1,1,0.0,0.44783662171835475,1093,1093,1.7102433213782528e+16,108051152107520.0
3794,question_0_aime_Qwen3-32B_S4,4,1,1,1,1,0.0,0.7479814505903741,859,1768,1.5656978489347584e+16,98510687495168.0
3795,question_0_aime_Qwen3-32B_S4,4,1,1,1,1,1.0,0.687231191219079,929,929,1.5384244937604096e+16,96498225891840.0
3796,question_0_aime_Qwen3-32B_S2,2,1,1,1,1,1.0,0.6765381210570484,783,783,9774598485738496.0,61734272569344.0
3797,question_0_aime_Qwen3-32B_S2,2,1,1,1,1,1.0,0.7221968722914864,999,999,1.6805786859190784e+16,105919659129856.0
3798,question_0_aime_Qwen3-32B_S2,2,1,1,1,1,1.0,0.7168412507862946,1383,1383,2.373776479530547e+16,149566973732352.0
3799,question_0_aime_Qwen3-32B_S1,1,1,1,1,1,0.0,0.7479814505903741,859,859,1.0169561635531776e+16,64525369625088.0
3800,question_0_aime_Qwen3-32B_S1,1,1,1,1,1,1.0,0.7221968722914864,999,999,1.0411704637174272e+16,65932427213312.0
3801,question_0_aime_Qwen3-32B_S1,1,1,1,1,1,1.0,0.6021309105243401,1082,1082,1.139118359181056e+16,72072047043584.0
3802,question_1_aime_Qwen3-32B_S64,64,1,1,1,1,1.0,0.8636269074222672,389,389,1.4194935383318528e+16,82271909967872.0
3803,question_1_aime_Qwen3-32B_S64,64,1,1,1,1,1.0,0.8636269074222672,389,389,1.4194935383318528e+16,82271909967872.0
3804,question_1_aime_Qwen3-32B_S64,64,1,1,1,1,1.0,0.5,533,533,1.4194935383318528e+16,82271909967872.0
3805,question_1_aime_Qwen3-32B_S32,32,1,1,1,1,1.0,0.5,533,533,1.230952368538368e+16,74518161227776.0
3806,question_1_aime_Qwen3-32B_S32,32,1,1,1,1,1.0,0.9192475603092237,372,372,1.1988187460671488e+16,72526045308928.0
3807,question_1_aime_Qwen3-32B_S32,32,1,1,1,1,1.0,0.5,533,533,1.3274721791828992e+16,80415143046144.0
3808,question_1_aime_Qwen3-32B_S16,16,1,1,1,1,1.0,0.9607981772105065,716,716,1.6497867137997824e+16,101147863550976.0
3809,question_1_aime_Qwen3-32B_S16,16,1,1,1,1,1.0,0.9192475603092237,372,372,8339190520887808.0,51267924842496.0
3810,question_1_aime_Qwen3-32B_S16,16,1,1,1,1,1.0,0.9417154853147656,469,877,1.4869426967482368e+16,88834176330240.0
3811,question_1_aime_Qwen3-32B_S8,8,1,1,1,1,1.0,0.9229795935799209,452,452,1.4516212238186496e+16,90775501704192.0
3812,question_1_aime_Qwen3-32B_S8,8,1,1,1,1,1.0,0.8636269074222672,389,389,7613681394650624.0,47562121622528.0
3813,question_1_aime_Qwen3-32B_S8,8,1,1,1,1,1.0,0.8642337101316753,573,573,1.135385928716288e+16,70159041926656.0
3814,question_1_aime_Qwen3-32B_S4,4,1,1,1,1,1.0,0.8636269074222672,389,389,5486087374234112.0,34505744141312.0
3815,question_1_aime_Qwen3-32B_S4,4,1,1,1,1,1.0,0.8045481787658051,640,640,9466243319020032.0,59555367102464.0
3816,question_1_aime_Qwen3-32B_S4,4,1,1,1,1,1.0,0.9395848689167461,422,422,1.0299024329250816e+16,64239066947584.0
3817,question_1_aime_Qwen3-32B_S2,2,1,1,1,1,1.0,0.9578369059301216,716,716,1.3571757954273792e+16,85400036359680.0
3818,question_1_aime_Qwen3-32B_S2,2,1,1,1,1,1.0,0.8664650918643677,436,436,1.2834358489628672e+16,81011769542656.0
3819,question_1_aime_Qwen3-32B_S2,2,1,1,1,1,1.0,0.8903894779658895,481,481,8100281787207680.0,51034092472832.0
3820,question_1_aime_Qwen3-32B_S1,1,1,1,1,1,1.0,0.8465571777197228,729,729,7762605234057728.0,49168194727936.0
3821,question_1_aime_Qwen3-32B_S1,1,1,1,1,1,1.0,0.9115717617009426,417,417,4379962229839360.0,27688836106240.0
3822,question_1_aime_Qwen3-32B_S1,1,1,1,1,1,1.0,0.9607981772105065,716,716,7626671555499520.0,48407140656128.0
3823,question_10_aime_Qwen3-32B_S64,64,1,1,1,1,0.0,0.16818430854182786,698,1058,1.7685372449826816e+16,96171667078144.0
3824,question_10_aime_Qwen3-32B_S64,64,1,1,1,1,0.0,0.16818430854182786,698,1058,1.7685372449826816e+16,96171667078144.0
3825,question_10_aime_Qwen3-32B_S64,64,1,1,1,1,0.0,0.16818430854182786,698,1058,1.7685372449826816e+16,96171667078144.0
3826,question_10_aime_Qwen3-32B_S32,32,1,1,1,1,0.0,0.015568483114852674,360,360,1.7299621646212608e+16,99765290710016.0
3827,question_10_aime_Qwen3-32B_S32,32,1,1,1,1,0.0,0.04405117793252305,530,890,1.6584130939334656e+16,95445862810624.0
3828,question_10_aime_Qwen3-32B_S32,32,1,1,1,1,0.0,0.6564108547949835,542,4273,2.5512787806854144e+16,148818439319552.0
3829,question_10_aime_Qwen3-32B_S16,16,1,1,1,1,0.0,0.6005189529516234,761,3494,2.0510846558516224e+16,124241675255808.0
3830,question_10_aime_Qwen3-32B_S16,16,1,1,1,1,0.0,0.6051191883890377,609,1968,1.650488501614848e+16,99128925306880.0
3831,question_10_aime_Qwen3-32B_S16,16,1,1,1,1,0.0,0.16818430854182786,698,1058,1.443031851801088e+16,88044051262464.0
3832,question_10_aime_Qwen3-32B_S8,8,1,1,1,1,0.0,0.16818430854182786,698,698,1.3133795748633088e+16,82156640781312.0
3833,question_10_aime_Qwen3-32B_S8,8,1,1,1,1,0.0,0.7270288783167329,1051,2643,2.3044811854357504e+16,142544663628288.0
3834,question_10_aime_Qwen3-32B_S8,8,1,1,1,1,0.0,0.6051191883890377,609,609,1.975489876856269e+16,122203807305728.0
3835,question_10_aime_Qwen3-32B_S4,4,1,1,1,1,0.0,0.1558874867395282,1000,1569,1.7961272717604864e+16,112676166904832.0
3836,question_10_aime_Qwen3-32B_S4,4,1,1,1,1,0.0,0.10315105099286809,569,569,1.4224267544024576e+16,89006983723008.0
3837,question_10_aime_Qwen3-32B_S4,4,1,1,1,1,0.0,0.6496537122712447,872,872,1.6866500892621312e+16,105355804669440.0
3838,question_10_aime_Qwen3-32B_S2,2,1,1,1,1,0.0,0.47525906682298874,740,1411,1.0056219379373568e+16,63419974565888.0
3839,question_10_aime_Qwen3-32B_S2,2,1,1,1,1,0.0,0.044956521646635175,688,688,9505947235525632.0,59944146437120.0
3840,question_10_aime_Qwen3-32B_S2,2,1,1,1,1,0.0,0.5719889806936532,1327,2723,2.105004904170547e+16,133054006678016.0
3841,question_10_aime_Qwen3-32B_S1,1,1,1,1,1,0.0,0.7636957542386763,1812,1812,1.8948064759990784e+16,119594743057920.0
3842,question_10_aime_Qwen3-32B_S1,1,1,1,1,1,0.0,0.05406368081781568,671,671,7102160106877952.0,45017921779200.0
3843,question_10_aime_Qwen3-32B_S1,1,1,1,1,1,0.0,0.04405117793252305,530,530,5626764301651968.0,35678993438720.0
3844,question_11_aime_Qwen3-32B_S64,64,1,1,1,1,0.0,0.10751779810686389,626,1585,2.4782927032958464e+16,136828623388160.0
3845,question_11_aime_Qwen3-32B_S64,64,1,1,1,1,0.0,0.10751779810686389,626,1585,2.4782927032958464e+16,136828623388160.0
3846,question_11_aime_Qwen3-32B_S64,64,1,1,1,1,0.0,0.10751779810686389,626,1585,2.4782927032958464e+16,136828623388160.0
3847,question_11_aime_Qwen3-32B_S32,32,1,1,1,1,0.0,0.6364709245230161,1172,5121,2.541305248878029e+16,148560094607872.0
3848,question_11_aime_Qwen3-32B_S32,32,1,1,1,1,0.0,0.6364709245230161,1172,6470,2.9712285629535744e+16,173094816069120.0
3849,question_11_aime_Qwen3-32B_S32,32,1,1,1,1,0.0,0.10751779810686389,626,626,1.9626148711652864e+16,115286264054272.0
3850,question_11_aime_Qwen3-32B_S16,16,1,1,1,1,0.0,0.10751779810686389,626,626,1.8458671896103936e+16,113410615597568.0
3851,question_11_aime_Qwen3-32B_S16,16,1,1,1,1,0.0,0.438744462221849,1026,3473,2.3759848786584064e+16,144161871495168.0
3852,question_11_aime_Qwen3-32B_S16,16,1,1,1,1,0.0,0.6290570801879265,823,6349,2.6077324209867264e+16,158333455572480.0
3853,question_11_aime_Qwen3-32B_S8,8,1,1,1,1,0.0,0.5190585707604501,997,2065,2.204322968093901e+16,136895799647232.0
3854,question_11_aime_Qwen3-32B_S8,8,1,1,1,1,0.0,0.10751779810686389,626,626,1.3444935535329792e+16,83780688410112.0
3855,question_11_aime_Qwen3-32B_S8,8,1,1,1,1,0.0,0.044237613873320356,959,959,1.6770781922963456e+16,104174628756992.0
3856,question_11_aime_Qwen3-32B_S4,4,1,1,1,1,0.0,0.4446301767293167,1113,1113,2.595760005904845e+16,163035587492864.0
3857,question_11_aime_Qwen3-32B_S4,4,1,1,1,1,0.0,0.7106240617034142,918,2162,2.3033893843090944e+16,144857351667712.0
3858,question_11_aime_Qwen3-32B_S4,4,1,1,1,1,0.0,0.2563751646612961,1003,1003,1.7928603895553024e+16,112583843139584.0
3859,question_11_aime_Qwen3-32B_S2,2,1,1,1,1,0.0,0.10751779810686389,626,626,8308893820285952.0,52684246465024.0
3860,question_11_aime_Qwen3-32B_S2,2,1,1,1,1,0.0,0.6416088700431591,1014,1014,1.5945563397504512e+16,100878919664640.0
3861,question_11_aime_Qwen3-32B_S2,2,1,1,1,1,0.0,0.3014333424229442,574,574,1.36379409855616e+16,86303199693312.0
3862,question_11_aime_Qwen3-32B_S1,1,1,1,1,1,0.0,0.0903258656545749,1895,1895,1.980695426976205e+16,125507051372032.0
3863,question_11_aime_Qwen3-32B_S1,1,1,1,1,1,0.0,0.4372152635480233,1243,1243,1.2997351564427776e+16,82547489085952.0
3864,question_11_aime_Qwen3-32B_S1,1,1,1,1,1,0.0,0.5998153897596237,1254,1254,1.3032078348730368e+16,82698257525248.0
3865,question_12_aime_Qwen3-32B_S64,64,1,1,1,1,0.0,0.5490365411011812,934,5023,4.833483689217382e+16,285833669929472.0
3866,question_12_aime_Qwen3-32B_S64,64,1,1,1,1,0.0,0.5490365411011812,934,5023,4.833483689217382e+16,285833669929472.0
3867,question_12_aime_Qwen3-32B_S64,64,1,1,1,1,0.0,0.5490365411011812,934,5023,4.833483689217382e+16,285833669929472.0
3868,question_12_aime_Qwen3-32B_S32,32,1,1,1,1,0.0,0.5490365411011812,934,4580,4.16184905510999e+16,254790770488320.0
3869,question_12_aime_Qwen3-32B_S32,32,1,1,1,1,0.0,0.09071810073336747,1182,1182,4.539487964971418e+16,277683971674112.0
3870,question_12_aime_Qwen3-32B_S32,32,1,1,1,1,0.0,0.23816148669901077,998,2180,4.301933724925286e+16,261974591996928.0
3871,question_12_aime_Qwen3-32B_S16,16,1,1,1,1,0.0,0.1330486587212553,658,658,2.92878821495168e+16,181694909553152.0
3872,question_12_aime_Qwen3-32B_S16,16,1,1,1,1,0.0,0.1330486587212553,658,658,3.2117326614478336e+16,199086007567872.0
3873,question_12_aime_Qwen3-32B_S16,16,1,1,1,1,0.0,0.32309844910076396,1251,2464,3.929075483390054e+16,243687045877248.0
3874,question_12_aime_Qwen3-32B_S8,8,1,1,1,1,0.0,0.47946348830987384,1428,3642,3.257525596298752e+16,203712966804480.0
3875,question_12_aime_Qwen3-32B_S8,8,1,1,1,1,0.0,0.47946348830987384,1428,2659,3.526766782614835e+16,220700695813120.0
3876,question_12_aime_Qwen3-32B_S8,8,1,1,1,1,0.0,0.5490365411011812,934,934,1.7368790775071232e+16,107869131649536.0
3877,question_12_aime_Qwen3-32B_S4,4,1,1,1,1,0.0,0.3192069841627534,1637,1637,2.270038882735053e+16,142667495031808.0
3878,question_12_aime_Qwen3-32B_S4,4,1,1,1,1,0.0,0.1330486587212553,658,658,1.6535475972050432e+16,104210911255040.0
3879,question_12_aime_Qwen3-32B_S4,4,1,1,1,1,0.0,0.2228363228610067,1213,2196,1.8250865162563584e+16,115045634035712.0
3880,question_12_aime_Qwen3-32B_S2,2,1,1,1,1,0.0,0.24844028779739954,1312,1312,2.191760442285312e+16,138595773396480.0
3881,question_12_aime_Qwen3-32B_S2,2,1,1,1,1,0.0,0.5692251136832093,1180,1180,1.927746274934835e+16,121971353723904.0
3882,question_12_aime_Qwen3-32B_S2,2,1,1,1,1,0.0,0.3499000623507891,1298,1298,1.802141660610867e+16,114034614078976.0
3883,question_12_aime_Qwen3-32B_S1,1,1,1,1,1,0.0,0.3547836054519899,1259,1259,1.3217937840813056e+16,83723822061568.0
3884,question_12_aime_Qwen3-32B_S1,1,1,1,1,1,0.0,0.3876847266080458,2003,2003,2.096375038623027e+16,133194181328896.0
3885,question_12_aime_Qwen3-32B_S1,1,1,1,1,1,0.0,0.30384783254276165,1312,1312,1.3630204011693056e+16,86515009941504.0
3886,question_13_aime_Qwen3-32B_S64,64,1,1,1,1,0.0,0.0,0,0,2.618448817555712e+16,160134272322048.0
3887,question_13_aime_Qwen3-32B_S64,64,1,1,1,1,0.0,0.0,0,0,2.618448817555712e+16,160134272322048.0
3888,question_13_aime_Qwen3-32B_S64,64,1,1,1,1,0.0,0.0,0,0,2.618448817555712e+16,160134272322048.0
3889,question_13_aime_Qwen3-32B_S32,32,1,1,1,1,0.0,0.6168575798496211,1075,3060,4.311169049770803e+16,253114820392960.0
3890,question_13_aime_Qwen3-32B_S32,32,1,1,1,1,0.0,0.5178352627240512,1150,3365,4.147208356552602e+16,246331676638720.0
3891,question_13_aime_Qwen3-32B_S32,32,1,1,1,1,0.0,0.0,0,0,2.3041666092841984e+16,143636435336704.0
3892,question_13_aime_Qwen3-32B_S16,16,1,1,1,1,0.0,0.17030006055716018,1061,1061,1.833500379769651e+16,112318012514816.0
3893,question_13_aime_Qwen3-32B_S16,16,1,1,1,1,0.0,0.4679111740444202,1352,1352,4.085527209499853e+16,249042755790336.0
3894,question_13_aime_Qwen3-32B_S16,16,1,1,1,1,0.0,0.517132341534875,1626,8027,4.980588019645594e+16,301199194097664.0
3895,question_13_aime_Qwen3-32B_S8,8,1,1,1,1,0.0,0.5178352627240512,1150,2769,3.414490869575168e+16,211557211077632.0
3896,question_13_aime_Qwen3-32B_S8,8,1,1,1,1,0.0,0.4679111740444202,1352,1352,3.0382787298571776e+16,187922264133120.0
3897,question_13_aime_Qwen3-32B_S8,8,1,1,1,1,0.0,0.0,0,0,2.249063626510029e+16,142445479808512.0
3898,question_13_aime_Qwen3-32B_S4,4,1,1,1,1,0.0,0.4224571665134046,1619,1619,2.8665120500839424e+16,180258137437184.0
3899,question_13_aime_Qwen3-32B_S4,4,1,1,1,1,0.0,0.4808804346882077,2600,5348,3.618576323944602e+16,226813860741120.0
3900,question_13_aime_Qwen3-32B_S4,4,1,1,1,1,0.0,0.517132341534875,1626,2746,2.5279731118078464e+16,158205346713600.0
3901,question_13_aime_Qwen3-32B_S2,2,1,1,1,1,0.0,0.0222822064977215,2184,2184,2.95139354832512e+16,186293738182144.0
3902,question_13_aime_Qwen3-32B_S2,2,1,1,1,1,0.0,0.17030006055716018,1061,1061,1.527940652863744e+16,96963762578944.0
3903,question_13_aime_Qwen3-32B_S2,2,1,1,1,1,0.0,0.11503653841484685,1329,1329,1.834281745036493e+16,115853083854336.0
3904,question_13_aime_Qwen3-32B_S1,1,1,1,1,1,1.0,0.5670934929134093,2914,2914,3.0503021685590016e+16,192249801036800.0
3905,question_13_aime_Qwen3-32B_S1,1,1,1,1,1,0.0,0.8471554302617488,1798,1798,1.8787458153234944e+16,118626995919872.0
3906,question_13_aime_Qwen3-32B_S1,1,1,1,1,1,0.0,0.24944840404058624,2808,2808,2.9246039680892416e+16,185086514476032.0
3907,question_14_aime_Qwen3-32B_S64,64,1,1,1,1,1.0,0.7906372703069026,1391,3340,3.429772144801024e+16,200276338532864.0
3908,question_14_aime_Qwen3-32B_S64,64,1,1,1,1,1.0,0.7906372703069026,1391,1391,3.429772144801024e+16,200276338532864.0
3909,question_14_aime_Qwen3-32B_S64,64,1,1,1,1,1.0,0.7906372703069026,1391,1391,3.429772144801024e+16,200276338532864.0
3910,question_14_aime_Qwen3-32B_S32,32,1,1,1,1,0.0,0.5026552800064903,1028,1028,2.5971156487612416e+16,154284137444352.0
3911,question_14_aime_Qwen3-32B_S32,32,1,1,1,1,0.0,0.6301524519054268,1342,3758,2.816951402153472e+16,168650484037120.0
3912,question_14_aime_Qwen3-32B_S32,32,1,1,1,1,0.0,0.5026552800064903,1028,3444,2.5065048274646016e+16,148774075314688.0
3913,question_14_aime_Qwen3-32B_S16,16,1,1,1,1,0.0,0.39453342543749415,1495,2575,2.5933247278444544e+16,159265629956096.0
3914,question_14_aime_Qwen3-32B_S16,16,1,1,1,1,0.0,0.2412246200498733,921,2001,2.0095795440251904e+16,123138946897408.0
3915,question_14_aime_Qwen3-32B_S16,16,1,1,1,1,0.0,0.44571750603016036,1539,2619,2.8392674735701504e+16,174711138339840.0
3916,question_14_aime_Qwen3-32B_S8,8,1,1,1,1,0.0,0.6301524519054268,1342,1342,2.105129956766771e+16,131240769783296.0
3917,question_14_aime_Qwen3-32B_S8,8,1,1,1,1,0.0,0.5026552800064903,1028,1028,1.9777631860604416e+16,122933761676288.0
3918,question_14_aime_Qwen3-32B_S8,8,1,1,1,1,0.0,0.39453342543749415,1495,1495,2.500007425083853e+16,155724412864000.0
3919,question_14_aime_Qwen3-32B_S4,4,1,1,1,1,0.0,0.4758552124782091,2138,3558,2.743003134997709e+16,172048676229120.0
3920,question_14_aime_Qwen3-32B_S4,4,1,1,1,1,1.0,0.644805446135384,1364,2451,2.667272007849523e+16,166452551988224.0
3921,question_14_aime_Qwen3-32B_S4,4,1,1,1,1,1.0,0.8969595750847786,1606,4132,2.796268486160384e+16,175155746917888.0
3922,question_14_aime_Qwen3-32B_S2,2,1,1,1,1,1.0,0.7906372703069026,1391,1391,1.577436317522432e+16,100141826635264.0
3923,question_14_aime_Qwen3-32B_S2,2,1,1,1,1,0.0,0.27838615232033964,1420,1420,1.944161215937843e+16,122831867874304.0
3924,question_14_aime_Qwen3-32B_S2,2,1,1,1,1,0.0,0.4758552124782091,2138,2138,2.433600014784717e+16,154073899867136.0
3925,question_14_aime_Qwen3-32B_S1,1,1,1,1,1,0.0,0.6710782491225507,1442,1442,1.5049357460902912e+16,95151798055424.0
3926,question_14_aime_Qwen3-32B_S1,1,1,1,1,1,0.0,0.767810227752323,1834,1834,1.9296694131158016e+16,122016800360448.0
3927,question_14_aime_Qwen3-32B_S1,1,1,1,1,1,1.0,0.2289500371984966,2527,2527,2.8925720930692096e+16,168830102614528.0
3928,question_15_aime_Qwen3-32B_S64,64,1,1,1,1,0.0,0.7855830801003163,771,2843,2.591997716417331e+16,142329448740864.0
3929,question_15_aime_Qwen3-32B_S64,64,1,1,1,1,0.0,0.7855830801003163,771,2843,2.591997716417331e+16,142329448740864.0
3930,question_15_aime_Qwen3-32B_S64,64,1,1,1,1,0.0,0.7855830801003163,771,2843,2.591997716417331e+16,142329448740864.0
3931,question_15_aime_Qwen3-32B_S32,32,1,1,1,1,0.0,0.7855830801003163,771,1990,2.122138521395251e+16,124158241215488.0
3932,question_15_aime_Qwen3-32B_S32,32,1,1,1,1,0.0,0.09131367075527672,836,836,2.1138810689178624e+16,123419617178624.0
3933,question_15_aime_Qwen3-32B_S32,32,1,1,1,1,0.0,0.7855830801003163,771,1154,2.117995501671936e+16,121900413431808.0
3934,question_15_aime_Qwen3-32B_S16,16,1,1,1,1,0.0,0.7466892823051189,853,853,1.9420956662654464e+16,117423522738176.0
3935,question_15_aime_Qwen3-32B_S16,16,1,1,1,1,0.0,0.8244048305476759,771,2665,2.3815908556594176e+16,144011382594048.0
3936,question_15_aime_Qwen3-32B_S16,16,1,1,1,1,0.0,0.8141614825183259,955,3283,2.6772480617079296e+16,162004725175808.0
3937,question_15_aime_Qwen3-32B_S8,8,1,1,1,1,0.0,0.8141614825183259,955,1650,1.965751740518195e+16,121713385544704.0
3938,question_15_aime_Qwen3-32B_S8,8,1,1,1,1,0.0,0.8229225367292137,953,4881,2.8410475558649344e+16,175054603376640.0
3939,question_15_aime_Qwen3-32B_S8,8,1,1,1,1,0.0,0.8731214101877137,975,1873,2.225435174398925e+16,137799519313920.0
3940,question_15_aime_Qwen3-32B_S4,4,1,1,1,1,0.0,0.8244048305476759,771,771,1.9049944041176576e+16,119481704075776.0
3941,question_15_aime_Qwen3-32B_S4,4,1,1,1,1,0.0,0.8731214101877137,975,975,1.9600363498537984e+16,122803237661696.0
3942,question_15_aime_Qwen3-32B_S4,4,1,1,1,1,0.0,0.09131367075527672,836,836,1.2538467616269824e+16,79072497220608.0
3943,question_15_aime_Qwen3-32B_S2,2,1,1,1,1,0.0,0.09131367075527672,836,836,1.4527091454519296e+16,92201930606592.0
3944,question_15_aime_Qwen3-32B_S2,2,1,1,1,1,0.0,0.943158522023895,1478,2729,1.983806063306701e+16,125069902802432.0
3945,question_15_aime_Qwen3-32B_S2,2,1,1,1,1,0.0,0.48634295203675254,890,2081,1.4998542796903424e+16,94534935581184.0
3946,question_15_aime_Qwen3-32B_S1,1,1,1,1,1,0.0,0.4966457411932117,2597,2597,2.722539545787648e+16,171439750202880.0
3947,question_15_aime_Qwen3-32B_S1,1,1,1,1,1,0.0,0.5811487047127121,749,749,7807154741446656.0,49494280677888.0
3948,question_15_aime_Qwen3-32B_S1,1,1,1,1,1,0.0,0.8731214101877137,975,975,1.0144273499438592e+16,64355899482112.0
3949,question_16_aime_Qwen3-32B_S64,64,1,1,1,1,0.0,0.7398696758077117,645,4121,2.984503577173811e+16,159303221444608.0
3950,question_16_aime_Qwen3-32B_S64,64,1,1,1,1,0.0,0.7398696758077117,645,4121,2.984503577173811e+16,159303221444608.0
3951,question_16_aime_Qwen3-32B_S64,64,1,1,1,1,0.0,0.7398696758077117,645,4121,2.984503577173811e+16,159303221444608.0
3952,question_16_aime_Qwen3-32B_S32,32,1,1,1,1,0.0,0.7398696758077117,645,2705,2.455620885690931e+16,141507528126464.0
3953,question_16_aime_Qwen3-32B_S32,32,1,1,1,1,0.0,0.7398696758077117,645,1856,2.5444606060672e+16,147115147577344.0
3954,question_16_aime_Qwen3-32B_S32,32,1,1,1,1,0.0,0.45928381987450534,613,2068,2.373461856226816e+16,136041855250432.0
3955,question_16_aime_Qwen3-32B_S16,16,1,1,1,1,0.0,0.737355136920127,753,2016,2.625292059593523e+16,157715940820992.0
3956,question_16_aime_Qwen3-32B_S16,16,1,1,1,1,0.0,0.6161664648066737,1223,1873,2.758007870012365e+16,165864067239936.0
3957,question_16_aime_Qwen3-32B_S16,16,1,1,1,1,0.0,0.6161664648066737,1223,4630,2.974080234406093e+16,178268941267968.0
3958,question_16_aime_Qwen3-32B_S8,8,1,1,1,1,0.0,0.2863079345289774,1980,1980,3.666005299905638e+16,224750796309504.0
3959,question_16_aime_Qwen3-32B_S8,8,1,1,1,1,0.0,0.45928381987450534,613,613,1.976556954991053e+16,121756869605376.0
3960,question_16_aime_Qwen3-32B_S8,8,1,1,1,1,0.0,0.5663197717518162,650,1317,2.135973043958016e+16,132141507156992.0
3961,question_16_aime_Qwen3-32B_S4,4,1,1,1,1,0.0,0.5028543460238022,942,2419,2.083214911421696e+16,130302848705536.0
3962,question_16_aime_Qwen3-32B_S4,4,1,1,1,1,0.0,0.4007389172110122,1477,1477,2.321667689984256e+16,145554157126656.0
3963,question_16_aime_Qwen3-32B_S4,4,1,1,1,1,0.0,0.23372740760503638,606,606,1.088412192135168e+16,68141132888064.0
3964,question_16_aime_Qwen3-32B_S2,2,1,1,1,1,0.0,0.508326077386999,598,598,8961173629437440.0,56613126085632.0
3965,question_16_aime_Qwen3-32B_S2,2,1,1,1,1,0.0,0.4595306293920689,810,810,1.4111283549255168e+16,89068426973184.0
3966,question_16_aime_Qwen3-32B_S2,2,1,1,1,1,0.0,0.7398696758077117,645,645,1.0959855553469952e+16,69238153901568.0
3967,question_16_aime_Qwen3-32B_S1,1,1,1,1,1,0.0,0.5663197717518162,650,650,6787286665721856.0,42991712049664.0
3968,question_16_aime_Qwen3-32B_S1,1,1,1,1,1,0.0,0.508326077386999,598,598,6352407187821056.0,40282512888832.0
3969,question_16_aime_Qwen3-32B_S1,1,1,1,1,1,0.0,0.5663197717518162,650,650,6787286665721856.0,42991712049664.0
3970,question_17_aime_Qwen3-32B_S64,64,1,1,1,1,0.0,0.34342065724890036,1109,3885,3.958581929466778e+16,224309781904384.0
3971,question_17_aime_Qwen3-32B_S64,64,1,1,1,1,0.0,0.34342065724890036,1109,3885,3.958581929466778e+16,224309781904384.0
3972,question_17_aime_Qwen3-32B_S64,64,1,1,1,1,0.0,0.34342065724890036,1109,3885,3.958581929466778e+16,224309781904384.0
3973,question_17_aime_Qwen3-32B_S32,32,1,1,1,1,0.0,0.28432252233678207,1242,2776,2.563053766087885e+16,150009539115008.0
3974,question_17_aime_Qwen3-32B_S32,32,1,1,1,1,0.0,0.34342065724890036,1109,3885,3.1578598823209984e+16,187595774923776.0
3975,question_17_aime_Qwen3-32B_S32,32,1,1,1,1,0.0,0.28432252233678207,1242,1242,3.0433850862403584e+16,180308320202752.0
3976,question_17_aime_Qwen3-32B_S16,16,1,1,1,1,0.0,0.28432252233678207,1242,2776,2.977575130562509e+16,182705451858944.0
3977,question_17_aime_Qwen3-32B_S16,16,1,1,1,1,0.0,0.28432252233678207,1242,1242,2.385887427189453e+16,145382787431424.0
3978,question_17_aime_Qwen3-32B_S16,16,1,1,1,1,0.0,0.11926947425630925,1534,1534,2.866559793658419e+16,174118652207104.0
3979,question_17_aime_Qwen3-32B_S8,8,1,1,1,1,0.0,0.38435093506572976,1002,2303,2.843334239355085e+16,175310275104768.0
3980,question_17_aime_Qwen3-32B_S8,8,1,1,1,1,0.0,0.3821699696673478,1335,3333,3.206319497839821e+16,199009548719616.0
3981,question_17_aime_Qwen3-32B_S8,8,1,1,1,1,1.0,0.3142476498889809,1737,1737,3.677414293788774e+16,226282299594240.0
3982,question_17_aime_Qwen3-32B_S4,4,1,1,1,1,0.0,0.3779793799270754,1786,3545,3.3891923664508416e+16,211941161164288.0
3983,question_17_aime_Qwen3-32B_S4,4,1,1,1,1,0.0,0.10033792469249446,1731,1731,3.309365741010483e+16,206966886195200.0
3984,question_17_aime_Qwen3-32B_S4,4,1,1,1,1,0.0,0.28432252233678207,1242,1242,1.6904041162518016e+16,106481489642496.0
3985,question_17_aime_Qwen3-32B_S2,2,1,1,1,1,0.0,0.4303221625406943,2645,4090,3.1887764016503296e+16,200508352717824.0
3986,question_17_aime_Qwen3-32B_S2,2,1,1,1,1,0.0,0.3006239184601576,1722,1722,3.01448216900352e+16,189639818303488.0
3987,question_17_aime_Qwen3-32B_S2,2,1,1,1,1,0.0,0.067057614408327,1732,1732,3.3065278834622976e+16,208461824220672.0
3988,question_17_aime_Qwen3-32B_S1,1,1,1,1,1,0.0,0.3821699696673478,1335,1335,1.3977629386790912e+16,88641217539584.0
3989,question_17_aime_Qwen3-32B_S1,1,1,1,1,1,0.0,0.2609742619635088,1941,1941,2.0292720847084544e+16,128090025308160.0
3990,question_17_aime_Qwen3-32B_S1,1,1,1,1,1,0.0,0.14286509577517054,1723,1723,1.79555010422656e+16,113645354510336.0
3991,question_18_aime_Qwen3-32B_S64,64,1,1,1,1,1.0,0.8272464971183838,1439,1439,4.527855408142029e+16,267411522049536.0
3992,question_18_aime_Qwen3-32B_S64,64,1,1,1,1,1.0,0.8011629205035489,1557,1557,4.527855408142029e+16,267411522049536.0
3993,question_18_aime_Qwen3-32B_S64,64,1,1,1,1,1.0,0.8011629205035489,1557,1557,4.527855408142029e+16,267411522049536.0
3994,question_18_aime_Qwen3-32B_S32,32,1,1,1,1,1.0,0.7941654510476421,1529,3168,3.423086809001165e+16,208447021811200.0
3995,question_18_aime_Qwen3-32B_S32,32,1,1,1,1,1.0,0.8011629205035489,1557,3027,4.138459481039667e+16,250416694910464.0
3996,question_18_aime_Qwen3-32B_S32,32,1,1,1,1,1.0,0.8011629205035489,1557,4333,3.956167802236774e+16,238325393896960.0
3997,question_18_aime_Qwen3-32B_S16,16,1,1,1,1,1.0,0.8011629205035489,1557,1557,2.8642265711870464e+16,177844463829504.0
3998,question_18_aime_Qwen3-32B_S16,16,1,1,1,1,1.0,0.8011629205035489,1557,2863,2.766766928492544e+16,170227052524032.0
3999,question_18_aime_Qwen3-32B_S16,16,1,1,1,1,1.0,0.7941654510476421,1529,1529,3.348133962138368e+16,207727504832000.0
4000,question_18_aime_Qwen3-32B_S8,8,1,1,1,1,1.0,0.8272464971183838,1439,1439,1.9813247431424e+16,123839134329344.0
4001,question_18_aime_Qwen3-32B_S8,8,1,1,1,1,1.0,0.8215256837712381,1236,1236,2.1952942406985216e+16,136155093441536.0
4002,question_18_aime_Qwen3-32B_S8,8,1,1,1,1,1.0,0.8011629205035489,1557,1557,2.4206578198862336e+16,151529381621248.0
4003,question_18_aime_Qwen3-32B_S4,4,1,1,1,1,1.0,0.8633808112864756,1354,2883,2.879333253288243e+16,181018250782720.0
4004,question_18_aime_Qwen3-32B_S4,4,1,1,1,1,0.0,0.4035498312823396,1470,1470,2.2690381519218176e+16,143103068107776.0
4005,question_18_aime_Qwen3-32B_S4,4,1,1,1,1,1.0,0.9145375399546878,1508,1508,3.083919566945997e+16,192998346982912.0
4006,question_18_aime_Qwen3-32B_S2,2,1,1,1,1,1.0,0.6939551170420849,1678,1678,2.826220529890816e+16,178385160273408.0
4007,question_18_aime_Qwen3-32B_S2,2,1,1,1,1,1.0,0.6895789670554692,1233,1233,2.0412808368260096e+16,128794344891904.0
4008,question_18_aime_Qwen3-32B_S2,2,1,1,1,1,1.0,0.23542221051821302,1257,1257,2.319045365286093e+16,146202148851712.0
4009,question_18_aime_Qwen3-32B_S1,1,1,1,1,1,1.0,0.8503462226140166,1780,1780,1.8615725595211776e+16,117977829790208.0
4010,question_18_aime_Qwen3-32B_S1,1,1,1,1,1,1.0,0.9145375399546878,1508,1508,1.5685545924204544e+16,99415346517504.0
4011,question_18_aime_Qwen3-32B_S1,1,1,1,1,1,1.0,0.7616106158902468,1975,1975,2.061627468034099e+16,130634903987712.0
4012,question_19_aime_Qwen3-32B_S64,64,1,1,1,1,0.0,0.23475360945271417,701,946,1.6507325042637824e+16,90848399867904.0
4013,question_19_aime_Qwen3-32B_S64,64,1,1,1,1,0.0,0.23475360945271417,701,946,1.6507325042637824e+16,90848399867904.0
4014,question_19_aime_Qwen3-32B_S64,64,1,1,1,1,0.0,0.23475360945271417,701,946,1.6507325042637824e+16,90848399867904.0
4015,question_19_aime_Qwen3-32B_S32,32,1,1,1,1,1.0,0.20288115682106111,551,2431,1.6908217923064832e+16,97114170337792.0
4016,question_19_aime_Qwen3-32B_S32,32,1,1,1,1,0.0,0.23475360945271417,701,946,1.312311425318144e+16,76343056813056.0
4017,question_19_aime_Qwen3-32B_S32,32,1,1,1,1,0.0,0.23475360945271417,701,946,1.407514579834368e+16,83038205474816.0
4018,question_19_aime_Qwen3-32B_S16,16,1,1,1,1,0.0,0.23475360945271417,701,1918,1.6099487463415296e+16,97922378677760.0
4019,question_19_aime_Qwen3-32B_S16,16,1,1,1,1,0.0,0.23475360945271417,701,1876,1.5113677733415424e+16,91729578448384.0
4020,question_19_aime_Qwen3-32B_S16,16,1,1,1,1,1.0,0.563248808055684,667,1167,1.7123122644157952e+16,103154367154176.0
4021,question_19_aime_Qwen3-32B_S8,8,1,1,1,1,1.0,0.635271000577118,549,2280,1.2045187275600384e+16,74328499929600.0
4022,question_19_aime_Qwen3-32B_S8,8,1,1,1,1,0.0,0.1365445827680755,735,2363,1.4713581559975424e+16,90853322903552.0
4023,question_19_aime_Qwen3-32B_S8,8,1,1,1,1,0.0,0.3796181904209752,916,2321,1.7197212350341632e+16,106462905363968.0
4024,question_19_aime_Qwen3-32B_S4,4,1,1,1,1,0.0,0.09977795731571172,602,1496,1.2028756952528896e+16,75323337432064.0
4025,question_19_aime_Qwen3-32B_S4,4,1,1,1,1,0.0,0.05735515872853079,245,245,6762730942774784.0,42346734465024.0
4026,question_19_aime_Qwen3-32B_S4,4,1,1,1,1,1.0,0.31321105908330416,695,1210,1.0095612873840128e+16,63105247949824.0
4027,question_19_aime_Qwen3-32B_S2,2,1,1,1,1,0.0,0.24321185971111994,747,1530,1.06390789543296e+16,66980505071616.0
4028,question_19_aime_Qwen3-32B_S2,2,1,1,1,1,0.0,0.05195315069298066,751,751,1.0480426947815424e+16,66324573763584.0
4029,question_19_aime_Qwen3-32B_S2,2,1,1,1,1,0.0,0.020735806853589757,563,1013,7397019323878912.0,46626108816384.0
4030,question_19_aime_Qwen3-32B_S1,1,1,1,1,1,0.0,0.027934025216460292,508,508,5323155102692864.0,33660932096512.0
4031,question_19_aime_Qwen3-32B_S1,1,1,1,1,1,0.0,0.15542680167156636,621,621,6600085484909568.0,41802747573248.0
4032,question_19_aime_Qwen3-32B_S1,1,1,1,1,1,0.0,0.10863912759405844,573,573,6172430102044160.0,39154007499264.0
4033,question_2_aime_Qwen3-32B_S64,64,1,1,1,1,0.0,0.7821926021084125,1286,4332,4.654084255494451e+16,268826401007616.0
4034,question_2_aime_Qwen3-32B_S64,64,1,1,1,1,0.0,0.7821926021084125,1286,4332,4.654084255494451e+16,268826401007616.0
4035,question_2_aime_Qwen3-32B_S64,64,1,1,1,1,0.0,0.7821926021084125,1286,4332,4.654084255494451e+16,268826401007616.0
4036,question_2_aime_Qwen3-32B_S32,32,1,1,1,1,0.0,0.36299178063710613,885,2211,3.114025026983885e+16,185339560980480.0
4037,question_2_aime_Qwen3-32B_S32,32,1,1,1,1,0.0,0.6737728241303058,1251,3757,4.02146411790807e+16,239438125455872.0
4038,question_2_aime_Qwen3-32B_S32,32,1,1,1,1,0.0,0.7821926021084125,1286,3447,3.91717588938496e+16,235531758159872.0
4039,question_2_aime_Qwen3-32B_S16,16,1,1,1,1,0.0,0.7821926021084125,1286,3928,3.963636199018803e+16,244065356166144.0
4040,question_2_aime_Qwen3-32B_S16,16,1,1,1,1,0.0,0.6291096106970614,1407,2292,3.865588976453069e+16,238105619495424.0
4041,question_2_aime_Qwen3-32B_S16,16,1,1,1,1,0.0,0.6737728241303058,1251,4313,2.9947824524069376e+16,183302723784192.0
4042,question_2_aime_Qwen3-32B_S8,8,1,1,1,1,0.0,0.3479093162530811,1004,1671,2.3407677742921216e+16,145623594805760.0
4043,question_2_aime_Qwen3-32B_S8,8,1,1,1,1,1.0,0.36649899020816956,1339,1892,2.598423993893888e+16,161437461501952.0
4044,question_2_aime_Qwen3-32B_S8,8,1,1,1,1,0.0,0.7008232675763543,1109,3496,3.034803597508301e+16,189144415896576.0
4045,question_2_aime_Qwen3-32B_S4,4,1,1,1,1,0.0,0.4472051410762705,1295,2830,2.609751007536589e+16,163708909348352.0
4046,question_2_aime_Qwen3-32B_S4,4,1,1,1,1,0.0,0.6737728241303058,1251,2268,2.2489588837904384e+16,141627275439104.0
4047,question_2_aime_Qwen3-32B_S4,4,1,1,1,1,0.0,0.7008232675763543,1109,1109,2.185538486829056e+16,137617561762816.0
4048,question_2_aime_Qwen3-32B_S2,2,1,1,1,1,0.0,0.3206752213881828,1636,1636,2.5981572452909056e+16,164099673274368.0
4049,question_2_aime_Qwen3-32B_S2,2,1,1,1,1,0.0,0.4472051410762705,1295,1295,1.9608041652529664e+16,123927271342592.0
4050,question_2_aime_Qwen3-32B_S2,2,1,1,1,1,0.0,0.3629723753714574,1121,1121,1.840753654473165e+16,116178739544576.0
4051,question_2_aime_Qwen3-32B_S1,1,1,1,1,1,0.0,0.5096179302495472,910,910,9492579463627264.0,60115342776320.0
4052,question_2_aime_Qwen3-32B_S1,1,1,1,1,1,0.0,0.3450483038832413,1841,1841,1.9278733375768576e+16,122147622270976.0
4053,question_2_aime_Qwen3-32B_S1,1,1,1,1,1,0.0,0.6368425811273715,1191,1191,1.250157535505152e+16,79311843961344.0
4054,question_20_aime_Qwen3-32B_S64,64,1,1,1,1,0.0,0.4688617554179242,925,1997,3.610912598764288e+16,206063848855040.0
4055,question_20_aime_Qwen3-32B_S64,64,1,1,1,1,0.0,0.4688617554179242,925,1997,3.610912598764288e+16,206063848855040.0
4056,question_20_aime_Qwen3-32B_S64,64,1,1,1,1,0.0,0.4688617554179242,925,1997,3.610912598764288e+16,206063848855040.0
4057,question_20_aime_Qwen3-32B_S32,32,1,1,1,1,0.0,0.4688617554179242,925,1997,2.8136901972071936e+16,167805767180800.0
4058,question_20_aime_Qwen3-32B_S32,32,1,1,1,1,0.0,0.4688617554179242,925,1997,3.134845171826125e+16,187717778985472.0
4059,question_20_aime_Qwen3-32B_S32,32,1,1,1,1,0.0,0.7702336040582456,876,2679,3.5239972142974464e+16,209994836828160.0
4060,question_20_aime_Qwen3-32B_S16,16,1,1,1,1,0.0,0.7702336040582456,876,3073,3.5881197268773376e+16,220440621122048.0
4061,question_20_aime_Qwen3-32B_S16,16,1,1,1,1,0.0,0.7702336040582456,876,3304,3.0552471944807936e+16,186681108150272.0
4062,question_20_aime_Qwen3-32B_S16,16,1,1,1,1,0.0,0.612412835145475,797,2600,3.012351210432205e+16,185019000386560.0
4063,question_20_aime_Qwen3-32B_S8,8,1,1,1,1,0.0,0.7310797425894809,647,647,2.511298918742784e+16,156433707747328.0
4064,question_20_aime_Qwen3-32B_S8,8,1,1,1,1,0.0,0.4688617554179242,925,925,2.0738762289483776e+16,129307230931456.0
4065,question_20_aime_Qwen3-32B_S8,8,1,1,1,1,0.0,0.693704413095616,653,4337,2.558467636471603e+16,158682227945984.0
4066,question_20_aime_Qwen3-32B_S4,4,1,1,1,1,0.0,0.612412835145475,797,1743,2.4271478254685696e+16,152911520504320.0
4067,question_20_aime_Qwen3-32B_S4,4,1,1,1,1,0.0,0.6140935047237143,1257,2357,2.9114866155828224e+16,182481540845056.0
4068,question_20_aime_Qwen3-32B_S4,4,1,1,1,1,0.0,0.7310797425894809,647,1444,1.2395692247065088e+16,77709441916928.0
4069,question_20_aime_Qwen3-32B_S2,2,1,1,1,1,0.0,0.41258864114089844,1072,1072,1.993456232029645e+16,126446856060928.0
4070,question_20_aime_Qwen3-32B_S2,2,1,1,1,1,0.0,0.4688617554179242,925,925,1.099078330377216e+16,69670986905088.0
4071,question_20_aime_Qwen3-32B_S2,2,1,1,1,1,0.0,0.4078363032918447,1037,1037,1.4958556496880128e+16,94359803358720.0
4072,question_20_aime_Qwen3-32B_S1,1,1,1,1,1,0.0,0.28445961907048745,922,922,9665152509740544.0,61271158032384.0
4073,question_20_aime_Qwen3-32B_S1,1,1,1,1,1,0.0,0.5220879131535393,1400,1400,1.5034962662729728e+16,95468606743040.0
4074,question_20_aime_Qwen3-32B_S1,1,1,1,1,1,0.0,0.4688617554179242,925,925,9862414344942592.0,62680132216832.0
4075,question_21_aime_Qwen3-32B_S64,64,1,1,1,1,0.0,0.4218243276007812,518,2132,3.091382947342797e+16,174718406380544.0
4076,question_21_aime_Qwen3-32B_S64,64,1,1,1,1,0.0,0.4218243276007812,518,2132,3.091382947342797e+16,174718406380544.0
4077,question_21_aime_Qwen3-32B_S64,64,1,1,1,1,0.0,0.4218243276007812,518,2132,3.091382947342797e+16,174718406380544.0
4078,question_21_aime_Qwen3-32B_S32,32,1,1,1,1,0.0,0.4218243276007812,518,2132,2.175622258967859e+16,128512689215488.0
4079,question_21_aime_Qwen3-32B_S32,32,1,1,1,1,0.0,0.49387508722582263,844,6035,4.381932556057549e+16,259965717967360.0
4080,question_21_aime_Qwen3-32B_S32,32,1,1,1,1,0.0,0.04196745208337935,636,636,2.227278890785536e+16,131872786529280.0
4081,question_21_aime_Qwen3-32B_S16,16,1,1,1,1,0.0,0.28404124826713667,978,978,3.2096186389884416e+16,196692276581376.0
4082,question_21_aime_Qwen3-32B_S16,16,1,1,1,1,0.0,0.46791196797309115,1214,3659,4.236517086151526e+16,259022581980672.0
4083,question_21_aime_Qwen3-32B_S16,16,1,1,1,1,0.0,0.46791196797309115,1214,2040,3.796543735997235e+16,230544106115072.0
4084,question_21_aime_Qwen3-32B_S8,8,1,1,1,1,0.0,0.08206193263141467,1132,1132,2.1071909924125184e+16,130542601184768.0
4085,question_21_aime_Qwen3-32B_S8,8,1,1,1,1,0.0,0.28404124826713667,978,978,2.9650496338432e+16,185022514173952.0
4086,question_21_aime_Qwen3-32B_S8,8,1,1,1,1,0.0,0.08206193263141467,1132,1132,3.011372409821901e+16,187267817753088.0
4087,question_21_aime_Qwen3-32B_S4,4,1,1,1,1,0.0,0.2397480923258636,2103,2103,2.911796897883443e+16,183075793595392.0
4088,question_21_aime_Qwen3-32B_S4,4,1,1,1,1,0.0,0.08206193263141467,1132,1132,2.035008733636352e+16,127669476492800.0
4089,question_21_aime_Qwen3-32B_S4,4,1,1,1,1,0.0,0.49387508722582263,844,3898,3.055858329028557e+16,192327224050688.0
4090,question_21_aime_Qwen3-32B_S2,2,1,1,1,1,0.0,0.1192927676121056,1111,1111,1.9835942078201344e+16,125385166963712.0
4091,question_21_aime_Qwen3-32B_S2,2,1,1,1,1,0.0,0.22735929419875045,1920,1920,4.125217474095616e+16,259708755207680.0
4092,question_21_aime_Qwen3-32B_S2,2,1,1,1,1,0.0,0.40302502551585045,1518,1518,2.211941634561741e+16,139428413276160.0
4093,question_21_aime_Qwen3-32B_S1,1,1,1,1,1,0.0,0.5068931198121964,2520,2520,2.629672729800909e+16,166218117566464.0
4094,question_21_aime_Qwen3-32B_S1,1,1,1,1,1,0.0,0.18162625321741693,1482,1482,1.5667760082118144e+16,99344261093888.0
4095,question_21_aime_Qwen3-32B_S1,1,1,1,1,1,0.0,0.14833348205039043,1653,1653,1.7332452677589504e+16,109509641984000.0
4096,question_22_aime_Qwen3-32B_S64,64,1,1,1,1,0.0,0.10764337182860241,519,4871,3.0012255628545024e+16,168814854750720.0
4097,question_22_aime_Qwen3-32B_S64,64,1,1,1,1,0.0,0.10764337182860241,519,4871,3.0012255628545024e+16,168814854750720.0
4098,question_22_aime_Qwen3-32B_S64,64,1,1,1,1,0.0,0.10764337182860241,519,4871,3.0012255628545024e+16,168814854750720.0
4099,question_22_aime_Qwen3-32B_S32,32,1,1,1,1,0.0,0.12322640596706429,631,4904,2.776230492232397e+16,165149618038784.0
4100,question_22_aime_Qwen3-32B_S32,32,1,1,1,1,0.0,0.17378597442717897,557,3928,2.211234849785856e+16,128814177579520.0
4101,question_22_aime_Qwen3-32B_S32,32,1,1,1,1,0.0,0.10764337182860241,519,1812,2.143708985465856e+16,126117822930432.0
4102,question_22_aime_Qwen3-32B_S16,16,1,1,1,1,0.0,0.10764337182860241,519,519,2.510365992012493e+16,154396623605248.0
4103,question_22_aime_Qwen3-32B_S16,16,1,1,1,1,0.0,0.17378597442717897,557,1788,1.916826507646259e+16,115711514341376.0
4104,question_22_aime_Qwen3-32B_S16,16,1,1,1,1,0.0,0.041274119830493526,607,1718,1.5949088531122688e+16,96190142730240.0
4105,question_22_aime_Qwen3-32B_S8,8,1,1,1,1,0.0,0.10764337182860241,519,1139,1.154757916672768e+16,71396576711168.0
4106,question_22_aime_Qwen3-32B_S8,8,1,1,1,1,0.0,0.17378597442717897,557,1858,1.6153611538549248e+16,100172700628992.0
4107,question_22_aime_Qwen3-32B_S8,8,1,1,1,1,0.0,0.024444236877228277,425,940,1.2500948523654144e+16,77002524059648.0
4108,question_22_aime_Qwen3-32B_S4,4,1,1,1,1,0.0,0.08031374890574718,436,436,1.440481037828096e+16,90335585857536.0
4109,question_22_aime_Qwen3-32B_S4,4,1,1,1,1,0.0,0.17378597442717897,557,993,9442547690720256.0,59031865088000.0
4110,question_22_aime_Qwen3-32B_S4,4,1,1,1,1,0.0,0.024444236877228277,425,425,1.5393347126974464e+16,97002518663168.0
4111,question_22_aime_Qwen3-32B_S2,2,1,1,1,1,0.0,0.02768650988234315,763,763,1.6438244535770624e+16,103934083323392.0
4112,question_22_aime_Qwen3-32B_S2,2,1,1,1,1,0.0,0.0880134977113009,620,1306,8927460400135168.0,56391581482496.0
4113,question_22_aime_Qwen3-32B_S2,2,1,1,1,1,0.0,0.12322640596706429,631,631,9552921039276032.0,60427121106944.0
4114,question_22_aime_Qwen3-32B_S1,1,1,1,1,1,0.0,0.0880134977113009,620,620,6627737833019904.0,42061374484992.0
4115,question_22_aime_Qwen3-32B_S1,1,1,1,1,1,0.0,0.0441034253314119,643,643,6802696246474752.0,43123203127296.0
4116,question_22_aime_Qwen3-32B_S1,1,1,1,1,1,0.0,0.07648760720153545,624,624,6509771470949376.0,41278694700544.0
4117,question_23_aime_Qwen3-32B_S64,64,1,1,1,1,0.0,0.5,611,1070,2.074831490592768e+16,111488273712128.0
4118,question_23_aime_Qwen3-32B_S64,64,1,1,1,1,0.0,0.5,611,1070,2.074831490592768e+16,111488273712128.0
4119,question_23_aime_Qwen3-32B_S64,64,1,1,1,1,0.0,0.5,611,1070,2.074831490592768e+16,111488273712128.0
4120,question_23_aime_Qwen3-32B_S32,32,1,1,1,1,0.0,0.5,459,459,1.5697974387641344e+16,90112533947392.0
4121,question_23_aime_Qwen3-32B_S32,32,1,1,1,1,0.0,0.5,611,611,1.6838400810113536e+16,97149179284480.0
4122,question_23_aime_Qwen3-32B_S32,32,1,1,1,1,0.0,0.5,611,611,1.6467269773024256e+16,94692174025728.0
4123,question_23_aime_Qwen3-32B_S16,16,1,1,1,1,0.0,0.5,1079,1805,2.372833289691648e+16,143042723185152.0
4124,question_23_aime_Qwen3-32B_S16,16,1,1,1,1,0.0,0.5,791,2807,2.676013860860365e+16,161615382190592.0
4125,question_23_aime_Qwen3-32B_S16,16,1,1,1,1,0.0,0.5,726,1415,2.2346020883600896e+16,134867665785344.0
4126,question_23_aime_Qwen3-32B_S8,8,1,1,1,1,0.0,0.5,837,837,3.0733467178079744e+16,190133518990336.0
4127,question_23_aime_Qwen3-32B_S8,8,1,1,1,1,0.0,0.5,726,726,1.790029211121152e+16,110660277970432.0
4128,question_23_aime_Qwen3-32B_S8,8,1,1,1,1,0.0,0.5,669,3028,2.696863700328909e+16,166110318103040.0
4129,question_23_aime_Qwen3-32B_S4,4,1,1,1,1,0.0,0.5,1079,1079,2.2951757963257344e+16,143716353725440.0
4130,question_23_aime_Qwen3-32B_S4,4,1,1,1,1,0.0,0.5,837,837,1.965089118605568e+16,122794506528768.0
4131,question_23_aime_Qwen3-32B_S4,4,1,1,1,1,0.0,0.5,756,1801,1.7677793040223232e+16,110412405440512.0
4132,question_23_aime_Qwen3-32B_S2,2,1,1,1,1,0.0,0.5,1045,1045,1.6727314516086272e+16,105420647467520.0
4133,question_23_aime_Qwen3-32B_S2,2,1,1,1,1,0.0,0.5,1165,1165,1.959853224559565e+16,123337552326656.0
4134,question_23_aime_Qwen3-32B_S2,2,1,1,1,1,0.0,0.5,791,791,1.458091272968704e+16,91981624259584.0
4135,question_23_aime_Qwen3-32B_S1,1,1,1,1,1,0.0,0.5,1045,1045,1.0904234778940416e+16,68988414590976.0
4136,question_23_aime_Qwen3-32B_S1,1,1,1,1,1,0.0,0.5,1165,1165,1.2181811033210368e+16,76918504305152.0
4137,question_23_aime_Qwen3-32B_S1,1,1,1,1,1,0.0,0.5,1165,1165,1.2181811033210368e+16,76918504305152.0
4138,question_24_aime_Qwen3-32B_S64,64,1,1,1,1,0.0,0.4239085813172265,341,341,1.29368546050176e+16,72707746992128.0
4139,question_24_aime_Qwen3-32B_S64,64,1,1,1,1,0.0,0.4239085813172265,341,341,1.29368546050176e+16,72707746992128.0
4140,question_24_aime_Qwen3-32B_S64,64,1,1,1,1,0.0,0.4239085813172265,341,341,1.29368546050176e+16,72707746992128.0
4141,question_24_aime_Qwen3-32B_S32,32,1,1,1,1,0.0,0.4239085813172265,341,341,1.0059602326414336e+16,59382122813440.0
4142,question_24_aime_Qwen3-32B_S32,32,1,1,1,1,0.0,0.4239085813172265,341,341,1.0042383423609856e+16,59395146437632.0
4143,question_24_aime_Qwen3-32B_S32,32,1,1,1,1,0.0,0.4239085813172265,341,341,9457446974643200.0,55927850935296.0
4144,question_24_aime_Qwen3-32B_S16,16,1,1,1,1,0.0,0.4239085813172265,341,341,8918421756476928.0,54357417583616.0
4145,question_24_aime_Qwen3-32B_S16,16,1,1,1,1,0.0,0.49797318495833004,487,883,1.2665868140170752e+16,77044543898112.0
4146,question_24_aime_Qwen3-32B_S16,16,1,1,1,1,0.0,0.4239085813172265,341,341,9575262574621696.0,58662852299776.0
4147,question_24_aime_Qwen3-32B_S8,8,1,1,1,1,0.0,0.6099871571254721,350,1183,1.2182687003513344e+16,75837882563072.0
4148,question_24_aime_Qwen3-32B_S8,8,1,1,1,1,0.0,0.5,638,638,1.2716646531608064e+16,79373480144896.0
4149,question_24_aime_Qwen3-32B_S8,8,1,1,1,1,0.0,0.49797318495833004,487,487,1.989175839465472e+16,124520596698112.0
4150,question_24_aime_Qwen3-32B_S4,4,1,1,1,1,0.0,0.524006710148401,671,671,1.6579418041976832e+16,103277244922368.0
4151,question_24_aime_Qwen3-32B_S4,4,1,1,1,1,0.0,0.339261169759921,2034,3205,2.5387638908803584e+16,159772609152512.0
4152,question_24_aime_Qwen3-32B_S4,4,1,1,1,1,0.0,0.6677884332259827,464,2582,1.5348760413110272e+16,96352913035264.0
4153,question_24_aime_Qwen3-32B_S2,2,1,1,1,1,0.0,0.339261169759921,2034,2034,2.5232866850824704e+16,159739256626688.0
4154,question_24_aime_Qwen3-32B_S2,2,1,1,1,1,0.0,0.339261169759921,2034,2034,2.2206281957871616e+16,140678368563712.0
4155,question_24_aime_Qwen3-32B_S2,2,1,1,1,1,0.0,0.15756409253290451,833,833,1.064778273412608e+16,67380212582912.0
4156,question_24_aime_Qwen3-32B_S1,1,1,1,1,1,0.0,0.028206455621558837,625,625,6536185705634816.0,41359801641472.0
4157,question_24_aime_Qwen3-32B_S1,1,1,1,1,1,0.0,0.19408704747095107,1733,1733,1.820165970868787e+16,114434711751680.0
4158,question_24_aime_Qwen3-32B_S1,1,1,1,1,1,0.0,0.5629427364280797,1652,1652,1.737676529677824e+16,109728063380992.0
4159,question_25_aime_Qwen3-32B_S64,64,1,1,1,1,0.0,0.5,787,1694,2.931901293246259e+16,172158550588416.0
4160,question_25_aime_Qwen3-32B_S64,64,1,1,1,1,0.0,0.5,787,1694,2.931901293246259e+16,172158550588416.0
4161,question_25_aime_Qwen3-32B_S64,64,1,1,1,1,0.0,0.5,907,1694,2.931901293246259e+16,172158550588416.0
4162,question_25_aime_Qwen3-32B_S32,32,1,1,1,1,0.0,0.5,1127,3737,2.766487060014643e+16,168364349240320.0
4163,question_25_aime_Qwen3-32B_S32,32,1,1,1,1,0.0,0.5,1191,7196,2.811128905511219e+16,168412518461440.0
4164,question_25_aime_Qwen3-32B_S32,32,1,1,1,1,0.0,0.5,787,4021,2.9663975161211904e+16,179541928754176.0
4165,question_25_aime_Qwen3-32B_S16,16,1,1,1,1,0.0,0.5,907,907,2.439615830522624e+16,151571341173760.0
4166,question_25_aime_Qwen3-32B_S16,16,1,1,1,1,0.0,0.5,787,787,2.051866834459699e+16,126453874376704.0
4167,question_25_aime_Qwen3-32B_S16,16,1,1,1,1,0.0,0.5,907,907,1.644301232717824e+16,101876706947072.0
4168,question_25_aime_Qwen3-32B_S8,8,1,1,1,1,0.0,0.5,907,907,1.65112308913664e+16,103563060345856.0
4169,question_25_aime_Qwen3-32B_S8,8,1,1,1,1,0.0,0.5,1127,2202,2.482861362645504e+16,156007071506944.0
4170,question_25_aime_Qwen3-32B_S8,8,1,1,1,1,0.0,0.5,907,907,1.7441590598534144e+16,109099694494720.0
4171,question_25_aime_Qwen3-32B_S4,4,1,1,1,1,0.0,0.5,714,3359,2.1278392929401344e+16,133538039370752.0
4172,question_25_aime_Qwen3-32B_S4,4,1,1,1,1,0.0,0.5,807,1542,1.2142329884550656e+16,76439954292736.0
4173,question_25_aime_Qwen3-32B_S4,4,1,1,1,1,0.0,0.5,995,995,1.3268483422803968e+16,83668464313856.0
4174,question_25_aime_Qwen3-32B_S2,2,1,1,1,1,0.0,0.5,497,1229,8993417460439040.0,56916203449344.0
4175,question_25_aime_Qwen3-32B_S2,2,1,1,1,1,0.0,0.5,1792,1792,2.196927185891021e+16,139128411017728.0
4176,question_25_aime_Qwen3-32B_S2,2,1,1,1,1,0.0,0.5,497,497,6725340904488960.0,42576315057664.0
4177,question_25_aime_Qwen3-32B_S1,1,1,1,1,1,0.0,0.5,1645,1645,1.7093562434190336e+16,108443974965760.0
4178,question_25_aime_Qwen3-32B_S1,1,1,1,1,1,0.0,0.5,1961,1961,2.0375489757400064e+16,129221534134272.0
4179,question_25_aime_Qwen3-32B_S1,1,1,1,1,1,0.0,0.5,648,648,6839994921216000.0,43424644223488.0
4180,question_26_aime_Qwen3-32B_S64,64,1,1,1,1,0.0,0.42842068073605816,1615,3795,4.086015832868557e+16,232979385267712.0
4181,question_26_aime_Qwen3-32B_S64,64,1,1,1,1,0.0,0.42842068073605816,1615,3795,4.086015832868557e+16,232979385267712.0
4182,question_26_aime_Qwen3-32B_S64,64,1,1,1,1,0.0,0.42842068073605816,1615,3795,4.086015832868557e+16,232979385267712.0
4183,question_26_aime_Qwen3-32B_S32,32,1,1,1,1,0.0,0.42842068073605816,1615,4545,3.782324254760653e+16,223393725509632.0
4184,question_26_aime_Qwen3-32B_S32,32,1,1,1,1,0.0,0.42842068073605816,1615,2634,3.68933508067799e+16,220337639081472.0
4185,question_26_aime_Qwen3-32B_S32,32,1,1,1,1,0.0,0.1317727472374045,1019,1019,2.4974049218886144e+16,146978060886528.0
4186,question_26_aime_Qwen3-32B_S16,16,1,1,1,1,0.0,0.1317727472374045,1019,1019,3.0667271981978624e+16,188046861591040.0
4187,question_26_aime_Qwen3-32B_S16,16,1,1,1,1,0.0,0.42842068073605816,1615,1615,3.050626470191616e+16,185560446677504.0
4188,question_26_aime_Qwen3-32B_S16,16,1,1,1,1,0.0,0.40582996209866923,1560,3258,4.992872921972019e+16,305587233683968.0
4189,question_26_aime_Qwen3-32B_S8,8,1,1,1,1,0.0,0.40582996209866923,1560,3250,3.6024040401918976e+16,223681300537856.0
4190,question_26_aime_Qwen3-32B_S8,8,1,1,1,1,0.0,0.38549563024594163,1867,5408,3.66261487315072e+16,225815982754816.0
4191,question_26_aime_Qwen3-32B_S8,8,1,1,1,1,0.0,0.04691780526902327,1715,1715,2.609109248136141e+16,162813097377792.0
4192,question_26_aime_Qwen3-32B_S4,4,1,1,1,1,0.0,0.03257441402382197,1872,1872,2.6232127022209536e+16,165193472869376.0
4193,question_26_aime_Qwen3-32B_S4,4,1,1,1,1,0.0,0.13147790226036915,1967,3426,3.654150095116595e+16,229107600444928.0
4194,question_26_aime_Qwen3-32B_S4,4,1,1,1,1,0.0,0.40582996209866923,1560,1560,2.925660974917581e+16,184211148626432.0
4195,question_26_aime_Qwen3-32B_S2,2,1,1,1,1,0.0,0.610155575390711,2014,3608,2.960120027871027e+16,187066325643776.0
4196,question_26_aime_Qwen3-32B_S2,2,1,1,1,1,0.0,0.3111119825330575,2688,2688,4.772086324529357e+16,298727893313024.0
4197,question_26_aime_Qwen3-32B_S2,2,1,1,1,1,0.0,0.03257441402382197,1872,1872,2.1320148004286976e+16,135111359347712.0
4198,question_26_aime_Qwen3-32B_S1,1,1,1,1,1,0.0,0.20525213661990582,2387,2387,2.4869663064848896e+16,157405416208896.0
4199,question_26_aime_Qwen3-32B_S1,1,1,1,1,1,0.0,0.3490202361349643,1964,1964,2.0502545296362496e+16,130057411038208.0
4200,question_26_aime_Qwen3-32B_S1,1,1,1,1,1,0.0,0.24657497849382964,1410,1410,1.467171167639552e+16,92977478809088.0
4201,question_27_aime_Qwen3-32B_S64,64,1,1,1,1,0.0,0.5,645,5835,3.2154011727438336e+16,182233376897024.0
4202,question_27_aime_Qwen3-32B_S64,64,1,1,1,1,0.0,0.5,1117,5835,3.2154011727438336e+16,182233376897024.0
4203,question_27_aime_Qwen3-32B_S64,64,1,1,1,1,0.0,0.5,1015,5835,3.2154011727438336e+16,182233376897024.0
4204,question_27_aime_Qwen3-32B_S32,32,1,1,1,1,0.0,0.5,893,2501,2.4989332221441024e+16,146812103162880.0
4205,question_27_aime_Qwen3-32B_S32,32,1,1,1,1,0.0,0.5,644,1659,2.4336122090883584e+16,144387025790976.0
4206,question_27_aime_Qwen3-32B_S32,32,1,1,1,1,0.0,0.5,1117,4297,2.825624057993165e+16,168617800045568.0
4207,question_27_aime_Qwen3-32B_S16,16,1,1,1,1,0.0,0.5,1015,2306,2.058014590686925e+16,126115179359232.0
4208,question_27_aime_Qwen3-32B_S16,16,1,1,1,1,0.0,0.5,1015,2530,2.249514337569536e+16,137629473745920.0
4209,question_27_aime_Qwen3-32B_S16,16,1,1,1,1,0.0,0.5,1015,2776,2.422748357468672e+16,148800860107776.0
4210,question_27_aime_Qwen3-32B_S8,8,1,1,1,1,0.0,0.5,1028,1426,2.392287650891571e+16,149261889216512.0
4211,question_27_aime_Qwen3-32B_S8,8,1,1,1,1,0.0,0.5,1117,1117,1.7947336599529472e+16,111822522955776.0
4212,question_27_aime_Qwen3-32B_S8,8,1,1,1,1,0.0,0.5,1015,1659,1.569042928114688e+16,97897846702080.0
4213,question_27_aime_Qwen3-32B_S4,4,1,1,1,1,0.0,0.5,644,644,1.6751482927625216e+16,105632776495104.0
4214,question_27_aime_Qwen3-32B_S4,4,1,1,1,1,0.0,0.5,583,583,2.136379076875981e+16,134322013018624.0
4215,question_27_aime_Qwen3-32B_S4,4,1,1,1,1,0.0,0.5,1123,2016,1.7373253574128128e+16,109354708300800.0
4216,question_27_aime_Qwen3-32B_S2,2,1,1,1,1,0.0,0.5,1028,1028,1.1659735824549888e+16,73806752171520.0
4217,question_27_aime_Qwen3-32B_S2,2,1,1,1,1,0.0,0.5,1461,1461,2.8703857757172736e+16,181193420117504.0
4218,question_27_aime_Qwen3-32B_S2,2,1,1,1,1,0.0,0.5,1621,1621,2.0273285565822976e+16,127782414185984.0
4219,question_27_aime_Qwen3-32B_S1,1,1,1,1,1,0.0,0.5,1148,1148,1.2015633429152256e+16,75920473856512.0
4220,question_27_aime_Qwen3-32B_S1,1,1,1,1,1,0.0,0.5,1829,1829,1.909650888556339e+16,120622809137664.0
4221,question_27_aime_Qwen3-32B_S1,1,1,1,1,1,0.0,0.5,1395,1395,1.4647111873089536e+16,92720924196864.0
4222,question_28_aime_Qwen3-32B_S64,64,1,1,1,1,0.0,0.6147297304138241,821,2867,2.300454161951232e+16,130363985951232.0
4223,question_28_aime_Qwen3-32B_S64,64,1,1,1,1,0.0,0.6147297304138241,821,2867,2.300454161951232e+16,130363985951232.0
4224,question_28_aime_Qwen3-32B_S64,64,1,1,1,1,0.0,0.6147297304138241,821,2867,2.300454161951232e+16,130363985951232.0
4225,question_28_aime_Qwen3-32B_S32,32,1,1,1,1,0.0,0.6147297304138241,821,2614,2.063094850223616e+16,122641314778112.0
4226,question_28_aime_Qwen3-32B_S32,32,1,1,1,1,0.0,0.15955649335410857,573,1262,2.713706125174579e+16,161010175286272.0
4227,question_28_aime_Qwen3-32B_S32,32,1,1,1,1,0.0,0.278559590295284,591,1687,1.974765161953229e+16,115972277670400.0
4228,question_28_aime_Qwen3-32B_S16,16,1,1,1,1,0.0,0.6147297304138241,821,1889,1.7649287910451712e+16,107997250778624.0
4229,question_28_aime_Qwen3-32B_S16,16,1,1,1,1,0.0,0.278559590295284,591,1210,1.4590077375659008e+16,88423900712448.0
4230,question_28_aime_Qwen3-32B_S16,16,1,1,1,1,0.0,0.278559590295284,591,1280,1.7011872690253312e+16,103768366225920.0
4231,question_28_aime_Qwen3-32B_S8,8,1,1,1,1,0.0,0.278559590295284,591,591,1.2151770850917888e+16,75602304420352.0
4232,question_28_aime_Qwen3-32B_S8,8,1,1,1,1,0.0,0.33902232655690956,1140,1772,3.337389044957645e+16,208400537440768.0
4233,question_28_aime_Qwen3-32B_S8,8,1,1,1,1,0.0,0.15955649335410857,573,1227,1.988401210298419e+16,123724099703296.0
4234,question_28_aime_Qwen3-32B_S4,4,1,1,1,1,0.0,0.12848602204679363,641,641,1.5773035652490752e+16,98860131489280.0
4235,question_28_aime_Qwen3-32B_S4,4,1,1,1,1,0.0,0.31344638255447577,758,758,1.1455251657319936e+16,72332258968064.0
4236,question_28_aime_Qwen3-32B_S4,4,1,1,1,1,0.0,0.278559590295284,591,591,1.0753646687873024e+16,67589820144128.0
4237,question_28_aime_Qwen3-32B_S2,2,1,1,1,1,0.0,0.29292414337698286,1032,1032,1.5053249559277568e+16,94830795620352.0
4238,question_28_aime_Qwen3-32B_S2,2,1,1,1,1,0.0,0.20069246268639723,810,810,1.379612963222784e+16,86928880823296.0
4239,question_28_aime_Qwen3-32B_S2,2,1,1,1,1,0.0,0.4136898343878694,823,823,1.3174208276371968e+16,83038614033408.0
4240,question_28_aime_Qwen3-32B_S1,1,1,1,1,1,0.0,0.2890438389876015,1808,1808,1.889849813452749e+16,119310661963776.0
4241,question_28_aime_Qwen3-32B_S1,1,1,1,1,1,0.0,0.17384219250537833,477,477,4983303623345664.0,31607089946624.0
4242,question_28_aime_Qwen3-32B_S1,1,1,1,1,1,0.0,0.6147297304138241,821,821,8535065866679808.0,54211439942656.0
4243,question_29_aime_Qwen3-32B_S64,64,1,1,1,1,0.0,0.6983849503499754,442,5489,1.6143131304852992e+16,85905323977216.0
4244,question_29_aime_Qwen3-32B_S64,64,1,1,1,1,0.0,0.6983849503499754,442,5489,1.6143131304852992e+16,85905323977216.0
4245,question_29_aime_Qwen3-32B_S64,64,1,1,1,1,0.0,0.6983849503499754,442,5489,1.6143131304852992e+16,85905323977216.0
4246,question_29_aime_Qwen3-32B_S32,32,1,1,1,1,0.0,0.5009518701259682,399,2589,1.3377040419250176e+16,77157428224512.0
4247,question_29_aime_Qwen3-32B_S32,32,1,1,1,1,0.0,0.6983849503499754,442,4022,1.3782805420335616e+16,79324607419904.0
4248,question_29_aime_Qwen3-32B_S32,32,1,1,1,1,0.0,0.6983849503499754,442,2462,1.348602192815616e+16,77727276532224.0
4249,question_29_aime_Qwen3-32B_S16,16,1,1,1,1,0.0,0.6983849503499754,442,1635,1.2020028046495232e+16,72505473552384.0
4250,question_29_aime_Qwen3-32B_S16,16,1,1,1,1,0.0,0.6983849503499754,442,3019,1.3613889143274496e+16,82293147271680.0
4251,question_29_aime_Qwen3-32B_S16,16,1,1,1,1,0.0,0.6983849503499754,442,2826,1.4137224361029632e+16,85590326163968.0
4252,question_29_aime_Qwen3-32B_S8,8,1,1,1,1,0.0,0.4320545185269297,488,488,1.1329330570221568e+16,70020933174272.0
4253,question_29_aime_Qwen3-32B_S8,8,1,1,1,1,0.0,0.49083981348585654,578,1697,9459733177224704.0,58318223112192.0
4254,question_29_aime_Qwen3-32B_S8,8,1,1,1,1,0.0,0.42610326367635615,355,1305,1.0621562831818752e+16,65853298518528.0
4255,question_29_aime_Qwen3-32B_S4,4,1,1,1,1,0.0,0.5009518701259682,399,399,6890413608314880.0,43074669120000.0
4256,question_29_aime_Qwen3-32B_S4,4,1,1,1,1,0.0,0.5009518701259682,399,778,7740356006361600.0,48470385701376.0
4257,question_29_aime_Qwen3-32B_S4,4,1,1,1,1,0.0,0.6983849503499754,442,903,8272947743952384.0,51858625026048.0
4258,question_29_aime_Qwen3-32B_S2,2,1,1,1,1,0.0,0.5009518701259682,399,399,6913628106042368.0,43761356405248.0
4259,question_29_aime_Qwen3-32B_S2,2,1,1,1,1,0.0,0.3146948772004402,769,769,1.0603073135804416e+16,66845032643072.0
4260,question_29_aime_Qwen3-32B_S2,2,1,1,1,1,0.0,0.3816389583274573,402,402,1.1240139770151424e+16,71071529393664.0
4261,question_29_aime_Qwen3-32B_S1,1,1,1,1,1,0.0,0.1791285855975207,668,668,6978423580142080.0,44179155891200.0
4262,question_29_aime_Qwen3-32B_S1,1,1,1,1,1,0.0,0.42610326367635615,355,355,3999322703984640.0,25353580667904.0
4263,question_29_aime_Qwen3-32B_S1,1,1,1,1,1,0.0,0.32586243671155707,578,578,6044756078111744.0,38259286861824.0
4264,question_3_aime_Qwen3-32B_S64,64,1,1,1,1,0.0,0.6567576940569555,874,2047,2.2775228506917376e+16,126969229151744.0
4265,question_3_aime_Qwen3-32B_S64,64,1,1,1,1,0.0,0.6567576940569555,874,2047,2.2775228506917376e+16,126969229151744.0
4266,question_3_aime_Qwen3-32B_S64,64,1,1,1,1,0.0,0.6567576940569555,874,2047,2.2775228506917376e+16,126969229151744.0
4267,question_3_aime_Qwen3-32B_S32,32,1,1,1,1,1.0,0.654040404613648,910,2973,2.425817791556096e+16,142661464598016.0
4268,question_3_aime_Qwen3-32B_S32,32,1,1,1,1,0.0,0.6567576940569555,874,2047,2.0267642197039616e+16,120157733651968.0
4269,question_3_aime_Qwen3-32B_S32,32,1,1,1,1,0.0,0.6567576940569555,874,874,1.9715995604276736e+16,116657317304832.0
4270,question_3_aime_Qwen3-32B_S16,16,1,1,1,1,0.0,0.6567576940569555,874,874,1.6960548548353024e+16,103367430080000.0
4271,question_3_aime_Qwen3-32B_S16,16,1,1,1,1,1.0,0.19926839303062555,759,759,2.0502118964397056e+16,124774862209536.0
4272,question_3_aime_Qwen3-32B_S16,16,1,1,1,1,1.0,0.5358419683500327,887,887,2.1365852404786176e+16,129938257533952.0
4273,question_3_aime_Qwen3-32B_S8,8,1,1,1,1,0.0,0.09478271201539094,1173,1173,1.855765646822093e+16,115497085686272.0
4274,question_3_aime_Qwen3-32B_S8,8,1,1,1,1,1.0,0.22947441827530077,890,890,1.964340784214733e+16,122220821351424.0
4275,question_3_aime_Qwen3-32B_S8,8,1,1,1,1,1.0,0.7423828472864468,1130,1130,1.8383549396493824e+16,113927758568448.0
4276,question_3_aime_Qwen3-32B_S4,4,1,1,1,1,1.0,0.3211815003153826,916,916,1.6577336871240704e+16,103625225286144.0
4277,question_3_aime_Qwen3-32B_S4,4,1,1,1,1,1.0,0.22947441827530077,890,890,1.358393460553472e+16,85312380661760.0
4278,question_3_aime_Qwen3-32B_S4,4,1,1,1,1,1.0,0.19926839303062555,759,759,1.401867015309312e+16,88004882333696.0
4279,question_3_aime_Qwen3-32B_S2,2,1,1,1,1,1.0,0.22947441827530077,890,890,1.1060194802513408e+16,69909994320896.0
4280,question_3_aime_Qwen3-32B_S2,2,1,1,1,1,1.0,0.44986642440755065,1113,1113,1.4059256960672768e+16,88692483835904.0
4281,question_3_aime_Qwen3-32B_S2,2,1,1,1,1,1.0,0.21793559753036343,850,850,1.435868695236096e+16,90426308045824.0
4282,question_3_aime_Qwen3-32B_S1,1,1,1,1,1,0.0,0.571287992096191,729,729,8173912059131904.0,51646057307136.0
4283,question_3_aime_Qwen3-32B_S1,1,1,1,1,1,1.0,0.23187438809466474,991,991,1.0383615995552768e+16,65498133475328.0
4284,question_3_aime_Qwen3-32B_S1,1,1,1,1,1,1.0,0.24853086862680265,1077,1077,1.1259141359866368e+16,71131145939456.0
4285,question_30_aime_Qwen3-32B_S64,64,1,1,1,1,0.0,0.9289497495446098,503,4322,2.165802429217741e+16,125846086536192.0
4286,question_30_aime_Qwen3-32B_S64,64,1,1,1,1,0.0,0.9289497495446098,503,4322,2.165802429217741e+16,125846086536192.0
4287,question_30_aime_Qwen3-32B_S64,64,1,1,1,1,0.0,0.9289497495446098,503,4322,2.165802429217741e+16,125846086536192.0
4288,question_30_aime_Qwen3-32B_S32,32,1,1,1,1,0.0,0.9289497495446098,503,1778,1.8449569909955584e+16,111437011830784.0
4289,question_30_aime_Qwen3-32B_S32,32,1,1,1,1,0.0,0.9289497495446098,503,2770,1.862975168223283e+16,112619880452096.0
4290,question_30_aime_Qwen3-32B_S32,32,1,1,1,1,0.0,0.9289497495446098,503,2358,1.7374799845027328e+16,104824350369792.0
4291,question_30_aime_Qwen3-32B_S16,16,1,1,1,1,0.0,0.9618510525713628,411,3946,1.370546079172096e+16,83472394861568.0
4292,question_30_aime_Qwen3-32B_S16,16,1,1,1,1,0.0,0.8696732535051688,512,1373,1.2304263978538496e+16,74975908256256.0
4293,question_30_aime_Qwen3-32B_S16,16,1,1,1,1,0.0,0.9289497495446098,503,2085,1.5805653325016576e+16,97027344338944.0
4294,question_30_aime_Qwen3-32B_S8,8,1,1,1,1,0.0,0.8527404426719296,486,1698,1.1316817303276032e+16,70500089702400.0
4295,question_30_aime_Qwen3-32B_S8,8,1,1,1,1,0.0,0.9289497495446098,503,1452,9331603762966016.0,58161313443840.0
4296,question_30_aime_Qwen3-32B_S8,8,1,1,1,1,0.0,0.635755680848033,452,908,9592841172637696.0,59631743200256.0
4297,question_30_aime_Qwen3-32B_S4,4,1,1,1,1,0.0,0.8496949969349352,444,444,9168350792387584.0,57841889078272.0
4298,question_30_aime_Qwen3-32B_S4,4,1,1,1,1,0.0,0.8913132102961481,572,1089,9999544094737920.0,62871482598912.0
4299,question_30_aime_Qwen3-32B_S4,4,1,1,1,1,0.0,0.8989387366811894,447,1483,9090095012075008.0,57109689159680.0
4300,question_30_aime_Qwen3-32B_S2,2,1,1,1,1,0.0,0.9674287038769376,563,1489,1.078095216792832e+16,68007201234432.0
4301,question_30_aime_Qwen3-32B_S2,2,1,1,1,1,0.0,0.8525107806284673,551,1376,1.1774568893865984e+16,74525779865088.0
4302,question_30_aime_Qwen3-32B_S2,2,1,1,1,1,0.0,0.5792092574273713,516,516,7162959741927424.0,45328551939072.0
4303,question_30_aime_Qwen3-32B_S1,1,1,1,1,1,0.0,0.635755680848033,452,452,4724979773690368.0,29948633784320.0
4304,question_30_aime_Qwen3-32B_S1,1,1,1,1,1,0.0,0.8696732535051688,512,512,5414374498637824.0,34345125696000.0
4305,question_30_aime_Qwen3-32B_S1,1,1,1,1,1,0.0,0.9618510525713628,411,411,4300477651379200.0,27254173770240.0
4306,question_31_aime_Qwen3-32B_S64,64,1,1,1,1,0.0,0.3988397205642608,717,3870,3.1367039573188096e+16,173944581345280.0
4307,question_31_aime_Qwen3-32B_S64,64,1,1,1,1,0.0,0.3988397205642608,717,3870,3.1367039573188096e+16,173944581345280.0
4308,question_31_aime_Qwen3-32B_S64,64,1,1,1,1,0.0,0.3988397205642608,717,3870,3.1367039573188096e+16,173944581345280.0
4309,question_31_aime_Qwen3-32B_S32,32,1,1,1,1,0.0,0.38987227037078026,871,3153,2.609103007932979e+16,153885754867712.0
4310,question_31_aime_Qwen3-32B_S32,32,1,1,1,1,0.0,0.1548353631794084,818,1543,2.839708208255027e+16,167511220996608.0
4311,question_31_aime_Qwen3-32B_S32,32,1,1,1,1,0.0,0.3988397205642608,717,717,3.1746349523285504e+16,186366835480576.0
4312,question_31_aime_Qwen3-32B_S16,16,1,1,1,1,0.0,0.3988397205642608,717,1588,2.416358084437299e+16,147702300241920.0
4313,question_31_aime_Qwen3-32B_S16,16,1,1,1,1,0.0,0.30494287212956644,1502,3028,2.882803182273024e+16,175164832562176.0
4314,question_31_aime_Qwen3-32B_S16,16,1,1,1,1,0.0,0.38987227037078026,871,1610,2.161629460515328e+16,132372637966336.0
4315,question_31_aime_Qwen3-32B_S8,8,1,1,1,1,0.0,0.30494287212956644,1502,5223,3.1864042516699136e+16,198551907231232.0
4316,question_31_aime_Qwen3-32B_S8,8,1,1,1,1,0.0,0.38987227037078026,871,871,1.6044291533793792e+16,99475400278016.0
4317,question_31_aime_Qwen3-32B_S8,8,1,1,1,1,0.0,0.3988397205642608,717,717,2.334305505676032e+16,144648310843392.0
4318,question_31_aime_Qwen3-32B_S4,4,1,1,1,1,0.0,0.3724834686084455,749,2338,2.6593660250336256e+16,167169307134976.0
4319,question_31_aime_Qwen3-32B_S4,4,1,1,1,1,0.0,0.1257059311062326,726,726,1.950576375538688e+16,122569887215616.0
4320,question_31_aime_Qwen3-32B_S4,4,1,1,1,1,0.0,0.3988397205642608,717,717,1.6202980530625536e+16,101887362345984.0
4321,question_31_aime_Qwen3-32B_S2,2,1,1,1,1,0.0,0.3988397205642608,717,717,9718985517041152.0,61478625790976.0
4322,question_31_aime_Qwen3-32B_S2,2,1,1,1,1,1.0,0.24012675775533576,2803,2803,3.626524345872794e+16,229697453000192.0
4323,question_31_aime_Qwen3-32B_S2,2,1,1,1,1,0.0,0.5873762119348716,1516,1516,2.893742738954189e+16,182542962516480.0
4324,question_31_aime_Qwen3-32B_S1,1,1,1,1,1,0.0,0.1548353631794084,818,818,9006452544489472.0,57234309559296.0
4325,question_31_aime_Qwen3-32B_S1,1,1,1,1,1,0.0,0.6126347083930906,1506,1506,1.5643887214903296e+16,99287109308416.0
4326,question_31_aime_Qwen3-32B_S1,1,1,1,1,1,0.0,0.5596854712927202,1731,1731,1.8040290433197056e+16,114176105211392.0
4327,question_32_aime_Qwen3-32B_S64,64,1,1,1,1,1.0,0.8431507908799128,734,734,4.343192256743987e+16,248097411569664.0
4328,question_32_aime_Qwen3-32B_S64,64,1,1,1,1,1.0,0.3959977871558106,1006,1006,4.343192256743987e+16,248097411569664.0
4329,question_32_aime_Qwen3-32B_S64,64,1,1,1,1,1.0,0.647450001539364,902,2717,4.343192256743987e+16,248097411569664.0
4330,question_32_aime_Qwen3-32B_S32,32,1,1,1,1,0.0,0.2433414924377949,809,809,3.4765499700333056e+16,207526129258496.0
4331,question_32_aime_Qwen3-32B_S32,32,1,1,1,1,1.0,0.647450001539364,902,2747,3.643609624085402e+16,217987649144832.0
4332,question_32_aime_Qwen3-32B_S32,32,1,1,1,1,1.0,0.297463041875929,954,1750,3.015838949985536e+16,175612239059456.0
4333,question_32_aime_Qwen3-32B_S16,16,1,1,1,1,1.0,0.3083413742895671,1378,1378,2.771935311024589e+16,167561511326720.0
4334,question_32_aime_Qwen3-32B_S16,16,1,1,1,1,1.0,0.26013911158103975,811,811,2.645485898502349e+16,161157176598016.0
4335,question_32_aime_Qwen3-32B_S16,16,1,1,1,1,1.0,0.5832939363195149,1044,1044,3.326626442718003e+16,202289842080768.0
4336,question_32_aime_Qwen3-32B_S8,8,1,1,1,1,1.0,0.5842314182584116,1036,1036,2.109827258677299e+16,130760336725504.0
4337,question_32_aime_Qwen3-32B_S8,8,1,1,1,1,1.0,0.3959977871558106,1006,1006,2.4655111284978176e+16,153508574809600.0
4338,question_32_aime_Qwen3-32B_S8,8,1,1,1,1,1.0,0.3959977871558106,1006,1006,2.055040044450355e+16,127650943633920.0
4339,question_32_aime_Qwen3-32B_S4,4,1,1,1,1,1.0,0.34146876444001195,929,929,1.5653177371296768e+16,97782384546304.0
4340,question_32_aime_Qwen3-32B_S4,4,1,1,1,1,1.0,0.5664079110802835,1818,2882,2.7963092594231296e+16,175487050316288.0
4341,question_32_aime_Qwen3-32B_S4,4,1,1,1,1,1.0,0.5266198759905264,936,936,2.008994276504013e+16,125645834566656.0
4342,question_32_aime_Qwen3-32B_S2,2,1,1,1,1,1.0,0.41572503900123847,1204,1204,2.0035823401624576e+16,126354101651456.0
4343,question_32_aime_Qwen3-32B_S2,2,1,1,1,1,1.0,0.34104927567176613,851,851,1.426833926824192e+16,89949332737024.0
4344,question_32_aime_Qwen3-32B_S2,2,1,1,1,1,1.0,0.35829335791968614,1090,1090,1.6123404693334528e+16,101505701801472.0
4345,question_32_aime_Qwen3-32B_S1,1,1,1,1,1,1.0,0.38692008764499203,966,966,1.0219185480922624e+16,64656384755712.0
4346,question_32_aime_Qwen3-32B_S1,1,1,1,1,1,1.0,0.41572503900123847,1204,1204,1.2614614195326976e+16,79851172090368.0
4347,question_32_aime_Qwen3-32B_S1,1,1,1,1,1,0.0,0.45717205429951246,779,779,8227838259256320.0,52130104110592.0
4348,question_33_aime_Qwen3-32B_S64,64,1,1,1,1,0.0,0.47092352175072594,1193,4091,2.7330728920226304e+16,158744680937984.0
4349,question_33_aime_Qwen3-32B_S64,64,1,1,1,1,0.0,0.47092352175072594,1193,4091,2.7330728920226304e+16,158744680937984.0
4350,question_33_aime_Qwen3-32B_S64,64,1,1,1,1,0.0,0.47092352175072594,1193,4091,2.7330728920226304e+16,158744680937984.0
4351,question_33_aime_Qwen3-32B_S32,32,1,1,1,1,0.0,0.17128186518072802,914,914,2.0665786338927616e+16,123705377547776.0
4352,question_33_aime_Qwen3-32B_S32,32,1,1,1,1,0.0,0.3767670074580787,1002,1984,2.289122009328691e+16,138471976971776.0
4353,question_33_aime_Qwen3-32B_S32,32,1,1,1,1,0.0,0.47092352175072594,1193,3089,2.4084717401401344e+16,146187212212736.0
4354,question_33_aime_Qwen3-32B_S16,16,1,1,1,1,0.0,0.3767670074580787,1002,1916,2.0421306854900224e+16,125486023053824.0
4355,question_33_aime_Qwen3-32B_S16,16,1,1,1,1,0.0,0.17128186518072802,914,914,2.0302548223993344e+16,124720842579456.0
4356,question_33_aime_Qwen3-32B_S16,16,1,1,1,1,0.0,0.17128186518072802,914,914,1.5879433528875008e+16,97319136838144.0
4357,question_33_aime_Qwen3-32B_S8,8,1,1,1,1,0.0,0.3767670074580787,1002,1002,1.4395789147515392e+16,90008866101760.0
4358,question_33_aime_Qwen3-32B_S8,8,1,1,1,1,0.0,0.1332674146427124,842,842,1.6514035166362624e+16,102989333286912.0
4359,question_33_aime_Qwen3-32B_S8,8,1,1,1,1,0.0,0.41468000429973645,1179,6253,2.536707218396877e+16,157449622305280.0
4360,question_33_aime_Qwen3-32B_S4,4,1,1,1,1,1.0,0.11811880162228547,1300,2491,2.62180466744448e+16,163645420853760.0
4361,question_33_aime_Qwen3-32B_S4,4,1,1,1,1,0.0,0.17128186518072802,914,914,1.3750654867621888e+16,86687903985152.0
4362,question_33_aime_Qwen3-32B_S4,4,1,1,1,1,0.0,0.7903819133016845,1392,2846,2.4098103700191744e+16,150298288258560.0
4363,question_33_aime_Qwen3-32B_S2,2,1,1,1,1,0.0,0.3480410226460526,1457,1457,1.9347861784403456e+16,122199849877504.0
4364,question_33_aime_Qwen3-32B_S2,2,1,1,1,1,0.0,0.3290058011358147,1031,1031,1.4726936883626496e+16,93088050903552.0
4365,question_33_aime_Qwen3-32B_S2,2,1,1,1,1,0.0,0.1332674146427124,842,842,1.219844468359424e+16,77169693341696.0
4366,question_33_aime_Qwen3-32B_S1,1,1,1,1,1,0.0,0.6109340932410349,1335,1335,1.3897153542692864e+16,88052368735744.0
4367,question_33_aime_Qwen3-32B_S1,1,1,1,1,1,0.0,0.6109340932410349,1335,1335,1.3897153542692864e+16,88052368735744.0
4368,question_33_aime_Qwen3-32B_S1,1,1,1,1,1,0.0,0.6793100930414656,1489,1489,1.5522298838096384e+16,98212708699136.0
4369,question_34_aime_Qwen3-32B_S64,64,1,1,1,1,0.0,0.0,0,0,1.845404394347264e+16,111394834753024.0
4370,question_34_aime_Qwen3-32B_S64,64,1,1,1,1,0.0,0.0,0,0,1.845404394347264e+16,111394834753024.0
4371,question_34_aime_Qwen3-32B_S64,64,1,1,1,1,0.0,0.0,0,0,1.845404394347264e+16,111394834753024.0
4372,question_34_aime_Qwen3-32B_S32,32,1,1,1,1,0.0,0.0,0,0,1.7848826098800128e+16,110833513383424.0
4373,question_34_aime_Qwen3-32B_S32,32,1,1,1,1,0.0,0.5184860679615054,1177,5451,3.0336696599926784e+16,182661836421632.0
4374,question_34_aime_Qwen3-32B_S32,32,1,1,1,1,0.0,0.5184860679615054,1177,6451,3.536581072860211e+16,213252956021248.0
4375,question_34_aime_Qwen3-32B_S16,16,1,1,1,1,0.0,0.0,0,0,1.4386263635897856e+16,90293489515008.0
4376,question_34_aime_Qwen3-32B_S16,16,1,1,1,1,0.0,0.0,0,0,1.5953760772897792e+16,100436729773568.0
4377,question_34_aime_Qwen3-32B_S16,16,1,1,1,1,0.0,0.28371516474942826,799,3009,2.7047243910140416e+16,165399899815424.0
4378,question_34_aime_Qwen3-32B_S8,8,1,1,1,1,0.0,0.4866713429160632,1009,2793,2.1879148892957184e+16,136235144673792.0
4379,question_34_aime_Qwen3-32B_S8,8,1,1,1,1,0.0,0.28371516474942826,799,1907,2.2396317364900864e+16,139022210895360.0
4380,question_34_aime_Qwen3-32B_S8,8,1,1,1,1,0.0,0.28371516474942826,799,2327,1.914767487430861e+16,118600438784512.0
4381,question_34_aime_Qwen3-32B_S4,4,1,1,1,1,0.0,0.48300829744092655,1481,1481,3.0190352933935104e+16,189387812984832.0
4382,question_34_aime_Qwen3-32B_S4,4,1,1,1,1,0.0,0.23643405860924468,820,820,1.861602058583552e+16,116802829588480.0
4383,question_34_aime_Qwen3-32B_S4,4,1,1,1,1,0.0,0.2365060330967283,606,606,1.3747755904639488e+16,86463222781440.0
4384,question_34_aime_Qwen3-32B_S2,2,1,1,1,1,0.0,0.4866713429160632,1009,1009,1.9090676142994944e+16,121086117361152.0
4385,question_34_aime_Qwen3-32B_S2,2,1,1,1,1,0.0,0.39657770011417715,1164,2604,1.993111105667021e+16,125695016385536.0
4386,question_34_aime_Qwen3-32B_S2,2,1,1,1,1,0.0,0.1813061303056369,779,779,1.3360912335945216e+16,84601054376960.0
4387,question_34_aime_Qwen3-32B_S1,1,1,1,1,1,0.0,0.46719892273790814,1905,1905,1.996126958273485e+16,126405840458752.0
4388,question_34_aime_Qwen3-32B_S1,1,1,1,1,1,0.0,0.16441362110716665,823,823,8797648062191616.0,55799532109824.0
4389,question_34_aime_Qwen3-32B_S1,1,1,1,1,1,0.0,0.2918536967839405,1124,1124,1.1698178234095104e+16,74161254789632.0
4390,question_35_aime_Qwen3-32B_S64,64,1,1,1,1,0.0,0.3403684433581466,778,3393,3.173562807079885e+16,185965369783808.0
4391,question_35_aime_Qwen3-32B_S64,64,1,1,1,1,0.0,0.3403684433581466,778,3393,3.173562807079885e+16,185965369783808.0
4392,question_35_aime_Qwen3-32B_S64,64,1,1,1,1,0.0,0.3403684433581466,778,3393,3.173562807079885e+16,185965369783808.0
4393,question_35_aime_Qwen3-32B_S32,32,1,1,1,1,0.0,0.3403684433581466,778,1163,2.542879581586893e+16,154937941178880.0
4394,question_35_aime_Qwen3-32B_S32,32,1,1,1,1,0.0,0.32923550834319887,421,1196,2.671149659883264e+16,162204957873664.0
4395,question_35_aime_Qwen3-32B_S32,32,1,1,1,1,0.0,0.2136718154452204,435,1419,2.622399223967693e+16,159393061831680.0
4396,question_35_aime_Qwen3-32B_S16,16,1,1,1,1,1.0,0.4486653689179869,1172,1172,3.0016942315482624e+16,185430898542592.0
4397,question_35_aime_Qwen3-32B_S16,16,1,1,1,1,1.0,0.7382282502263116,1280,5734,2.733404055327539e+16,168625857814016.0
4398,question_35_aime_Qwen3-32B_S16,16,1,1,1,1,0.0,0.3403684433581466,778,2147,2.401159378085683e+16,148960295260672.0
4399,question_35_aime_Qwen3-32B_S8,8,1,1,1,1,0.0,0.7790457648360608,989,1856,1.4249110793762304e+16,88925067726848.0
4400,question_35_aime_Qwen3-32B_S8,8,1,1,1,1,0.0,0.25579894043107954,974,1620,1.6724645779252224e+16,104630033856000.0
4401,question_35_aime_Qwen3-32B_S8,8,1,1,1,1,0.0,0.3504425463037926,824,1259,2.565441188551168e+16,161341031976960.0
4402,question_35_aime_Qwen3-32B_S4,4,1,1,1,1,0.0,0.271445535343161,385,385,1.5917295513299968e+16,100738656824832.0
4403,question_35_aime_Qwen3-32B_S4,4,1,1,1,1,0.0,0.029788766253578812,1309,1309,1.573064107855872e+16,99453091509248.0
4404,question_35_aime_Qwen3-32B_S4,4,1,1,1,1,0.0,0.2136718154452204,435,435,1.2267064653161472e+16,77545759753216.0
4405,question_35_aime_Qwen3-32B_S2,2,1,1,1,1,1.0,0.3778941103022478,1299,1299,1.7138356630411776e+16,107832320571904.0
4406,question_35_aime_Qwen3-32B_S2,2,1,1,1,1,1.0,0.5855708432365849,981,981,1.6504841034733056e+16,104473227552256.0
4407,question_35_aime_Qwen3-32B_S2,2,1,1,1,1,1.0,0.6714102247227529,1117,1117,1.2611274661467648e+16,80005604458496.0
4408,question_35_aime_Qwen3-32B_S1,1,1,1,1,1,0.0,0.2136718154452204,435,435,1.0942178592902144e+16,69593534230016.0
4409,question_35_aime_Qwen3-32B_S1,1,1,1,1,1,0.0,0.7790457648360608,989,989,1.0382146668519424e+16,65972701016576.0
4410,question_35_aime_Qwen3-32B_S1,1,1,1,1,1,0.0,0.14162577314025304,739,739,7798216735124992.0,49380344099328.0
4411,question_36_aime_Qwen3-32B_S64,64,1,1,1,1,0.0,0.035632134975393366,413,782,2.2095635112e+16,121877181452800.0
4412,question_36_aime_Qwen3-32B_S64,64,1,1,1,1,0.0,0.035632134975393366,413,782,2.2095635112e+16,121877181452800.0
4413,question_36_aime_Qwen3-32B_S64,64,1,1,1,1,0.0,0.035632134975393366,413,782,2.2095635112e+16,121877181452800.0
4414,question_36_aime_Qwen3-32B_S32,32,1,1,1,1,0.0,0.035632134975393366,413,782,1.6254252085390848e+16,94384035228160.0
4415,question_36_aime_Qwen3-32B_S32,32,1,1,1,1,0.0,0.12192072619127378,1035,2351,2.1870732568487936e+16,126264421011456.0
4416,question_36_aime_Qwen3-32B_S32,32,1,1,1,1,0.0,0.07461995717074352,519,1444,1.9388507588022784e+16,111424015427072.0
4417,question_36_aime_Qwen3-32B_S16,16,1,1,1,1,0.0,0.27375957238037874,834,1968,1.903646211384627e+16,114476953417728.0
4418,question_36_aime_Qwen3-32B_S16,16,1,1,1,1,0.0,0.27375957238037874,834,3087,2.2113313521521664e+16,134237818830848.0
4419,question_36_aime_Qwen3-32B_S16,16,1,1,1,1,0.0,0.035632134975393366,413,413,1.209114918572288e+16,73126327662080.0
4420,question_36_aime_Qwen3-32B_S8,8,1,1,1,1,0.0,0.035632134975393366,413,413,1.361214190974976e+16,84719743013376.0
4421,question_36_aime_Qwen3-32B_S8,8,1,1,1,1,0.0,0.12192072619127378,1035,1035,1.6862596533075968e+16,104547769737216.0
4422,question_36_aime_Qwen3-32B_S8,8,1,1,1,1,0.0,0.08019400916209016,615,1171,1.4220321462646272e+16,87602764679680.0
4423,question_36_aime_Qwen3-32B_S4,4,1,1,1,1,0.0,0.1266885180229761,994,994,2.5124216519053824e+16,156572503165952.0
4424,question_36_aime_Qwen3-32B_S4,4,1,1,1,1,0.0,0.2626790554320341,1010,1010,2.231825118233088e+16,139480659214848.0
4425,question_36_aime_Qwen3-32B_S4,4,1,1,1,1,0.0,0.3755524296893369,940,1770,1.608253209438464e+16,100497349149184.0
4426,question_36_aime_Qwen3-32B_S2,2,1,1,1,1,0.0,0.08019400916209016,615,615,9611400167020032.0,60694137760768.0
4427,question_36_aime_Qwen3-32B_S2,2,1,1,1,1,0.0,0.011249778625670444,369,369,8335117852410368.0,52716928873984.0
4428,question_36_aime_Qwen3-32B_S2,2,1,1,1,1,0.0,0.5735908739645531,1064,1064,1.7802812150024704e+16,112209760891904.0
4429,question_36_aime_Qwen3-32B_S1,1,1,1,1,1,0.0,0.03469752164811698,1111,1111,1.1603726735261696e+16,73361453340672.0
4430,question_36_aime_Qwen3-32B_S1,1,1,1,1,1,0.0,0.05956576892089031,794,794,8300433910726144.0,52489152409600.0
4431,question_36_aime_Qwen3-32B_S1,1,1,1,1,1,0.0,0.3340281280592434,1131,1131,1.1897972526300672e+16,75314920948736.0
4432,question_37_aime_Qwen3-32B_S64,64,1,1,1,1,0.0,0.6637681515142906,1401,4631,4.841657926085683e+16,289755807777792.0
4433,question_37_aime_Qwen3-32B_S64,64,1,1,1,1,0.0,0.6637681515142906,1401,4631,4.841657926085683e+16,289755807777792.0
4434,question_37_aime_Qwen3-32B_S64,64,1,1,1,1,0.0,0.6637681515142906,1401,4631,4.841657926085683e+16,289755807777792.0
4435,question_37_aime_Qwen3-32B_S32,32,1,1,1,1,0.0,0.6637681515142906,1401,3843,3.49578764222336e+16,212459740104704.0
4436,question_37_aime_Qwen3-32B_S32,32,1,1,1,1,0.0,0.5765886636696389,1139,2446,3.3320233251275776e+16,203275388466176.0
4437,question_37_aime_Qwen3-32B_S32,32,1,1,1,1,0.0,0.5765886636696389,1139,2446,3.1125416700560384e+16,189226271690752.0
4438,question_37_aime_Qwen3-32B_S16,16,1,1,1,1,0.0,0.6637681515142906,1401,1401,2.399629627898829e+16,148055089155072.0
4439,question_37_aime_Qwen3-32B_S16,16,1,1,1,1,0.0,0.6637681515142906,1401,2950,2.770185867133389e+16,172202203186176.0
4440,question_37_aime_Qwen3-32B_S16,16,1,1,1,1,0.0,0.6637681515142906,1401,4824,3.283508895035392e+16,203769078991872.0
4441,question_37_aime_Qwen3-32B_S8,8,1,1,1,1,0.0,0.36039438736183815,765,1549,1.4159846418074624e+16,87857005009408.0
4442,question_37_aime_Qwen3-32B_S8,8,1,1,1,1,1.0,0.6503638575898455,1353,2814,2.997817200550912e+16,185997027567104.0
4443,question_37_aime_Qwen3-32B_S8,8,1,1,1,1,0.0,0.3780970111447113,981,981,1.4931576030166528e+16,92963207667712.0
4444,question_37_aime_Qwen3-32B_S4,4,1,1,1,1,0.0,0.5100663297913759,957,957,2.2583096780493824e+16,141844027099136.0
4445,question_37_aime_Qwen3-32B_S4,4,1,1,1,1,0.0,0.6844135762904412,1313,3023,2.8876482200779776e+16,180425835516928.0
4446,question_37_aime_Qwen3-32B_S4,4,1,1,1,1,0.0,0.4978747756613829,1813,1813,2.529065021586995e+16,158259155578880.0
4447,question_37_aime_Qwen3-32B_S2,2,1,1,1,1,0.0,0.5260585931585184,1157,1157,1.3682339330564608e+16,86580077197312.0
4448,question_37_aime_Qwen3-32B_S2,2,1,1,1,1,0.0,0.5100663297913759,957,957,1.1325630796082176e+16,71547690224640.0
4449,question_37_aime_Qwen3-32B_S2,2,1,1,1,1,0.0,0.636948856877432,1528,1528,2.271276126452685e+16,143273705347072.0
4450,question_37_aime_Qwen3-32B_S1,1,1,1,1,1,1.0,0.6809040379834662,1801,1801,1.8926355362896896e+16,119502149134848.0
4451,question_37_aime_Qwen3-32B_S1,1,1,1,1,1,1.0,0.7908456898059525,1598,1598,1.6711183959489536e+16,105458308197888.0
4452,question_37_aime_Qwen3-32B_S1,1,1,1,1,1,0.0,0.5364918727368095,1710,1710,1.7798012469210624e+16,112759707518976.0
4453,question_38_aime_Qwen3-32B_S64,64,1,1,1,1,0.0,0.31196133202018334,1729,3060,4.227022374229914e+16,252315298665472.0
4454,question_38_aime_Qwen3-32B_S64,64,1,1,1,1,0.0,0.31196133202018334,1729,3060,4.227022374229914e+16,252315298665472.0
4455,question_38_aime_Qwen3-32B_S64,64,1,1,1,1,0.0,0.31196133202018334,1729,3060,4.227022374229914e+16,252315298665472.0
4456,question_38_aime_Qwen3-32B_S32,32,1,1,1,1,1.0,0.6966012602901068,1645,1645,4.456882445554534e+16,271711336798720.0
4457,question_38_aime_Qwen3-32B_S32,32,1,1,1,1,0.0,0.31196133202018334,1729,2394,3.0253227476827136e+16,184950402113536.0
4458,question_38_aime_Qwen3-32B_S32,32,1,1,1,1,1.0,0.6966012602901068,1645,4368,5.070051665981645e+16,310756789111296.0
4459,question_38_aime_Qwen3-32B_S16,16,1,1,1,1,0.0,0.2358098893168748,994,994,4.323763020737178e+16,268010793346048.0
4460,question_38_aime_Qwen3-32B_S16,16,1,1,1,1,0.0,0.41877951542048086,1209,2203,2.742978907532544e+16,168127661245440.0
4461,question_38_aime_Qwen3-32B_S16,16,1,1,1,1,1.0,0.6966012602901068,1645,3922,4.548151579678362e+16,282579657643008.0
4462,question_38_aime_Qwen3-32B_S8,8,1,1,1,1,0.0,0.41877951542048086,1209,1209,3.5720473593447936e+16,223716237750272.0
4463,question_38_aime_Qwen3-32B_S8,8,1,1,1,1,0.0,0.07944454357442549,665,665,2.362707304024371e+16,148492614114304.0
4464,question_38_aime_Qwen3-32B_S8,8,1,1,1,1,1.0,0.6946709530056803,1396,1396,3.943852090369997e+16,247693427884032.0
4465,question_38_aime_Qwen3-32B_S4,4,1,1,1,1,0.0,0.4637588210747915,1056,2280,2.0595666744390656e+16,129613663202816.0
4466,question_38_aime_Qwen3-32B_S4,4,1,1,1,1,1.0,0.6966012602901068,1645,1645,2.580738609996032e+16,163243107271680.0
4467,question_38_aime_Qwen3-32B_S4,4,1,1,1,1,0.0,0.5176717314727649,1097,1097,3.2643711215222784e+16,206122791868416.0
4468,question_38_aime_Qwen3-32B_S2,2,1,1,1,1,0.0,0.22088611659453353,666,666,9431227326384640.0,59787800697344.0
4469,question_38_aime_Qwen3-32B_S2,2,1,1,1,1,0.0,0.41877951542048086,1209,1209,1.5250732976057344e+16,96690977711104.0
4470,question_38_aime_Qwen3-32B_S2,2,1,1,1,1,0.0,0.6858204736899718,1374,1374,2.3360658088233984e+16,147098714348032.0
4471,question_38_aime_Qwen3-32B_S1,1,1,1,1,1,0.0,0.45955787543296894,2005,2005,2.0999335423351296e+16,132965265874432.0
4472,question_38_aime_Qwen3-32B_S1,1,1,1,1,1,0.0,0.33685132400873685,2767,2767,2.9242633919840256e+16,185804660139008.0
4473,question_38_aime_Qwen3-32B_S1,1,1,1,1,1,0.0,0.3685436472668045,1223,1223,1.2756265984370176e+16,81019970229760.0
4474,question_39_aime_Qwen3-32B_S64,64,1,1,1,1,0.0,0.26330610682417216,696,1043,1.5328058176277504e+16,86267914325504.0
4475,question_39_aime_Qwen3-32B_S64,64,1,1,1,1,0.0,0.26330610682417216,696,1043,1.5328058176277504e+16,86267914325504.0
4476,question_39_aime_Qwen3-32B_S64,64,1,1,1,1,0.0,0.26330610682417216,696,1043,1.5328058176277504e+16,86267914325504.0
4477,question_39_aime_Qwen3-32B_S32,32,1,1,1,1,0.0,0.6831787468096288,554,1211,1.5510104016040448e+16,89101842763776.0
4478,question_39_aime_Qwen3-32B_S32,32,1,1,1,1,0.0,0.26330610682417216,696,1043,1.3862432361105408e+16,82601177883136.0
4479,question_39_aime_Qwen3-32B_S32,32,1,1,1,1,0.0,0.6831787468096288,554,554,2.079429215298304e+16,121704510278656.0
4480,question_39_aime_Qwen3-32B_S16,16,1,1,1,1,0.0,0.26330610682417216,696,696,1.311885654730496e+16,81005845423616.0
4481,question_39_aime_Qwen3-32B_S16,16,1,1,1,1,0.0,0.5570243487088657,873,1570,1.953220007235891e+16,117417448734208.0
4482,question_39_aime_Qwen3-32B_S16,16,1,1,1,1,0.0,0.6831787468096288,554,554,1.349654874375936e+16,81086842133504.0
4483,question_39_aime_Qwen3-32B_S8,8,1,1,1,1,0.0,0.8344278039754881,789,2423,1.5547082527412224e+16,95675870685184.0
4484,question_39_aime_Qwen3-32B_S8,8,1,1,1,1,0.0,0.26330610682417216,696,696,1.2075037853552128e+16,75721842120192.0
4485,question_39_aime_Qwen3-32B_S8,8,1,1,1,1,0.0,0.4992230838829368,853,3455,1.7362928751011328e+16,107198504185344.0
4486,question_39_aime_Qwen3-32B_S4,4,1,1,1,1,0.0,0.1669472579632847,689,689,1.0768108957013504e+16,67586480238080.0
4487,question_39_aime_Qwen3-32B_S4,4,1,1,1,1,0.0,0.606514202269236,1019,1812,1.5493346029212672e+16,96846672225792.0
4488,question_39_aime_Qwen3-32B_S4,4,1,1,1,1,0.0,0.8344278039754881,789,2803,1.807658363107533e+16,113421949357568.0
4489,question_39_aime_Qwen3-32B_S2,2,1,1,1,1,0.0,0.6022285350024909,1020,1821,1.4561719840411136e+16,91757766524928.0
4490,question_39_aime_Qwen3-32B_S2,2,1,1,1,1,0.0,0.45619976297895387,1113,1113,1.483311930213632e+16,93732541760000.0
4491,question_39_aime_Qwen3-32B_S2,2,1,1,1,1,0.0,0.4992230838829368,853,853,1.1958002485661184e+16,75520275367936.0
4492,question_39_aime_Qwen3-32B_S1,1,1,1,1,1,0.0,0.8256811927501743,1061,1061,1.1118562831927296e+16,70109949554688.0
4493,question_39_aime_Qwen3-32B_S1,1,1,1,1,1,0.0,0.6219153433653463,662,662,6971611503997440.0,44177761623552.0
4494,question_39_aime_Qwen3-32B_S1,1,1,1,1,1,0.0,0.48579594282916794,1655,1655,1.727564274723328e+16,109703771176448.0
4495,question_4_aime_Qwen3-32B_S64,64,1,1,1,1,0.0,0.6537961713907777,679,3766,2.0432766195971584e+16,109651916347392.0
4496,question_4_aime_Qwen3-32B_S64,64,1,1,1,1,0.0,0.6537961713907777,679,3766,2.0432766195971584e+16,109651916347392.0
4497,question_4_aime_Qwen3-32B_S64,64,1,1,1,1,0.0,0.6537961713907777,679,3766,2.0432766195971584e+16,109651916347392.0
4498,question_4_aime_Qwen3-32B_S32,32,1,1,1,1,0.0,0.6537961713907777,679,4340,2.190098023569152e+16,126797506366464.0
4499,question_4_aime_Qwen3-32B_S32,32,1,1,1,1,0.0,0.6537961713907777,679,1829,1.860902536393779e+16,108026137282048.0
4500,question_4_aime_Qwen3-32B_S32,32,1,1,1,1,0.0,0.5732502739270366,608,2072,1.7388908808240128e+16,100609242407936.0
4501,question_4_aime_Qwen3-32B_S16,16,1,1,1,1,0.0,0.5059176043636946,991,6978,2.623580032852173e+16,159286490843136.0
4502,question_4_aime_Qwen3-32B_S16,16,1,1,1,1,0.0,0.376030446379135,796,2856,2.573796317389363e+16,155690517634048.0
4503,question_4_aime_Qwen3-32B_S16,16,1,1,1,1,0.0,0.50127751847265,553,2201,1.992137804157235e+16,120823403374592.0
4504,question_4_aime_Qwen3-32B_S8,8,1,1,1,1,0.0,0.38626568518735344,462,1293,1.527360081672448e+16,94902593956864.0
4505,question_4_aime_Qwen3-32B_S8,8,1,1,1,1,0.0,0.24693915408616424,706,2881,2.191262279085875e+16,135697031814656.0
4506,question_4_aime_Qwen3-32B_S8,8,1,1,1,1,0.0,0.4643060064489294,570,570,1.827852478280192e+16,113022199997440.0
4507,question_4_aime_Qwen3-32B_S4,4,1,1,1,1,0.0,0.4643060064489294,570,1383,1.6509066684461056e+16,103690505953280.0
4508,question_4_aime_Qwen3-32B_S4,4,1,1,1,1,0.0,0.50127751847265,553,1245,9293024878658048.0,57967198980096.0
4509,question_4_aime_Qwen3-32B_S4,4,1,1,1,1,0.0,0.04508711639698362,314,314,9611658074567680.0,60411915466752.0
4510,question_4_aime_Qwen3-32B_S2,2,1,1,1,1,0.0,0.4643060064489294,570,1212,8993051051775488.0,56859065168384.0
4511,question_4_aime_Qwen3-32B_S2,2,1,1,1,1,0.0,0.14387431743069823,833,833,2.0528971644215296e+16,130016368487936.0
4512,question_4_aime_Qwen3-32B_S2,2,1,1,1,1,0.0,0.23231318629648176,813,813,1.4045252029057536e+16,88741929761792.0
4513,question_4_aime_Qwen3-32B_S1,1,1,1,1,1,0.0,0.3269791375323706,2135,2135,2.226658725166285e+16,140799405895680.0
4514,question_4_aime_Qwen3-32B_S1,1,1,1,1,1,0.0,0.32459510379594875,831,831,8798278364262912.0,55898332348928.0
4515,question_4_aime_Qwen3-32B_S1,1,1,1,1,1,0.0,0.040501000296251484,1372,1372,1.43083142918656e+16,90514830623232.0
4516,question_40_aime_Qwen3-32B_S64,64,1,1,1,1,0.0,0.0,0,0,1.452156272830976e+16,85948352925184.0
4517,question_40_aime_Qwen3-32B_S64,64,1,1,1,1,0.0,0.0,0,0,1.452156272830976e+16,85948352925184.0
4518,question_40_aime_Qwen3-32B_S64,64,1,1,1,1,0.0,0.0,0,0,1.452156272830976e+16,85948352925184.0
4519,question_40_aime_Qwen3-32B_S32,32,1,1,1,1,0.0,0.0,0,0,1.3851781200290816e+16,84849207717376.0
4520,question_40_aime_Qwen3-32B_S32,32,1,1,1,1,0.0,0.022173566275144527,1472,1472,3.200471450511053e+16,188740829851648.0
4521,question_40_aime_Qwen3-32B_S32,32,1,1,1,1,0.0,0.026598897260663643,654,2126,2.666362360650957e+16,159651916914688.0
4522,question_40_aime_Qwen3-32B_S16,16,1,1,1,1,0.0,0.022173566275144527,1472,1472,2.5806769398569984e+16,157797424621568.0
4523,question_40_aime_Qwen3-32B_S16,16,1,1,1,1,0.0,0.0,0,0,1.3058619220048896e+16,81561923731968.0
4524,question_40_aime_Qwen3-32B_S16,16,1,1,1,1,0.0,0.0,0,0,1.2906988279845888e+16,80632043420160.0
4525,question_40_aime_Qwen3-32B_S8,8,1,1,1,1,0.0,0.012767359039637927,1354,2771,3.424718306662349e+16,212214659727360.0
4526,question_40_aime_Qwen3-32B_S8,8,1,1,1,1,0.0,0.025128622281910443,1197,1197,2.562988181515264e+16,159330210590720.0
4527,question_40_aime_Qwen3-32B_S8,8,1,1,1,1,0.0,0.009319112322011307,1417,1417,2.931704506577869e+16,181358445463552.0
4528,question_40_aime_Qwen3-32B_S4,4,1,1,1,1,0.0,0.026598897260663643,654,654,1.0405090145731584e+16,65353192116224.0
4529,question_40_aime_Qwen3-32B_S4,4,1,1,1,1,0.0,0.24124419269048603,1820,1820,3.333857285443328e+16,209078702405120.0
4530,question_40_aime_Qwen3-32B_S4,4,1,1,1,1,0.0,0.2759757769014699,1589,2943,2.889929540717517e+16,181844673158144.0
4531,question_40_aime_Qwen3-32B_S2,2,1,1,1,1,0.0,0.03634178949353056,1465,1465,2.055321776808499e+16,129363599648256.0
4532,question_40_aime_Qwen3-32B_S2,2,1,1,1,1,0.0,0.12869266860803816,2342,4769,3.544900134473216e+16,223330243660800.0
4533,question_40_aime_Qwen3-32B_S2,2,1,1,1,1,0.0,0.012767359039637927,1354,1354,1.6628006099814912e+16,104900351492096.0
4534,question_40_aime_Qwen3-32B_S1,1,1,1,1,1,0.0,0.12869266860803816,2342,2342,2.454474149357773e+16,155362436850176.0
4535,question_40_aime_Qwen3-32B_S1,1,1,1,1,1,0.0,0.009565816871642336,912,912,9500239668982784.0,60206474022912.0
4536,question_40_aime_Qwen3-32B_S1,1,1,1,1,1,0.0,0.06940883481897399,1619,1619,1.691803611910656e+16,106826382359040.0
4537,question_41_aime_Qwen3-32B_S64,64,1,1,1,1,0.0,0.3886270619146573,1497,3566,4.136813246350029e+16,232833057188864.0
4538,question_41_aime_Qwen3-32B_S64,64,1,1,1,1,0.0,0.3886270619146573,1497,3566,4.136813246350029e+16,232833057188864.0
4539,question_41_aime_Qwen3-32B_S64,64,1,1,1,1,0.0,0.3886270619146573,1497,3566,4.136813246350029e+16,232833057188864.0
4540,question_41_aime_Qwen3-32B_S32,32,1,1,1,1,0.0,0.3886270619146573,1497,3566,3.3593981914812416e+16,199560659467264.0
4541,question_41_aime_Qwen3-32B_S32,32,1,1,1,1,0.0,0.3139934859560805,652,2069,3.5275091187295744e+16,209803028277248.0
4542,question_41_aime_Qwen3-32B_S32,32,1,1,1,1,0.0,0.15813392754738867,455,455,3.409590225990707e+16,202265647837184.0
4543,question_41_aime_Qwen3-32B_S16,16,1,1,1,1,0.0,0.5709492136154352,1297,5508,4.604416533366579e+16,279697632702464.0
4544,question_41_aime_Qwen3-32B_S16,16,1,1,1,1,0.0,0.38202582399987617,1120,2522,3.819240055159194e+16,232836732572672.0
4545,question_41_aime_Qwen3-32B_S16,16,1,1,1,1,0.0,0.3886270619146573,1497,1952,3.144982257576397e+16,193387867147264.0
4546,question_41_aime_Qwen3-32B_S8,8,1,1,1,1,0.0,0.38202582399987617,1120,1772,2.011942392200499e+16,124531879657984.0
4547,question_41_aime_Qwen3-32B_S8,8,1,1,1,1,0.0,0.4927414400285748,1426,1426,2.659346905569229e+16,163917056593920.0
4548,question_41_aime_Qwen3-32B_S8,8,1,1,1,1,0.0,0.5751997518632492,1535,3744,4.200283787463168e+16,258353697223168.0
4549,question_41_aime_Qwen3-32B_S4,4,1,1,1,1,0.0,0.3309333387288755,1527,1527,2.9362657850980864e+16,182857529254912.0
4550,question_41_aime_Qwen3-32B_S4,4,1,1,1,1,0.0,0.15813392754738867,455,455,1.5848536638781952e+16,99460738235392.0
4551,question_41_aime_Qwen3-32B_S4,4,1,1,1,1,0.0,0.4927414400285748,1426,1426,2.8597725090241536e+16,179528339188736.0
4552,question_41_aime_Qwen3-32B_S2,2,1,1,1,1,0.0,0.45813188766566443,1616,1616,3.894957709747814e+16,244047052123648.0
4553,question_41_aime_Qwen3-32B_S2,2,1,1,1,1,0.0,0.4681135346427642,1562,1562,2.4373115836992e+16,152456500044800.0
4554,question_41_aime_Qwen3-32B_S2,2,1,1,1,1,0.0,0.32954158235488284,1456,1456,2.05914736311424e+16,129617363034112.0
4555,question_41_aime_Qwen3-32B_S1,1,1,1,1,1,0.0,0.05374292021423316,2301,2301,2.418213690298624e+16,151964828400640.0
4556,question_41_aime_Qwen3-32B_S1,1,1,1,1,1,0.0,0.1495259217940655,1974,1974,2.060732358256333e+16,130227392528896.0
4557,question_41_aime_Qwen3-32B_S1,1,1,1,1,1,0.0,0.3136763099996603,1937,1937,2.0286151990782976e+16,127878558786560.0
4558,question_42_aime_Qwen3-32B_S64,64,1,1,1,1,0.0,0.3115299150350796,735,4325,1.7330223502816256e+16,94753149707264.0
4559,question_42_aime_Qwen3-32B_S64,64,1,1,1,1,0.0,0.3115299150350796,735,4325,1.7330223502816256e+16,94753149707264.0
4560,question_42_aime_Qwen3-32B_S64,64,1,1,1,1,0.0,0.3115299150350796,735,4325,1.7330223502816256e+16,94753149707264.0
4561,question_42_aime_Qwen3-32B_S32,32,1,1,1,1,0.0,0.3084151451863061,447,4021,1.6569777045671424e+16,96552479750144.0
4562,question_42_aime_Qwen3-32B_S32,32,1,1,1,1,0.0,0.28421619123851105,539,1990,1.431777944223488e+16,83873847934976.0
4563,question_42_aime_Qwen3-32B_S32,32,1,1,1,1,0.0,0.3011388015063386,660,3201,1.5773939930085376e+16,91331072985088.0
4564,question_42_aime_Qwen3-32B_S16,16,1,1,1,1,0.0,0.28421619123851105,539,1032,1.2550195252657664e+16,76532154331136.0
4565,question_42_aime_Qwen3-32B_S16,16,1,1,1,1,0.0,0.3115299150350796,735,2618,1.3696590204257792e+16,82932677012992.0
4566,question_42_aime_Qwen3-32B_S16,16,1,1,1,1,0.0,0.3115299150350796,735,2622,1.4766771488498176e+16,89376268033024.0
4567,question_42_aime_Qwen3-32B_S8,8,1,1,1,1,0.0,0.6553039874886253,575,1685,1.2607662736262144e+16,78110584744448.0
4568,question_42_aime_Qwen3-32B_S8,8,1,1,1,1,0.0,0.3115299150350796,735,735,1.1600596660960256e+16,71686021251072.0
4569,question_42_aime_Qwen3-32B_S8,8,1,1,1,1,0.0,0.6553039874886253,575,920,1.028982921644544e+16,63693370155008.0
4570,question_42_aime_Qwen3-32B_S4,4,1,1,1,1,0.0,0.3084151451863061,447,820,7605677300416000.0,47769219533824.0
4571,question_42_aime_Qwen3-32B_S4,4,1,1,1,1,0.0,0.14880498902148484,430,430,8692993717611520.0,54270456487936.0
4572,question_42_aime_Qwen3-32B_S4,4,1,1,1,1,0.0,0.1951687102138206,493,493,8332419764400640.0,52373456462336.0
4573,question_42_aime_Qwen3-32B_S2,2,1,1,1,1,0.0,0.3115299150350796,735,735,9098095803203072.0,57591974163456.0
4574,question_42_aime_Qwen3-32B_S2,2,1,1,1,1,0.0,0.453266153753005,576,1076,7682302057815552.0,48353715394560.0
4575,question_42_aime_Qwen3-32B_S2,2,1,1,1,1,0.0,0.1986923192668035,566,566,7440752167948800.0,47010421963776.0
4576,question_42_aime_Qwen3-32B_S1,1,1,1,1,1,0.0,0.14880498902148484,430,430,4504740790862848.0,28524950024192.0
4577,question_42_aime_Qwen3-32B_S1,1,1,1,1,1,0.0,0.10197625445832365,373,373,4174211077146112.0,26473958212096.0
4578,question_42_aime_Qwen3-32B_S1,1,1,1,1,1,0.0,0.24968403119472357,493,493,5268678067805696.0,33334510016000.0
4579,question_43_aime_Qwen3-32B_S64,64,1,1,1,1,0.0,0.012263082812081052,49,49,8791283559161344.0,46619290708992.0
4580,question_43_aime_Qwen3-32B_S64,64,1,1,1,1,0.0,0.012263082812081052,49,49,8791283559161344.0,46619290708992.0
4581,question_43_aime_Qwen3-32B_S64,64,1,1,1,1,0.0,0.012263082812081052,49,49,8791283559161344.0,46619290708992.0
4582,question_43_aime_Qwen3-32B_S32,32,1,1,1,1,0.0,0.6326589654966,736,4686,3.718151218416179e+16,219609360091648.0
4583,question_43_aime_Qwen3-32B_S32,32,1,1,1,1,0.0,0.012263082812081052,49,49,7814163749144576.0,45382242298880.0
4584,question_43_aime_Qwen3-32B_S32,32,1,1,1,1,0.0,0.012263082812081052,49,49,6294272162652672.0,35728357623808.0
4585,question_43_aime_Qwen3-32B_S16,16,1,1,1,1,0.0,0.012263082812081052,49,49,6658606655823360.0,40197143117824.0
4586,question_43_aime_Qwen3-32B_S16,16,1,1,1,1,1.0,0.34880008118332456,973,1939,2.3923719930473984e+16,144660901835776.0
4587,question_43_aime_Qwen3-32B_S16,16,1,1,1,1,0.0,0.6326589654966,736,8101,3.1869532829727744e+16,194375479871488.0
4588,question_43_aime_Qwen3-32B_S8,8,1,1,1,1,0.0,0.49231027725795706,904,904,2.923536576465152e+16,182011500463104.0
4589,question_43_aime_Qwen3-32B_S8,8,1,1,1,1,0.0,0.6176328114382196,1239,4822,1.8645560089526784e+16,115241172292608.0
4590,question_43_aime_Qwen3-32B_S8,8,1,1,1,1,0.0,0.44452527362973954,927,2599,1.6079471135196672e+16,99308046996480.0
4591,question_43_aime_Qwen3-32B_S4,4,1,1,1,1,0.0,0.32934589001335934,966,1933,2.0297141131359744e+16,127182020190720.0
4592,question_43_aime_Qwen3-32B_S4,4,1,1,1,1,0.0,0.3629030823697671,892,1942,1.7218316773121536e+16,108222961037824.0
4593,question_43_aime_Qwen3-32B_S4,4,1,1,1,1,0.0,0.012263082812081052,49,49,2891769825440768.0,18149702309888.0
4594,question_43_aime_Qwen3-32B_S2,2,1,1,1,1,0.0,0.5713594052586216,1537,1537,2.170192967436851e+16,136856160886784.0
4595,question_43_aime_Qwen3-32B_S2,2,1,1,1,1,0.0,0.36384597058954027,2542,4158,2.986117264888013e+16,188173528030720.0
4596,question_43_aime_Qwen3-32B_S2,2,1,1,1,1,0.0,0.4274567424428851,1080,1080,1.846893367282637e+16,116390958250496.0
4597,question_43_aime_Qwen3-32B_S1,1,1,1,1,1,0.0,0.4931173425424123,1042,1042,1.0943363179549184e+16,69473776642048.0
4598,question_43_aime_Qwen3-32B_S1,1,1,1,1,1,0.0,0.5952579880959177,1085,1085,1.1297021232304128e+16,71612217271296.0
4599,question_43_aime_Qwen3-32B_S1,1,1,1,1,1,0.0,0.36094267830432275,1763,1763,1.8424939322241024e+16,116907468383232.0
4600,question_44_aime_Qwen3-32B_S64,64,1,1,1,1,0.0,0.5544623224010891,1006,3732,2.882292261728512e+16,158013222382592.0
4601,question_44_aime_Qwen3-32B_S64,64,1,1,1,1,0.0,0.5544623224010891,1006,3732,2.882292261728512e+16,158013222382592.0
4602,question_44_aime_Qwen3-32B_S64,64,1,1,1,1,0.0,0.5544623224010891,1006,3732,2.882292261728512e+16,158013222382592.0
4603,question_44_aime_Qwen3-32B_S32,32,1,1,1,1,0.0,0.5514484306386522,1590,9393,3.111696887593216e+16,181273746009600.0
4604,question_44_aime_Qwen3-32B_S32,32,1,1,1,1,0.0,0.21289437764444055,1559,2726,2.489810095087104e+16,145809628944384.0
4605,question_44_aime_Qwen3-32B_S32,32,1,1,1,1,0.0,0.5544623224010891,1006,3732,2.561091450250291e+16,150172794725376.0
4606,question_44_aime_Qwen3-32B_S16,16,1,1,1,1,0.0,0.5544623224010891,1006,2105,2.3190950646790144e+16,140416628773888.0
4607,question_44_aime_Qwen3-32B_S16,16,1,1,1,1,0.0,0.37693929958223443,1103,3121,2.6522509256062976e+16,160933528223744.0
4608,question_44_aime_Qwen3-32B_S16,16,1,1,1,1,0.0,0.5544623224010891,1006,3181,2.580621550338867e+16,156941165349888.0
4609,question_44_aime_Qwen3-32B_S8,8,1,1,1,1,0.0,0.3949176718691411,1011,3223,2.5383669029290496e+16,157843747395584.0
4610,question_44_aime_Qwen3-32B_S8,8,1,1,1,1,0.0,0.44459706787983694,1273,3255,2.745728569958912e+16,169912652022784.0
4611,question_44_aime_Qwen3-32B_S8,8,1,1,1,1,0.0,0.21289437764444055,1559,1559,2.3272260243926016e+16,145341904829952.0
4612,question_44_aime_Qwen3-32B_S4,4,1,1,1,1,0.0,0.3359715404607473,2080,3501,3.255077134769971e+16,204164925072384.0
4613,question_44_aime_Qwen3-32B_S4,4,1,1,1,1,0.0,0.5047960077005812,1037,1037,2.5877731032027136e+16,162088064417280.0
4614,question_44_aime_Qwen3-32B_S4,4,1,1,1,1,0.0,0.4963107517824123,1367,2839,2.274197811055872e+16,142641465961472.0
4615,question_44_aime_Qwen3-32B_S2,2,1,1,1,1,0.0,0.44459706787983694,1273,1273,1.8074818687337984e+16,114239864670208.0
4616,question_44_aime_Qwen3-32B_S2,2,1,1,1,1,0.0,0.23954592681582187,2290,2290,2.8305099753729536e+16,179108251041280.0
4617,question_44_aime_Qwen3-32B_S2,2,1,1,1,1,0.0,0.339549563129219,1099,1099,1.6915645317060608e+16,106850672851456.0
4618,question_44_aime_Qwen3-32B_S1,1,1,1,1,1,0.0,0.448357237215326,2052,2052,2.138605853725389e+16,135293537266688.0
4619,question_44_aime_Qwen3-32B_S1,1,1,1,1,1,0.0,0.4097790963988299,1185,1185,1.2489153042432e+16,78946974349312.0
4620,question_44_aime_Qwen3-32B_S1,1,1,1,1,1,0.0,0.21289437764444055,1559,1559,1.6743447134175232e+16,106412510992896.0
4621,question_45_aime_Qwen3-32B_S64,64,1,1,1,1,1.0,0.7269728643565282,1528,1528,4.430866846055373e+16,244096700914688.0
4622,question_45_aime_Qwen3-32B_S64,64,1,1,1,1,1.0,0.7269728643565282,1528,1528,4.430866846055373e+16,244096700914688.0
4623,question_45_aime_Qwen3-32B_S64,64,1,1,1,1,1.0,0.5590693889990729,1168,2042,4.430866846055373e+16,244096700914688.0
4624,question_45_aime_Qwen3-32B_S32,32,1,1,1,1,1.0,0.7280282656431464,1313,1313,3.904757030644634e+16,227610672814080.0
4625,question_45_aime_Qwen3-32B_S32,32,1,1,1,1,1.0,0.7280282656431464,1313,2187,4.041229959936051e+16,236419772450816.0
4626,question_45_aime_Qwen3-32B_S32,32,1,1,1,1,1.0,0.727228624658517,1309,1309,4.127278307088947e+16,242283512675328.0
4627,question_45_aime_Qwen3-32B_S16,16,1,1,1,1,1.0,0.7269728643565282,1528,2402,3.268784328642509e+16,198104801216512.0
4628,question_45_aime_Qwen3-32B_S16,16,1,1,1,1,1.0,0.5717953959896018,1105,2062,3.230945939281459e+16,196547169653760.0
4629,question_45_aime_Qwen3-32B_S16,16,1,1,1,1,1.0,0.7093701646311872,1199,2156,2.584741114126029e+16,156152083874816.0
4630,question_45_aime_Qwen3-32B_S8,8,1,1,1,1,0.0,0.455510168299961,1031,1031,2.262958745728819e+16,140071705145344.0
4631,question_45_aime_Qwen3-32B_S8,8,1,1,1,1,1.0,0.5717953959896018,1105,1105,3.2261104269784064e+16,201056087755264.0
4632,question_45_aime_Qwen3-32B_S8,8,1,1,1,1,1.0,0.7093701646311872,1199,2230,2.409452474591539e+16,148657261566976.0
4633,question_45_aime_Qwen3-32B_S4,4,1,1,1,1,0.0,0.455510168299961,1031,1031,1.822448542691277e+16,114101735107584.0
4634,question_45_aime_Qwen3-32B_S4,4,1,1,1,1,0.0,0.12614200794305627,2169,2169,2.9155771423778304e+16,182133148243968.0
4635,question_45_aime_Qwen3-32B_S4,4,1,1,1,1,1.0,0.5590693889990729,1168,1168,2.275792830073293e+16,143058449860608.0
4636,question_45_aime_Qwen3-32B_S2,2,1,1,1,1,0.0,0.2032215784548377,1463,1463,2.237843132328499e+16,141325412410880.0
4637,question_45_aime_Qwen3-32B_S2,2,1,1,1,1,1.0,0.5590693889990729,1168,1168,1.4156206796466688e+16,89582595975168.0
4638,question_45_aime_Qwen3-32B_S2,2,1,1,1,1,0.0,0.455510168299961,1031,1031,1.66302554796928e+16,105046960186368.0
4639,question_45_aime_Qwen3-32B_S1,1,1,1,1,1,0.0,0.12171353250806231,1599,1599,1.682164192827136e+16,106148508961792.0
4640,question_45_aime_Qwen3-32B_S1,1,1,1,1,1,0.0,0.13328311269215232,2620,2620,2.7508846976338944e+16,173675086660608.0
4641,question_45_aime_Qwen3-32B_S1,1,1,1,1,1,1.0,0.4441036653908206,2737,2737,2.8879732311808e+16,181507646361600.0
4642,question_46_aime_Qwen3-32B_S64,64,1,1,1,1,0.0,0.0,0,0,1.3604393912994816e+16,82809524306432.0
4643,question_46_aime_Qwen3-32B_S64,64,1,1,1,1,0.0,0.0,0,0,1.3604393912994816e+16,82809524306432.0
4644,question_46_aime_Qwen3-32B_S64,64,1,1,1,1,0.0,0.0,0,0,1.3604393912994816e+16,82809524306432.0
4645,question_46_aime_Qwen3-32B_S32,32,1,1,1,1,0.0,0.5942475397326128,649,649,1.4240817494452736e+16,84476885276160.0
4646,question_46_aime_Qwen3-32B_S32,32,1,1,1,1,0.0,0.5942475397326128,649,649,1.6653795267580928e+16,99947202491904.0
4647,question_46_aime_Qwen3-32B_S32,32,1,1,1,1,0.0,0.5942475397326128,649,649,1.6745940310211584e+16,100673027597824.0
4648,question_46_aime_Qwen3-32B_S16,16,1,1,1,1,0.0,0.12845671106013956,578,578,1.7227813690157056e+16,104243221448704.0
4649,question_46_aime_Qwen3-32B_S16,16,1,1,1,1,0.0,0.411215268574479,1063,1063,1.879281689516595e+16,114481726789120.0
4650,question_46_aime_Qwen3-32B_S16,16,1,1,1,1,1.0,0.7609050105295353,564,564,2.2958119142329344e+16,139836360294400.0
4651,question_46_aime_Qwen3-32B_S8,8,1,1,1,1,1.0,0.9115369121650986,1016,2255,3.4568682711926784e+16,214952752197120.0
4652,question_46_aime_Qwen3-32B_S8,8,1,1,1,1,0.0,0.18370221301797374,514,1092,1.5754095589949952e+16,97527069965312.0
4653,question_46_aime_Qwen3-32B_S8,8,1,1,1,1,1.0,0.8251584233267456,456,1544,1.9832860550447104e+16,123222424000512.0
4654,question_46_aime_Qwen3-32B_S4,4,1,1,1,1,1.0,0.5288148814177478,485,485,1.692386870276608e+16,106048302347264.0
4655,question_46_aime_Qwen3-32B_S4,4,1,1,1,1,0.0,0.12845671106013956,578,578,1.0656329655607808e+16,66897172819968.0
4656,question_46_aime_Qwen3-32B_S4,4,1,1,1,1,1.0,0.9007988960221339,913,2334,2.910139987063757e+16,182208985784832.0
4657,question_46_aime_Qwen3-32B_S2,2,1,1,1,1,0.0,0.504179074898898,941,941,2.056955285094707e+16,129477466281984.0
4658,question_46_aime_Qwen3-32B_S2,2,1,1,1,1,1.0,0.9008303592767781,841,841,1.4124621985446912e+16,88835752121856.0
4659,question_46_aime_Qwen3-32B_S2,2,1,1,1,1,1.0,0.8756928257422517,744,744,1.1834866314702848e+16,74486750632960.0
4660,question_46_aime_Qwen3-32B_S1,1,1,1,1,1,1.0,0.7205767980745007,918,918,9717281137501696.0,61341031150080.0
4661,question_46_aime_Qwen3-32B_S1,1,1,1,1,1,0.0,0.3018327157034476,2549,2549,2.6774456811014144e+16,169200457287680.0
4662,question_46_aime_Qwen3-32B_S1,1,1,1,1,1,0.0,0.18370221301797374,514,514,5577887949570048.0,35353958765568.0
4663,question_47_aime_Qwen3-32B_S64,64,1,1,1,1,0.0,0.5147206585256521,409,1390,1.5850883137178112e+16,85658604974080.0
4664,question_47_aime_Qwen3-32B_S64,64,1,1,1,1,0.0,0.5147206585256521,409,1390,1.5850883137178112e+16,85658604974080.0
4665,question_47_aime_Qwen3-32B_S64,64,1,1,1,1,0.0,0.5147206585256521,409,1390,1.5850883137178112e+16,85658604974080.0
4666,question_47_aime_Qwen3-32B_S32,32,1,1,1,1,0.0,0.5147206585256521,409,637,1.403293303700992e+16,81856585362432.0
4667,question_47_aime_Qwen3-32B_S32,32,1,1,1,1,0.0,0.5147206585256521,409,1012,1.3308417884818944e+16,77272638960640.0
4668,question_47_aime_Qwen3-32B_S32,32,1,1,1,1,0.0,0.4951720546187678,375,981,1.2964650875815424e+16,75348553253888.0
4669,question_47_aime_Qwen3-32B_S16,16,1,1,1,1,0.0,0.4487920792566719,677,1055,1.2033645327420416e+16,71828952499712.0
4670,question_47_aime_Qwen3-32B_S16,16,1,1,1,1,0.0,0.7022217099577945,662,2140,1.678303144163584e+16,101152095648768.0
4671,question_47_aime_Qwen3-32B_S16,16,1,1,1,1,0.0,0.5555653783880515,568,943,1.2456851999770112e+16,75087563458048.0
4672,question_47_aime_Qwen3-32B_S8,8,1,1,1,1,0.0,0.5147206585256521,409,1086,1.2131830993712128e+16,74877535572480.0
4673,question_47_aime_Qwen3-32B_S8,8,1,1,1,1,0.0,0.1437329726989857,378,378,1.3996147785393664e+16,87003442665984.0
4674,question_47_aime_Qwen3-32B_S8,8,1,1,1,1,0.0,0.42345943714133694,556,934,1.066855537458944e+16,65895683472896.0
4675,question_47_aime_Qwen3-32B_S4,4,1,1,1,1,0.0,0.7022217099577945,662,1096,9486949377997824.0,59297773505536.0
4676,question_47_aime_Qwen3-32B_S4,4,1,1,1,1,0.0,0.572750627853413,874,2101,1.276312996297728e+16,80151130690560.0
4677,question_47_aime_Qwen3-32B_S4,4,1,1,1,1,0.0,0.5147206585256521,409,409,1.0835685944201728e+16,68028928676352.0
4678,question_47_aime_Qwen3-32B_S2,2,1,1,1,1,0.0,0.43348573738162416,593,593,8786320762476032.0,55440970653184.0
4679,question_47_aime_Qwen3-32B_S2,2,1,1,1,1,0.0,0.29722471200841344,670,670,1.0446744428021248e+16,65918089678848.0
4680,question_47_aime_Qwen3-32B_S2,2,1,1,1,1,0.0,0.572750627853413,874,1473,1.0653785142678528e+16,67351748782592.0
4681,question_47_aime_Qwen3-32B_S1,1,1,1,1,1,0.0,0.3884713781313123,846,846,8831029735738368.0,55900375591936.0
4682,question_47_aime_Qwen3-32B_S1,1,1,1,1,1,0.0,0.29368724342585234,228,228,2463584403216896.0,15632497545728.0
4683,question_47_aime_Qwen3-32B_S1,1,1,1,1,1,0.0,0.4456382914166868,866,866,9106628116534272.0,57826799438336.0
4684,question_48_aime_Qwen3-32B_S64,64,1,1,1,1,0.0,0.5245943839224693,1180,4277,3.420198741916877e+16,201969450799616.0
4685,question_48_aime_Qwen3-32B_S64,64,1,1,1,1,0.0,0.5245943839224693,1180,4277,3.420198741916877e+16,201969450799616.0
4686,question_48_aime_Qwen3-32B_S64,64,1,1,1,1,0.0,0.5245943839224693,1180,4277,3.420198741916877e+16,201969450799616.0
4687,question_48_aime_Qwen3-32B_S32,32,1,1,1,1,0.0,0.5245943839224693,1180,3236,2.666555473807309e+16,161909109124608.0
4688,question_48_aime_Qwen3-32B_S32,32,1,1,1,1,0.0,0.2549372747572836,1250,3097,2.9295531462759424e+16,178937402845696.0
4689,question_48_aime_Qwen3-32B_S32,32,1,1,1,1,0.0,0.5245943839224693,1180,2430,2.9236678718736384e+16,179063416796672.0
4690,question_48_aime_Qwen3-32B_S16,16,1,1,1,1,0.0,0.2549372747572836,1250,1250,1.8632122326938624e+16,115357067091968.0
4691,question_48_aime_Qwen3-32B_S16,16,1,1,1,1,0.0,0.39386727563861207,1083,2472,2.4345639770230784e+16,149001543896064.0
4692,question_48_aime_Qwen3-32B_S16,16,1,1,1,1,0.0,0.39386727563861207,1083,2472,2.620136862416128e+16,160186156466176.0
4693,question_48_aime_Qwen3-32B_S8,8,1,1,1,1,0.0,0.6510894499549981,1129,2255,2.701603267134976e+16,167122361675776.0
4694,question_48_aime_Qwen3-32B_S8,8,1,1,1,1,0.0,0.20202226781270763,806,806,1.985544032766259e+16,124727984438272.0
4695,question_48_aime_Qwen3-32B_S8,8,1,1,1,1,0.0,0.20202226781270763,806,806,1.4901118321094656e+16,93026983068672.0
4696,question_48_aime_Qwen3-32B_S4,4,1,1,1,1,1.0,0.5289101315632779,1235,1235,2.575991781209651e+16,161421611139584.0
4697,question_48_aime_Qwen3-32B_S4,4,1,1,1,1,0.0,0.1614012194445559,1499,1499,2.929014098682163e+16,182863073164800.0
4698,question_48_aime_Qwen3-32B_S4,4,1,1,1,1,0.0,0.20202226781270763,806,806,1.0432958075883008e+16,65914781800448.0
4699,question_48_aime_Qwen3-32B_S2,2,1,1,1,1,0.0,0.1614012194445559,1499,1499,2.353309910295245e+16,148477106271744.0
4700,question_48_aime_Qwen3-32B_S2,2,1,1,1,1,0.0,0.2170268645490441,1971,1971,2.396009581811456e+16,151951211183104.0
4701,question_48_aime_Qwen3-32B_S2,2,1,1,1,1,0.0,0.3954433167022109,1347,1347,2.276193701287424e+16,143815059145216.0
4702,question_48_aime_Qwen3-32B_S1,1,1,1,1,1,0.0,0.31992072422001516,1408,1408,1.467607626949888e+16,92875375648768.0
4703,question_48_aime_Qwen3-32B_S1,1,1,1,1,1,0.0,0.4988512072437687,1195,1195,1.253846489107968e+16,79476402110464.0
4704,question_48_aime_Qwen3-32B_S1,1,1,1,1,1,0.0,0.1703447861188512,1041,1041,1.1907717450740224e+16,75734944380928.0
4705,question_49_aime_Qwen3-32B_S64,64,1,1,1,1,0.0,0.0,0,0,1.859625460512e+16,109388814230016.0
4706,question_49_aime_Qwen3-32B_S64,64,1,1,1,1,0.0,0.0,0,0,1.859625460512e+16,109388814230016.0
4707,question_49_aime_Qwen3-32B_S64,64,1,1,1,1,0.0,0.0,0,0,1.859625460512e+16,109388814230016.0
4708,question_49_aime_Qwen3-32B_S32,32,1,1,1,1,0.0,0.0,0,0,1.7700745481376256e+16,108317913588224.0
4709,question_49_aime_Qwen3-32B_S32,32,1,1,1,1,0.0,0.41268541651125157,918,2236,1.7081474669105664e+16,100080066524160.0
4710,question_49_aime_Qwen3-32B_S32,32,1,1,1,1,0.0,0.0,0,0,1.6402684037161472e+16,99841044261376.0
4711,question_49_aime_Qwen3-32B_S16,16,1,1,1,1,1.0,0.41268541651125157,918,1566,1.87142313713024e+16,113413717885952.0
4712,question_49_aime_Qwen3-32B_S16,16,1,1,1,1,0.0,0.0,0,0,1.465086975280896e+16,91072672808448.0
4713,question_49_aime_Qwen3-32B_S16,16,1,1,1,1,0.0,0.0,0,0,1.6079279584383488e+16,100099369466368.0
4714,question_49_aime_Qwen3-32B_S8,8,1,1,1,1,1.0,0.3202982056934467,648,1378,1.7048687792036864e+16,105529596869120.0
4715,question_49_aime_Qwen3-32B_S8,8,1,1,1,1,0.0,0.4382978679888798,588,1383,1.5051256562349056e+16,93322833773568.0
4716,question_49_aime_Qwen3-32B_S8,8,1,1,1,1,0.0,0.0,0,0,1.5732586447679488e+16,99040295418368.0
4717,question_49_aime_Qwen3-32B_S4,4,1,1,1,1,0.0,0.0,0,0,1.3409588200769024e+16,84942958942720.0
4718,question_49_aime_Qwen3-32B_S4,4,1,1,1,1,0.0,0.11087063589280789,795,795,1.0860920986557952e+16,68121804676096.0
4719,question_49_aime_Qwen3-32B_S4,4,1,1,1,1,1.0,0.3202982056934467,648,1860,1.4541734478009856e+16,91196254763520.0
4720,question_49_aime_Qwen3-32B_S2,2,1,1,1,1,0.0,0.34366645988135114,1256,1256,1.7652011903818752e+16,111201566302208.0
4721,question_49_aime_Qwen3-32B_S2,2,1,1,1,1,0.0,0.5793868421324566,907,907,1.3910757764433408e+16,87819137197056.0
4722,question_49_aime_Qwen3-32B_S2,2,1,1,1,1,0.0,0.15509173335665727,765,765,9832100306962432.0,62037846762496.0
4723,question_49_aime_Qwen3-32B_S1,1,1,1,1,1,0.0,0.17679572052964124,892,892,9393130354100224.0,59610675754496.0
4724,question_49_aime_Qwen3-32B_S1,1,1,1,1,1,0.0,0.3654780210420128,767,767,8107919093773312.0,51400683695616.0
4725,question_49_aime_Qwen3-32B_S1,1,1,1,1,1,0.0,0.4878231527441112,753,753,8054311311284736.0,51068088209920.0
4726,question_5_aime_Qwen3-32B_S64,64,1,1,1,1,1.0,0.48801723505018146,555,1137,2.6824365771021824e+16,150039647839232.0
4727,question_5_aime_Qwen3-32B_S64,64,1,1,1,1,1.0,0.48801723505018146,555,2561,2.6824365771021824e+16,150039647839232.0
4728,question_5_aime_Qwen3-32B_S64,64,1,1,1,1,1.0,0.48801723505018146,555,1999,2.6824365771021824e+16,150039647839232.0
4729,question_5_aime_Qwen3-32B_S32,32,1,1,1,1,1.0,0.4271269078246382,843,2451,2.0987068165497856e+16,123330372879360.0
4730,question_5_aime_Qwen3-32B_S32,32,1,1,1,1,1.0,0.4271269078246382,843,2225,2.3013729559061504e+16,136420388037632.0
4731,question_5_aime_Qwen3-32B_S32,32,1,1,1,1,1.0,0.48801723505018146,555,2569,1.844522575470541e+16,107327581346816.0
4732,question_5_aime_Qwen3-32B_S16,16,1,1,1,1,0.0,0.3672043376671608,862,2470,1.908512687153459e+16,116381369444352.0
4733,question_5_aime_Qwen3-32B_S16,16,1,1,1,1,0.0,0.3672043376671608,862,3052,2.0201420188939264e+16,123014417768448.0
4734,question_5_aime_Qwen3-32B_S16,16,1,1,1,1,1.0,0.3107878827695597,877,877,1.9436291995984384e+16,117525741498880.0
4735,question_5_aime_Qwen3-32B_S8,8,1,1,1,1,0.0,0.09915879999376152,582,582,1.1822808675480576e+16,73116266334208.0
4736,question_5_aime_Qwen3-32B_S8,8,1,1,1,1,1.0,0.4786948004558919,862,862,1.9175549376416256e+16,118859749605888.0
4737,question_5_aime_Qwen3-32B_S8,8,1,1,1,1,1.0,0.33703287980525815,744,744,1.42575140400896e+16,88307722589184.0
4738,question_5_aime_Qwen3-32B_S4,4,1,1,1,1,1.0,0.4271269078246382,843,843,1.2785163947951616e+16,80446000663552.0
4739,question_5_aime_Qwen3-32B_S4,4,1,1,1,1,0.0,0.24110454586730595,800,800,1.214304599758336e+16,76349410121728.0
4740,question_5_aime_Qwen3-32B_S4,4,1,1,1,1,1.0,0.46807471193517153,805,805,1.7199003340326912e+16,108177081532928.0
4741,question_5_aime_Qwen3-32B_S2,2,1,1,1,1,1.0,0.12521574400551055,974,974,1.505662214655488e+16,95233749600256.0
4742,question_5_aime_Qwen3-32B_S2,2,1,1,1,1,0.0,0.09915879999376152,582,582,8354851507553280.0,52855722025984.0
4743,question_5_aime_Qwen3-32B_S2,2,1,1,1,1,1.0,0.5635956309961682,881,881,1.092187124717056e+16,68945976116224.0
4744,question_5_aime_Qwen3-32B_S1,1,1,1,1,1,1.0,0.6790146702331394,964,964,1.0064798648641024e+16,63672250190848.0
4745,question_5_aime_Qwen3-32B_S1,1,1,1,1,1,1.0,0.12521574400551055,974,974,1.0205904722467328e+16,64749346281984.0
4746,question_5_aime_Qwen3-32B_S1,1,1,1,1,1,1.0,0.6790146702331394,964,964,1.0064798648641024e+16,63672250190848.0
4747,question_50_aime_Qwen3-32B_S64,64,1,1,1,1,0.0,0.04016425565843666,683,1205,2.6382522908829696e+16,150263221582336.0
4748,question_50_aime_Qwen3-32B_S64,64,1,1,1,1,0.0,0.04016425565843666,683,1205,2.6382522908829696e+16,150263221582336.0
4749,question_50_aime_Qwen3-32B_S64,64,1,1,1,1,0.0,0.04016425565843666,683,1205,2.6382522908829696e+16,150263221582336.0
4750,question_50_aime_Qwen3-32B_S32,32,1,1,1,1,0.0,0.04016425565843666,683,1205,1.7191147686495744e+16,100400951097856.0
4751,question_50_aime_Qwen3-32B_S32,32,1,1,1,1,0.0,0.01301470672547456,522,522,2.426551628069837e+16,145367156502016.0
4752,question_50_aime_Qwen3-32B_S32,32,1,1,1,1,0.0,0.12486328284596716,1298,2660,3.96310858482903e+16,237087022750208.0
4753,question_50_aime_Qwen3-32B_S16,16,1,1,1,1,0.0,0.12486328284596716,1298,1981,2.39109043270656e+16,145545751668736.0
4754,question_50_aime_Qwen3-32B_S16,16,1,1,1,1,0.0,0.44233199610287605,1616,6558,3.2556183667424256e+16,196678188630016.0
4755,question_50_aime_Qwen3-32B_S16,16,1,1,1,1,0.0,0.12486328284596716,1298,1981,2.4134789842049024e+16,146822107553792.0
4756,question_50_aime_Qwen3-32B_S8,8,1,1,1,1,0.0,0.5140719346444601,887,5361,3.65048454709463e+16,226141142607360.0
4757,question_50_aime_Qwen3-32B_S8,8,1,1,1,1,0.0,0.04016425565843666,683,683,1.6457720481073664e+16,102000930080768.0
4758,question_50_aime_Qwen3-32B_S8,8,1,1,1,1,0.0,0.0905047656728449,1496,5275,3.2937837945306624e+16,204527581608448.0
4759,question_50_aime_Qwen3-32B_S4,4,1,1,1,1,0.0,0.051825429000519105,900,900,1.818499072960768e+16,114024639108608.0
4760,question_50_aime_Qwen3-32B_S4,4,1,1,1,1,0.0,0.12680114330766903,2434,3501,3.403399350925056e+16,214096007033344.0
4761,question_50_aime_Qwen3-32B_S4,4,1,1,1,1,0.0,0.5140719346444601,887,1760,2.095058202842624e+16,131659794810880.0
4762,question_50_aime_Qwen3-32B_S2,2,1,1,1,1,0.0,0.04016425565843666,683,683,8816582127967232.0,55804156783616.0
4763,question_50_aime_Qwen3-32B_S2,2,1,1,1,1,0.0,0.11833334837492623,2191,2191,2.9808840814057984e+16,187965117449216.0
4764,question_50_aime_Qwen3-32B_S2,2,1,1,1,1,0.0,0.15045519481258735,1893,3248,2.233448946099507e+16,140861331563520.0
4765,question_50_aime_Qwen3-32B_S1,1,1,1,1,1,0.0,0.11510012143194036,2369,2369,2.47527485891584e+16,156783198715392.0
4766,question_50_aime_Qwen3-32B_S1,1,1,1,1,1,0.0,0.3821680626942881,1720,1720,1.802989238083635e+16,114145629454848.0
4767,question_50_aime_Qwen3-32B_S1,1,1,1,1,1,0.0,0.363347962979712,779,779,8223121199635456.0,52169836922880.0
4768,question_51_aime_Qwen3-32B_S64,64,1,1,1,1,0.0,0.24054642318563393,1208,4433,3.4321647870762496e+16,196242235578368.0
4769,question_51_aime_Qwen3-32B_S64,64,1,1,1,1,0.0,0.24054642318563393,1208,4433,3.4321647870762496e+16,196242235578368.0
4770,question_51_aime_Qwen3-32B_S64,64,1,1,1,1,0.0,0.24054642318563393,1208,4433,3.4321647870762496e+16,196242235578368.0
4771,question_51_aime_Qwen3-32B_S32,32,1,1,1,1,0.0,0.24054642318563393,1208,3468,3.148601964119296e+16,189386282289152.0
4772,question_51_aime_Qwen3-32B_S32,32,1,1,1,1,0.0,0.24054642318563393,1208,4433,3.196126471340339e+16,191586263690240.0
4773,question_51_aime_Qwen3-32B_S32,32,1,1,1,1,0.0,0.24054642318563393,1208,3542,2.897555207957965e+16,173314459589632.0
4774,question_51_aime_Qwen3-32B_S16,16,1,1,1,1,0.0,0.18324506185277067,1110,4261,3.192464367954432e+16,195403510974464.0
4775,question_51_aime_Qwen3-32B_S16,16,1,1,1,1,0.0,0.20665273203378062,1197,4626,3.0314436096367104e+16,186517247848448.0
4776,question_51_aime_Qwen3-32B_S16,16,1,1,1,1,0.0,0.13658252109401206,1369,1369,2.384534396589005e+16,146909185431552.0
4777,question_51_aime_Qwen3-32B_S8,8,1,1,1,1,0.0,0.1977925649718687,772,3033,2.516066445382861e+16,157438352756736.0
4778,question_51_aime_Qwen3-32B_S8,8,1,1,1,1,0.0,0.20665273203378062,1197,3619,2.362404793667021e+16,146805627788288.0
4779,question_51_aime_Qwen3-32B_S8,8,1,1,1,1,0.0,0.13149274079561757,891,891,1.759378802232064e+16,109403716522496.0
4780,question_51_aime_Qwen3-32B_S4,4,1,1,1,1,0.0,0.1587030635929785,965,965,1.6828828678254592e+16,106185323912192.0
4781,question_51_aime_Qwen3-32B_S4,4,1,1,1,1,0.0,0.3206355682267281,1870,3531,3.056191431397888e+16,191401071385088.0
4782,question_51_aime_Qwen3-32B_S4,4,1,1,1,1,0.0,0.20901690710876533,1543,1543,2.950178354604032e+16,185121473827840.0
4783,question_51_aime_Qwen3-32B_S2,2,1,1,1,1,0.0,0.20665273203378062,1197,1197,2.137607704352563e+16,135308439961600.0
4784,question_51_aime_Qwen3-32B_S2,2,1,1,1,1,0.0,0.13457271463488696,1174,1174,1.7755233770371072e+16,112127320133632.0
4785,question_51_aime_Qwen3-32B_S2,2,1,1,1,1,0.0,0.20901690710876533,1543,2740,1.928487941821184e+16,121881018094080.0
4786,question_51_aime_Qwen3-32B_S1,1,1,1,1,1,0.0,0.2091104404418381,1336,1336,1.4053146177648128e+16,88990410293248.0
4787,question_51_aime_Qwen3-32B_S1,1,1,1,1,1,0.0,0.22847867213252873,1758,1758,1.843819437313792e+16,116805216291840.0
4788,question_51_aime_Qwen3-32B_S1,1,1,1,1,1,0.0,0.06727167250269156,1341,1341,1.7282799240676352e+16,109823320926720.0
4789,question_52_aime_Qwen3-32B_S64,64,1,1,1,1,0.0,0.5009597565367103,840,4672,2.6155777777972736e+16,141098846377472.0
4790,question_52_aime_Qwen3-32B_S64,64,1,1,1,1,0.0,0.5009597565367103,840,4672,2.6155777777972736e+16,141098846377472.0
4791,question_52_aime_Qwen3-32B_S64,64,1,1,1,1,0.0,0.5009597565367103,840,4672,2.6155777777972736e+16,141098846377472.0
4792,question_52_aime_Qwen3-32B_S32,32,1,1,1,1,0.0,0.5009597565367103,840,1403,2.408227340188928e+16,140162272771072.0
4793,question_52_aime_Qwen3-32B_S32,32,1,1,1,1,0.0,0.5009597565367103,840,2732,2.2515805331283456e+16,130264947019264.0
4794,question_52_aime_Qwen3-32B_S32,32,1,1,1,1,0.0,0.4482872128034127,706,1889,1.985522812892211e+16,114298315644416.0
4795,question_52_aime_Qwen3-32B_S16,16,1,1,1,1,0.0,0.5009597565367103,840,1460,1.7391647010996224e+16,105231181901312.0
4796,question_52_aime_Qwen3-32B_S16,16,1,1,1,1,0.0,0.3817641829644245,1264,3980,2.8224043273547776e+16,171856524807680.0
4797,question_52_aime_Qwen3-32B_S16,16,1,1,1,1,0.0,0.4482872128034127,706,706,1.5686985982035968e+16,94055551147520.0
4798,question_52_aime_Qwen3-32B_S8,8,1,1,1,1,0.0,0.1186520860983786,620,620,1.3728239182010368e+16,85042941307392.0
4799,question_52_aime_Qwen3-32B_S8,8,1,1,1,1,0.0,0.4482872128034127,706,2078,1.440954898031104e+16,89060271570432.0
4800,question_52_aime_Qwen3-32B_S8,8,1,1,1,1,0.0,0.34076728200028006,571,571,1.427119200262656e+16,88260742118400.0
4801,question_52_aime_Qwen3-32B_S4,4,1,1,1,1,0.0,0.3474727379127336,774,1618,1.8386945929580544e+16,115096744748032.0
4802,question_52_aime_Qwen3-32B_S4,4,1,1,1,1,0.0,0.4482872128034127,706,706,1.1743654714986496e+16,73679185817088.0
4803,question_52_aime_Qwen3-32B_S4,4,1,1,1,1,0.0,0.031196591493885067,563,563,1.217354410702592e+16,76325694287872.0
4804,question_52_aime_Qwen3-32B_S2,2,1,1,1,1,0.0,0.34076728200028006,571,571,8114161802082816.0,51249880833024.0
4805,question_52_aime_Qwen3-32B_S2,2,1,1,1,1,0.0,0.5579477861911145,1655,2339,1.852478818492416e+16,117086659795968.0
4806,question_52_aime_Qwen3-32B_S2,2,1,1,1,1,0.0,0.5009597565367103,840,840,1.0961655586371584e+16,69385316973568.0
4807,question_52_aime_Qwen3-32B_S1,1,1,1,1,1,0.0,0.10128295050510225,861,861,9108440144654848.0,57687193309696.0
4808,question_52_aime_Qwen3-32B_S1,1,1,1,1,1,0.0,0.36364233527121304,2051,2051,2.142661854377216e+16,135369322327040.0
4809,question_52_aime_Qwen3-32B_S1,1,1,1,1,1,0.0,0.19406306933656792,850,850,8880817554283520.0,56178268652032.0
4810,question_53_aime_Qwen3-32B_S64,64,1,1,1,1,0.0,0.4698629607365388,1177,3286,3.994449668861645e+16,234168749719552.0
4811,question_53_aime_Qwen3-32B_S64,64,1,1,1,1,0.0,0.4698629607365388,1177,3286,3.994449668861645e+16,234168749719552.0
4812,question_53_aime_Qwen3-32B_S64,64,1,1,1,1,0.0,0.4698629607365388,1177,3286,3.994449668861645e+16,234168749719552.0
4813,question_53_aime_Qwen3-32B_S32,32,1,1,1,1,0.0,0.5119300226639235,1179,3552,3.188453007251456e+16,192464629367808.0
4814,question_53_aime_Qwen3-32B_S32,32,1,1,1,1,0.0,0.3743770105310789,913,913,2.618190423499213e+16,157057329615872.0
4815,question_53_aime_Qwen3-32B_S32,32,1,1,1,1,0.0,0.5871622053088127,1501,11012,4.127944044277146e+16,247767432340480.0
4816,question_53_aime_Qwen3-32B_S16,16,1,1,1,1,0.0,0.4698629607365388,1177,1177,2.742432341377229e+16,168922812087296.0
4817,question_53_aime_Qwen3-32B_S16,16,1,1,1,1,0.0,0.4572969962031347,901,4442,3.186245716411392e+16,195065300977664.0
4818,question_53_aime_Qwen3-32B_S16,16,1,1,1,1,0.0,0.4698629607365388,1177,2090,2.951917026540339e+16,183489240273920.0
4819,question_53_aime_Qwen3-32B_S8,8,1,1,1,1,0.0,0.5871622053088127,1501,1501,2.586744746313165e+16,161630327943680.0
4820,question_53_aime_Qwen3-32B_S8,8,1,1,1,1,0.0,0.5871622053088127,1501,1501,2.6769091307209216e+16,167647092032000.0
4821,question_53_aime_Qwen3-32B_S8,8,1,1,1,1,0.0,0.3743770105310789,913,913,1.4355866524824064e+16,89902472014848.0
4822,question_53_aime_Qwen3-32B_S4,4,1,1,1,1,0.0,0.3984107049805811,1345,1345,1.9852356379767296e+16,125547526214656.0
4823,question_53_aime_Qwen3-32B_S4,4,1,1,1,1,0.0,0.5871622053088127,1501,2846,2.463736264162509e+16,155568530828288.0
4824,question_53_aime_Qwen3-32B_S4,4,1,1,1,1,0.0,0.3743770105310789,913,913,1.4809442342641152e+16,93378370524160.0
4825,question_53_aime_Qwen3-32B_S2,2,1,1,1,1,0.0,0.611710361042654,1929,1929,2.693779528304384e+16,169473398923264.0
4826,question_53_aime_Qwen3-32B_S2,2,1,1,1,1,0.0,0.3639513940043887,1609,1609,1.9541597356923904e+16,123626895867392.0
4827,question_53_aime_Qwen3-32B_S2,2,1,1,1,1,0.0,0.5405415444300687,1356,3299,2.517148883508787e+16,158958494621184.0
4828,question_53_aime_Qwen3-32B_S1,1,1,1,1,1,0.0,0.3743770105310789,913,913,9869706493419008.0,62678935486976.0
4829,question_53_aime_Qwen3-32B_S1,1,1,1,1,1,0.0,0.20557833850937413,1755,1755,1.8347254795142656e+16,115793277614592.0
4830,question_53_aime_Qwen3-32B_S1,1,1,1,1,1,0.0,0.5275631079475277,1456,1456,1.5272403717193728e+16,96685265101824.0
4831,question_54_aime_Qwen3-32B_S64,64,1,1,1,1,0.0,0.05634757454785349,521,1034,2.9732430848014336e+16,169556541914624.0
4832,question_54_aime_Qwen3-32B_S64,64,1,1,1,1,0.0,0.05634757454785349,521,1034,2.9732430848014336e+16,169556541914624.0
4833,question_54_aime_Qwen3-32B_S64,64,1,1,1,1,0.0,0.05634757454785349,521,1034,2.9732430848014336e+16,169556541914624.0
4834,question_54_aime_Qwen3-32B_S32,32,1,1,1,1,0.0,0.6438743154226877,836,3791,3.5755347220086784e+16,213718025045504.0
4835,question_54_aime_Qwen3-32B_S32,32,1,1,1,1,0.0,0.6089290461106125,1127,3812,2.879776642439219e+16,171449299825664.0
4836,question_54_aime_Qwen3-32B_S32,32,1,1,1,1,0.0,0.12239896105279846,844,1895,1.943019672567245e+16,111197434343424.0
4837,question_54_aime_Qwen3-32B_S16,16,1,1,1,1,0.0,0.6089290461106125,1127,3011,3.2661482264946176e+16,200235067886080.0
4838,question_54_aime_Qwen3-32B_S16,16,1,1,1,1,0.0,0.05634757454785349,521,521,1.49560985946624e+16,90337041277440.0
4839,question_54_aime_Qwen3-32B_S16,16,1,1,1,1,0.0,0.5182764985250264,854,2370,2.896823078055987e+16,177768220735488.0
4840,question_54_aime_Qwen3-32B_S8,8,1,1,1,1,0.0,0.289107658401943,998,998,1.958990334808371e+16,121071843066880.0
4841,question_54_aime_Qwen3-32B_S8,8,1,1,1,1,0.0,0.6438743154226877,836,1374,1.6554210347538432e+16,102116852903424.0
4842,question_54_aime_Qwen3-32B_S8,8,1,1,1,1,0.0,0.05634757454785349,521,521,9844994355745280.0,60692342798848.0
4843,question_54_aime_Qwen3-32B_S4,4,1,1,1,1,0.0,0.5033434689874875,981,981,2.5035144722541056e+16,156035364002304.0
4844,question_54_aime_Qwen3-32B_S4,4,1,1,1,1,0.0,0.05634757454785349,521,521,8135488873736704.0,50960721927680.0
4845,question_54_aime_Qwen3-32B_S4,4,1,1,1,1,0.0,0.12239896105279846,844,844,1.4390907921309184e+16,90327704273920.0
4846,question_54_aime_Qwen3-32B_S2,2,1,1,1,1,0.0,0.13536196455807617,786,1565,1.026767066147072e+16,64518293606400.0
4847,question_54_aime_Qwen3-32B_S2,2,1,1,1,1,0.0,0.13536196455807617,786,786,1.1568985862382592e+16,72841919549440.0
4848,question_54_aime_Qwen3-32B_S2,2,1,1,1,1,0.0,0.43608754635072666,1018,1018,1.409588179364096e+16,88779771650048.0
4849,question_54_aime_Qwen3-32B_S1,1,1,1,1,1,0.0,0.04843744219565309,778,778,8116158398125568.0,51410759998464.0
4850,question_54_aime_Qwen3-32B_S1,1,1,1,1,1,0.0,0.039555242795611616,512,512,5353549580275712.0,33913455581696.0
4851,question_54_aime_Qwen3-32B_S1,1,1,1,1,1,0.0,0.05634757454785349,521,521,5590531333023744.0,35477152063488.0
4852,question_55_aime_Qwen3-32B_S64,64,1,1,1,1,0.0,0.1304674509925637,579,1305,2.019431671539763e+16,112017223117824.0
4853,question_55_aime_Qwen3-32B_S64,64,1,1,1,1,0.0,0.1304674509925637,579,1305,2.019431671539763e+16,112017223117824.0
4854,question_55_aime_Qwen3-32B_S64,64,1,1,1,1,0.0,0.1304674509925637,579,1305,2.019431671539763e+16,112017223117824.0
4855,question_55_aime_Qwen3-32B_S32,32,1,1,1,1,0.0,0.2762462111026996,846,5668,2.290121137194496e+16,134148846880768.0
4856,question_55_aime_Qwen3-32B_S32,32,1,1,1,1,0.0,0.12297983284958204,726,726,1.8491448341039616e+16,109758522771456.0
4857,question_55_aime_Qwen3-32B_S32,32,1,1,1,1,0.0,0.21773415088646106,942,2312,2.327069278652621e+16,136258950007808.0
4858,question_55_aime_Qwen3-32B_S16,16,1,1,1,1,0.0,0.12297983284958204,726,726,1.5175725528480256e+16,92884481094656.0
4859,question_55_aime_Qwen3-32B_S16,16,1,1,1,1,0.0,0.2762462111026996,846,4831,1.7048264283810304e+16,102591295860736.0
4860,question_55_aime_Qwen3-32B_S16,16,1,1,1,1,0.0,0.14707512259529673,934,2514,2.0914603318777344e+16,127756355299328.0
4861,question_55_aime_Qwen3-32B_S8,8,1,1,1,1,0.0,0.2608267294916846,1228,1990,2.9002023235367424e+16,179292761798144.0
4862,question_55_aime_Qwen3-32B_S8,8,1,1,1,1,0.0,0.21773415088646106,942,2523,1.715020577874176e+16,106425676790784.0
4863,question_55_aime_Qwen3-32B_S8,8,1,1,1,1,0.0,0.2588390952719378,775,2705,2.04012989494784e+16,126859163543040.0
4864,question_55_aime_Qwen3-32B_S4,4,1,1,1,1,0.0,0.2588390952719378,775,1354,1.0936851471276032e+16,68617013796352.0
4865,question_55_aime_Qwen3-32B_S4,4,1,1,1,1,0.0,0.15216359471033805,518,518,1.347705918486528e+16,84625371949056.0
4866,question_55_aime_Qwen3-32B_S4,4,1,1,1,1,0.0,0.25650113733581387,762,1925,2.397132606667315e+16,150420735548416.0
4867,question_55_aime_Qwen3-32B_S2,2,1,1,1,1,0.0,0.13470612106785076,884,884,1.5168881471630336e+16,95836467391488.0
4868,question_55_aime_Qwen3-32B_S2,2,1,1,1,1,0.0,0.43105065893790795,1432,1432,2.723417336813005e+16,171239547622912.0
4869,question_55_aime_Qwen3-32B_S2,2,1,1,1,1,0.0,0.038866544055794726,1226,1226,2.097835952680755e+16,132811591208448.0
4870,question_55_aime_Qwen3-32B_S1,1,1,1,1,1,0.0,0.2233837209422282,1215,1215,1.2648865483323392e+16,80163629575680.0
4871,question_55_aime_Qwen3-32B_S1,1,1,1,1,1,0.0,0.17909766702711166,809,809,8440288159130112.0,53456247752704.0
4872,question_55_aime_Qwen3-32B_S1,1,1,1,1,1,0.0,0.1981251122001708,1101,1101,1.1481152147304448e+16,72674719897600.0
4873,question_56_aime_Qwen3-32B_S64,64,1,1,1,1,0.0,0.30644487350247174,1317,1317,3.473723370419507e+16,204522563307520.0
4874,question_56_aime_Qwen3-32B_S64,64,1,1,1,1,0.0,0.30644487350247174,1317,1317,3.473723370419507e+16,204522563307520.0
4875,question_56_aime_Qwen3-32B_S64,64,1,1,1,1,0.0,0.30644487350247174,1317,1317,3.473723370419507e+16,204522563307520.0
4876,question_56_aime_Qwen3-32B_S32,32,1,1,1,1,0.0,0.5065592415085374,1055,3218,2.9998691312953856e+16,178905515912192.0
4877,question_56_aime_Qwen3-32B_S32,32,1,1,1,1,0.0,0.30644487350247174,1317,1317,2.561609467838003e+16,155639141401600.0
4878,question_56_aime_Qwen3-32B_S32,32,1,1,1,1,0.0,0.28740999518865645,1326,2837,4.413400316558592e+16,263635523239424.0
4879,question_56_aime_Qwen3-32B_S16,16,1,1,1,1,0.0,0.5065592415085374,1055,1055,2.3958091134665216e+16,146923300545536.0
4880,question_56_aime_Qwen3-32B_S16,16,1,1,1,1,0.0,0.30644487350247174,1317,1317,2.2315487303986176e+16,138458069120000.0
4881,question_56_aime_Qwen3-32B_S16,16,1,1,1,1,0.0,0.35002479513034934,1056,1056,2.771883459949619e+16,169191302018048.0
4882,question_56_aime_Qwen3-32B_S8,8,1,1,1,1,0.0,0.2610739654318167,1892,1892,3.2133022529613824e+16,199972177533952.0
4883,question_56_aime_Qwen3-32B_S8,8,1,1,1,1,0.0,0.15139390145973589,2090,2090,2.78698537773696e+16,174963688312832.0
4884,question_56_aime_Qwen3-32B_S8,8,1,1,1,1,0.0,0.30644487350247174,1317,1317,1.7677018850667008e+16,110989815106560.0
4885,question_56_aime_Qwen3-32B_S4,4,1,1,1,1,0.0,0.02894946128804736,3462,3462,4.542652812708352e+16,285716470232064.0
4886,question_56_aime_Qwen3-32B_S4,4,1,1,1,1,0.0,0.35002479513034934,1056,1056,2.222690701717043e+16,140089829715968.0
4887,question_56_aime_Qwen3-32B_S4,4,1,1,1,1,0.0,0.5065592415085374,1055,1055,1.977313236381235e+16,124596878915584.0
4888,question_56_aime_Qwen3-32B_S2,2,1,1,1,1,0.0,0.5065592415085374,1055,1055,1.2572022816862208e+16,79637414856704.0
4889,question_56_aime_Qwen3-32B_S2,2,1,1,1,1,0.0,0.313520141285221,2317,2317,4.076534334367181e+16,255240128960512.0
4890,question_56_aime_Qwen3-32B_S2,2,1,1,1,1,0.0,0.5065592415085374,1055,1055,1.334337420240896e+16,84607418537984.0
4891,question_56_aime_Qwen3-32B_S1,1,1,1,1,1,0.0,0.4184053655705258,1271,1271,1.3289401999363584e+16,84344277272576.0
4892,question_56_aime_Qwen3-32B_S1,1,1,1,1,1,0.0,0.30644487350247174,1317,1317,1.3723214483260928e+16,87301295101952.0
4893,question_56_aime_Qwen3-32B_S1,1,1,1,1,1,0.0,0.2694733499313712,1391,1391,1.4593981410958336e+16,92411915402752.0
4894,question_57_aime_Qwen3-32B_S64,64,1,1,1,1,0.0,0.5,1302,7297,5.100334348322202e+16,305148845051392.0
4895,question_57_aime_Qwen3-32B_S64,64,1,1,1,1,0.0,0.5,1219,7297,5.100334348322202e+16,305148845051392.0
4896,question_57_aime_Qwen3-32B_S64,64,1,1,1,1,0.0,0.5,1102,7297,5.100334348322202e+16,305148845051392.0
4897,question_57_aime_Qwen3-32B_S32,32,1,1,1,1,0.0,0.5,1219,2521,3.921394022767053e+16,241560382572032.0
4898,question_57_aime_Qwen3-32B_S32,32,1,1,1,1,0.0,0.5,1219,3623,4.147368745561139e+16,254768414325248.0
4899,question_57_aime_Qwen3-32B_S32,32,1,1,1,1,0.0,0.5,1733,5356,4.44748620121769e+16,273224718060032.0
4900,question_57_aime_Qwen3-32B_S16,16,1,1,1,1,0.0,0.5,1102,4319,3.4880723987016704e+16,216527402214400.0
4901,question_57_aime_Qwen3-32B_S16,16,1,1,1,1,0.0,0.5,1488,4561,4.426664464615629e+16,272768756121600.0
4902,question_57_aime_Qwen3-32B_S16,16,1,1,1,1,0.0,0.5,1941,1941,3.835880733747558e+16,239205335824896.0
4903,question_57_aime_Qwen3-32B_S8,8,1,1,1,1,0.0,0.5,1524,3073,3.569985190614784e+16,222775239088128.0
4904,question_57_aime_Qwen3-32B_S8,8,1,1,1,1,0.0,0.5,968,968,2.9225160209982976e+16,182445048859136.0
4905,question_57_aime_Qwen3-32B_S8,8,1,1,1,1,0.0,0.5,1733,1733,3.1416798891659264e+16,197422725913088.0
4906,question_57_aime_Qwen3-32B_S4,4,1,1,1,1,0.0,0.5,1201,1201,2.2509506288421376e+16,140832264704000.0
4907,question_57_aime_Qwen3-32B_S4,4,1,1,1,1,0.0,0.5,1201,1201,2.5030033746591744e+16,156713966042112.0
4908,question_57_aime_Qwen3-32B_S4,4,1,1,1,1,0.0,0.5,1766,1766,3.1664205224077824e+16,198978419399680.0
4909,question_57_aime_Qwen3-32B_S2,2,1,1,1,1,0.0,0.5,1324,1324,2.121310776539392e+16,134328067685888.0
4910,question_57_aime_Qwen3-32B_S2,2,1,1,1,1,0.0,0.5,1979,4772,3.679597296462336e+16,231912067433472.0
4911,question_57_aime_Qwen3-32B_S2,2,1,1,1,1,0.0,0.5,1488,1488,2.029375378582579e+16,128152078127616.0
4912,question_57_aime_Qwen3-32B_S1,1,1,1,1,1,0.0,0.5,1778,1778,1.853137391420467e+16,117226335813632.0
4913,question_57_aime_Qwen3-32B_S1,1,1,1,1,1,0.0,0.5,1488,1488,1.5550793216184832e+16,98660131770880.0
4914,question_57_aime_Qwen3-32B_S1,1,1,1,1,1,0.0,0.5,1488,1488,1.561506018587136e+16,99009261693952.0
4915,question_58_aime_Qwen3-32B_S64,64,1,1,1,1,0.0,0.35595252433526886,1439,3184,3.0209679333891584e+16,174326968717312.0
4916,question_58_aime_Qwen3-32B_S64,64,1,1,1,1,0.0,0.35595252433526886,1439,3184,3.0209679333891584e+16,174326968717312.0
4917,question_58_aime_Qwen3-32B_S64,64,1,1,1,1,0.0,0.35595252433526886,1439,3184,3.0209679333891584e+16,174326968717312.0
4918,question_58_aime_Qwen3-32B_S32,32,1,1,1,1,0.0,0.14167116823482157,598,1745,1.7186279088582656e+16,101228490508288.0
4919,question_58_aime_Qwen3-32B_S32,32,1,1,1,1,0.0,0.35595252433526886,1439,2236,2.217603328010189e+16,133019334306816.0
4920,question_58_aime_Qwen3-32B_S32,32,1,1,1,1,0.0,0.03623747109598683,363,363,2.50019310228224e+16,150563749903360.0
4921,question_58_aime_Qwen3-32B_S16,16,1,1,1,1,0.0,0.25930917626037775,552,1150,2.2147824195208704e+16,136419332702720.0
4922,question_58_aime_Qwen3-32B_S16,16,1,1,1,1,0.0,0.4371858653621339,1268,4055,3.4999953618471936e+16,215313873945600.0
4923,question_58_aime_Qwen3-32B_S16,16,1,1,1,1,0.0,0.35595252433526886,1439,1802,2.187461120918784e+16,135498275665920.0
4924,question_58_aime_Qwen3-32B_S8,8,1,1,1,1,0.0,0.31075611876310927,1080,2995,2.327415395411968e+16,144436005433856.0
4925,question_58_aime_Qwen3-32B_S8,8,1,1,1,1,0.0,0.3618730844939848,769,769,2.158086633535795e+16,133410985284096.0
4926,question_58_aime_Qwen3-32B_S8,8,1,1,1,1,0.0,0.017975845124132837,350,350,1.3377505884518912e+16,82737963271680.0
4927,question_58_aime_Qwen3-32B_S4,4,1,1,1,1,0.0,0.017975845124132837,350,350,1.1783164433869312e+16,74242581328384.0
4928,question_58_aime_Qwen3-32B_S4,4,1,1,1,1,0.0,0.27659186644938943,575,2393,2.1739519674471424e+16,136695540320768.0
4929,question_58_aime_Qwen3-32B_S4,4,1,1,1,1,0.0,0.4371858653621339,1268,2469,1.9149403337532416e+16,120268482256896.0
4930,question_58_aime_Qwen3-32B_S2,2,1,1,1,1,0.0,0.725843950770452,1457,2527,1.9028730136594944e+16,119420337227264.0
4931,question_58_aime_Qwen3-32B_S2,2,1,1,1,1,0.0,0.23703623392821022,732,732,9198700488636928.0,58183923415040.0
4932,question_58_aime_Qwen3-32B_S2,2,1,1,1,1,0.0,0.03623747109598683,363,363,5610503597752320.0,35487030190080.0
4933,question_58_aime_Qwen3-32B_S1,1,1,1,1,1,0.0,0.19448801644865302,1818,1818,1.9102375979989504e+16,121254550386176.0
4934,question_58_aime_Qwen3-32B_S1,1,1,1,1,1,0.0,0.5119579799062309,1750,1750,1.8256020612586496e+16,115448342105088.0
4935,question_58_aime_Qwen3-32B_S1,1,1,1,1,1,0.0,0.3455883427928809,922,922,9622334169406464.0,60898678309376.0
4936,question_59_aime_Qwen3-32B_S64,64,1,1,1,1,0.0,0.5,923,6297,4.110661628489882e+16,231157345551360.0
4937,question_59_aime_Qwen3-32B_S64,64,1,1,1,1,0.0,0.5,1254,6297,4.110661628489882e+16,231157345551360.0
4938,question_59_aime_Qwen3-32B_S64,64,1,1,1,1,0.0,0.5,1254,6297,4.110661628489882e+16,231157345551360.0
4939,question_59_aime_Qwen3-32B_S32,32,1,1,1,1,0.0,0.5,1254,3304,2.809935762685952e+16,162534147480576.0
4940,question_59_aime_Qwen3-32B_S32,32,1,1,1,1,0.0,0.5,2024,4405,3.875792290133504e+16,230382824364544.0
4941,question_59_aime_Qwen3-32B_S32,32,1,1,1,1,0.0,0.5,1133,6780,5.314600553510502e+16,300030263418368.0
4942,question_59_aime_Qwen3-32B_S16,16,1,1,1,1,0.0,0.5,2024,2024,3.0402916071358976e+16,186287920754176.0
4943,question_59_aime_Qwen3-32B_S16,16,1,1,1,1,0.0,0.5,969,969,2.012147668752589e+16,121299845166080.0
4944,question_59_aime_Qwen3-32B_S16,16,1,1,1,1,0.0,0.5,1548,2747,5.027117632950835e+16,300647161735680.0
4945,question_59_aime_Qwen3-32B_S8,8,1,1,1,1,0.0,0.5,2024,2024,2.872575838501888e+16,179234285242880.0
4946,question_59_aime_Qwen3-32B_S8,8,1,1,1,1,0.0,0.5,1185,2306,3.341991625617971e+16,205947652792832.0
4947,question_59_aime_Qwen3-32B_S8,8,1,1,1,1,0.0,0.5,1254,3278,2.766615284937523e+16,172473571812864.0
4948,question_59_aime_Qwen3-32B_S4,4,1,1,1,1,0.0,0.5,969,969,1.4218399455962112e+16,89168318709760.0
4949,question_59_aime_Qwen3-32B_S4,4,1,1,1,1,0.0,0.5,1354,2794,3.1905916059864576e+16,198018885984768.0
4950,question_59_aime_Qwen3-32B_S4,4,1,1,1,1,0.0,0.5,1260,1260,2.938972262280499e+16,183207445445632.0
4951,question_59_aime_Qwen3-32B_S2,2,1,1,1,1,0.0,0.5,1715,3905,2.9557856242323456e+16,185452933594624.0
4952,question_59_aime_Qwen3-32B_S2,2,1,1,1,1,0.0,0.5,1628,1628,2.5849245726370816e+16,162294880310784.0
4953,question_59_aime_Qwen3-32B_S2,2,1,1,1,1,0.0,0.5,1848,3239,2.4427177745941504e+16,153088964665856.0
4954,question_59_aime_Qwen3-32B_S1,1,1,1,1,1,0.0,0.5,2154,2154,2.2603601416731136e+16,143042815486464.0
4955,question_59_aime_Qwen3-32B_S1,1,1,1,1,1,0.0,0.5,1462,1462,1.5233841497103872e+16,96449217221120.0
4956,question_59_aime_Qwen3-32B_S1,1,1,1,1,1,0.0,0.5,2182,2182,2.2828011692637184e+16,143988683820544.0
4957,question_6_aime_Qwen3-32B_S64,64,1,1,1,1,0.0,0.777999924487675,1487,3526,2.9637315368105984e+16,176814584084480.0
4958,question_6_aime_Qwen3-32B_S64,64,1,1,1,1,0.0,0.777999924487675,1487,3526,2.9637315368105984e+16,176814584084480.0
4959,question_6_aime_Qwen3-32B_S64,64,1,1,1,1,0.0,0.777999924487675,1487,3526,2.9637315368105984e+16,176814584084480.0
4960,question_6_aime_Qwen3-32B_S32,32,1,1,1,1,0.0,0.777999924487675,1487,3526,2.6540842215911936e+16,162738563025920.0
4961,question_6_aime_Qwen3-32B_S32,32,1,1,1,1,0.0,0.7042354901846108,1046,2039,2.3785245622713856e+16,145683941167104.0
4962,question_6_aime_Qwen3-32B_S32,32,1,1,1,1,0.0,0.777999924487675,1487,2480,2.372753016385741e+16,145884137630720.0
4963,question_6_aime_Qwen3-32B_S16,16,1,1,1,1,0.0,0.6809458019691145,993,993,1.6360573825011712e+16,101665631733248.0
4964,question_6_aime_Qwen3-32B_S16,16,1,1,1,1,0.0,0.8281821554112595,1123,1123,2.585993673855283e+16,158811353928704.0
4965,question_6_aime_Qwen3-32B_S16,16,1,1,1,1,0.0,0.777999924487675,1487,1487,2.222826817440563e+16,139118210681856.0
4966,question_6_aime_Qwen3-32B_S8,8,1,1,1,1,0.0,0.7042354901846108,1046,1046,1.650679567134464e+16,103754948074496.0
4967,question_6_aime_Qwen3-32B_S8,8,1,1,1,1,0.0,0.8281821554112595,1123,2073,1.958667431441613e+16,122052877176832.0
4968,question_6_aime_Qwen3-32B_S8,8,1,1,1,1,0.0,0.96375027847423,851,1657,1.989447139329536e+16,123702461638144.0
4969,question_6_aime_Qwen3-32B_S4,4,1,1,1,1,0.0,0.8222709214092832,849,849,1.7208016408024064e+16,108025706582016.0
4970,question_6_aime_Qwen3-32B_S4,4,1,1,1,1,0.0,0.6624519534727432,1338,2405,2.232290535439565e+16,139725166021632.0
4971,question_6_aime_Qwen3-32B_S4,4,1,1,1,1,0.0,0.8592501575678183,1487,1487,2.387165806020813e+16,150474812089856.0
4972,question_6_aime_Qwen3-32B_S2,2,1,1,1,1,0.0,0.9185666388572333,1126,1126,1.68428589380096e+16,106283558696960.0
4973,question_6_aime_Qwen3-32B_S2,2,1,1,1,1,0.0,0.8466762974020121,931,2087,1.6984230408770048e+16,107075162104832.0
4974,question_6_aime_Qwen3-32B_S2,2,1,1,1,1,0.0,0.8907756293541647,972,1822,1.5323481559881216e+16,96560638073344.0
4975,question_6_aime_Qwen3-32B_S1,1,1,1,1,1,0.0,0.6402602861925385,1256,1256,1.3040824358275072e+16,82793775802880.0
4976,question_6_aime_Qwen3-32B_S1,1,1,1,1,1,0.0,0.9469561192311166,1175,1175,1.2193910537025024e+16,77457944671744.0
4977,question_6_aime_Qwen3-32B_S1,1,1,1,1,1,0.0,0.7912769359457563,1182,1182,1.2339255499805696e+16,78023591080448.0
4978,question_7_aime_Qwen3-32B_S64,64,1,1,1,1,0.0,0.3697847052506853,798,5282,3.2058382489993216e+16,179553191630336.0
4979,question_7_aime_Qwen3-32B_S64,64,1,1,1,1,0.0,0.3697847052506853,798,5282,3.2058382489993216e+16,179553191630336.0
4980,question_7_aime_Qwen3-32B_S64,64,1,1,1,1,0.0,0.3697847052506853,798,5282,3.2058382489993216e+16,179553191630336.0
4981,question_7_aime_Qwen3-32B_S32,32,1,1,1,1,0.0,0.3697847052506853,798,4310,2.633779177257011e+16,155572306560512.0
4982,question_7_aime_Qwen3-32B_S32,32,1,1,1,1,0.0,0.3662076481032855,823,2462,2.642822307824435e+16,155749237685248.0
4983,question_7_aime_Qwen3-32B_S32,32,1,1,1,1,0.0,0.3697847052506853,798,2968,2.688798989702963e+16,158835885192704.0
4984,question_7_aime_Qwen3-32B_S16,16,1,1,1,1,0.0,0.2972406113485701,1199,1740,2.4452170096500736e+16,149301905250304.0
4985,question_7_aime_Qwen3-32B_S16,16,1,1,1,1,0.0,0.13256238744948237,675,675,1.7154662872001024e+16,103717868273664.0
4986,question_7_aime_Qwen3-32B_S16,16,1,1,1,1,0.0,0.09687971129839747,529,529,2.485665455491328e+16,152744920952320.0
4987,question_7_aime_Qwen3-32B_S8,8,1,1,1,1,0.0,0.2972406113485701,1199,1728,1.740476221905152e+16,108683370386944.0
4988,question_7_aime_Qwen3-32B_S8,8,1,1,1,1,0.0,0.3697847052506853,798,1352,1.6536216546561536e+16,102451780734976.0
4989,question_7_aime_Qwen3-32B_S8,8,1,1,1,1,0.0,0.15358912027830082,530,1773,1.505574490966016e+16,93369860653056.0
4990,question_7_aime_Qwen3-32B_S4,4,1,1,1,1,0.0,0.42523334003113117,1104,3591,3.2241539376055296e+16,201539510200832.0
4991,question_7_aime_Qwen3-32B_S4,4,1,1,1,1,0.0,0.26459684099592123,629,629,1.2897990332745216e+16,80705577512960.0
4992,question_7_aime_Qwen3-32B_S4,4,1,1,1,1,0.0,0.1260899283452082,895,895,1.4161577833125888e+16,88543608239616.0
4993,question_7_aime_Qwen3-32B_S2,2,1,1,1,1,0.0,0.31435868894509283,2128,2128,2.569045680559821e+16,162674385296896.0
4994,question_7_aime_Qwen3-32B_S2,2,1,1,1,1,0.0,0.31435868894509283,2128,2128,2.569045680559821e+16,162674385296896.0
4995,question_7_aime_Qwen3-32B_S2,2,1,1,1,1,0.0,0.15358912027830082,530,530,1.807296366523443e+16,114558565610496.0
4996,question_7_aime_Qwen3-32B_S1,1,1,1,1,1,0.0,0.3986439544119171,2090,2090,2.1831190499068416e+16,138537348955136.0
4997,question_7_aime_Qwen3-32B_S1,1,1,1,1,1,0.0,0.20641371288079233,1615,1615,1.6808333363542528e+16,106623932774912.0
4998,question_7_aime_Qwen3-32B_S1,1,1,1,1,1,0.0,0.2265718877357513,1308,1308,1.3740965493193216e+16,87081757917696.0
4999,question_8_aime_Qwen3-32B_S64,64,1,1,1,1,0.0,0.6024555871720136,1365,4649,3.484550560718336e+16,198386263831552.0
5000,question_8_aime_Qwen3-32B_S64,64,1,1,1,1,0.0,0.6024555871720136,1365,4649,3.484550560718336e+16,198386263831552.0
5001,question_8_aime_Qwen3-32B_S64,64,1,1,1,1,0.0,0.6024555871720136,1365,4649,3.484550560718336e+16,198386263831552.0
5002,question_8_aime_Qwen3-32B_S32,32,1,1,1,1,0.0,0.20780715053022214,1724,2475,2.9608218796473344e+16,176744782292992.0
5003,question_8_aime_Qwen3-32B_S32,32,1,1,1,1,0.0,0.6024555871720136,1365,3840,3.1752065363170816e+16,190241079363584.0
5004,question_8_aime_Qwen3-32B_S32,32,1,1,1,1,0.0,0.20780715053022214,1724,2475,2.764371315275827e+16,165137529480192.0
5005,question_8_aime_Qwen3-32B_S16,16,1,1,1,1,0.0,0.4846150878770564,1021,6303,3.067305153792973e+16,185957058528256.0
5006,question_8_aime_Qwen3-32B_S16,16,1,1,1,1,0.0,0.20780715053022214,1724,1724,2.741896096860723e+16,169073430304768.0
5007,question_8_aime_Qwen3-32B_S16,16,1,1,1,1,0.0,0.6024555871720136,1365,3840,2.540427652318771e+16,156414189336576.0
5008,question_8_aime_Qwen3-32B_S8,8,1,1,1,1,0.0,0.2694668612892636,1002,1002,2.2021067091267584e+16,136242688315392.0
5009,question_8_aime_Qwen3-32B_S8,8,1,1,1,1,0.0,0.2694668612892636,1002,1002,1.877229540700979e+16,115822143923200.0
5010,question_8_aime_Qwen3-32B_S8,8,1,1,1,1,0.0,0.2694668612892636,1002,3933,2.603346335736576e+16,161650772655104.0
5011,question_8_aime_Qwen3-32B_S4,4,1,1,1,1,0.0,0.2003236819330334,751,751,1.1216633890804224e+16,70362860861440.0
5012,question_8_aime_Qwen3-32B_S4,4,1,1,1,1,0.0,0.4121197397400653,1217,2800,2.4737989316066304e+16,155434709190144.0
5013,question_8_aime_Qwen3-32B_S4,4,1,1,1,1,0.0,0.6024555871720136,1365,1365,1.8327354049112064e+16,115408916370432.0
5014,question_8_aime_Qwen3-32B_S2,2,1,1,1,1,0.0,0.26621564693323163,1686,1686,2.320905911508019e+16,146889793391104.0
5015,question_8_aime_Qwen3-32B_S2,2,1,1,1,1,0.0,0.3111749773159575,1159,1159,1.6860349603364352e+16,106552300352512.0
5016,question_8_aime_Qwen3-32B_S2,2,1,1,1,1,0.0,0.3111749773159575,1159,1159,1.6960908319041536e+16,107208701606912.0
5017,question_8_aime_Qwen3-32B_S1,1,1,1,1,1,0.0,0.35415495314850043,2134,2134,2.227151633052621e+16,140727698432000.0
5018,question_8_aime_Qwen3-32B_S1,1,1,1,1,1,0.0,0.4569843779199287,1130,1130,1.1836927515688448e+16,75172458736640.0
5019,question_8_aime_Qwen3-32B_S1,1,1,1,1,1,0.0,0.5119813194364627,1187,1187,1.2361824795405824e+16,78312226976768.0
5020,question_9_aime_Qwen3-32B_S64,64,1,1,1,1,0.0,0.0,0,0,1.6719111345389568e+16,98443508746752.0
5021,question_9_aime_Qwen3-32B_S64,64,1,1,1,1,0.0,0.0,0,0,1.6719111345389568e+16,98443508746752.0
5022,question_9_aime_Qwen3-32B_S64,64,1,1,1,1,0.0,0.0,0,0,1.6719111345389568e+16,98443508746752.0
5023,question_9_aime_Qwen3-32B_S32,32,1,1,1,1,0.0,0.0,0,0,1.2065972024750592e+16,72725094836736.0
5024,question_9_aime_Qwen3-32B_S32,32,1,1,1,1,0.0,0.6300831863137915,458,2601,2.6881345770735104e+16,161134647437824.0
5025,question_9_aime_Qwen3-32B_S32,32,1,1,1,1,0.0,0.07225577111430158,461,461,1.1522922589625344e+16,66725584477184.0
5026,question_9_aime_Qwen3-32B_S16,16,1,1,1,1,0.0,0.29403433664657286,1428,1428,2.37554539283456e+16,145955324746240.0
5027,question_9_aime_Qwen3-32B_S16,16,1,1,1,1,0.0,0.5534840725542778,1529,6369,2.468559829677568e+16,149869048123904.0
5028,question_9_aime_Qwen3-32B_S16,16,1,1,1,1,0.0,0.6300831863137915,458,1886,2.5273824092685824e+16,156202752110080.0
5029,question_9_aime_Qwen3-32B_S8,8,1,1,1,1,0.0,0.3233329178388467,559,2612,1.7615243334937088e+16,108647942182400.0
5030,question_9_aime_Qwen3-32B_S8,8,1,1,1,1,0.0,0.0,0,0,1.0794884262081536e+16,67928621045248.0
5031,question_9_aime_Qwen3-32B_S8,8,1,1,1,1,0.0,0.07225577111430158,461,461,7847842546104832.0,48532773576704.0
5032,question_9_aime_Qwen3-32B_S4,4,1,1,1,1,0.0,0.5525041041193542,620,1774,1.7531075864326656e+16,110041129760768.0
5033,question_9_aime_Qwen3-32B_S4,4,1,1,1,1,0.0,0.3674642724716345,929,1444,1.5660691550365184e+16,98180703479808.0
5034,question_9_aime_Qwen3-32B_S4,4,1,1,1,1,0.0,0.4514606844596269,631,2029,1.395860051758592e+16,87642551116288.0
5035,question_9_aime_Qwen3-32B_S2,2,1,1,1,1,0.0,0.4912410920550114,794,794,1.140130634552832e+16,71910412015616.0
5036,question_9_aime_Qwen3-32B_S2,2,1,1,1,1,0.0,0.024239461699247372,823,823,1.1098466289718272e+16,70106106044416.0
5037,question_9_aime_Qwen3-32B_S2,2,1,1,1,1,0.0,0.3674642724716345,929,1488,1.040145526371072e+16,65655448278016.0
5038,question_9_aime_Qwen3-32B_S1,1,1,1,1,1,0.0,0.30801974687317873,1236,1236,1.2906413045892608e+16,81590964141056.0
5039,question_9_aime_Qwen3-32B_S1,1,1,1,1,1,0.0,0.30611301749680553,1141,1141,1.1977401359545344e+16,75935124340736.0
5040,question_9_aime_Qwen3-32B_S1,1,1,1,1,1,0.0,0.7005854521829049,1286,1286,1.3403121781192704e+16,84853067535360.0
5041,question_0_aime_Qwen3-4B_S64,64,1,1,1,1,1.0,0.8817632294427805,910,910,6633194027279872.0,27808563327488.0
5042,question_0_aime_Qwen3-4B_S64,64,1,1,1,1,1.0,0.8817632294427805,910,1807,6633194027279872.0,27808563327488.0
5043,question_0_aime_Qwen3-4B_S64,64,1,1,1,1,1.0,0.8817632294427805,910,1807,6633194027279872.0,27808563327488.0
5044,question_0_aime_Qwen3-4B_S32,32,1,1,1,1,1.0,0.8947848844228459,932,1829,6177529942347776.0,30242194864640.0
5045,question_0_aime_Qwen3-4B_S32,32,1,1,1,1,1.0,0.5941787692184269,1071,2866,5945177684179456.0,28788476098560.0
5046,question_0_aime_Qwen3-4B_S32,32,1,1,1,1,1.0,0.9261542453428678,1090,1938,5907046183610880.0,28424518311424.0
5047,question_0_aime_Qwen3-4B_S16,16,1,1,1,1,1.0,0.9261542453428678,1090,2885,4077508684611072.0,21725948394496.0
5048,question_0_aime_Qwen3-4B_S16,16,1,1,1,1,1.0,0.5941787692184269,1071,1968,4467268504787968.0,24005953760256.0
5049,question_0_aime_Qwen3-4B_S16,16,1,1,1,1,1.0,0.8817632294427805,910,910,4042043993440256.0,22075023668224.0
5050,question_0_aime_Qwen3-4B_S8,8,1,1,1,1,1.0,0.4877386242662121,1061,1061,3256988409076224.0,18585657689088.0
5051,question_0_aime_Qwen3-4B_S8,8,1,1,1,1,1.0,0.5941787692184269,1071,1919,2956928049766912.0,16716022977024.0
5052,question_0_aime_Qwen3-4B_S8,8,1,1,1,1,1.0,0.8661914381055155,1097,1097,3933581455370240.0,21907488653824.0
5053,question_0_aime_Qwen3-4B_S4,4,1,1,1,1,1.0,0.8766771580417991,1038,1038,3085186100100096.0,18227540696064.0
5054,question_0_aime_Qwen3-4B_S4,4,1,1,1,1,1.0,0.5971920296011876,1017,1017,3529640643128320.0,20038209651712.0
5055,question_0_aime_Qwen3-4B_S4,4,1,1,1,1,1.0,0.8484794896864886,1307,1307,3575416844283392.0,20253432739328.0
5056,question_0_aime_Qwen3-4B_S2,2,1,1,1,1,1.0,0.8058657355073285,935,935,1488511837189120.0,8840008961024.0
5057,question_0_aime_Qwen3-4B_S2,2,1,1,1,1,1.0,0.5941787692184269,1071,2018,2082110493619712.0,12686088558080.0
5058,question_0_aime_Qwen3-4B_S2,2,1,1,1,1,1.0,0.7169361784251699,1004,1004,2140247760616448.0,12838219098112.0
5059,question_0_aime_Qwen3-4B_S1,1,1,1,1,1,1.0,0.8058657355073285,935,935,1266421486612480.0,7720322147840.0
5060,question_0_aime_Qwen3-4B_S1,1,1,1,1,1,1.0,0.8858412577070496,943,943,1302427739646976.0,7830004879872.0
5061,question_0_aime_Qwen3-4B_S1,1,1,1,1,1,0.0,0.28145887288890165,1914,1914,2565840679982592.0,15755171425280.0
5062,question_1_aime_Qwen3-4B_S64,64,1,1,1,1,1.0,0.9596102289793971,435,819,3202446101445632.0,12188035251200.0
5063,question_1_aime_Qwen3-4B_S64,64,1,1,1,1,1.0,0.9362215134636165,373,373,3202446101445632.0,12188035251200.0
5064,question_1_aime_Qwen3-4B_S64,64,1,1,1,1,1.0,0.9619323559631897,416,416,3202446101445632.0,12188035251200.0
5065,question_1_aime_Qwen3-4B_S32,32,1,1,1,1,1.0,0.8880539895639039,396,396,2295454978489344.0,10521595592704.0
5066,question_1_aime_Qwen3-4B_S32,32,1,1,1,1,1.0,0.9362215134636165,373,373,2292658681654272.0,10553860985344.0
5067,question_1_aime_Qwen3-4B_S32,32,1,1,1,1,1.0,0.8961133101567604,435,435,2373550530442752.0,11011326367744.0
5068,question_1_aime_Qwen3-4B_S16,16,1,1,1,1,1.0,0.963058426800405,420,420,1764085635591168.0,9207734496256.0
5069,question_1_aime_Qwen3-4B_S16,16,1,1,1,1,1.0,0.9002140544896913,413,413,1862057081912832.0,9830799076864.0
5070,question_1_aime_Qwen3-4B_S16,16,1,1,1,1,1.0,0.9657234354359504,461,461,1794914796112896.0,9382516923904.0
5071,question_1_aime_Qwen3-4B_S8,8,1,1,1,1,1.0,0.8627641822421938,425,425,1528446059778048.0,8699697513984.0
5072,question_1_aime_Qwen3-4B_S8,8,1,1,1,1,1.0,0.927847614430685,454,454,1517398573151744.0,8606746571264.0
5073,question_1_aime_Qwen3-4B_S8,8,1,1,1,1,1.0,0.9574628749167,462,462,1561701664931328.0,8819462672384.0
5074,question_1_aime_Qwen3-4B_S4,4,1,1,1,1,1.0,0.9022323307909974,456,456,1323226168777216.0,7893932688896.0
5075,question_1_aime_Qwen3-4B_S4,4,1,1,1,1,1.0,0.9162880182654969,484,484,1316704267448320.0,7799136037376.0
5076,question_1_aime_Qwen3-4B_S4,4,1,1,1,1,1.0,0.9563410145646963,450,855,1333496995722240.0,7952361778688.0
5077,question_1_aime_Qwen3-4B_S2,2,1,1,1,1,1.0,0.9002140544896913,413,413,1052080008381440.0,6427758429184.0
5078,question_1_aime_Qwen3-4B_S2,2,1,1,1,1,1.0,0.8564356236577224,440,845,754007422903808.0,4564380874752.0
5079,question_1_aime_Qwen3-4B_S2,2,1,1,1,1,1.0,0.9526830206848907,498,498,1171369893332480.0,7162696258048.0
5080,question_1_aime_Qwen3-4B_S1,1,1,1,1,1,0.0,0.05316634701326376,946,946,1280374131153408.0,7843229410816.0
5081,question_1_aime_Qwen3-4B_S1,1,1,1,1,1,1.0,0.9138556556582339,437,437,594473413858816.0,3656644999680.0
5082,question_1_aime_Qwen3-4B_S1,1,1,1,1,1,1.0,0.9022323307909974,456,456,611313350362624.0,3790866963456.0
5083,question_10_aime_Qwen3-4B_S64,64,1,1,1,1,0.0,0.4307408178468838,697,2039,6203731948307456.0,26550236022272.0
5084,question_10_aime_Qwen3-4B_S64,64,1,1,1,1,0.0,0.4307408178468838,697,2039,6203731948307456.0,26550236022272.0
5085,question_10_aime_Qwen3-4B_S64,64,1,1,1,1,0.0,0.4307408178468838,697,2039,6203731948307456.0,26550236022272.0
5086,question_10_aime_Qwen3-4B_S32,32,1,1,1,1,0.0,0.4307408178468838,697,1460,4375869512350208.0,21607989458432.0
5087,question_10_aime_Qwen3-4B_S32,32,1,1,1,1,0.0,0.4307408178468838,697,1460,4192569885193728.0,20219355718144.0
5088,question_10_aime_Qwen3-4B_S32,32,1,1,1,1,0.0,0.4307408178468838,697,1460,4560136288383488.0,22565325966848.0
5089,question_10_aime_Qwen3-4B_S16,16,1,1,1,1,0.0,0.4307408178468838,697,1276,3130019010215936.0,16832563512320.0
5090,question_10_aime_Qwen3-4B_S16,16,1,1,1,1,0.0,0.20337038472972685,744,2898,4407884473464832.0,22533455675392.0
5091,question_10_aime_Qwen3-4B_S16,16,1,1,1,1,0.0,0.4697813103254706,837,2946,4032310720475136.0,20630493184000.0
5092,question_10_aime_Qwen3-4B_S8,8,1,1,1,1,0.0,0.2942934364134148,796,1363,3002185966470144.0,16591591605248.0
5093,question_10_aime_Qwen3-4B_S8,8,1,1,1,1,0.0,0.16136991983938204,690,2586,3380724067653120.0,18737806700544.0
5094,question_10_aime_Qwen3-4B_S8,8,1,1,1,1,0.0,0.49102226286340117,953,3224,3377899923673088.0,18630605632000.0
5095,question_10_aime_Qwen3-4B_S4,4,1,1,1,1,0.0,0.5735204954163623,1130,2946,2946649979031552.0,16772165327360.0
5096,question_10_aime_Qwen3-4B_S4,4,1,1,1,1,0.0,0.0655918895270261,883,883,2603607835511808.0,14694843627520.0
5097,question_10_aime_Qwen3-4B_S4,4,1,1,1,1,0.0,0.047851058151480025,696,696,2053382702402048.0,11923707359744.0
5098,question_10_aime_Qwen3-4B_S2,2,1,1,1,1,0.0,0.172783556748955,1359,1359,2902873513628672.0,16904375725056.0
5099,question_10_aime_Qwen3-4B_S2,2,1,1,1,1,0.0,0.1027883270876471,763,763,1554734496898560.0,9473835362816.0
5100,question_10_aime_Qwen3-4B_S2,2,1,1,1,1,0.0,0.33971094430036813,686,686,1783175378492416.0,10577220956672.0
5101,question_10_aime_Qwen3-4B_S1,1,1,1,1,1,0.0,0.32648291211726915,1238,1238,1724611640992256.0,10261227789824.0
5102,question_10_aime_Qwen3-4B_S1,1,1,1,1,1,0.0,0.2942969149185848,1076,1076,1461503131934208.0,8884480764416.0
5103,question_10_aime_Qwen3-4B_S1,1,1,1,1,1,0.0,0.7818284388263386,1655,1655,2288974096735232.0,13717140388864.0
5104,question_11_aime_Qwen3-4B_S64,64,1,1,1,1,0.0,0.7557527592930584,1402,11631,9720443486091776.0,41926229683200.0
5105,question_11_aime_Qwen3-4B_S64,64,1,1,1,1,0.0,0.7557527592930584,1402,11631,9720443486091776.0,41926229683200.0
5106,question_11_aime_Qwen3-4B_S64,64,1,1,1,1,0.0,0.7557527592930584,1402,11631,9720443486091776.0,41926229683200.0
5107,question_11_aime_Qwen3-4B_S32,32,1,1,1,1,0.0,0.7752423086752508,1389,7852,7423485928246784.0,35685300026368.0
5108,question_11_aime_Qwen3-4B_S32,32,1,1,1,1,0.0,0.7557527592930584,1402,8421,7408468597788672.0,36903266071040.0
5109,question_11_aime_Qwen3-4B_S32,32,1,1,1,1,0.0,0.3726089484435644,1124,4170,7096690599453696.0,35595411187712.0
5110,question_11_aime_Qwen3-4B_S16,16,1,1,1,1,0.0,0.7368095186866767,1166,4275,5517391019289600.0,29096530705408.0
5111,question_11_aime_Qwen3-4B_S16,16,1,1,1,1,0.0,0.7368095186866767,1166,5282,5528939252607488.0,29412355814912.0
5112,question_11_aime_Qwen3-4B_S16,16,1,1,1,1,0.0,0.7752423086752508,1389,9306,6402361971127296.0,33967022113792.0
5113,question_11_aime_Qwen3-4B_S8,8,1,1,1,1,0.0,0.6716018952507509,1300,5726,4936320814995968.0,27815311503872.0
5114,question_11_aime_Qwen3-4B_S8,8,1,1,1,1,0.0,0.7752423086752508,1389,4693,5061847435101184.0,28838620795392.0
5115,question_11_aime_Qwen3-4B_S8,8,1,1,1,1,0.0,0.7701447950785113,1284,4489,4946784581600256.0,27565030004736.0
5116,question_11_aime_Qwen3-4B_S4,4,1,1,1,1,0.0,0.7752423086752508,1389,3662,4049138209853952.0,24125701675520.0
5117,question_11_aime_Qwen3-4B_S4,4,1,1,1,1,0.0,0.6904058423542049,1121,3064,2985118846654976.0,17411284292096.0
5118,question_11_aime_Qwen3-4B_S4,4,1,1,1,1,0.0,0.7368095186866767,1166,1166,3497020017381888.0,20756094367744.0
5119,question_11_aime_Qwen3-4B_S2,2,1,1,1,1,0.0,0.41638760963926336,1411,2611,2439249246871040.0,14515543721472.0
5120,question_11_aime_Qwen3-4B_S2,2,1,1,1,1,0.0,0.5188656625079883,1477,1477,3325626725046272.0,19771516051456.0
5121,question_11_aime_Qwen3-4B_S2,2,1,1,1,1,0.0,0.6561783749112107,841,841,2112084334376960.0,12685297745408.0
5122,question_11_aime_Qwen3-4B_S1,1,1,1,1,1,0.0,0.6886733645123333,1102,1102,1487968647718912.0,9091012683264.0
5123,question_11_aime_Qwen3-4B_S1,1,1,1,1,1,0.0,0.32065886122394205,1770,1770,2410827893101056.0,14608243603968.0
5124,question_11_aime_Qwen3-4B_S1,1,1,1,1,1,0.0,0.40327226108665676,2399,2399,3297279516427264.0,19802230029312.0
5125,question_12_aime_Qwen3-4B_S64,64,1,1,1,1,0.0,0.04611770429787342,3772,3772,1.0061006051638272e+16,58048351070208.0
5126,question_12_aime_Qwen3-4B_S64,64,1,1,1,1,0.0,0.04611770429787342,3772,3772,1.0061006051638272e+16,58048351070208.0
5127,question_12_aime_Qwen3-4B_S64,64,1,1,1,1,0.0,0.04611770429787342,3772,3772,1.0061006051638272e+16,58048351070208.0
5128,question_12_aime_Qwen3-4B_S32,32,1,1,1,1,0.0,0.56057039271158,1648,6112,1.5274745939621376e+16,88647902851584.0
5129,question_12_aime_Qwen3-4B_S32,32,1,1,1,1,0.0,0.04611770429787342,3772,3772,7548955893314560.0,45281006282240.0
5130,question_12_aime_Qwen3-4B_S32,32,1,1,1,1,0.0,0.04611770429787342,3772,3772,7578336418689024.0,45512849502720.0
5131,question_12_aime_Qwen3-4B_S16,16,1,1,1,1,0.0,0.6519720557197423,1882,6469,1.0043937504536064e+16,58637337573888.0
5132,question_12_aime_Qwen3-4B_S16,16,1,1,1,1,0.0,0.8423179860840794,1190,8384,1.3495947413672448e+16,80386186001408.0
5133,question_12_aime_Qwen3-4B_S16,16,1,1,1,1,0.0,0.8423179860840794,1190,11207,1.1902915195705856e+16,70524372808704.0
5134,question_12_aime_Qwen3-4B_S8,8,1,1,1,1,0.0,0.8423179860840794,1190,2090,1.0184404332184576e+16,61906682979328.0
5135,question_12_aime_Qwen3-4B_S8,8,1,1,1,1,0.0,0.540730860318962,2276,5680,1.0357746161601024e+16,62830051078144.0
5136,question_12_aime_Qwen3-4B_S8,8,1,1,1,1,0.0,0.8201303322948947,1315,2215,7142358011319808.0,42894004917248.0
5137,question_12_aime_Qwen3-4B_S4,4,1,1,1,1,0.0,0.8054436590439757,900,2840,4329448879049216.0,26471012315136.0
5138,question_12_aime_Qwen3-4B_S4,4,1,1,1,1,0.0,0.7121839514081784,2452,4347,7896845478962176.0,47715071001088.0
5139,question_12_aime_Qwen3-4B_S4,4,1,1,1,1,0.0,0.6044906275672857,857,5581,7154896893928448.0,43530546652160.0
5140,question_12_aime_Qwen3-4B_S2,2,1,1,1,1,0.0,0.6044906275672857,857,857,3363973973339648.0,20575115460608.0
5141,question_12_aime_Qwen3-4B_S2,2,1,1,1,1,0.0,0.0318246931757504,3865,3865,6696492889139200.0,40737937971200.0
5142,question_12_aime_Qwen3-4B_S2,2,1,1,1,1,0.0,0.36393044901128885,1249,1249,3138002469313536.0,19443690993152.0
5143,question_12_aime_Qwen3-4B_S1,1,1,1,1,1,0.0,0.3407220390403056,2000,2000,2690179942906880.0,16448629267456.0
5144,question_12_aime_Qwen3-4B_S1,1,1,1,1,1,0.0,0.34293154665779463,1690,1690,2218958599412736.0,13847375242752.0
5145,question_12_aime_Qwen3-4B_S1,1,1,1,1,1,0.0,0.032878126436663706,3903,3903,5711889187073024.0,32500195144704.0
5146,question_13_aime_Qwen3-4B_S64,64,1,1,1,1,0.0,0.5014594714616489,859,859,1.017115879151872e+16,39198141258752.0
5147,question_13_aime_Qwen3-4B_S64,64,1,1,1,1,0.0,0.5014594714616489,859,859,1.017115879151872e+16,39198141258752.0
5148,question_13_aime_Qwen3-4B_S64,64,1,1,1,1,0.0,0.5014594714616489,859,859,1.017115879151872e+16,39198141258752.0
5149,question_13_aime_Qwen3-4B_S32,32,1,1,1,1,0.0,0.6352012823315841,1089,2147,9365128259947520.0,41908867607040.0
5150,question_13_aime_Qwen3-4B_S32,32,1,1,1,1,0.0,0.5014594714616489,859,859,7252863471258624.0,33437937901056.0
5151,question_13_aime_Qwen3-4B_S32,32,1,1,1,1,0.0,0.5014594714616489,859,859,7343480885778432.0,34073043892224.0
5152,question_13_aime_Qwen3-4B_S16,16,1,1,1,1,0.0,0.5507874049889238,1391,1391,9442852223717376.0,47102734824960.0
5153,question_13_aime_Qwen3-4B_S16,16,1,1,1,1,0.0,0.6352012823315841,1089,1089,7084434800324608.0,35365416619008.0
5154,question_13_aime_Qwen3-4B_S16,16,1,1,1,1,0.0,0.8332898215761199,1741,7808,9408500831661056.0,46431814635008.0
5155,question_13_aime_Qwen3-4B_S8,8,1,1,1,1,0.0,0.5507874049889238,1391,2477,5577884824019968.0,30650253037568.0
5156,question_13_aime_Qwen3-4B_S8,8,1,1,1,1,0.0,0.6000244514950265,2152,5675,8396651078261760.0,44920520214528.0
5157,question_13_aime_Qwen3-4B_S8,8,1,1,1,1,0.0,0.6352012823315841,1089,2147,5508004491923456.0,30849705426432.0
5158,question_13_aime_Qwen3-4B_S4,4,1,1,1,1,0.0,0.5014594714616489,859,859,3203978110291968.0,18953369475072.0
5159,question_13_aime_Qwen3-4B_S4,4,1,1,1,1,0.0,0.12024011404237087,1086,1086,3973551192222720.0,22978914596352.0
5160,question_13_aime_Qwen3-4B_S4,4,1,1,1,1,0.0,0.3449261946192847,2258,6137,6196804411339776.0,34855282598400.0
5161,question_13_aime_Qwen3-4B_S2,2,1,1,1,1,0.0,0.48056005995026035,1647,1647,3646366685846016.0,21622858319872.0
5162,question_13_aime_Qwen3-4B_S2,2,1,1,1,1,0.0,0.20422452946064107,1772,3548,3750316097826304.0,22019679470080.0
5163,question_13_aime_Qwen3-4B_S2,2,1,1,1,1,0.0,0.8719206980540917,1792,3804,3586688719218176.0,20873181982208.0
5164,question_13_aime_Qwen3-4B_S1,1,1,1,1,1,0.0,0.7759135445169668,2237,2237,3113989658372608.0,18532864841728.0
5165,question_13_aime_Qwen3-4B_S1,1,1,1,1,1,0.0,0.4180655968423448,2034,2034,2846668167641088.0,16853006078464.0
5166,question_13_aime_Qwen3-4B_S1,1,1,1,1,1,0.0,0.3442482052300716,3061,3061,4329157006769664.0,25395954468864.0
5167,question_14_aime_Qwen3-4B_S64,64,1,1,1,1,1.0,0.6478877766820801,1257,5179,8867577234802688.0,34438770056704.0
5168,question_14_aime_Qwen3-4B_S64,64,1,1,1,1,1.0,0.639112919129138,1394,2764,8867577234802688.0,34438770056704.0
5169,question_14_aime_Qwen3-4B_S64,64,1,1,1,1,1.0,0.6478877766820801,1257,4021,8867577234802688.0,34438770056704.0
5170,question_14_aime_Qwen3-4B_S32,32,1,1,1,1,1.0,0.6478877766820801,1257,5179,6354719870189056.0,29734339478528.0
5171,question_14_aime_Qwen3-4B_S32,32,1,1,1,1,1.0,0.639112919129138,1394,2764,6098118984989696.0,28023883171840.0
5172,question_14_aime_Qwen3-4B_S32,32,1,1,1,1,1.0,0.6478877766820801,1257,5179,6111805807555584.0,27777825298944.0
5173,question_14_aime_Qwen3-4B_S16,16,1,1,1,1,1.0,0.513176917206361,1370,1370,5133851857206784.0,26810576121344.0
5174,question_14_aime_Qwen3-4B_S16,16,1,1,1,1,1.0,0.8715677904707954,1471,1471,5424151874989056.0,27866480902144.0
5175,question_14_aime_Qwen3-4B_S16,16,1,1,1,1,1.0,0.6478877766820801,1257,2627,5345832253437952.0,27541890499584.0
5176,question_14_aime_Qwen3-4B_S8,8,1,1,1,1,1.0,0.8715677904707954,1471,1471,4097484079956992.0,22260507802624.0
5177,question_14_aime_Qwen3-4B_S8,8,1,1,1,1,1.0,0.8633674666035346,1866,1866,6466572585163264.0,34693458718720.0
5178,question_14_aime_Qwen3-4B_S8,8,1,1,1,1,0.0,0.639112919129138,1394,1394,4031992888762368.0,23028503141376.0
5179,question_14_aime_Qwen3-4B_S4,4,1,1,1,1,1.0,0.8180469562563418,1819,1819,5443109324611072.0,31380315692544.0
5180,question_14_aime_Qwen3-4B_S4,4,1,1,1,1,1.0,0.6513799188661247,1297,1297,4348764098801664.0,25407021859840.0
5181,question_14_aime_Qwen3-4B_S4,4,1,1,1,1,1.0,0.7902040055299362,1652,1652,4996640831090688.0,28862581723648.0
5182,question_14_aime_Qwen3-4B_S2,2,1,1,1,1,1.0,0.8633674666035346,1866,1866,3501702445719552.0,20872928278016.0
5183,question_14_aime_Qwen3-4B_S2,2,1,1,1,1,0.0,0.6478877766820801,1257,1257,3075549756427776.0,18819279675904.0
5184,question_14_aime_Qwen3-4B_S2,2,1,1,1,1,0.0,0.05153973699696564,3856,3856,6820061761144832.0,40194799819264.0
5185,question_14_aime_Qwen3-4B_S1,1,1,1,1,1,0.0,0.03107036291070638,3875,3875,5644339328786944.0,32289836057600.0
5186,question_14_aime_Qwen3-4B_S1,1,1,1,1,1,0.0,0.011121126553771678,3861,3861,5383534632268800.0,32019373347840.0
5187,question_14_aime_Qwen3-4B_S1,1,1,1,1,1,0.0,0.5628559469123592,1518,1518,2057357315749888.0,12540112986624.0
5188,question_15_aime_Qwen3-4B_S64,64,1,1,1,1,0.0,0.13436726095272464,265,716,2405546649574912.0,10630880423424.0
5189,question_15_aime_Qwen3-4B_S64,64,1,1,1,1,0.0,0.13436726095272464,265,716,2405546649574912.0,10630880423424.0
5190,question_15_aime_Qwen3-4B_S64,64,1,1,1,1,0.0,0.13436726095272464,265,716,2405546649574912.0,10630880423424.0
5191,question_15_aime_Qwen3-4B_S32,32,1,1,1,1,0.0,0.020611269161964377,228,228,2049508946076672.0,10282836005376.0
5192,question_15_aime_Qwen3-4B_S32,32,1,1,1,1,0.0,0.0254313025216029,223,451,1779525514783232.0,9005309221376.0
5193,question_15_aime_Qwen3-4B_S32,32,1,1,1,1,0.0,0.13436726095272464,265,716,1803695941621760.0,9225484376576.0
5194,question_15_aime_Qwen3-4B_S16,16,1,1,1,1,0.0,0.13436726095272464,265,265,1690586159304704.0,9501878419456.0
5195,question_15_aime_Qwen3-4B_S16,16,1,1,1,1,0.0,0.0254313025216029,223,223,1571146474510848.0,8864107703296.0
5196,question_15_aime_Qwen3-4B_S16,16,1,1,1,1,0.0,0.0254313025216029,223,223,1449412624250880.0,8063112120832.0
5197,question_15_aime_Qwen3-4B_S8,8,1,1,1,1,0.0,0.28360048162821316,678,1226,2266855831657984.0,13023261880320.0
5198,question_15_aime_Qwen3-4B_S8,8,1,1,1,1,0.0,0.13436726095272464,265,265,1346474120496640.0,7925541582848.0
5199,question_15_aime_Qwen3-4B_S8,8,1,1,1,1,0.0,0.3331531790464946,702,702,2882605788887552.0,15807139772416.0
5200,question_15_aime_Qwen3-4B_S4,4,1,1,1,1,0.0,0.31628464130356787,449,449,1464918021749760.0,8816937187840.0
5201,question_15_aime_Qwen3-4B_S4,4,1,1,1,1,0.0,0.2021576130778523,882,1534,2333755186289664.0,13728600586240.0
5202,question_15_aime_Qwen3-4B_S4,4,1,1,1,1,0.0,0.8035958522715979,1055,2095,2320300714372608.0,13711624758784.0
5203,question_15_aime_Qwen3-4B_S2,2,1,1,1,1,0.0,0.7748969650369538,535,535,1417625349953024.0,8617941194752.0
5204,question_15_aime_Qwen3-4B_S2,2,1,1,1,1,0.0,0.9039584500492819,904,1766,1753023705061888.0,10527314540544.0
5205,question_15_aime_Qwen3-4B_S2,2,1,1,1,1,0.0,0.13436726095272464,265,265,686246612201984.0,4262212870144.0
5206,question_15_aime_Qwen3-4B_S1,1,1,1,1,1,0.0,0.07162231276485664,1695,1695,2288412396020736.0,13961147008512.0
5207,question_15_aime_Qwen3-4B_S1,1,1,1,1,1,0.0,0.24946076887580454,1045,1045,1407993644085760.0,8605701350912.0
5208,question_15_aime_Qwen3-4B_S1,1,1,1,1,1,0.0,0.07024560622946582,1348,1348,1852274728269312.0,11131807922688.0
5209,question_16_aime_Qwen3-4B_S64,64,1,1,1,1,0.0,0.6429748662512805,502,1755,7050151593095168.0,27153329037824.0
5210,question_16_aime_Qwen3-4B_S64,64,1,1,1,1,0.0,0.6429748662512805,502,1755,7050151593095168.0,27153329037824.0
5211,question_16_aime_Qwen3-4B_S64,64,1,1,1,1,0.0,0.6429748662512805,502,1755,7050151593095168.0,27153329037824.0
5212,question_16_aime_Qwen3-4B_S32,32,1,1,1,1,0.0,0.6429748662512805,502,1755,5019004402042880.0,23048318300672.0
5213,question_16_aime_Qwen3-4B_S32,32,1,1,1,1,0.0,0.6042564627497392,592,2230,5848494612594688.0,25862113257472.0
5214,question_16_aime_Qwen3-4B_S32,32,1,1,1,1,0.0,0.6429748662512805,502,502,4947952597694464.0,22518317715456.0
5215,question_16_aime_Qwen3-4B_S16,16,1,1,1,1,0.0,0.4511409945325303,661,661,4472655500314112.0,23439109117952.0
5216,question_16_aime_Qwen3-4B_S16,16,1,1,1,1,0.0,0.6042564627497392,592,2482,3966126133667840.0,19954363605504.0
5217,question_16_aime_Qwen3-4B_S16,16,1,1,1,1,0.0,0.4511409945325303,661,661,3965654799512064.0,20402348743168.0
5218,question_16_aime_Qwen3-4B_S8,8,1,1,1,1,0.0,0.6320122305334651,795,1387,2738158176259584.0,14835395922944.0
5219,question_16_aime_Qwen3-4B_S8,8,1,1,1,1,1.0,0.4494533806340705,848,1987,3977497755882496.0,21426339156480.0
5220,question_16_aime_Qwen3-4B_S8,8,1,1,1,1,0.0,0.5262042033763885,1034,1034,5813701351196672.0,30888259908096.0
5221,question_16_aime_Qwen3-4B_S4,4,1,1,1,1,0.0,0.5532677758550699,1025,1025,2574078626176512.0,14832469511680.0
5222,question_16_aime_Qwen3-4B_S4,4,1,1,1,1,1.0,0.42886972735084955,1139,1139,3909136680714752.0,22680961593344.0
5223,question_16_aime_Qwen3-4B_S4,4,1,1,1,1,0.0,0.7088009597384914,828,1601,2494844993794560.0,14440582381568.0
5224,question_16_aime_Qwen3-4B_S2,2,1,1,1,1,0.0,0.6259757750886685,1882,1882,5681199634273280.0,33481135843840.0
5225,question_16_aime_Qwen3-4B_S2,2,1,1,1,1,0.0,0.6259757750886685,1882,1882,5345736251189760.0,31494652947456.0
5226,question_16_aime_Qwen3-4B_S2,2,1,1,1,1,0.0,0.5155953304343726,1195,1195,2472230137148928.0,14618008480768.0
5227,question_16_aime_Qwen3-4B_S1,1,1,1,1,1,0.0,0.026118259697083705,3882,3882,5383216538682368.0,32179049540608.0
5228,question_16_aime_Qwen3-4B_S1,1,1,1,1,1,0.0,0.02992245185170643,3817,3817,5425961110190080.0,31784045463552.0
5229,question_16_aime_Qwen3-4B_S1,1,1,1,1,1,0.0,0.02158538281564962,3730,3730,5115547612569088.0,30831090913792.0
5230,question_17_aime_Qwen3-4B_S64,64,1,1,1,1,0.0,0.4772946785586632,937,4919,8287870396154880.0,34285200741888.0
5231,question_17_aime_Qwen3-4B_S64,64,1,1,1,1,0.0,0.4772946785586632,937,4919,8287870396154880.0,34285200741888.0
5232,question_17_aime_Qwen3-4B_S64,64,1,1,1,1,0.0,0.4772946785586632,937,4919,8287870396154880.0,34285200741888.0
5233,question_17_aime_Qwen3-4B_S32,32,1,1,1,1,0.0,0.4987870962867305,1296,10684,7070809516454400.0,32554389539840.0
5234,question_17_aime_Qwen3-4B_S32,32,1,1,1,1,0.0,0.3046516248304752,1116,3040,6236166935839232.0,30641506667008.0
5235,question_17_aime_Qwen3-4B_S32,32,1,1,1,1,0.0,0.4772946785586632,937,3103,5651669452244480.0,27066130753024.0
5236,question_17_aime_Qwen3-4B_S16,16,1,1,1,1,0.0,0.42408471197480346,1550,5913,4946420183760384.0,25480756563968.0
5237,question_17_aime_Qwen3-4B_S16,16,1,1,1,1,0.0,0.4772946785586632,937,4045,4290415514271744.0,22813381797888.0
5238,question_17_aime_Qwen3-4B_S16,16,1,1,1,1,0.0,0.4772946785586632,937,2053,4282877287898112.0,22835160866304.0
5239,question_17_aime_Qwen3-4B_S8,8,1,1,1,1,0.0,0.4987870962867305,1296,5397,4534132970343936.0,25460601631744.0
5240,question_17_aime_Qwen3-4B_S8,8,1,1,1,1,0.0,0.2606312827304686,1183,2511,4649903048981504.0,25928847259648.0
5241,question_17_aime_Qwen3-4B_S8,8,1,1,1,1,0.0,0.42408471197480346,1550,5138,4741350423180288.0,26408303391744.0
5242,question_17_aime_Qwen3-4B_S4,4,1,1,1,1,0.0,0.22929020548446044,1886,3063,4222875254914048.0,24294444272640.0
5243,question_17_aime_Qwen3-4B_S4,4,1,1,1,1,0.0,0.42408471197480346,1550,1550,4365265859839488.0,25610178919936.0
5244,question_17_aime_Qwen3-4B_S4,4,1,1,1,1,0.0,0.3244320842121732,1349,2671,3316292630366208.0,19328242363392.0
5245,question_17_aime_Qwen3-4B_S2,2,1,1,1,1,0.0,0.3244320842121732,1349,2271,2152444879771648.0,12864272924160.0
5246,question_17_aime_Qwen3-4B_S2,2,1,1,1,1,0.0,0.271421689716259,1404,2917,2682474176068608.0,15816691193344.0
5247,question_17_aime_Qwen3-4B_S2,2,1,1,1,1,0.0,0.41552201618544454,1479,2915,2563915737249280.0,15437366831616.0
5248,question_17_aime_Qwen3-4B_S1,1,1,1,1,1,0.0,0.22401020962238083,1177,1177,1587198025077760.0,9699645108736.0
5249,question_17_aime_Qwen3-4B_S1,1,1,1,1,1,0.0,0.271421689716259,1404,1404,1916152067180032.0,11594460201984.0
5250,question_17_aime_Qwen3-4B_S1,1,1,1,1,1,0.0,0.41552201618544454,1479,1479,1982120876123648.0,12167363586560.0
5251,question_18_aime_Qwen3-4B_S64,64,1,1,1,1,1.0,0.9220435283609711,1360,2693,9678861009489408.0,40251384721920.0
5252,question_18_aime_Qwen3-4B_S64,64,1,1,1,1,1.0,0.9220435283609711,1360,2745,9678861009489408.0,40251384721920.0
5253,question_18_aime_Qwen3-4B_S64,64,1,1,1,1,1.0,0.9220435283609711,1360,4078,9678861009489408.0,40251384721920.0
5254,question_18_aime_Qwen3-4B_S32,32,1,1,1,1,1.0,0.8857924490853952,1312,1312,7750077870671872.0,36950040026112.0
5255,question_18_aime_Qwen3-4B_S32,32,1,1,1,1,1.0,0.9220435283609711,1360,2745,7044487192101888.0,34190744162304.0
5256,question_18_aime_Qwen3-4B_S32,32,1,1,1,1,1.0,0.9225449583559651,1260,4012,7192397558370304.0,33505052709888.0
5257,question_18_aime_Qwen3-4B_S16,16,1,1,1,1,1.0,0.9068408708644146,1291,1291,5832957767612928.0,29915834456064.0
5258,question_18_aime_Qwen3-4B_S16,16,1,1,1,1,1.0,0.9220435283609711,1360,1360,4906722646577664.0,26212398303744.0
5259,question_18_aime_Qwen3-4B_S16,16,1,1,1,1,1.0,0.6780509866013966,1485,1485,5479394684961280.0,28747718846976.0
5260,question_18_aime_Qwen3-4B_S8,8,1,1,1,1,0.0,0.43936282143053157,1385,1385,4730579554831360.0,26799666587136.0
5261,question_18_aime_Qwen3-4B_S8,8,1,1,1,1,0.0,0.8585580599226573,1326,1326,4459928895839232.0,25083816902656.0
5262,question_18_aime_Qwen3-4B_S8,8,1,1,1,1,1.0,0.8857924490853952,1312,1312,4200458946882560.0,23805568741376.0
5263,question_18_aime_Qwen3-4B_S4,4,1,1,1,1,1.0,0.9281390496605114,2036,2036,5301978421052416.0,31038692210176.0
5264,question_18_aime_Qwen3-4B_S4,4,1,1,1,1,1.0,0.93848330771316,1439,1439,4187758962991104.0,24606721258496.0
5265,question_18_aime_Qwen3-4B_S4,4,1,1,1,1,1.0,0.9267440735979842,1442,1442,4680806438426624.0,27287938903040.0
5266,question_18_aime_Qwen3-4B_S2,2,1,1,1,1,1.0,0.8857924490853952,1312,1312,2936416287969792.0,17846414720000.0
5267,question_18_aime_Qwen3-4B_S2,2,1,1,1,1,1.0,0.8447141393298873,1974,1974,3827487430819840.0,22812641366016.0
5268,question_18_aime_Qwen3-4B_S2,2,1,1,1,1,1.0,0.8645649514064044,1885,3859,3827487430819840.0,22812641366016.0
5269,question_18_aime_Qwen3-4B_S1,1,1,1,1,1,1.0,0.9082419061822126,2538,2538,3461422005468672.0,20949508080128.0
5270,question_18_aime_Qwen3-4B_S1,1,1,1,1,1,0.0,0.8585580599226573,1326,1326,1769237015375360.0,10896555660288.0
5271,question_18_aime_Qwen3-4B_S1,1,1,1,1,1,1.0,0.8712591756338489,2067,2067,2801301840344064.0,17036837551104.0
5272,question_19_aime_Qwen3-4B_S64,64,1,1,1,1,0.0,0.09248959218913967,450,822,2826162666214912.0,11630316529664.0
5273,question_19_aime_Qwen3-4B_S64,64,1,1,1,1,0.0,0.09248959218913967,450,822,2826162666214912.0,11630316529664.0
5274,question_19_aime_Qwen3-4B_S64,64,1,1,1,1,0.0,0.09248959218913967,450,822,2826162666214912.0,11630316529664.0
5275,question_19_aime_Qwen3-4B_S32,32,1,1,1,1,0.0,0.09248959218913967,450,822,1970800847276032.0,9487827281408.0
5276,question_19_aime_Qwen3-4B_S32,32,1,1,1,1,0.0,0.09248959218913967,450,822,2040640532758016.0,9864712617472.0
5277,question_19_aime_Qwen3-4B_S32,32,1,1,1,1,0.0,0.09248959218913967,450,822,1852288652155392.0,8708986122240.0
5278,question_19_aime_Qwen3-4B_S16,16,1,1,1,1,0.0,0.6259738771738611,568,3237,2337235634926080.0,12185825499648.0
5279,question_19_aime_Qwen3-4B_S16,16,1,1,1,1,0.0,0.09248959218913967,450,822,1737564266632704.0,9443003092992.0
5280,question_19_aime_Qwen3-4B_S16,16,1,1,1,1,0.0,0.03703550938542171,372,372,1588394100829184.0,8545827579904.0
5281,question_19_aime_Qwen3-4B_S8,8,1,1,1,1,0.0,0.1713224796152298,433,433,1936665027637248.0,10837454873600.0
5282,question_19_aime_Qwen3-4B_S8,8,1,1,1,1,1.0,0.3208419773616345,676,676,2749030042595328.0,15179829673984.0
5283,question_19_aime_Qwen3-4B_S8,8,1,1,1,1,0.0,0.39733800045454204,655,1088,2167041375632384.0,12228462784512.0
5284,question_19_aime_Qwen3-4B_S4,4,1,1,1,1,0.0,0.03703550938542171,372,372,1126276788105728.0,6803155059712.0
5285,question_19_aime_Qwen3-4B_S4,4,1,1,1,1,0.0,0.33877328432850196,697,697,1711286179933696.0,10113995683840.0
5286,question_19_aime_Qwen3-4B_S4,4,1,1,1,1,0.0,0.2292658538501329,840,840,3106005933478400.0,17822770902528.0
5287,question_19_aime_Qwen3-4B_S2,2,1,1,1,1,0.0,0.14175145103553932,960,960,2498076867193344.0,15010193444352.0
5288,question_19_aime_Qwen3-4B_S2,2,1,1,1,1,1.0,0.4164544787017912,672,672,1509898367846400.0,9151841826816.0
5289,question_19_aime_Qwen3-4B_S2,2,1,1,1,1,0.0,0.013063614450869085,864,864,2115228513516544.0,12919504449024.0
5290,question_19_aime_Qwen3-4B_S1,1,1,1,1,1,0.0,0.5976832562191359,674,674,902907998792704.0,5557251647488.0
5291,question_19_aime_Qwen3-4B_S1,1,1,1,1,1,0.0,0.0232812846405664,875,875,1185534491977728.0,7224761210880.0
5292,question_19_aime_Qwen3-4B_S1,1,1,1,1,1,0.0,0.021653706179089093,1394,1394,1958146826895872.0,11564490476544.0
5293,question_2_aime_Qwen3-4B_S64,64,1,1,1,1,0.0,0.19182627700723587,771,771,1.1878913190240256e+16,62265813609984.0
5294,question_2_aime_Qwen3-4B_S64,64,1,1,1,1,0.0,0.19182627700723587,771,771,1.1878913190240256e+16,62265813609984.0
5295,question_2_aime_Qwen3-4B_S64,64,1,1,1,1,0.0,0.19182627700723587,771,771,1.1878913190240256e+16,62265813609984.0
5296,question_2_aime_Qwen3-4B_S32,32,1,1,1,1,0.0,0.19182627700723587,771,771,7372985411308032.0,40300224151552.0
5297,question_2_aime_Qwen3-4B_S32,32,1,1,1,1,0.0,0.19182627700723587,771,771,7092539160855040.0,38495521221120.0
5298,question_2_aime_Qwen3-4B_S32,32,1,1,1,1,0.0,0.19182627700723587,771,771,7572828377175040.0,41796626601984.0
5299,question_2_aime_Qwen3-4B_S16,16,1,1,1,1,1.0,0.6719928293922498,1135,1135,8623800205194240.0,49589041362432.0
5300,question_2_aime_Qwen3-4B_S16,16,1,1,1,1,1.0,0.6719928293922498,1135,2960,8364181431321088.0,46713303565824.0
5301,question_2_aime_Qwen3-4B_S16,16,1,1,1,1,0.0,0.34517279125538897,1423,2319,7924793756259840.0,45565350964224.0
5302,question_2_aime_Qwen3-4B_S8,8,1,1,1,1,0.0,0.7873262930143451,1323,8526,5871732557317120.0,33545135105024.0
5303,question_2_aime_Qwen3-4B_S8,8,1,1,1,1,0.0,0.3521811524302445,858,858,8067710574385152.0,48115796024832.0
5304,question_2_aime_Qwen3-4B_S8,8,1,1,1,1,0.0,0.19182627700723587,771,771,3797119457518592.0,22559452666880.0
5305,question_2_aime_Qwen3-4B_S4,4,1,1,1,1,1.0,0.5230323496613145,1225,3467,4914607488711680.0,29057004850688.0
5306,question_2_aime_Qwen3-4B_S4,4,1,1,1,1,0.0,0.6214014501586793,1497,8188,7773383593645568.0,46429625119232.0
5307,question_2_aime_Qwen3-4B_S4,4,1,1,1,1,1.0,0.5230323496613145,1225,4007,5287578244015616.0,31354610987008.0
5308,question_2_aime_Qwen3-4B_S2,2,1,1,1,1,0.0,0.34517279125538897,1423,1423,2390946935974912.0,14585032408064.0
5309,question_2_aime_Qwen3-4B_S2,2,1,1,1,1,0.0,0.5549218084312092,1280,2819,3050473610751488.0,18147654029824.0
5310,question_2_aime_Qwen3-4B_S2,2,1,1,1,1,0.0,0.22100486193029947,896,896,2101673273507840.0,12758308909568.0
5311,question_2_aime_Qwen3-4B_S1,1,1,1,1,1,1.0,0.6719928293922498,1135,1135,1511316864522240.0,9329333178368.0
5312,question_2_aime_Qwen3-4B_S1,1,1,1,1,1,0.0,0.6396627531698952,1244,1244,1698785002021376.0,10271641019392.0
5313,question_2_aime_Qwen3-4B_S1,1,1,1,1,1,0.0,0.48947541921501647,1280,1280,1744671997385728.0,10567480736768.0
5314,question_20_aime_Qwen3-4B_S64,64,1,1,1,1,0.0,0.7599924209406141,1361,6203,1.1478003037474304e+16,49598001922048.0
5315,question_20_aime_Qwen3-4B_S64,64,1,1,1,1,0.0,0.7599924209406141,1361,6203,1.1478003037474304e+16,49598001922048.0
5316,question_20_aime_Qwen3-4B_S64,64,1,1,1,1,0.0,0.7599924209406141,1361,6203,1.1478003037474304e+16,49598001922048.0
5317,question_20_aime_Qwen3-4B_S32,32,1,1,1,1,0.0,0.7599924209406141,1361,7504,9413558787983872.0,45298621263872.0
5318,question_20_aime_Qwen3-4B_S32,32,1,1,1,1,0.0,0.7599924209406141,1361,8899,9695549899512832.0,46086759697920.0
5319,question_20_aime_Qwen3-4B_S32,32,1,1,1,1,0.0,0.6960754307299909,1483,5466,9263532870368256.0,45080573066752.0
5320,question_20_aime_Qwen3-4B_S16,16,1,1,1,1,0.0,0.3930308774136969,886,3287,6869891290644480.0,35846803124224.0
5321,question_20_aime_Qwen3-4B_S16,16,1,1,1,1,0.0,0.6895751521137646,1567,6165,6506390182665728.0,34594335732736.0
5322,question_20_aime_Qwen3-4B_S16,16,1,1,1,1,0.0,0.21893192241516013,933,933,6022858530472960.0,32582453766656.0
5323,question_20_aime_Qwen3-4B_S8,8,1,1,1,1,0.0,0.5113276228690594,975,975,4665820138475008.0,26378645351424.0
5324,question_20_aime_Qwen3-4B_S8,8,1,1,1,1,0.0,0.6652173016058732,1053,3977,5392118288700416.0,29761583760896.0
5325,question_20_aime_Qwen3-4B_S8,8,1,1,1,1,0.0,0.668898702194209,1102,2155,5640489462863360.0,30844071583232.0
5326,question_20_aime_Qwen3-4B_S4,4,1,1,1,1,0.0,0.03613230333865862,3885,3885,7217211356815872.0,42468263545856.0
5327,question_20_aime_Qwen3-4B_S4,4,1,1,1,1,0.0,0.36946866882035967,985,985,3834630514323456.0,22684146539008.0
5328,question_20_aime_Qwen3-4B_S4,4,1,1,1,1,0.0,0.4550767517912718,1293,2709,4427773503701504.0,26248809286144.0
5329,question_20_aime_Qwen3-4B_S2,2,1,1,1,1,0.0,0.4550767517912718,1293,1293,2459632588353536.0,14805298395136.0
5330,question_20_aime_Qwen3-4B_S2,2,1,1,1,1,0.0,0.21893192241516013,933,933,2108015732373504.0,12848315341824.0
5331,question_20_aime_Qwen3-4B_S2,2,1,1,1,1,0.0,0.03613230333865862,3885,3885,5800989898226688.0,35380984696832.0
5332,question_20_aime_Qwen3-4B_S1,1,1,1,1,1,0.0,0.04152692488679653,3885,3885,5326310750691328.0,32145711545856.0
5333,question_20_aime_Qwen3-4B_S1,1,1,1,1,1,0.0,0.06223010046352402,3884,3884,5376568426743296.0,32189933814784.0
5334,question_20_aime_Qwen3-4B_S1,1,1,1,1,1,0.0,0.048931753967362664,3861,3861,5189274625007104.0,31869707496960.0
5335,question_21_aime_Qwen3-4B_S64,64,1,1,1,1,0.0,0.4820633976621375,1237,18956,1.4905503630043136e+16,65034852018176.0
5336,question_21_aime_Qwen3-4B_S64,64,1,1,1,1,0.0,0.4820633976621375,1237,18956,1.4905503630043136e+16,65034852018176.0
5337,question_21_aime_Qwen3-4B_S64,64,1,1,1,1,0.0,0.4820633976621375,1237,18956,1.4905503630043136e+16,65034852018176.0
5338,question_21_aime_Qwen3-4B_S32,32,1,1,1,1,0.0,0.4737332205941282,968,7849,1.1729981917806592e+16,58292623153152.0
5339,question_21_aime_Qwen3-4B_S32,32,1,1,1,1,0.0,0.4820633976621375,1237,11273,1.1456688044655616e+16,57659842773504.0
5340,question_21_aime_Qwen3-4B_S32,32,1,1,1,1,0.0,0.4820633976621375,1237,12364,1.2588693190947328e+16,62876612383232.0
5341,question_21_aime_Qwen3-4B_S16,16,1,1,1,1,0.0,0.33199322312501434,808,4372,7794579260425216.0,42833169936384.0
5342,question_21_aime_Qwen3-4B_S16,16,1,1,1,1,0.0,0.4737332205941282,968,4486,8057766054299648.0,43611144995328.0
5343,question_21_aime_Qwen3-4B_S16,16,1,1,1,1,0.0,0.4820633976621375,1237,4600,8098850879923712.0,44461691187200.0
5344,question_21_aime_Qwen3-4B_S8,8,1,1,1,1,0.0,0.3026004245577328,960,5659,5704841314529280.0,32790427891200.0
5345,question_21_aime_Qwen3-4B_S8,8,1,1,1,1,0.0,0.40307427221808095,1597,2410,6339043492429312.0,36009955524096.0
5346,question_21_aime_Qwen3-4B_S8,8,1,1,1,1,0.0,0.21464517592510013,1242,3627,5054609174729216.0,29028660823040.0
5347,question_21_aime_Qwen3-4B_S4,4,1,1,1,1,0.0,0.24829741583255718,992,992,3801908323053056.0,22498392233472.0
5348,question_21_aime_Qwen3-4B_S4,4,1,1,1,1,0.0,0.11007246599686223,1566,1566,5902922673987584.0,35195800601600.0
5349,question_21_aime_Qwen3-4B_S4,4,1,1,1,1,0.0,0.4820633976621375,1237,2709,4521183954309120.0,26717106934272.0
5350,question_21_aime_Qwen3-4B_S2,2,1,1,1,1,0.0,0.2449821589670598,2153,3437,3765642557532160.0,22546179859456.0
5351,question_21_aime_Qwen3-4B_S2,2,1,1,1,1,0.0,0.37650029538508917,1704,1704,4014669742658048.0,24487944154624.0
5352,question_21_aime_Qwen3-4B_S2,2,1,1,1,1,0.0,0.22764497418116839,1231,1231,2991977891770368.0,17922783849472.0
5353,question_21_aime_Qwen3-4B_S1,1,1,1,1,1,0.0,0.40307427221808095,1597,1597,2134547373763072.0,13140887566336.0
5354,question_21_aime_Qwen3-4B_S1,1,1,1,1,1,0.0,0.27143384221704053,2861,2861,4019276149827584.0,23727935024128.0
5355,question_21_aime_Qwen3-4B_S1,1,1,1,1,1,0.0,0.24696948141380634,1999,1999,2718252843461632.0,16473059506688.0
5356,question_22_aime_Qwen3-4B_S64,64,1,1,1,1,0.0,0.2584026690100664,659,1143,5583032920565760.0,21323093924352.0
5357,question_22_aime_Qwen3-4B_S64,64,1,1,1,1,0.0,0.2584026690100664,659,1143,5583032920565760.0,21323093924352.0
5358,question_22_aime_Qwen3-4B_S64,64,1,1,1,1,0.0,0.2584026690100664,659,1143,5583032920565760.0,21323093924352.0
5359,question_22_aime_Qwen3-4B_S32,32,1,1,1,1,0.0,0.17266108420305046,641,1561,5702277723464192.0,25531710839808.0
5360,question_22_aime_Qwen3-4B_S32,32,1,1,1,1,0.0,0.17266108420305046,641,1561,5865886786302464.0,26463525476352.0
5361,question_22_aime_Qwen3-4B_S32,32,1,1,1,1,0.0,0.17266108420305046,641,641,5674534880902656.0,25560506891264.0
5362,question_22_aime_Qwen3-4B_S16,16,1,1,1,1,0.0,0.12364162492079993,670,670,4615626943161856.0,22887116046336.0
5363,question_22_aime_Qwen3-4B_S16,16,1,1,1,1,0.0,0.12364162492079993,670,670,5240095384548352.0,26803755237888.0
5364,question_22_aime_Qwen3-4B_S16,16,1,1,1,1,0.0,0.23369280062503928,796,1716,4796086828567552.0,23489089710592.0
5365,question_22_aime_Qwen3-4B_S8,8,1,1,1,1,0.0,0.2072464256076124,730,1650,3280465693217792.0,17605934828544.0
5366,question_22_aime_Qwen3-4B_S8,8,1,1,1,1,0.0,0.2584026690100664,659,659,2505578127791616.0,13914543421440.0
5367,question_22_aime_Qwen3-4B_S8,8,1,1,1,1,0.0,0.12364162492079993,670,670,3323651452895744.0,18059026655744.0
5368,question_22_aime_Qwen3-4B_S4,4,1,1,1,1,0.0,0.17136775678926702,920,1763,2576578416894464.0,14811567343104.0
5369,question_22_aime_Qwen3-4B_S4,4,1,1,1,1,0.0,0.17136775678926702,920,920,2678877362442752.0,15509865202176.0
5370,question_22_aime_Qwen3-4B_S4,4,1,1,1,1,0.0,0.17266108420305046,641,641,2183488075463680.0,12603174943744.0
5371,question_22_aime_Qwen3-4B_S2,2,1,1,1,1,0.0,0.2904096407229482,1086,1086,2431954204423168.0,14173227299328.0
5372,question_22_aime_Qwen3-4B_S2,2,1,1,1,1,0.0,0.037877236064232746,3573,7147,8419082339379712.0,43678573794304.0
5373,question_22_aime_Qwen3-4B_S2,2,1,1,1,1,0.0,0.02806604626818174,1568,1568,3304381399515136.0,19459375245824.0
5374,question_22_aime_Qwen3-4B_S1,1,1,1,1,1,0.0,0.22838090984833379,1360,1360,1938584093284352.0,11311739592704.0
5375,question_22_aime_Qwen3-4B_S1,1,1,1,1,1,0.0,0.12146665405118753,873,873,1200548055987200.0,7233665694720.0
5376,question_22_aime_Qwen3-4B_S1,1,1,1,1,1,0.0,0.4552672320765433,1460,1460,2015578484546560.0,12087144695296.0
5377,question_23_aime_Qwen3-4B_S64,64,1,1,1,1,0.0,0.5,479,1761,5439267361605120.0,20573377883648.0
5378,question_23_aime_Qwen3-4B_S64,64,1,1,1,1,0.0,0.5,295,1761,5439267361605120.0,20573377883648.0
5379,question_23_aime_Qwen3-4B_S64,64,1,1,1,1,0.0,0.5,488,1761,5439267361605120.0,20573377883648.0
5380,question_23_aime_Qwen3-4B_S32,32,1,1,1,1,0.0,0.5,488,1475,3901190707864576.0,17398110849024.0
5381,question_23_aime_Qwen3-4B_S32,32,1,1,1,1,0.0,0.5,563,6529,4634254681906176.0,19390139137024.0
5382,question_23_aime_Qwen3-4B_S32,32,1,1,1,1,0.0,0.5,295,295,3518664760495616.0,15513592315392.0
5383,question_23_aime_Qwen3-4B_S16,16,1,1,1,1,0.0,0.5,295,794,2676893031901184.0,13627031970816.0
5384,question_23_aime_Qwen3-4B_S16,16,1,1,1,1,0.0,0.5,699,4227,4021301392308224.0,19706065196032.0
5385,question_23_aime_Qwen3-4B_S16,16,1,1,1,1,0.0,0.5,295,794,2736484064670208.0,14017973785600.0
5386,question_23_aime_Qwen3-4B_S8,8,1,1,1,1,0.0,0.5,709,1960,3121143329937920.0,17211031324160.0
5387,question_23_aime_Qwen3-4B_S8,8,1,1,1,1,0.0,0.5,686,1653,2555553756515328.0,13939891622912.0
5388,question_23_aime_Qwen3-4B_S8,8,1,1,1,1,0.0,0.5,295,783,1836930413839872.0,10101927627776.0
5389,question_23_aime_Qwen3-4B_S4,4,1,1,1,1,0.0,0.5,1079,2437,3403675433407488.0,19089917884416.0
5390,question_23_aime_Qwen3-4B_S4,4,1,1,1,1,0.0,0.5,1159,2792,2704815476125184.0,15204115879936.0
5391,question_23_aime_Qwen3-4B_S4,4,1,1,1,1,0.0,0.5,855,1602,2642192202194944.0,15175651633664.0
5392,question_23_aime_Qwen3-4B_S2,2,1,1,1,1,0.0,0.5,488,488,1349764431581184.0,8066256894464.0
5393,question_23_aime_Qwen3-4B_S2,2,1,1,1,1,0.0,0.5,1775,3323,3580579108249088.0,20901234757632.0
5394,question_23_aime_Qwen3-4B_S2,2,1,1,1,1,0.0,0.5,1256,3113,3297874613840384.0,19199842839552.0
5395,question_23_aime_Qwen3-4B_S1,1,1,1,1,1,0.0,0.5,817,817,1125530490688000.0,6762970858496.0
5396,question_23_aime_Qwen3-4B_S1,1,1,1,1,1,0.0,0.5,1110,1110,1523781029363200.0,9179254986240.0
5397,question_23_aime_Qwen3-4B_S1,1,1,1,1,1,0.0,0.5,1157,1157,1590303873883136.0,9568271031808.0
5398,question_24_aime_Qwen3-4B_S64,64,1,1,1,1,0.0,0.5990062687219211,362,1194,3401470677757440.0,12880334517760.0
5399,question_24_aime_Qwen3-4B_S64,64,1,1,1,1,0.0,0.5990062687219211,362,1194,3401470677757440.0,12880334517760.0
5400,question_24_aime_Qwen3-4B_S64,64,1,1,1,1,0.0,0.5990062687219211,362,1194,3401470677757440.0,12880334517760.0
5401,question_24_aime_Qwen3-4B_S32,32,1,1,1,1,0.0,0.5990062687219211,362,855,2825490004886528.0,12869618559488.0
5402,question_24_aime_Qwen3-4B_S32,32,1,1,1,1,0.0,0.5990062687219211,362,701,2444037120155136.0,11202324399616.0
5403,question_24_aime_Qwen3-4B_S32,32,1,1,1,1,0.0,0.8271978023233061,1214,6202,5053573494722560.0,21902723931648.0
5404,question_24_aime_Qwen3-4B_S16,16,1,1,1,1,0.0,0.7443734003383499,696,2987,3492070204543488.0,16972571551744.0
5405,question_24_aime_Qwen3-4B_S16,16,1,1,1,1,0.0,0.8271978023233061,1214,2696,3770171772263424.0,18408071163904.0
5406,question_24_aime_Qwen3-4B_S16,16,1,1,1,1,0.0,0.4135295283167038,339,339,1789713636182016.0,9251740610560.0
5407,question_24_aime_Qwen3-4B_S8,8,1,1,1,1,0.0,0.020638585201045875,523,523,2568239259696640.0,14139259358208.0
5408,question_24_aime_Qwen3-4B_S8,8,1,1,1,1,0.0,0.5990062687219211,362,362,1484330358131200.0,8260421587968.0
5409,question_24_aime_Qwen3-4B_S8,8,1,1,1,1,0.0,0.5307997346959689,839,1923,3417160674935296.0,18460601579520.0
5410,question_24_aime_Qwen3-4B_S4,4,1,1,1,1,0.0,0.05216510973539547,917,917,1967377179970048.0,11350470799872.0
5411,question_24_aime_Qwen3-4B_S4,4,1,1,1,1,0.0,0.05216510973539547,917,917,2338294277023744.0,13688728490496.0
5412,question_24_aime_Qwen3-4B_S4,4,1,1,1,1,0.0,0.8271978023233061,1214,1214,2884726816818176.0,16620016259584.0
5413,question_24_aime_Qwen3-4B_S2,2,1,1,1,1,0.0,0.1821344383213669,1386,1386,3165168412870656.0,18252288829440.0
5414,question_24_aime_Qwen3-4B_S2,2,1,1,1,1,0.0,0.07003389721984031,3891,3891,7210922513192960.0,39794653273600.0
5415,question_24_aime_Qwen3-4B_S2,2,1,1,1,1,0.0,0.07154921704027832,1817,1817,4284073706947584.0,23639996953600.0
5416,question_24_aime_Qwen3-4B_S1,1,1,1,1,1,0.0,0.307417595763592,1947,1947,2724524921120256.0,16162175178240.0
5417,question_24_aime_Qwen3-4B_S1,1,1,1,1,1,0.0,0.7443734003383499,696,696,952478253453312.0,5785166833664.0
5418,question_24_aime_Qwen3-4B_S1,1,1,1,1,1,0.0,0.2552139591574581,1815,1815,2562206717113856.0,15090130232320.0
5419,question_25_aime_Qwen3-4B_S64,64,1,1,1,1,0.0,0.5,799,1535,6972988679448064.0,27406576401920.0
5420,question_25_aime_Qwen3-4B_S64,64,1,1,1,1,0.0,0.5,799,1535,6972988679448064.0,27406576401920.0
5421,question_25_aime_Qwen3-4B_S64,64,1,1,1,1,0.0,0.5,736,1535,6972988679448064.0,27406576401920.0
5422,question_25_aime_Qwen3-4B_S32,32,1,1,1,1,0.0,0.5,830,2365,5858182859707392.0,26977027446784.0
5423,question_25_aime_Qwen3-4B_S32,32,1,1,1,1,0.0,0.5,799,1631,7934506396156416.0,37484530018816.0
5424,question_25_aime_Qwen3-4B_S32,32,1,1,1,1,0.0,0.5,928,3326,6236547212190720.0,29368855476736.0
5425,question_25_aime_Qwen3-4B_S16,16,1,1,1,1,0.0,0.5,832,1823,6404497295099392.0,34282544024064.0
5426,question_25_aime_Qwen3-4B_S16,16,1,1,1,1,0.0,0.5,736,1568,3877537277185536.0,19634917788160.0
5427,question_25_aime_Qwen3-4B_S16,16,1,1,1,1,0.0,0.5,1181,9231,8812721383681536.0,45903660678656.0
5428,question_25_aime_Qwen3-4B_S8,8,1,1,1,1,0.0,0.5,1654,4187,5311036350695936.0,29401343240192.0
5429,question_25_aime_Qwen3-4B_S8,8,1,1,1,1,0.0,0.5,799,799,3980219449722368.0,21947926980608.0
5430,question_25_aime_Qwen3-4B_S8,8,1,1,1,1,0.0,0.5,928,928,5116945749735936.0,29071542758400.0
5431,question_25_aime_Qwen3-4B_S4,4,1,1,1,1,0.0,0.5,1539,5447,5248371063643136.0,30301029742592.0
5432,question_25_aime_Qwen3-4B_S4,4,1,1,1,1,0.0,0.5,1365,2546,4403870154285056.0,25505284807680.0
5433,question_25_aime_Qwen3-4B_S4,4,1,1,1,1,0.0,0.5,1198,2852,4110790271199232.0,23733976846848.0
5434,question_25_aime_Qwen3-4B_S2,2,1,1,1,1,0.0,0.5,832,832,2386648248764928.0,14526502348288.0
5435,question_25_aime_Qwen3-4B_S2,2,1,1,1,1,0.0,0.5,2726,4958,5030385976111616.0,29696455702016.0
5436,question_25_aime_Qwen3-4B_S2,2,1,1,1,1,0.0,0.5,928,928,2128663706212864.0,12866713657856.0
5437,question_25_aime_Qwen3-4B_S1,1,1,1,1,1,0.0,0.5,1698,1698,2305809291031552.0,14018275315712.0
5438,question_25_aime_Qwen3-4B_S1,1,1,1,1,1,0.0,0.5,1476,1476,2015486940971008.0,12211356296192.0
5439,question_25_aime_Qwen3-4B_S1,1,1,1,1,1,0.0,0.5,3874,3874,5484874852907008.0,32157230601728.0
5440,question_26_aime_Qwen3-4B_S64,64,1,1,1,1,0.0,0.22945089596345605,1450,6448,1.032997185018112e+16,39578694075392.0
5441,question_26_aime_Qwen3-4B_S64,64,1,1,1,1,0.0,0.22945089596345605,1450,6448,1.032997185018112e+16,39578694075392.0
5442,question_26_aime_Qwen3-4B_S64,64,1,1,1,1,0.0,0.22945089596345605,1450,6448,1.032997185018112e+16,39578694075392.0
5443,question_26_aime_Qwen3-4B_S32,32,1,1,1,1,0.0,0.27658438877050573,1332,6732,8395401325821952.0,37760244993024.0
5444,question_26_aime_Qwen3-4B_S32,32,1,1,1,1,0.0,0.22421559118826195,1038,3408,7021327806251008.0,31911758583296.0
5445,question_26_aime_Qwen3-4B_S32,32,1,1,1,1,0.0,0.22945089596345605,1450,2488,6982632945166336.0,31402015476224.0
5446,question_26_aime_Qwen3-4B_S16,16,1,1,1,1,0.0,0.22945089596345605,1450,5235,5504100804077056.0,28800122000384.0
5447,question_26_aime_Qwen3-4B_S16,16,1,1,1,1,0.0,0.27658438877050573,1332,4135,6011828611352064.0,30516039511552.0
5448,question_26_aime_Qwen3-4B_S16,16,1,1,1,1,0.0,0.22421559118826195,1038,2195,5528759106121728.0,28593186015744.0
5449,question_26_aime_Qwen3-4B_S8,8,1,1,1,1,0.0,0.2885200889399246,1766,9906,7428171751356928.0,40140905055744.0
5450,question_26_aime_Qwen3-4B_S8,8,1,1,1,1,0.0,0.14360594921840536,1551,1551,6748320259197952.0,36209411168768.0
5451,question_26_aime_Qwen3-4B_S8,8,1,1,1,1,0.0,0.22945089596345605,1450,2751,4902580933408768.0,27083282136576.0
5452,question_26_aime_Qwen3-4B_S4,4,1,1,1,1,0.0,0.13988934693648447,1157,1157,3608712219739136.0,21054445619712.0
5453,question_26_aime_Qwen3-4B_S4,4,1,1,1,1,0.0,0.22421559118826195,1038,1038,2883497941315072.0,16917077198336.0
5454,question_26_aime_Qwen3-4B_S4,4,1,1,1,1,0.0,0.2885200889399246,1766,3139,4817661425830400.0,27507628413440.0
5455,question_26_aime_Qwen3-4B_S2,2,1,1,1,1,0.0,0.3617374241385252,2692,4363,4672655184845824.0,27261828255744.0
5456,question_26_aime_Qwen3-4B_S2,2,1,1,1,1,0.0,0.09994145368277682,2890,6660,7177480527785472.0,40894516412416.0
5457,question_26_aime_Qwen3-4B_S2,2,1,1,1,1,0.0,0.27658438877050573,1332,1332,2613463490749952.0,15747308612096.0
5458,question_26_aime_Qwen3-4B_S1,1,1,1,1,1,0.0,0.3011278004895083,1490,1490,2013329397635584.0,12277302076928.0
5459,question_26_aime_Qwen3-4B_S1,1,1,1,1,1,0.0,0.2266252867335923,3627,3627,5164815693359616.0,30140715729408.0
5460,question_26_aime_Qwen3-4B_S1,1,1,1,1,1,0.0,0.16872579341045288,2393,2393,3263140377186816.0,19762719633920.0
5461,question_27_aime_Qwen3-4B_S64,64,1,1,1,1,0.0,0.5,689,2591,6471010437102592.0,26182315486208.0
5462,question_27_aime_Qwen3-4B_S64,64,1,1,1,1,0.0,0.5,878,2591,6471010437102592.0,26182315486208.0
5463,question_27_aime_Qwen3-4B_S64,64,1,1,1,1,0.0,0.5,878,2591,6471010437102592.0,26182315486208.0
5464,question_27_aime_Qwen3-4B_S32,32,1,1,1,1,0.0,0.5,878,878,4850985606045696.0,23106896692736.0
5465,question_27_aime_Qwen3-4B_S32,32,1,1,1,1,0.0,0.5,689,1567,4575218699608064.0,21843737723392.0
5466,question_27_aime_Qwen3-4B_S32,32,1,1,1,1,0.0,0.5,878,878,4955663355879424.0,23560313866240.0
5467,question_27_aime_Qwen3-4B_S16,16,1,1,1,1,0.0,0.5,1065,3919,5455388904689152.0,27874184214528.0
5468,question_27_aime_Qwen3-4B_S16,16,1,1,1,1,0.0,0.5,878,878,3519771129476608.0,18716647892992.0
5469,question_27_aime_Qwen3-4B_S16,16,1,1,1,1,0.0,0.5,2053,9218,6397601792706048.0,32469478692864.0
5470,question_27_aime_Qwen3-4B_S8,8,1,1,1,1,0.0,0.5,1922,4659,4986060122094592.0,27378291812352.0
5471,question_27_aime_Qwen3-4B_S8,8,1,1,1,1,0.0,0.5,689,1713,3057284182863360.0,17512057832448.0
5472,question_27_aime_Qwen3-4B_S8,8,1,1,1,1,0.0,0.5,1949,5448,5092394784802304.0,27586442428928.0
5473,question_27_aime_Qwen3-4B_S4,4,1,1,1,1,0.0,0.5,1752,1752,3773829331868672.0,21899958693376.0
5474,question_27_aime_Qwen3-4B_S4,4,1,1,1,1,0.0,0.5,1024,1024,2982672149444608.0,17745895140864.0
5475,question_27_aime_Qwen3-4B_S4,4,1,1,1,1,0.0,0.5,1065,4143,3629083166743552.0,21171676173824.0
5476,question_27_aime_Qwen3-4B_S2,2,1,1,1,1,0.0,0.5,1003,1003,2432868317761536.0,14491268861440.0
5477,question_27_aime_Qwen3-4B_S2,2,1,1,1,1,0.0,0.5,1469,1469,3294785949049856.0,19493559524864.0
5478,question_27_aime_Qwen3-4B_S2,2,1,1,1,1,0.0,0.5,2579,2579,5268431076931584.0,30064607283712.0
5479,question_27_aime_Qwen3-4B_S1,1,1,1,1,1,0.0,0.5,1335,1335,1818817337870336.0,11054027358208.0
5480,question_27_aime_Qwen3-4B_S1,1,1,1,1,1,0.0,0.5,1775,1775,2436592196581888.0,14686381839360.0
5481,question_27_aime_Qwen3-4B_S1,1,1,1,1,1,0.0,0.5,1639,1639,2201477040282112.0,13493327537664.0
5482,question_28_aime_Qwen3-4B_S64,64,1,1,1,1,0.0,0.5110914315814175,1080,8857,1.2354958272617984e+16,58768135393792.0
5483,question_28_aime_Qwen3-4B_S64,64,1,1,1,1,0.0,0.5110914315814175,1080,8857,1.2354958272617984e+16,58768135393792.0
5484,question_28_aime_Qwen3-4B_S64,64,1,1,1,1,0.0,0.5110914315814175,1080,8857,1.2354958272617984e+16,58768135393792.0
5485,question_28_aime_Qwen3-4B_S32,32,1,1,1,1,0.0,0.34508703131096646,966,4276,9929798907140096.0,53021649988096.0
5486,question_28_aime_Qwen3-4B_S32,32,1,1,1,1,0.0,0.5110914315814175,1080,5211,1.0241076424404992e+16,54792632510464.0
5487,question_28_aime_Qwen3-4B_S32,32,1,1,1,1,0.0,0.29826933138426365,1015,4270,7112508148243968.0,35726477786112.0
5488,question_28_aime_Qwen3-4B_S16,16,1,1,1,1,0.0,0.3146022039426942,1011,1796,4663910984827392.0,24574886181888.0
5489,question_28_aime_Qwen3-4B_S16,16,1,1,1,1,0.0,0.5110914315814175,1080,5811,6674531380091392.0,36756889228800.0
5490,question_28_aime_Qwen3-4B_S16,16,1,1,1,1,0.0,0.5110914315814175,1080,4680,5344174664396288.0,28703433026560.0
5491,question_28_aime_Qwen3-4B_S8,8,1,1,1,1,0.0,0.5110914315814175,1080,2689,3519750795865088.0,20010345483264.0
5492,question_28_aime_Qwen3-4B_S8,8,1,1,1,1,0.0,0.34508703131096646,966,1652,2688817969592320.0,14791641491456.0
5493,question_28_aime_Qwen3-4B_S8,8,1,1,1,1,0.0,0.4439633261859697,1214,2965,5527710878704640.0,31281325932032.0
5494,question_28_aime_Qwen3-4B_S4,4,1,1,1,1,0.0,0.34508703131096646,966,1698,2734236738198528.0,16029425103872.0
5495,question_28_aime_Qwen3-4B_S4,4,1,1,1,1,0.0,0.39654835308899344,861,2982,3682805929676288.0,21630705503744.0
5496,question_28_aime_Qwen3-4B_S4,4,1,1,1,1,0.0,0.1521319163245846,686,686,2316339648886272.0,13583988217344.0
5497,question_28_aime_Qwen3-4B_S2,2,1,1,1,1,0.0,0.39654835308899344,861,1729,1744624649114112.0,10352040596480.0
5498,question_28_aime_Qwen3-4B_S2,2,1,1,1,1,0.0,0.27552699196034997,789,1872,1858940984545792.0,11103493528576.0
5499,question_28_aime_Qwen3-4B_S2,2,1,1,1,1,0.0,0.3434738943782501,1116,1116,2258151618320896.0,13438264109056.0
5500,question_28_aime_Qwen3-4B_S1,1,1,1,1,1,0.0,0.025139266016982888,3819,3819,5143909836102144.0,31718113492480.0
5501,question_28_aime_Qwen3-4B_S1,1,1,1,1,1,0.0,0.2953050421159425,1180,1180,1631805453229056.0,9788103945728.0
5502,question_28_aime_Qwen3-4B_S1,1,1,1,1,1,0.0,0.49736582317259864,1977,1977,2655187968184832.0,16291639607808.0
5503,question_29_aime_Qwen3-4B_S64,64,1,1,1,1,0.0,0.40370112619962223,376,756,1911615899015168.0,8101480906240.0
5504,question_29_aime_Qwen3-4B_S64,64,1,1,1,1,0.0,0.40370112619962223,376,756,1911615899015168.0,8101480906240.0
5505,question_29_aime_Qwen3-4B_S64,64,1,1,1,1,0.0,0.40370112619962223,376,756,1911615899015168.0,8101480906240.0
5506,question_29_aime_Qwen3-4B_S32,32,1,1,1,1,0.0,0.40370112619962223,376,756,1365279826178048.0,6705504885760.0
5507,question_29_aime_Qwen3-4B_S32,32,1,1,1,1,0.0,0.2759698696839226,380,380,1815926580830720.0,8750620682752.0
5508,question_29_aime_Qwen3-4B_S32,32,1,1,1,1,0.0,0.4700560582320778,425,2784,2613169066222592.0,12445922577408.0
5509,question_29_aime_Qwen3-4B_S16,16,1,1,1,1,0.0,0.5317773152365819,617,2039,2013282815288832.0,10597024652800.0
5510,question_29_aime_Qwen3-4B_S16,16,1,1,1,1,0.0,0.2759698696839226,380,380,1395570934275072.0,7450352730624.0
5511,question_29_aime_Qwen3-4B_S16,16,1,1,1,1,0.0,0.40370112619962223,376,376,1227824309580288.0,6845740575744.0
5512,question_29_aime_Qwen3-4B_S8,8,1,1,1,1,0.0,0.2759698696839226,380,380,1141579772534784.0,6601203220992.0
5513,question_29_aime_Qwen3-4B_S8,8,1,1,1,1,0.0,0.40370112619962223,376,376,931496298658816.0,5453340182528.0
5514,question_29_aime_Qwen3-4B_S8,8,1,1,1,1,0.0,0.18678783021895073,486,1594,2009471803914240.0,11368236400128.0
5515,question_29_aime_Qwen3-4B_S4,4,1,1,1,1,0.0,0.4700560582320778,425,1006,1329851989544448.0,7913031318528.0
5516,question_29_aime_Qwen3-4B_S4,4,1,1,1,1,0.0,0.542476159837487,420,1384,1419119462501376.0,8402485001216.0
5517,question_29_aime_Qwen3-4B_S4,4,1,1,1,1,0.0,0.41684480383033334,441,441,1199792234248192.0,7178298234880.0
5518,question_29_aime_Qwen3-4B_S2,2,1,1,1,1,0.0,0.46924895594678634,659,1355,1345205836382208.0,8107749024256.0
5519,question_29_aime_Qwen3-4B_S2,2,1,1,1,1,0.0,0.3454102396098081,573,1060,1053643972710400.0,6377969521152.0
5520,question_29_aime_Qwen3-4B_S2,2,1,1,1,1,0.0,0.4538690700683946,581,581,1128390516452352.0,6910720108032.0
5521,question_29_aime_Qwen3-4B_S1,1,1,1,1,1,0.0,0.465910399839973,741,741,999901819331584.0,6115406962176.0
5522,question_29_aime_Qwen3-4B_S1,1,1,1,1,1,0.0,0.43552516934173513,875,875,1189768663827456.0,7228059187200.0
5523,question_29_aime_Qwen3-4B_S1,1,1,1,1,1,0.0,0.5252568149121836,856,856,1144508011557888.0,7048919587328.0
5524,question_3_aime_Qwen3-4B_S64,64,1,1,1,1,1.0,0.38833065356998725,754,754,6343499724093440.0,23296467045376.0
5525,question_3_aime_Qwen3-4B_S64,64,1,1,1,1,1.0,0.22706340620379903,808,808,6343499724093440.0,23296467045376.0
5526,question_3_aime_Qwen3-4B_S64,64,1,1,1,1,1.0,0.38833065356998725,754,754,6343499724093440.0,23296467045376.0
5527,question_3_aime_Qwen3-4B_S32,32,1,1,1,1,1.0,0.5591923343075041,749,749,5654620831246336.0,23903538707456.0
5528,question_3_aime_Qwen3-4B_S32,32,1,1,1,1,1.0,0.13953067682209902,881,881,4581539079026688.0,19704285865984.0
5529,question_3_aime_Qwen3-4B_S32,32,1,1,1,1,1.0,0.22706340620379903,808,808,4572162076678656.0,19916981469184.0
5530,question_3_aime_Qwen3-4B_S16,16,1,1,1,1,1.0,0.13953067682209902,881,881,3286178925961728.0,16418247494656.0
5531,question_3_aime_Qwen3-4B_S16,16,1,1,1,1,1.0,0.1535764440391803,786,786,4077671330566656.0,19774023923712.0
5532,question_3_aime_Qwen3-4B_S16,16,1,1,1,1,1.0,0.13953067682209902,881,881,3500792048590336.0,18040688340992.0
5533,question_3_aime_Qwen3-4B_S8,8,1,1,1,1,1.0,0.13953067682209902,881,881,2680162563301376.0,14815879746560.0
5534,question_3_aime_Qwen3-4B_S8,8,1,1,1,1,1.0,0.5968459236120143,690,1884,3636850360994304.0,19532841892864.0
5535,question_3_aime_Qwen3-4B_S8,8,1,1,1,1,1.0,0.3950889567062349,617,617,2584680800936448.0,14341751411712.0
5536,question_3_aime_Qwen3-4B_S4,4,1,1,1,1,1.0,0.855814699573256,1015,1015,2775595488659968.0,15843399385088.0
5537,question_3_aime_Qwen3-4B_S4,4,1,1,1,1,1.0,0.15429105514268376,758,758,2696148336611328.0,15305668057600.0
5538,question_3_aime_Qwen3-4B_S4,4,1,1,1,1,1.0,0.7944323107037201,814,814,2047104021626368.0,11733208934400.0
5539,question_3_aime_Qwen3-4B_S2,2,1,1,1,1,1.0,0.47236941530127735,810,810,1546317729061888.0,9135755304960.0
5540,question_3_aime_Qwen3-4B_S2,2,1,1,1,1,1.0,0.13953067682209902,881,881,1630650874702848.0,9814536205824.0
5541,question_3_aime_Qwen3-4B_S2,2,1,1,1,1,1.0,0.8812216233983263,952,952,1806073699243008.0,10691990195200.0
5542,question_3_aime_Qwen3-4B_S1,1,1,1,1,1,1.0,0.5038390876633184,876,876,1205054097716224.0,7266783995904.0
5543,question_3_aime_Qwen3-4B_S1,1,1,1,1,1,1.0,0.22706340620379903,808,808,1082551198796800.0,6655478196736.0
5544,question_3_aime_Qwen3-4B_S1,1,1,1,1,1,1.0,0.616899615235556,760,760,1041646380919808.0,6314562239488.0
5545,question_30_aime_Qwen3-4B_S64,64,1,1,1,1,0.0,0.9528565789835096,434,8304,4472574721808896.0,17841455037440.0
5546,question_30_aime_Qwen3-4B_S64,64,1,1,1,1,0.0,0.9528565789835096,434,8304,4472574721808896.0,17841455037440.0
5547,question_30_aime_Qwen3-4B_S64,64,1,1,1,1,0.0,0.9528565789835096,434,8304,4472574721808896.0,17841455037440.0
5548,question_30_aime_Qwen3-4B_S32,32,1,1,1,1,0.0,0.924295996591247,522,5754,3112041967592448.0,14583615587328.0
5549,question_30_aime_Qwen3-4B_S32,32,1,1,1,1,0.0,0.8841033756227575,430,3184,2970964848446976.0,13705207394304.0
5550,question_30_aime_Qwen3-4B_S32,32,1,1,1,1,0.0,0.8841033756227575,430,2626,3276707814791680.0,15630200474624.0
5551,question_30_aime_Qwen3-4B_S16,16,1,1,1,1,0.0,0.9528565789835096,434,2375,1959885380772352.0,9842803826176.0
5552,question_30_aime_Qwen3-4B_S16,16,1,1,1,1,0.0,0.9528565789835096,434,2019,2019346152228352.0,10312960922624.0
5553,question_30_aime_Qwen3-4B_S16,16,1,1,1,1,0.0,0.924295996591247,522,2631,2347625935915520.0,12043364420096.0
5554,question_30_aime_Qwen3-4B_S8,8,1,1,1,1,0.0,0.9126591361469633,450,1925,1654840937420800.0,9182368641024.0
5555,question_30_aime_Qwen3-4B_S8,8,1,1,1,1,0.0,0.9330261183984345,481,2088,1924623591260160.0,10707308093952.0
5556,question_30_aime_Qwen3-4B_S8,8,1,1,1,1,0.0,0.9346534371540051,442,2165,1829569504881152.0,10399716061696.0
5557,question_30_aime_Qwen3-4B_S4,4,1,1,1,1,0.0,0.938004041295921,510,1069,2013795824037888.0,11865881198592.0
5558,question_30_aime_Qwen3-4B_S4,4,1,1,1,1,0.0,0.9032341464941644,563,563,1448700595885056.0,8536410038272.0
5559,question_30_aime_Qwen3-4B_S4,4,1,1,1,1,0.0,0.9330261183984345,481,929,1105105643857920.0,6364985854464.0
5560,question_30_aime_Qwen3-4B_S2,2,1,1,1,1,0.0,0.9330261183984345,481,1033,985389542777344.0,5916416180224.0
5561,question_30_aime_Qwen3-4B_S2,2,1,1,1,1,0.0,0.9351206479546261,504,1013,962286335587840.0,5760092942336.0
5562,question_30_aime_Qwen3-4B_S2,2,1,1,1,1,0.0,0.9346534371540051,442,442,900428231670784.0,5458139637760.0
5563,question_30_aime_Qwen3-4B_S1,1,1,1,1,1,0.0,0.8440100069191082,464,464,629808251256320.0,3862296010240.0
5564,question_30_aime_Qwen3-4B_S1,1,1,1,1,1,0.0,0.9266180134603793,563,563,769891457284096.0,4689589865472.0
5565,question_30_aime_Qwen3-4B_S1,1,1,1,1,1,0.0,0.31037289544378727,530,530,715313933750272.0,4394389745664.0
5566,question_31_aime_Qwen3-4B_S64,64,1,1,1,1,0.0,0.6639958533410356,1402,29959,1.6514430617560576e+16,68836055364096.0
5567,question_31_aime_Qwen3-4B_S64,64,1,1,1,1,0.0,0.6639958533410356,1402,29959,1.6514430617560576e+16,68836055364096.0
5568,question_31_aime_Qwen3-4B_S64,64,1,1,1,1,0.0,0.6639958533410356,1402,29959,1.6514430617560576e+16,68836055364096.0
5569,question_31_aime_Qwen3-4B_S32,32,1,1,1,1,0.0,0.5774922093074641,1622,14451,1.1818789157186048e+16,56934358484480.0
5570,question_31_aime_Qwen3-4B_S32,32,1,1,1,1,0.0,0.6235544679620305,1689,14920,1.2867865114464256e+16,61656018223616.0
5571,question_31_aime_Qwen3-4B_S32,32,1,1,1,1,0.0,0.6639958533410356,1402,15380,1.1317765800644608e+16,54338927824896.0
5572,question_31_aime_Qwen3-4B_S16,16,1,1,1,1,0.0,0.6639958533410356,1402,14593,8044234678764544.0,42709285750272.0
5573,question_31_aime_Qwen3-4B_S16,16,1,1,1,1,0.0,0.5010750724199172,1271,4122,7900162491494912.0,41308967370752.0
5574,question_31_aime_Qwen3-4B_S16,16,1,1,1,1,0.0,0.6450660617327889,1458,11516,9070068135347200.0,48863722609152.0
5575,question_31_aime_Qwen3-4B_S8,8,1,1,1,1,0.0,0.4700121500519395,1480,4498,6396475554652160.0,36423117848576.0
5576,question_31_aime_Qwen3-4B_S8,8,1,1,1,1,0.0,0.5705624961234883,1517,9004,6491372794200064.0,36617061903872.0
5577,question_31_aime_Qwen3-4B_S8,8,1,1,1,1,0.0,0.6450660617327889,1458,4040,5765399436540416.0,32474938148864.0
5578,question_31_aime_Qwen3-4B_S4,4,1,1,1,1,0.0,0.5774922093074641,1622,4760,4624141284004864.0,27196401456128.0
5579,question_31_aime_Qwen3-4B_S4,4,1,1,1,1,0.0,0.5512620485281312,1341,2881,4291600462061568.0,25297168427008.0
5580,question_31_aime_Qwen3-4B_S4,4,1,1,1,1,0.0,0.5476818507316346,1315,2504,4664874120242688.0,27285713970688.0
5581,question_31_aime_Qwen3-4B_S2,2,1,1,1,1,0.0,0.5705624961234883,1517,2828,2927212090782208.0,17774439019008.0
5582,question_31_aime_Qwen3-4B_S2,2,1,1,1,1,0.0,0.609312278549705,1465,1465,3004134888580096.0,17782279254016.0
5583,question_31_aime_Qwen3-4B_S2,2,1,1,1,1,0.0,0.6109362821398278,1383,3025,3033841037748736.0,18225945612288.0
5584,question_31_aime_Qwen3-4B_S1,1,1,1,1,1,0.0,0.09500768097761432,3822,3822,6472188596405760.0,32240200887808.0
5585,question_31_aime_Qwen3-4B_S1,1,1,1,1,1,0.0,0.6450660617327889,1458,1458,1951989701424640.0,12000292692480.0
5586,question_31_aime_Qwen3-4B_S1,1,1,1,1,1,0.0,0.5406651560046686,1816,1816,2533722914753536.0,15045675440128.0
5587,question_32_aime_Qwen3-4B_S64,64,1,1,1,1,1.0,0.45249525077066965,944,1733,7376636601332224.0,28089914396160.0
5588,question_32_aime_Qwen3-4B_S64,64,1,1,1,1,1.0,0.45249525077066965,944,944,7376636601332224.0,28089914396160.0
5589,question_32_aime_Qwen3-4B_S64,64,1,1,1,1,1.0,0.71781709111751,878,878,7376636601332224.0,28089914396160.0
5590,question_32_aime_Qwen3-4B_S32,32,1,1,1,1,1.0,0.7508752571821818,1091,1091,6246747263304192.0,27206584084480.0
5591,question_32_aime_Qwen3-4B_S32,32,1,1,1,1,1.0,0.702253192334451,1150,2892,6003018741779456.0,27228346689536.0
5592,question_32_aime_Qwen3-4B_S32,32,1,1,1,1,1.0,0.6353087024145789,953,2838,6275447268440064.0,27763096724992.0
5593,question_32_aime_Qwen3-4B_S16,16,1,1,1,1,1.0,0.6688664781687842,854,854,4534234242553344.0,21893907159552.0
5594,question_32_aime_Qwen3-4B_S16,16,1,1,1,1,1.0,0.7852300051376705,1136,2089,4953434352403456.0,25172989847552.0
5595,question_32_aime_Qwen3-4B_S16,16,1,1,1,1,1.0,0.4997467920400592,1042,1042,5293770105989120.0,25389045159424.0
5596,question_32_aime_Qwen3-4B_S8,8,1,1,1,1,1.0,0.6559285884317967,971,971,3995469708685824.0,21553780779008.0
5597,question_32_aime_Qwen3-4B_S8,8,1,1,1,1,1.0,0.6292010902183574,1161,1161,3723248264023552.0,19864209011200.0
5598,question_32_aime_Qwen3-4B_S8,8,1,1,1,1,1.0,0.630667274648597,955,955,3879846210642432.0,21381559843840.0
5599,question_32_aime_Qwen3-4B_S4,4,1,1,1,1,1.0,0.6688664781687842,854,854,2682117426042880.0,15578378651648.0
5600,question_32_aime_Qwen3-4B_S4,4,1,1,1,1,1.0,0.4997467920400592,1042,1042,3159260719575040.0,18094914699776.0
5601,question_32_aime_Qwen3-4B_S4,4,1,1,1,1,1.0,0.45249525077066965,944,944,2319953504578560.0,13698742925824.0
5602,question_32_aime_Qwen3-4B_S2,2,1,1,1,1,1.0,0.7217574269069589,998,998,2231654069417984.0,13219865034240.0
5603,question_32_aime_Qwen3-4B_S2,2,1,1,1,1,1.0,0.5906467634800123,1176,1176,2425590429628928.0,14480197224448.0
5604,question_32_aime_Qwen3-4B_S2,2,1,1,1,1,1.0,0.7459735130821137,1200,1200,2442117483635200.0,14481597504000.0
5605,question_32_aime_Qwen3-4B_S1,1,1,1,1,1,1.0,0.6112598923762379,1020,1020,1375264370442752.0,8407984430592.0
5606,question_32_aime_Qwen3-4B_S1,1,1,1,1,1,1.0,0.7553589209050234,1294,1294,1771797311094272.0,10690069031424.0
5607,question_32_aime_Qwen3-4B_S1,1,1,1,1,1,1.0,0.7468584434250864,1300,1300,1794344577284096.0,10757607142400.0
5608,question_33_aime_Qwen3-4B_S64,64,1,1,1,1,1.0,0.9176827528228373,1197,8702,1.0526319708531712e+16,36922754302976.0
5609,question_33_aime_Qwen3-4B_S64,64,1,1,1,1,1.0,0.6704624079259863,1150,8487,1.0526319708531712e+16,36922754302976.0
5610,question_33_aime_Qwen3-4B_S64,64,1,1,1,1,1.0,0.9176827528228373,1197,5587,1.0526319708531712e+16,36922754302976.0
5611,question_33_aime_Qwen3-4B_S32,32,1,1,1,1,0.0,0.9176827528228373,1197,8756,7193145213457920.0,30850994793984.0
5612,question_33_aime_Qwen3-4B_S32,32,1,1,1,1,1.0,0.8136614206465411,1153,3102,7294748783973376.0,31223650905088.0
5613,question_33_aime_Qwen3-4B_S32,32,1,1,1,1,1.0,0.6003375145683677,1129,4174,7202247451374592.0,30820439298560.0
5614,question_33_aime_Qwen3-4B_S16,16,1,1,1,1,1.0,0.8566608604533413,1194,3293,5195236647814656.0,25483408005632.0
5615,question_33_aime_Qwen3-4B_S16,16,1,1,1,1,0.0,0.6665440424395037,1161,7467,5208324790325760.0,25762925063168.0
5616,question_33_aime_Qwen3-4B_S16,16,1,1,1,1,1.0,0.6704624079259863,1150,4458,5623003340917248.0,28001325766144.0
5617,question_33_aime_Qwen3-4B_S8,8,1,1,1,1,0.0,0.5559453789341896,1131,4279,3707629367165440.0,20153360496128.0
5618,question_33_aime_Qwen3-4B_S8,8,1,1,1,1,0.0,0.9176827528228373,1197,4501,4122120158081536.0,22522588591104.0
5619,question_33_aime_Qwen3-4B_S8,8,1,1,1,1,1.0,0.4937864015675082,1265,1265,4543524282063360.0,24151541874688.0
5620,question_33_aime_Qwen3-4B_S4,4,1,1,1,1,1.0,0.3384466694683356,1341,1341,3340205741530112.0,19009570710016.0
5621,question_33_aime_Qwen3-4B_S4,4,1,1,1,1,0.0,0.4265750433976007,1164,2373,3288438200776704.0,18721747817472.0
5622,question_33_aime_Qwen3-4B_S4,4,1,1,1,1,1.0,0.5333879734533638,1291,1291,3246651943838208.0,18472499298816.0
5623,question_33_aime_Qwen3-4B_S2,2,1,1,1,1,0.0,0.4265750433976007,1164,2373,2355277722443776.0,14008582688768.0
5624,question_33_aime_Qwen3-4B_S2,2,1,1,1,1,0.0,0.5559453789341896,1131,1131,2271716513064448.0,13609290846720.0
5625,question_33_aime_Qwen3-4B_S2,2,1,1,1,1,0.0,0.3746275519599669,1209,1209,2558071461483008.0,15212146722304.0
5626,question_33_aime_Qwen3-4B_S1,1,1,1,1,1,0.0,0.7640018984562496,1337,1337,1817465499012096.0,11055068515328.0
5627,question_33_aime_Qwen3-4B_S1,1,1,1,1,1,1.0,0.6352240850207921,1394,1394,1904525944857088.0,11535779323904.0
5628,question_33_aime_Qwen3-4B_S1,1,1,1,1,1,0.0,0.2891774896020252,1500,1500,2066506183551488.0,12428016666112.0
5629,question_34_aime_Qwen3-4B_S64,64,1,1,1,1,0.0,0.4073123630150342,742,1644,3884248245440512.0,17481631627264.0
5630,question_34_aime_Qwen3-4B_S64,64,1,1,1,1,0.0,0.4073123630150342,742,1644,3884248245440512.0,17481631627264.0
5631,question_34_aime_Qwen3-4B_S64,64,1,1,1,1,0.0,0.4073123630150342,742,1644,3884248245440512.0,17481631627264.0
5632,question_34_aime_Qwen3-4B_S32,32,1,1,1,1,0.0,0.4073123630150342,742,1644,2957048564289536.0,15254186617344.0
5633,question_34_aime_Qwen3-4B_S32,32,1,1,1,1,0.0,0.4073123630150342,742,1762,3576352323488256.0,17731821855232.0
5634,question_34_aime_Qwen3-4B_S32,32,1,1,1,1,0.0,0.4073123630150342,742,1762,3317259637746176.0,16240112270336.0
5635,question_34_aime_Qwen3-4B_S16,16,1,1,1,1,0.0,0.4073123630150342,742,1644,2457385635433984.0,13873200229888.0
5636,question_34_aime_Qwen3-4B_S16,16,1,1,1,1,0.0,0.4118154471481504,1002,3499,3713309971817984.0,19130803495424.0
5637,question_34_aime_Qwen3-4B_S16,16,1,1,1,1,0.0,0.3948920134138518,1020,1793,3137887707823104.0,16623474064384.0
5638,question_34_aime_Qwen3-4B_S8,8,1,1,1,1,0.0,0.6143753361676293,943,4422,4307518621759488.0,23687152140800.0
5639,question_34_aime_Qwen3-4B_S8,8,1,1,1,1,0.0,0.35541071130913854,685,2272,2877960171432448.0,16345300894208.0
5640,question_34_aime_Qwen3-4B_S8,8,1,1,1,1,0.0,0.35541071130913854,685,685,3190647805796352.0,17821703243264.0
5641,question_34_aime_Qwen3-4B_S4,4,1,1,1,1,0.0,0.31029849644372637,485,485,1752472957464576.0,10307015597056.0
5642,question_34_aime_Qwen3-4B_S4,4,1,1,1,1,0.0,0.15451172370914654,1020,4080,3742952831791616.0,21504789088768.0
5643,question_34_aime_Qwen3-4B_S4,4,1,1,1,1,0.0,0.5311282698255946,1427,3973,3192148758280704.0,18585347208192.0
5644,question_34_aime_Qwen3-4B_S2,2,1,1,1,1,0.0,0.40347741851209373,1268,2365,2209874311825408.0,13182237220352.0
5645,question_34_aime_Qwen3-4B_S2,2,1,1,1,1,0.0,0.4181322522790415,1815,1815,3737058936872960.0,22263600071168.0
5646,question_34_aime_Qwen3-4B_S2,2,1,1,1,1,0.0,0.5311282698255946,1427,2560,2348060637477376.0,14134015188480.0
5647,question_34_aime_Qwen3-4B_S1,1,1,1,1,1,0.0,0.35541071130913854,685,685,917742274928640.0,5655587561472.0
5648,question_34_aime_Qwen3-4B_S1,1,1,1,1,1,0.0,0.2825508299784878,1356,1356,1845529870137344.0,11188497166848.0
5649,question_34_aime_Qwen3-4B_S1,1,1,1,1,1,0.0,0.39489982554388814,1780,1780,2430754627027456.0,14699916596224.0
5650,question_35_aime_Qwen3-4B_S64,64,1,1,1,1,1.0,0.8450465400755309,1116,1116,5177358667850240.0,24029338423296.0
5651,question_35_aime_Qwen3-4B_S64,64,1,1,1,1,1.0,0.763961681203,1036,1036,5177358667850240.0,24029338423296.0
5652,question_35_aime_Qwen3-4B_S64,64,1,1,1,1,1.0,0.2355579777734682,1024,1024,5177358667850240.0,24029338423296.0
5653,question_35_aime_Qwen3-4B_S32,32,1,1,1,1,1.0,0.8450465400755309,1116,1116,4095631120460288.0,21587102025216.0
5654,question_35_aime_Qwen3-4B_S32,32,1,1,1,1,1.0,0.364238342616303,934,934,3986150123912704.0,20765107852800.0
5655,question_35_aime_Qwen3-4B_S32,32,1,1,1,1,1.0,0.763961681203,1036,1626,4139499168909824.0,21507834841088.0
5656,question_35_aime_Qwen3-4B_S16,16,1,1,1,1,1.0,0.6897989779289029,1016,1016,3962153500962816.0,22103095302144.0
5657,question_35_aime_Qwen3-4B_S16,16,1,1,1,1,1.0,0.6520665728969549,590,1524,2296554498121728.0,12489394690048.0
5658,question_35_aime_Qwen3-4B_S16,16,1,1,1,1,1.0,0.3778275814179487,1218,1218,3021592445597184.0,17218246939136.0
5659,question_35_aime_Qwen3-4B_S8,8,1,1,1,1,1.0,0.8450465400755309,1116,1706,2318057334040576.0,13737010796544.0
5660,question_35_aime_Qwen3-4B_S8,8,1,1,1,1,1.0,0.4175327801782947,1003,3772,4330300266447872.0,24353942708224.0
5661,question_35_aime_Qwen3-4B_S8,8,1,1,1,1,1.0,0.364238342616303,934,934,2531121041204224.0,14826399501824.0
5662,question_35_aime_Qwen3-4B_S4,4,1,1,1,1,1.0,0.364238342616303,934,934,2292319407768064.0,13818890848256.0
5663,question_35_aime_Qwen3-4B_S4,4,1,1,1,1,1.0,0.4011551865624613,1140,1140,2652692060831744.0,15921928089600.0
5664,question_35_aime_Qwen3-4B_S4,4,1,1,1,1,1.0,0.7201048131879351,1439,2401,2818168735623680.0,16890388991488.0
5665,question_35_aime_Qwen3-4B_S2,2,1,1,1,1,1.0,0.5734275080688029,1119,1119,2769267502906880.0,16938973314560.0
5666,question_35_aime_Qwen3-4B_S2,2,1,1,1,1,0.0,0.03529134349112309,809,809,1411714686087168.0,8647473965056.0
5667,question_35_aime_Qwen3-4B_S2,2,1,1,1,1,1.0,0.5734275080688029,1119,1119,1992845987627520.0,12159176868352.0
5668,question_35_aime_Qwen3-4B_S1,1,1,1,1,1,1.0,0.8599605547704147,1148,1148,1573385543308800.0,9501033358848.0
5669,question_35_aime_Qwen3-4B_S1,1,1,1,1,1,0.0,0.08680896127311546,3881,3881,5946836895932416.0,32541117593088.0
5670,question_35_aime_Qwen3-4B_S1,1,1,1,1,1,1.0,0.3240913401066565,1864,1864,2467211629713408.0,15299749387776.0
5671,question_36_aime_Qwen3-4B_S64,64,1,1,1,1,0.0,0.7466531816268874,955,3212,8227810885497856.0,31320023279616.0
5672,question_36_aime_Qwen3-4B_S64,64,1,1,1,1,0.0,0.7466531816268874,955,3212,8227810885497856.0,31320023279616.0
5673,question_36_aime_Qwen3-4B_S64,64,1,1,1,1,0.0,0.7466531816268874,955,3212,8227810885497856.0,31320023279616.0
5674,question_36_aime_Qwen3-4B_S32,32,1,1,1,1,0.0,0.7466531816268874,955,3109,5732973620114944.0,24949394343424.0
5675,question_36_aime_Qwen3-4B_S32,32,1,1,1,1,0.0,0.7466531816268874,955,3212,5345492184481280.0,23414626396160.0
5676,question_36_aime_Qwen3-4B_S32,32,1,1,1,1,0.0,0.18055658775928726,938,1523,5172748636940288.0,22734910055936.0
5677,question_36_aime_Qwen3-4B_S16,16,1,1,1,1,0.0,0.03508985535181907,585,585,3990719068447744.0,19738296326656.0
5678,question_36_aime_Qwen3-4B_S16,16,1,1,1,1,0.0,0.7466531816268874,955,2581,4519722761031680.0,22041543394816.0
5679,question_36_aime_Qwen3-4B_S16,16,1,1,1,1,0.0,0.7466531816268874,955,3496,4604758693614080.0,22663846798336.0
5680,question_36_aime_Qwen3-4B_S8,8,1,1,1,1,0.0,0.18055658775928726,938,938,3194076969187840.0,17729990051328.0
5681,question_36_aime_Qwen3-4B_S8,8,1,1,1,1,0.0,0.7466531816268874,955,1689,3667652062764032.0,20060807386624.0
5682,question_36_aime_Qwen3-4B_S8,8,1,1,1,1,0.0,0.16819146317454672,1051,2722,4250758645453312.0,22465673137152.0
5683,question_36_aime_Qwen3-4B_S4,4,1,1,1,1,0.0,0.18055658775928726,938,938,2438600233889792.0,14347090973696.0
5684,question_36_aime_Qwen3-4B_S4,4,1,1,1,1,0.0,0.7466531816268874,955,955,2661382119548928.0,15414608742912.0
5685,question_36_aime_Qwen3-4B_S4,4,1,1,1,1,0.0,0.23750833326018392,835,835,2481417265380864.0,14038087776768.0
5686,question_36_aime_Qwen3-4B_S2,2,1,1,1,1,0.0,0.24881132168690942,1275,1275,2872578234497024.0,16772024221696.0
5687,question_36_aime_Qwen3-4B_S2,2,1,1,1,1,0.0,0.3039280369284084,1116,2121,2209287777123328.0,13149448072192.0
5688,question_36_aime_Qwen3-4B_S2,2,1,1,1,1,0.0,0.2607144497504153,1125,1125,2526271377315328.0,14906688623616.0
5689,question_36_aime_Qwen3-4B_S1,1,1,1,1,1,0.0,0.5,3851,3851,5816728350072320.0,32291181309952.0
5690,question_36_aime_Qwen3-4B_S1,1,1,1,1,1,0.0,0.19872540304194522,2628,2628,3774024853850112.0,21886159645184.0
5691,question_36_aime_Qwen3-4B_S1,1,1,1,1,1,0.0,0.546400447976446,1187,1187,1631281457660928.0,9827810676224.0
5692,question_37_aime_Qwen3-4B_S64,64,1,1,1,1,0.0,0.7567005824363608,1864,2880,1.0070250542882304e+16,32623171446272.0
5693,question_37_aime_Qwen3-4B_S64,64,1,1,1,1,0.0,0.7567005824363608,1864,2880,1.0070250542882304e+16,32623171446272.0
5694,question_37_aime_Qwen3-4B_S64,64,1,1,1,1,0.0,0.7567005824363608,1864,2880,1.0070250542882304e+16,32623171446272.0
5695,question_37_aime_Qwen3-4B_S32,32,1,1,1,1,0.0,0.7567005824363608,1864,1864,9270458391377920.0,37116963444224.0
5696,question_37_aime_Qwen3-4B_S32,32,1,1,1,1,0.0,0.5801857982913894,1016,1016,6653525074316800.0,26742255537664.0
5697,question_37_aime_Qwen3-4B_S32,32,1,1,1,1,1.0,0.9035860122889015,1392,9505,1.3264779697325056e+16,49470331441664.0
5698,question_37_aime_Qwen3-4B_S16,16,1,1,1,1,0.0,0.7567005824363608,1864,1864,6948948833050112.0,33290988539392.0
5699,question_37_aime_Qwen3-4B_S16,16,1,1,1,1,1.0,0.9024954031287615,1484,1484,8485714088892928.0,38691163383296.0
5700,question_37_aime_Qwen3-4B_S16,16,1,1,1,1,0.0,0.5801857982913894,1016,1016,4713258397365760.0,22376365590016.0
5701,question_37_aime_Qwen3-4B_S8,8,1,1,1,1,1.0,0.8086749419187362,1480,1480,6076227490433024.0,31539820088320.0
5702,question_37_aime_Qwen3-4B_S8,8,1,1,1,1,0.0,0.8066063826565345,1576,3035,6282264005511168.0,32452714607616.0
5703,question_37_aime_Qwen3-4B_S8,8,1,1,1,1,0.0,0.5801857982913894,1016,1016,3516761035075072.0,18678948454912.0
5704,question_37_aime_Qwen3-4B_S4,4,1,1,1,1,1.0,0.7947584417257497,2139,2139,5791894288060416.0,32085141344256.0
5705,question_37_aime_Qwen3-4B_S4,4,1,1,1,1,0.0,0.7506534675160255,1459,1459,4791717642957312.0,26593294901760.0
5706,question_37_aime_Qwen3-4B_S4,4,1,1,1,1,0.0,0.5801857982913894,1016,1016,2834342472176640.0,16240635951104.0
5707,question_37_aime_Qwen3-4B_S2,2,1,1,1,1,1.0,0.844345156898948,2031,3840,4166534351305216.0,24244071220736.0
5708,question_37_aime_Qwen3-4B_S2,2,1,1,1,1,1.0,0.844345156898948,2031,2031,3864702797101056.0,22303336882176.0
5709,question_37_aime_Qwen3-4B_S2,2,1,1,1,1,1.0,0.844345156898948,2031,4514,4899854440542720.0,28054813145600.0
5710,question_37_aime_Qwen3-4B_S1,1,1,1,1,1,0.0,0.5080654776923995,2483,2483,3526163920505856.0,20641535194112.0
5711,question_37_aime_Qwen3-4B_S1,1,1,1,1,1,0.0,0.18770084778699708,3510,3510,5028066693192704.0,29216308292608.0
5712,question_37_aime_Qwen3-4B_S1,1,1,1,1,1,0.0,0.7495761990509963,1849,1849,2583958294075392.0,15336760798208.0
5713,question_38_aime_Qwen3-4B_S64,64,1,1,1,1,0.0,0.3477047231966316,1022,3317,7386084213103104.0,29750219958272.0
5714,question_38_aime_Qwen3-4B_S64,64,1,1,1,1,0.0,0.3477047231966316,1022,3317,7386084213103104.0,29750219958272.0
5715,question_38_aime_Qwen3-4B_S64,64,1,1,1,1,0.0,0.3477047231966316,1022,3317,7386084213103104.0,29750219958272.0
5716,question_38_aime_Qwen3-4B_S32,32,1,1,1,1,0.0,0.3477047231966316,1022,2004,5396788467360256.0,25669933574656.0
5717,question_38_aime_Qwen3-4B_S32,32,1,1,1,1,0.0,0.3477047231966316,1022,3317,5440640079854592.0,25925761370624.0
5718,question_38_aime_Qwen3-4B_S32,32,1,1,1,1,1.0,0.5745968104956627,1334,1334,7004443605837824.0,32230263666688.0
5719,question_38_aime_Qwen3-4B_S16,16,1,1,1,1,0.0,0.3202560080270366,1313,1313,4145320121228288.0,22275993644544.0
5720,question_38_aime_Qwen3-4B_S16,16,1,1,1,1,0.0,0.3202560080270366,1313,1313,4370663347843584.0,23632605029888.0
5721,question_38_aime_Qwen3-4B_S16,16,1,1,1,1,1.0,0.8159178300167423,1446,9214,5247520123262464.0,26389311931904.0
5722,question_38_aime_Qwen3-4B_S8,8,1,1,1,1,0.0,0.2799453821620626,1021,1021,3798782444082688.0,21290089834496.0
5723,question_38_aime_Qwen3-4B_S8,8,1,1,1,1,0.0,0.3477047231966316,1022,1022,3339216615843840.0,19104666701312.0
5724,question_38_aime_Qwen3-4B_S8,8,1,1,1,1,0.0,0.3273037829976749,1625,2528,4489716040817152.0,24513333723648.0
5725,question_38_aime_Qwen3-4B_S4,4,1,1,1,1,0.0,0.4242808882840113,1373,2689,3542281321782784.0,20708020590592.0
5726,question_38_aime_Qwen3-4B_S4,4,1,1,1,1,1.0,0.5745968104956627,1334,1334,2995819775467008.0,17626121883648.0
5727,question_38_aime_Qwen3-4B_S4,4,1,1,1,1,0.0,0.4080237882926826,1297,1297,4459559385196032.0,25784609771008.0
5728,question_38_aime_Qwen3-4B_S2,2,1,1,1,1,0.0,0.4468772618821034,1155,1155,2157205658021376.0,13084749656064.0
5729,question_38_aime_Qwen3-4B_S2,2,1,1,1,1,1.0,0.45823754152604596,1852,3081,2804534562256896.0,16876496391168.0
5730,question_38_aime_Qwen3-4B_S2,2,1,1,1,1,0.0,0.45823754152604596,1852,3247,3060165710199808.0,18330849412608.0
5731,question_38_aime_Qwen3-4B_S1,1,1,1,1,1,0.0,0.3608468974112859,1327,1327,1778005929955840.0,10927573863936.0
5732,question_38_aime_Qwen3-4B_S1,1,1,1,1,1,0.0,0.3516649118905366,1414,1414,1912721706932224.0,11663337064448.0
5733,question_38_aime_Qwen3-4B_S1,1,1,1,1,1,0.0,0.37988314679798374,1681,1681,2321897068243968.0,13910231420416.0
5734,question_39_aime_Qwen3-4B_S64,64,1,1,1,1,0.0,0.6122375698459116,495,1671,4849823505235968.0,17396090537472.0
5735,question_39_aime_Qwen3-4B_S64,64,1,1,1,1,0.0,0.6122375698459116,495,1671,4849823505235968.0,17396090537472.0
5736,question_39_aime_Qwen3-4B_S64,64,1,1,1,1,0.0,0.6122375698459116,495,1671,4849823505235968.0,17396090537472.0
5737,question_39_aime_Qwen3-4B_S32,32,1,1,1,1,0.0,0.623682115584977,671,1889,4474430309558784.0,19717505437696.0
5738,question_39_aime_Qwen3-4B_S32,32,1,1,1,1,0.0,0.6122375698459116,495,495,3419038349679104.0,15079933974016.0
5739,question_39_aime_Qwen3-4B_S32,32,1,1,1,1,0.0,0.6272877261063633,647,3088,4379116251594240.0,19192751775232.0
5740,question_39_aime_Qwen3-4B_S16,16,1,1,1,1,0.0,0.6122375698459116,495,1671,2583231395336192.0,13188651298816.0
5741,question_39_aime_Qwen3-4B_S16,16,1,1,1,1,0.0,0.6272877261063633,647,4632,3914056678779904.0,19309159909376.0
5742,question_39_aime_Qwen3-4B_S16,16,1,1,1,1,0.0,0.6272877261063633,647,4264,3632439135134720.0,18437935629824.0
5743,question_39_aime_Qwen3-4B_S8,8,1,1,1,1,0.0,0.6122375698459116,495,495,2008660017729536.0,11133010659328.0
5744,question_39_aime_Qwen3-4B_S8,8,1,1,1,1,0.0,0.5344827724252289,610,610,2271562110396416.0,12380163325952.0
5745,question_39_aime_Qwen3-4B_S8,8,1,1,1,1,0.0,0.5993899224121987,552,1726,2428946078427648.0,13358048699904.0
5746,question_39_aime_Qwen3-4B_S4,4,1,1,1,1,0.0,0.6493258405630921,725,2043,2114076788574208.0,12313389206016.0
5747,question_39_aime_Qwen3-4B_S4,4,1,1,1,1,0.0,0.4305484331922984,550,1338,2008964253021184.0,11510364166144.0
5748,question_39_aime_Qwen3-4B_S4,4,1,1,1,1,0.0,0.6476877034422361,679,3193,2185654649721856.0,12353162977280.0
5749,question_39_aime_Qwen3-4B_S2,2,1,1,1,1,0.0,0.5863980116743837,706,706,1555690644600832.0,9229083107328.0
5750,question_39_aime_Qwen3-4B_S2,2,1,1,1,1,0.0,0.5715018358598896,621,621,1661119454106624.0,9924938103808.0
5751,question_39_aime_Qwen3-4B_S2,2,1,1,1,1,0.0,0.6321695271947474,894,1909,1911363446222336.0,11296362878464.0
5752,question_39_aime_Qwen3-4B_S1,1,1,1,1,1,0.0,0.7469106374508019,1306,1306,1792460901269504.0,10798165679104.0
5753,question_39_aime_Qwen3-4B_S1,1,1,1,1,1,0.0,0.6270256189101748,1098,1098,1506434216396800.0,9083249610752.0
5754,question_39_aime_Qwen3-4B_S1,1,1,1,1,1,0.0,0.7130383430672225,1194,1194,1640311774925312.0,9876248290304.0
5755,question_4_aime_Qwen3-4B_S64,64,1,1,1,1,0.0,0.5723232492840936,576,576,7948636041475584.0,31746815746048.0
5756,question_4_aime_Qwen3-4B_S64,64,1,1,1,1,0.0,0.5723232492840936,576,576,7948636041475584.0,31746815746048.0
5757,question_4_aime_Qwen3-4B_S64,64,1,1,1,1,0.0,0.5723232492840936,576,576,7948636041475584.0,31746815746048.0
5758,question_4_aime_Qwen3-4B_S32,32,1,1,1,1,0.0,0.5723232492840936,576,576,5908111695930368.0,28282314260480.0
5759,question_4_aime_Qwen3-4B_S32,32,1,1,1,1,0.0,0.5723232492840936,576,576,5795774238113792.0,27707163487232.0
5760,question_4_aime_Qwen3-4B_S32,32,1,1,1,1,0.0,0.5723232492840936,576,576,5782850277520384.0,27530485642752.0
5761,question_4_aime_Qwen3-4B_S16,16,1,1,1,1,0.0,0.6085589054483707,1565,4956,8619216128721920.0,41381107302400.0
5762,question_4_aime_Qwen3-4B_S16,16,1,1,1,1,0.0,0.5723232492840936,576,576,3807416896382976.0,19816339224064.0
5763,question_4_aime_Qwen3-4B_S16,16,1,1,1,1,0.0,0.850389346596584,1643,3810,7650135478636032.0,37150702888448.0
5764,question_4_aime_Qwen3-4B_S8,8,1,1,1,1,0.0,0.3860329099898682,1862,1862,6669891583063552.0,35142425037824.0
5765,question_4_aime_Qwen3-4B_S8,8,1,1,1,1,0.0,0.6085589054483707,1565,5304,6397975249730048.0,35036718695424.0
5766,question_4_aime_Qwen3-4B_S8,8,1,1,1,1,0.0,0.3860329099898682,1862,3567,6946165323601408.0,37742673853440.0
5767,question_4_aime_Qwen3-4B_S4,4,1,1,1,1,0.0,0.06914818603969926,1771,3746,5997731176254464.0,33816505679360.0
5768,question_4_aime_Qwen3-4B_S4,4,1,1,1,1,0.0,0.5957379474288256,1499,1499,3952378067297280.0,22946271606272.0
5769,question_4_aime_Qwen3-4B_S4,4,1,1,1,1,0.0,0.709239350168576,1680,1680,5561636753686528.0,30757425955328.0
5770,question_4_aime_Qwen3-4B_S2,2,1,1,1,1,0.0,0.045316898708848814,2909,2909,6008275059034624.0,34811635172352.0
5771,question_4_aime_Qwen3-4B_S2,2,1,1,1,1,0.0,0.5722675825511272,2780,2780,6616362913346560.0,37766911613952.0
5772,question_4_aime_Qwen3-4B_S2,2,1,1,1,1,0.0,0.04457086650173515,3058,3058,6050171962480128.0,35234691618304.0
5773,question_4_aime_Qwen3-4B_S1,1,1,1,1,1,0.0,0.20745357983991697,1932,1932,2669263024091648.0,15972490413568.0
5774,question_4_aime_Qwen3-4B_S1,1,1,1,1,1,0.0,0.46196534815122625,2034,2034,2778264283978240.0,16786235508736.0
5775,question_4_aime_Qwen3-4B_S1,1,1,1,1,1,0.0,0.019094211254203033,1975,1975,2717731125796864.0,16311244838400.0
5776,question_40_aime_Qwen3-4B_S64,64,1,1,1,1,0.0,0.7126399547319966,1310,37288,1.875669600264141e+16,64934758387712.0
5777,question_40_aime_Qwen3-4B_S64,64,1,1,1,1,0.0,0.7126399547319966,1310,37288,1.875669600264141e+16,64934758387712.0
5778,question_40_aime_Qwen3-4B_S64,64,1,1,1,1,0.0,0.7126399547319966,1310,37288,1.875669600264141e+16,64934758387712.0
5779,question_40_aime_Qwen3-4B_S32,32,1,1,1,1,0.0,0.7126399547319966,1310,19524,1.2423867812259328e+16,52129917123584.0
5780,question_40_aime_Qwen3-4B_S32,32,1,1,1,1,0.0,0.2032804193506941,1506,25343,1.2664933182253568e+16,52771080911360.0
5781,question_40_aime_Qwen3-4B_S32,32,1,1,1,1,0.0,0.43915526156327034,1864,16107,1.20757456910848e+16,50413103320064.0
5782,question_40_aime_Qwen3-4B_S16,16,1,1,1,1,0.0,0.43915526156327034,1864,10605,8730798017701376.0,42552609473536.0
5783,question_40_aime_Qwen3-4B_S16,16,1,1,1,1,0.0,0.571389527233686,1885,14011,9565497222271488.0,46293737324032.0
5784,question_40_aime_Qwen3-4B_S16,16,1,1,1,1,0.0,0.038145063312410306,1415,9624,9478895381188608.0,45581463887872.0
5785,question_40_aime_Qwen3-4B_S8,8,1,1,1,1,0.0,0.2032804193506941,1506,4326,6505519575173120.0,34861900983808.0
5786,question_40_aime_Qwen3-4B_S8,8,1,1,1,1,0.0,0.43915526156327034,1864,9772,6469253299125760.0,34497725545984.0
5787,question_40_aime_Qwen3-4B_S8,8,1,1,1,1,0.0,0.15156103615338407,2049,10687,7134136666313728.0,38575779188736.0
5788,question_40_aime_Qwen3-4B_S4,4,1,1,1,1,0.0,0.5868440167314595,2028,5296,5293003477594112.0,29947155518976.0
5789,question_40_aime_Qwen3-4B_S4,4,1,1,1,1,0.0,0.0253950340556084,1641,3460,5930646262421504.0,33324014368256.0
5790,question_40_aime_Qwen3-4B_S4,4,1,1,1,1,0.0,0.1775739591077046,1941,3760,5972729286719488.0,33340453882880.0
5791,question_40_aime_Qwen3-4B_S2,2,1,1,1,1,0.0,0.7126399547319966,1310,1310,3481434016069632.0,20645479114240.0
5792,question_40_aime_Qwen3-4B_S2,2,1,1,1,1,0.0,0.029260813165314384,1645,1645,3766019995528192.0,21924259357696.0
5793,question_40_aime_Qwen3-4B_S2,2,1,1,1,1,0.0,0.19181943917023117,1517,3054,2989921596844544.0,17517713247232.0
5794,question_40_aime_Qwen3-4B_S1,1,1,1,1,1,0.0,0.027039931694426575,1633,1633,2229817250277376.0,13478534237184.0
5795,question_40_aime_Qwen3-4B_S1,1,1,1,1,1,0.0,0.01684600386372671,2274,2274,3131035199096832.0,18790951209472.0
5796,question_40_aime_Qwen3-4B_S1,1,1,1,1,1,0.0,0.023254560965550015,1604,1604,2197639783196160.0,13253893600768.0
5797,question_41_aime_Qwen3-4B_S64,64,1,1,1,1,0.0,0.4835108729664039,1498,5466,1.5386241257115136e+16,54820241366528.0
5798,question_41_aime_Qwen3-4B_S64,64,1,1,1,1,0.0,0.4835108729664039,1498,5466,1.5386241257115136e+16,54820241366528.0
5799,question_41_aime_Qwen3-4B_S64,64,1,1,1,1,0.0,0.4835108729664039,1498,5466,1.5386241257115136e+16,54820241366528.0
5800,question_41_aime_Qwen3-4B_S32,32,1,1,1,1,0.0,0.4837299194000568,1687,4217,1.277564323500544e+16,50708955535872.0
5801,question_41_aime_Qwen3-4B_S32,32,1,1,1,1,0.0,0.4835108729664039,1498,3122,1.02524135986432e+16,43322141293568.0
5802,question_41_aime_Qwen3-4B_S32,32,1,1,1,1,0.0,0.49191744630546497,1685,7670,1.127416243510272e+16,46781279197696.0
5803,question_41_aime_Qwen3-4B_S16,16,1,1,1,1,0.0,0.49191744630546497,1685,1685,7905057143643648.0,35094538037248.0
5804,question_41_aime_Qwen3-4B_S16,16,1,1,1,1,0.0,0.49191744630546497,1685,3309,7773242232778240.0,36908549635584.0
5805,question_41_aime_Qwen3-4B_S16,16,1,1,1,1,0.0,0.45579569420127697,1875,3499,8191923666650624.0,39516300827648.0
5806,question_41_aime_Qwen3-4B_S8,8,1,1,1,1,0.0,0.4197406992715073,1624,2691,5425765160193024.0,28715477461504.0
5807,question_41_aime_Qwen3-4B_S8,8,1,1,1,1,0.0,0.45579569420127697,1875,3152,5930516823798272.0,31106542694912.0
5808,question_41_aime_Qwen3-4B_S8,8,1,1,1,1,0.0,0.4835108729664039,1498,2565,5273552022947328.0,28277494281216.0
5809,question_41_aime_Qwen3-4B_S4,4,1,1,1,1,0.0,0.42669116841303595,1335,3277,5029756525927424.0,26692311782912.0
5810,question_41_aime_Qwen3-4B_S4,4,1,1,1,1,0.0,0.49191744630546497,1685,1685,5057790324481536.0,28105932396544.0
5811,question_41_aime_Qwen3-4B_S4,4,1,1,1,1,0.0,0.37760077605958275,1209,1209,4149814697196032.0,22734819254272.0
5812,question_41_aime_Qwen3-4B_S2,2,1,1,1,1,0.0,0.2189507178516561,2607,2607,5859795191182848.0,32772721234944.0
5813,question_41_aime_Qwen3-4B_S2,2,1,1,1,1,0.0,0.3532364702393791,2289,6154,7035309423585280.0,39137947921920.0
5814,question_41_aime_Qwen3-4B_S2,2,1,1,1,1,0.0,0.1789538559009147,2885,2885,5433728510312960.0,31274527643136.0
5815,question_41_aime_Qwen3-4B_S1,1,1,1,1,1,0.0,0.2355891693966748,2958,2958,4244100017472000.0,24642372688384.0
5816,question_41_aime_Qwen3-4B_S1,1,1,1,1,1,0.0,0.49191744630546497,1685,1685,2329943196585984.0,13939876875776.0
5817,question_41_aime_Qwen3-4B_S1,1,1,1,1,1,0.0,0.22825938364843276,2205,2205,3219538947276288.0,18404437457408.0
5818,question_42_aime_Qwen3-4B_S64,64,1,1,1,1,0.0,0.6770581181006851,273,4068,2054301814516736.0,8767014492160.0
5819,question_42_aime_Qwen3-4B_S64,64,1,1,1,1,0.0,0.6770581181006851,273,4068,2054301814516736.0,8767014492160.0
5820,question_42_aime_Qwen3-4B_S64,64,1,1,1,1,0.0,0.6770581181006851,273,4068,2054301814516736.0,8767014492160.0
5821,question_42_aime_Qwen3-4B_S32,32,1,1,1,1,0.0,0.7324689779414699,487,3923,1827592585873920.0,9055426482688.0
5822,question_42_aime_Qwen3-4B_S32,32,1,1,1,1,0.0,0.6770581181006851,273,3253,1561512347592704.0,7582564224000.0
5823,question_42_aime_Qwen3-4B_S32,32,1,1,1,1,0.0,0.5893059411569658,261,4024,1847251006832640.0,9112523236864.0
5824,question_42_aime_Qwen3-4B_S16,16,1,1,1,1,0.0,0.5834170470138871,219,1432,1064410178926080.0,5794199820288.0
5825,question_42_aime_Qwen3-4B_S16,16,1,1,1,1,0.0,0.6770581181006851,273,2119,1495193639760896.0,8231719075328.0
5826,question_42_aime_Qwen3-4B_S16,16,1,1,1,1,0.0,0.564012233271633,422,1237,1306959285473792.0,7182298890240.0
5827,question_42_aime_Qwen3-4B_S8,8,1,1,1,1,0.0,0.3662569408103148,262,262,998026314429440.0,5751347952128.0
5828,question_42_aime_Qwen3-4B_S8,8,1,1,1,1,0.0,0.5239377927369001,310,2068,1183092109734912.0,6814656471552.0
5829,question_42_aime_Qwen3-4B_S8,8,1,1,1,1,0.0,0.49294633837230395,198,575,1185119790932480.0,6849526529536.0
5830,question_42_aime_Qwen3-4B_S4,4,1,1,1,1,0.0,0.47991958185155403,438,735,1260108782306304.0,7535302271488.0
5831,question_42_aime_Qwen3-4B_S4,4,1,1,1,1,0.0,0.591686844791811,397,1052,829964449051136.0,4935534350848.0
5832,question_42_aime_Qwen3-4B_S4,4,1,1,1,1,0.0,0.49134914486658887,346,346,934496889915904.0,5647463336448.0
5833,question_42_aime_Qwen3-4B_S2,2,1,1,1,1,0.0,0.49120706642562123,309,309,725640802725376.0,4425995143168.0
5834,question_42_aime_Qwen3-4B_S2,2,1,1,1,1,0.0,0.3662569408103148,262,639,551164434702336.0,3377871148544.0
5835,question_42_aime_Qwen3-4B_S2,2,1,1,1,1,0.0,0.6770581181006851,273,273,572456256120320.0,3522573728768.0
5836,question_42_aime_Qwen3-4B_S1,1,1,1,1,1,0.0,0.30811276319217484,365,365,487232809028096.0,3019455144448.0
5837,question_42_aime_Qwen3-4B_S1,1,1,1,1,1,0.0,0.5580211062249678,624,624,828806565576704.0,5136193272320.0
5838,question_42_aime_Qwen3-4B_S1,1,1,1,1,1,0.0,0.7324689779414699,487,487,641794107620864.0,4003068756480.0
5839,question_43_aime_Qwen3-4B_S64,64,1,1,1,1,0.0,0.47294516603066633,579,1170,5578340559539200.0,23408429885440.0
5840,question_43_aime_Qwen3-4B_S64,64,1,1,1,1,0.0,0.47294516603066633,579,1170,5578340559539200.0,23408429885440.0
5841,question_43_aime_Qwen3-4B_S64,64,1,1,1,1,0.0,0.47294516603066633,579,1170,5578340559539200.0,23408429885440.0
5842,question_43_aime_Qwen3-4B_S32,32,1,1,1,1,0.0,0.6118619895204295,979,5497,6155672304517120.0,28533037538816.0
5843,question_43_aime_Qwen3-4B_S32,32,1,1,1,1,0.0,0.47294516603066633,579,1170,4209410182478336.0,20904464851968.0
5844,question_43_aime_Qwen3-4B_S32,32,1,1,1,1,0.0,0.47294516603066633,579,579,3907201684992000.0,18838821873152.0
5845,question_43_aime_Qwen3-4B_S16,16,1,1,1,1,0.0,0.3615955803144551,585,3096,4224738322343936.0,21710456782848.0
5846,question_43_aime_Qwen3-4B_S16,16,1,1,1,1,0.0,0.5847707123641533,942,4722,5081834571376640.0,27221242422784.0
5847,question_43_aime_Qwen3-4B_S16,16,1,1,1,1,0.0,0.47294516603066633,579,579,3026052580859904.0,16339817086976.0
5848,question_43_aime_Qwen3-4B_S8,8,1,1,1,1,0.0,0.5847707123641533,942,2405,3382108795188736.0,18795491614720.0
5849,question_43_aime_Qwen3-4B_S8,8,1,1,1,1,0.0,0.5887537614740925,1081,3467,3605349661943808.0,20108696903680.0
5850,question_43_aime_Qwen3-4B_S8,8,1,1,1,1,0.0,0.42507955323271596,1329,2503,3074606433646080.0,17277231840768.0
5851,question_43_aime_Qwen3-4B_S4,4,1,1,1,1,0.0,0.42507955323271596,1329,1329,3055858743912960.0,18051699515904.0
5852,question_43_aime_Qwen3-4B_S4,4,1,1,1,1,0.0,0.45229311423534213,935,935,2837806383010304.0,16807394368000.0
5853,question_43_aime_Qwen3-4B_S4,4,1,1,1,1,0.0,0.5847707123641533,942,1711,2435010502861824.0,14058998557696.0
5854,question_43_aime_Qwen3-4B_S2,2,1,1,1,1,0.0,0.45229311423534213,935,935,2003732276952064.0,12211564040192.0
5855,question_43_aime_Qwen3-4B_S2,2,1,1,1,1,0.0,0.4308829787567078,1424,2708,2724514701629952.0,16164095648256.0
5856,question_43_aime_Qwen3-4B_S2,2,1,1,1,1,0.0,0.22881165861695701,1441,1441,2674935420932096.0,16019381144576.0
5857,question_43_aime_Qwen3-4B_S1,1,1,1,1,1,0.0,0.5887537614740925,1081,1081,1464593773190144.0,8929760722944.0
5858,question_43_aime_Qwen3-4B_S1,1,1,1,1,1,0.0,0.4554491292058694,1323,1323,1810210218862080.0,10937065762816.0
5859,question_43_aime_Qwen3-4B_S1,1,1,1,1,1,0.0,0.4368507910059283,1034,1034,1422710740249600.0,8575612803072.0
5860,question_44_aime_Qwen3-4B_S64,64,1,1,1,1,0.0,0.4960669308028045,1433,4927,8860279443534848.0,39933338469376.0
5861,question_44_aime_Qwen3-4B_S64,64,1,1,1,1,0.0,0.4960669308028045,1433,4927,8860279443534848.0,39933338469376.0
5862,question_44_aime_Qwen3-4B_S64,64,1,1,1,1,0.0,0.4960669308028045,1433,4927,8860279443534848.0,39933338469376.0
5863,question_44_aime_Qwen3-4B_S32,32,1,1,1,1,0.0,0.4960669308028045,1433,3046,6284156853849600.0,31683280631808.0
5864,question_44_aime_Qwen3-4B_S32,32,1,1,1,1,0.0,0.4960669308028045,1433,3046,5610021737201664.0,27702814468608.0
5865,question_44_aime_Qwen3-4B_S32,32,1,1,1,1,0.0,0.441325524067311,1022,2635,5442628074131968.0,26631658916864.0
5866,question_44_aime_Qwen3-4B_S16,16,1,1,1,1,0.0,0.6624635621992675,1398,3815,6094822729339392.0,33305125384704.0
5867,question_44_aime_Qwen3-4B_S16,16,1,1,1,1,0.0,0.380382002209917,859,1724,4460370562899456.0,24206132451840.0
5868,question_44_aime_Qwen3-4B_S16,16,1,1,1,1,0.0,0.34527968870961684,748,1613,4011908409520640.0,21571798561792.0
5869,question_44_aime_Qwen3-4B_S8,8,1,1,1,1,0.0,0.34527968870961684,748,748,2917152736166400.0,16627896625664.0
5870,question_44_aime_Qwen3-4B_S8,8,1,1,1,1,0.0,0.5767810087391924,1172,1172,7170991914737664.0,39970002770432.0
5871,question_44_aime_Qwen3-4B_S8,8,1,1,1,1,0.0,0.4652991177270658,984,3259,4420591382601216.0,24760604187648.0
5872,question_44_aime_Qwen3-4B_S4,4,1,1,1,1,0.0,0.4825598093941491,1118,2102,3528823262967296.0,21037829782016.0
5873,question_44_aime_Qwen3-4B_S4,4,1,1,1,1,0.0,0.6216075617545405,1763,4856,5547251199368704.0,32872958238720.0
5874,question_44_aime_Qwen3-4B_S4,4,1,1,1,1,0.0,0.5562272044565558,1179,1179,3575894147316224.0,21173109052416.0
5875,question_44_aime_Qwen3-4B_S2,2,1,1,1,1,0.0,0.64271743909738,1497,3159,3130834155749376.0,18643453455360.0
5876,question_44_aime_Qwen3-4B_S2,2,1,1,1,1,0.0,0.23602875306701315,1155,1155,2838484341048832.0,16928544743936.0
5877,question_44_aime_Qwen3-4B_S2,2,1,1,1,1,0.0,0.49260805763684745,1906,4871,5206991147245056.0,30885847194624.0
5878,question_44_aime_Qwen3-4B_S1,1,1,1,1,1,0.0,0.3202211439693788,1664,1664,2215321061984768.0,13670472172032.0
5879,question_44_aime_Qwen3-4B_S1,1,1,1,1,1,0.0,0.4116412968890459,1059,1059,1416486230833664.0,8719236390400.0
5880,question_44_aime_Qwen3-4B_S1,1,1,1,1,1,0.0,0.552027329948572,1771,1771,2412938035491328.0,14607970421760.0
5881,question_45_aime_Qwen3-4B_S64,64,1,1,1,1,1.0,0.5781406017549291,1273,1273,1.1335617253656064e+16,43815913485312.0
5882,question_45_aime_Qwen3-4B_S64,64,1,1,1,1,1.0,0.7850470029243515,1166,1166,1.1335617253656064e+16,43815913485312.0
5883,question_45_aime_Qwen3-4B_S64,64,1,1,1,1,1.0,0.6986151274256658,1242,2217,1.1335617253656064e+16,43815913485312.0
5884,question_45_aime_Qwen3-4B_S32,32,1,1,1,1,1.0,0.815564199203019,1348,2323,7916805401076736.0,36307747140096.0
5885,question_45_aime_Qwen3-4B_S32,32,1,1,1,1,1.0,0.7850470029243515,1166,2212,7985765598436864.0,36646122803712.0
5886,question_45_aime_Qwen3-4B_S32,32,1,1,1,1,1.0,0.7850470029243515,1166,1166,7887692870411776.0,36180088065024.0
5887,question_45_aime_Qwen3-4B_S16,16,1,1,1,1,1.0,0.815564199203019,1348,1348,7022202291728384.0,35491736430080.0
5888,question_45_aime_Qwen3-4B_S16,16,1,1,1,1,1.0,0.7411813036019406,1437,1437,7111292606062080.0,35337644444160.0
5889,question_45_aime_Qwen3-4B_S16,16,1,1,1,1,1.0,0.8204487057561467,1270,1270,7401365484383232.0,37888002585600.0
5890,question_45_aime_Qwen3-4B_S8,8,1,1,1,1,1.0,0.5781406017549291,1273,1273,4766161970372608.0,26697528838656.0
5891,question_45_aime_Qwen3-4B_S8,8,1,1,1,1,1.0,0.815564199203019,1348,1348,5341098190729728.0,29156455647232.0
5892,question_45_aime_Qwen3-4B_S8,8,1,1,1,1,1.0,0.6862793669332273,1271,1271,5474907323387904.0,29484067572224.0
5893,question_45_aime_Qwen3-4B_S4,4,1,1,1,1,0.0,0.5436483650007515,975,975,3546740083983872.0,20788067313664.0
5894,question_45_aime_Qwen3-4B_S4,4,1,1,1,1,1.0,0.6841532942172979,1318,1318,4351611607270912.0,24814013592576.0
5895,question_45_aime_Qwen3-4B_S4,4,1,1,1,1,1.0,0.7856467666251108,1174,1174,3435188257904128.0,20313522066432.0
5896,question_45_aime_Qwen3-4B_S2,2,1,1,1,1,1.0,0.8252686902930986,1569,1569,3287326518603776.0,19589164190720.0
5897,question_45_aime_Qwen3-4B_S2,2,1,1,1,1,1.0,0.7029243468836222,1287,1287,3063628362513408.0,18059093059072.0
5898,question_45_aime_Qwen3-4B_S2,2,1,1,1,1,0.0,0.019705684416588164,2455,2455,6057388408999936.0,34235383590912.0
5899,question_45_aime_Qwen3-4B_S1,1,1,1,1,1,1.0,0.8167277994931662,1827,1827,2554897450273792.0,15151512635392.0
5900,question_45_aime_Qwen3-4B_S1,1,1,1,1,1,1.0,0.7367660560166326,1383,1383,1897660130025984.0,11435498529280.0
5901,question_45_aime_Qwen3-4B_S1,1,1,1,1,1,1.0,0.8011945561954192,1220,1220,1673045878433280.0,10095503217664.0
5902,question_46_aime_Qwen3-4B_S64,64,1,1,1,1,1.0,0.8210759707895778,552,552,5392973180759552.0,24038669659648.0
5903,question_46_aime_Qwen3-4B_S64,64,1,1,1,1,1.0,0.9058891729852239,601,601,5392973180759552.0,24038669659648.0
5904,question_46_aime_Qwen3-4B_S64,64,1,1,1,1,1.0,0.9058891729852239,601,1211,5392973180759552.0,24038669659648.0
5905,question_46_aime_Qwen3-4B_S32,32,1,1,1,1,1.0,0.8516949636368567,785,785,4173079689977344.0,20921932875264.0
5906,question_46_aime_Qwen3-4B_S32,32,1,1,1,1,1.0,0.8210759707895778,552,1752,3893105663159296.0,19710947534336.0
5907,question_46_aime_Qwen3-4B_S32,32,1,1,1,1,1.0,0.9058891729852239,601,601,4263985849480192.0,21817633220096.0
5908,question_46_aime_Qwen3-4B_S16,16,1,1,1,1,1.0,0.9058891729852239,601,1209,2774349659928064.0,15062503388160.0
5909,question_46_aime_Qwen3-4B_S16,16,1,1,1,1,1.0,0.8516949636368567,785,785,2403953357796864.0,12604975487488.0
5910,question_46_aime_Qwen3-4B_S16,16,1,1,1,1,1.0,0.8364151820482415,739,739,4301149847255552.0,23536020384256.0
5911,question_46_aime_Qwen3-4B_S8,8,1,1,1,1,1.0,0.9058891729852239,601,601,2451689825699328.0,14276604895744.0
5912,question_46_aime_Qwen3-4B_S8,8,1,1,1,1,1.0,0.8516949636368567,785,785,2908247083377664.0,16937068371968.0
5913,question_46_aime_Qwen3-4B_S8,8,1,1,1,1,0.0,0.6738165022895977,633,1241,2178117014632960.0,12437994125312.0
5914,question_46_aime_Qwen3-4B_S4,4,1,1,1,1,1.0,0.8657405764841184,578,1186,1819498459206144.0,10806367439872.0
5915,question_46_aime_Qwen3-4B_S4,4,1,1,1,1,1.0,0.8210759707895778,552,552,2020091102046208.0,12146382953984.0
5916,question_46_aime_Qwen3-4B_S4,4,1,1,1,1,1.0,0.7822353299963598,782,782,3069865001776640.0,18272575590400.0
5917,question_46_aime_Qwen3-4B_S2,2,1,1,1,1,0.0,0.7129582453595714,1028,1678,1672992105472000.0,10084282522112.0
5918,question_46_aime_Qwen3-4B_S2,2,1,1,1,1,0.0,0.6285162852191666,599,599,1583389941701120.0,9550083856384.0
5919,question_46_aime_Qwen3-4B_S2,2,1,1,1,1,1.0,0.9346583588517654,1034,1034,1693286728967680.0,10291137348096.0
5920,question_46_aime_Qwen3-4B_S1,1,1,1,1,1,0.0,0.5995638695230877,648,648,884016934462976.0,5387918185472.0
5921,question_46_aime_Qwen3-4B_S1,1,1,1,1,1,0.0,0.8614788424237755,943,943,1273662032808448.0,7795871502848.0
5922,question_46_aime_Qwen3-4B_S1,1,1,1,1,1,0.0,0.6285162852191666,599,599,813226911117312.0,4977334690304.0
5923,question_47_aime_Qwen3-4B_S64,64,1,1,1,1,0.0,0.6432842963246924,370,2147,3663732004979712.0,14232667574272.0
5924,question_47_aime_Qwen3-4B_S64,64,1,1,1,1,0.0,0.6432842963246924,370,2147,3663732004979712.0,14232667574272.0
5925,question_47_aime_Qwen3-4B_S64,64,1,1,1,1,0.0,0.6432842963246924,370,2147,3663732004979712.0,14232667574272.0
5926,question_47_aime_Qwen3-4B_S32,32,1,1,1,1,0.0,0.6432842963246924,370,1383,2545009165489152.0,11666799834112.0
5927,question_47_aime_Qwen3-4B_S32,32,1,1,1,1,0.0,0.6432842963246924,370,1447,2560788729478144.0,11753989671936.0
5928,question_47_aime_Qwen3-4B_S32,32,1,1,1,1,0.0,0.5146744415653626,376,5602,3332338465913344.0,15004593947136.0
5929,question_47_aime_Qwen3-4B_S16,16,1,1,1,1,0.0,0.5041590491306307,363,1350,2166418718758400.0,11255132035584.0
5930,question_47_aime_Qwen3-4B_S16,16,1,1,1,1,0.0,0.6432842963246924,370,2790,2356799109371392.0,12009583428096.0
5931,question_47_aime_Qwen3-4B_S16,16,1,1,1,1,0.0,0.6432842963246924,370,1769,2264975503916032.0,11836920288256.0
5932,question_47_aime_Qwen3-4B_S8,8,1,1,1,1,0.0,0.5146744415653626,376,1723,1708057280067072.0,9470045894656.0
5933,question_47_aime_Qwen3-4B_S8,8,1,1,1,1,0.0,0.5146744415653626,376,2145,1652210084019200.0,9118974941696.0
5934,question_47_aime_Qwen3-4B_S8,8,1,1,1,1,0.0,0.506280147804597,523,1402,2082301026213888.0,11577496695296.0
5935,question_47_aime_Qwen3-4B_S4,4,1,1,1,1,0.0,0.45903284530822963,611,1166,1566209915012096.0,9007080974848.0
5936,question_47_aime_Qwen3-4B_S4,4,1,1,1,1,0.0,0.5037661302103623,819,1937,2004863576039936.0,11740631498240.0
5937,question_47_aime_Qwen3-4B_S4,4,1,1,1,1,0.0,0.4671624868717711,397,1273,1413214565146112.0,8311602757120.0
5938,question_47_aime_Qwen3-4B_S2,2,1,1,1,1,0.0,0.45508243873808096,530,530,1150217704554496.0,6939599748096.0
5939,question_47_aime_Qwen3-4B_S2,2,1,1,1,1,0.0,0.5073628951492305,379,379,1035983084673536.0,6231767098880.0
5940,question_47_aime_Qwen3-4B_S2,2,1,1,1,1,0.0,0.4684344303384228,627,1182,1063814996695552.0,6308632822272.0
5941,question_47_aime_Qwen3-4B_S1,1,1,1,1,1,0.0,0.4684344303384228,627,627,855761582467584.0,5205049730560.0
5942,question_47_aime_Qwen3-4B_S1,1,1,1,1,1,0.0,0.4233888907520565,454,454,618661012509696.0,3779046221312.0
5943,question_47_aime_Qwen3-4B_S1,1,1,1,1,1,0.0,0.5073628951492305,379,379,518360351872512.0,3165315085312.0
5944,question_48_aime_Qwen3-4B_S64,64,1,1,1,1,0.0,0.41682963391790273,1122,3233,9638342350286336.0,38440119195136.0
5945,question_48_aime_Qwen3-4B_S64,64,1,1,1,1,0.0,0.41682963391790273,1122,3233,9638342350286336.0,38440119195136.0
5946,question_48_aime_Qwen3-4B_S64,64,1,1,1,1,0.0,0.41682963391790273,1122,3233,9638342350286336.0,38440119195136.0
5947,question_48_aime_Qwen3-4B_S32,32,1,1,1,1,0.0,0.36807449701799555,1197,2111,7098284098669568.0,33896452163584.0
5948,question_48_aime_Qwen3-4B_S32,32,1,1,1,1,0.0,0.3531436466082876,914,914,6932980042657280.0,32913894125056.0
5949,question_48_aime_Qwen3-4B_S32,32,1,1,1,1,0.0,0.41682963391790273,1122,2036,7031309511917568.0,33384542487552.0
5950,question_48_aime_Qwen3-4B_S16,16,1,1,1,1,0.0,0.851955388103004,1255,10420,6960169054960128.0,36610183308800.0
5951,question_48_aime_Qwen3-4B_S16,16,1,1,1,1,0.0,0.6326450854674583,1195,3624,5625312356243968.0,29284984478720.0
5952,question_48_aime_Qwen3-4B_S16,16,1,1,1,1,0.0,0.851955388103004,1255,10470,6897654883823616.0,36163077922304.0
5953,question_48_aime_Qwen3-4B_S8,8,1,1,1,1,1.0,0.7146888658261433,1665,1665,5490816976150016.0,30744928926208.0
5954,question_48_aime_Qwen3-4B_S8,8,1,1,1,1,0.0,0.6589143553433384,1335,3600,5042816276072960.0,28494838486016.0
5955,question_48_aime_Qwen3-4B_S8,8,1,1,1,1,0.0,0.7255581741866374,1362,8208,5377358593208320.0,30262334248448.0
5956,question_48_aime_Qwen3-4B_S4,4,1,1,1,1,0.0,0.7908278047783516,1255,2450,4360297748937216.0,25802492654080.0
5957,question_48_aime_Qwen3-4B_S4,4,1,1,1,1,0.0,0.3531436466082876,914,914,3112477114698752.0,18614388527104.0
5958,question_48_aime_Qwen3-4B_S4,4,1,1,1,1,0.0,0.7469333968660131,1269,5588,4044068263232512.0,23703039038464.0
5959,question_48_aime_Qwen3-4B_S2,2,1,1,1,1,0.0,0.5398800481871007,1353,2443,2616692040046592.0,15828876404736.0
5960,question_48_aime_Qwen3-4B_S2,2,1,1,1,1,0.0,0.7255581741866374,1362,2680,2538283644474880.0,15301343052800.0
5961,question_48_aime_Qwen3-4B_S2,2,1,1,1,1,0.0,0.6154513928626634,1348,2961,2836591335469568.0,16929916840448.0
5962,question_48_aime_Qwen3-4B_S1,1,1,1,1,1,0.0,0.5350227025793234,1677,1677,2302999643857408.0,13873317025280.0
5963,question_48_aime_Qwen3-4B_S1,1,1,1,1,1,0.0,0.643325136162585,1388,1388,1869392091685376.0,11460840670208.0
5964,question_48_aime_Qwen3-4B_S1,1,1,1,1,1,0.0,0.503934212790531,1697,1697,2318415763647488.0,14039167678976.0
5965,question_49_aime_Qwen3-4B_S64,64,1,1,1,1,0.0,0.6926408918644215,615,2214,5791320721298944.0,22730780555776.0
5966,question_49_aime_Qwen3-4B_S64,64,1,1,1,1,0.0,0.6926408918644215,615,2214,5791320721298944.0,22730780555776.0
5967,question_49_aime_Qwen3-4B_S64,64,1,1,1,1,0.0,0.6926408918644215,615,2214,5791320721298944.0,22730780555776.0
5968,question_49_aime_Qwen3-4B_S32,32,1,1,1,1,0.0,0.4116408205073257,762,1723,5343693944493568.0,24203128433152.0
5969,question_49_aime_Qwen3-4B_S32,32,1,1,1,1,0.0,0.6926408918644215,615,1452,4248417702747648.0,19833287751680.0
5970,question_49_aime_Qwen3-4B_S32,32,1,1,1,1,0.0,0.5943153436961499,817,4236,5498850251181568.0,25010066604544.0
5971,question_49_aime_Qwen3-4B_S16,16,1,1,1,1,0.0,0.5943153436961499,817,2148,4022101487295488.0,20625243207680.0
5972,question_49_aime_Qwen3-4B_S16,16,1,1,1,1,0.0,0.6926408918644215,615,1377,3159640680626176.0,16584436564480.0
5973,question_49_aime_Qwen3-4B_S16,16,1,1,1,1,0.0,0.5943153436961499,817,1453,4080289139044864.0,20887751771136.0
5974,question_49_aime_Qwen3-4B_S8,8,1,1,1,1,0.0,0.6926408918644215,615,615,2203634145958400.0,12436865943552.0
5975,question_49_aime_Qwen3-4B_S8,8,1,1,1,1,0.0,0.7760192972760248,1245,3955,3909890070814208.0,21359528639488.0
5976,question_49_aime_Qwen3-4B_S8,8,1,1,1,1,0.0,0.5156474038172492,849,1810,3478303564181504.0,18981412325376.0
5977,question_49_aime_Qwen3-4B_S4,4,1,1,1,1,0.0,0.5319050716629469,636,1674,2491916907966464.0,14449147712512.0
5978,question_49_aime_Qwen3-4B_S4,4,1,1,1,1,0.0,0.5560784096685282,837,837,2363928941946880.0,13953841174528.0
5979,question_49_aime_Qwen3-4B_S4,4,1,1,1,1,0.0,0.5560784096685282,837,837,2242462537146368.0,13219754737152.0
5980,question_49_aime_Qwen3-4B_S2,2,1,1,1,1,0.0,0.7124932639910871,1009,2112,2202507339031552.0,12930443880960.0
5981,question_49_aime_Qwen3-4B_S2,2,1,1,1,1,0.0,0.647549517665381,831,1828,1893530287533568.0,11317060966912.0
5982,question_49_aime_Qwen3-4B_S2,2,1,1,1,1,0.0,0.4289338864465622,1163,1163,2452313503106048.0,14408853165056.0
5983,question_49_aime_Qwen3-4B_S1,1,1,1,1,1,0.0,0.5058672417090795,1381,1381,1876705739940864.0,11394026123264.0
5984,question_49_aime_Qwen3-4B_S1,1,1,1,1,1,0.0,0.8279341494461739,1020,1020,1370356801805824.0,8405085989888.0
5985,question_49_aime_Qwen3-4B_S1,1,1,1,1,1,0.0,0.7760192972760248,1245,1245,1680258017909248.0,10262670373376.0
5986,question_5_aime_Qwen3-4B_S64,64,1,1,1,1,0.0,0.39637478227455175,547,2041,2656081897492992.0,12080351742464.0
5987,question_5_aime_Qwen3-4B_S64,64,1,1,1,1,0.0,0.39637478227455175,547,2041,2656081897492992.0,12080351742464.0
5988,question_5_aime_Qwen3-4B_S64,64,1,1,1,1,0.0,0.39637478227455175,547,2041,2656081897492992.0,12080351742464.0
5989,question_5_aime_Qwen3-4B_S32,32,1,1,1,1,0.0,0.5256950684401738,739,1619,2195142555890688.0,11392303880704.0
5990,question_5_aime_Qwen3-4B_S32,32,1,1,1,1,0.0,0.49390962296349566,656,1158,2114194851843584.0,10919500857344.0
5991,question_5_aime_Qwen3-4B_S32,32,1,1,1,1,0.0,0.39637478227455175,547,1427,2010360402923008.0,10430077275136.0
5992,question_5_aime_Qwen3-4B_S16,16,1,1,1,1,0.0,0.3077713054709161,614,992,1819050064367616.0,10278230187520.0
5993,question_5_aime_Qwen3-4B_S16,16,1,1,1,1,1.0,0.5775236587341543,921,1734,2599438376616448.0,14177336640512.0
5994,question_5_aime_Qwen3-4B_S16,16,1,1,1,1,0.0,0.39637478227455175,547,1161,1658452191162368.0,9378978665472.0
5995,question_5_aime_Qwen3-4B_S8,8,1,1,1,1,0.0,0.060763454274445995,502,502,1305469256850944.0,7704210905600.0
5996,question_5_aime_Qwen3-4B_S8,8,1,1,1,1,0.0,0.39637478227455175,547,547,1474710030440448.0,8808853859840.0
5997,question_5_aime_Qwen3-4B_S8,8,1,1,1,1,1.0,0.5700394198807419,775,1153,1986342928929280.0,11581516305408.0
5998,question_5_aime_Qwen3-4B_S4,4,1,1,1,1,0.0,0.3782535339893815,698,698,1890007442576896.0,11382077093376.0
5999,question_5_aime_Qwen3-4B_S4,4,1,1,1,1,1.0,0.6623422406735524,881,881,2342870663868928.0,13606932995584.0
6000,question_5_aime_Qwen3-4B_S4,4,1,1,1,1,0.0,0.5256950684401738,739,1117,1268856811867648.0,7691154736640.0
6001,question_5_aime_Qwen3-4B_S2,2,1,1,1,1,0.0,0.6111916654395938,1018,1018,1879741320416256.0,11477177721344.0
6002,question_5_aime_Qwen3-4B_S2,2,1,1,1,1,0.0,0.03777668123218131,907,907,2059241309930496.0,12371459069440.0
6003,question_5_aime_Qwen3-4B_S2,2,1,1,1,1,0.0,0.39637478227455175,547,547,1154599272445952.0,7223374795776.0
6004,question_5_aime_Qwen3-4B_S1,1,1,1,1,1,0.0,0.31484475375951143,1107,1107,1477844111520256.0,9095719930880.0
6005,question_5_aime_Qwen3-4B_S1,1,1,1,1,1,0.0,0.05190243228682525,466,466,630381834548736.0,3867476498432.0
6006,question_5_aime_Qwen3-4B_S1,1,1,1,1,1,0.0,0.5044609800899756,680,680,908901519716864.0,5607933232640.0
6007,question_50_aime_Qwen3-4B_S64,64,1,1,1,1,0.0,0.4506896236672703,1984,14472,2.408898834045491e+16,89277257759744.0
6008,question_50_aime_Qwen3-4B_S64,64,1,1,1,1,0.0,0.4506896236672703,1984,14472,2.408898834045491e+16,89277257759744.0
6009,question_50_aime_Qwen3-4B_S64,64,1,1,1,1,0.0,0.4506896236672703,1984,14472,2.408898834045491e+16,89277257759744.0
6010,question_50_aime_Qwen3-4B_S32,32,1,1,1,1,0.0,0.4453021294549554,1868,5821,1.6254507938396672e+16,72354839008768.0
6011,question_50_aime_Qwen3-4B_S32,32,1,1,1,1,0.0,0.4506896236672703,1984,10800,1.6666542268614144e+16,73706576275968.0
6012,question_50_aime_Qwen3-4B_S32,32,1,1,1,1,0.0,0.6580154686440732,1834,19595,1.6933639000033792e+16,73506778775552.0
6013,question_50_aime_Qwen3-4B_S16,16,1,1,1,1,0.0,0.4818909175990376,1984,15934,1.380435484791296e+16,66431082973696.0
6014,question_50_aime_Qwen3-4B_S16,16,1,1,1,1,0.0,0.3676878378665264,2301,4105,1.1887211562944e+16,58867283467264.0
6015,question_50_aime_Qwen3-4B_S16,16,1,1,1,1,0.0,0.6580154686440732,1834,12499,1.207302481534208e+16,59853899634688.0
6016,question_50_aime_Qwen3-4B_S8,8,1,1,1,1,0.0,0.4506896236672703,1984,4305,1.018923666264576e+16,55534916361728.0
6017,question_50_aime_Qwen3-4B_S8,8,1,1,1,1,0.0,0.3753734158117858,2940,4772,1.1042201290374144e+16,57664128555520.0
6018,question_50_aime_Qwen3-4B_S8,8,1,1,1,1,0.0,0.4818909175990376,1984,3788,8688274514895360.0,47143240599552.0
6019,question_50_aime_Qwen3-4B_S4,4,1,1,1,1,0.0,0.4670244210067652,2848,5233,7947817072240640.0,45231299808768.0
6020,question_50_aime_Qwen3-4B_S4,4,1,1,1,1,0.0,0.4506896236672703,1984,1984,6336907095841280.0,36250264942080.0
6021,question_50_aime_Qwen3-4B_S4,4,1,1,1,1,0.0,0.41114623813207063,2385,4412,7322923295782400.0,41342727413248.0
6022,question_50_aime_Qwen3-4B_S2,2,1,1,1,1,0.0,0.31380276933353274,2542,2542,6290732939336192.0,36612275482112.0
6023,question_50_aime_Qwen3-4B_S2,2,1,1,1,1,0.0,0.4453021294549554,1868,1868,4576121810668544.0,27211782915072.0
6024,question_50_aime_Qwen3-4B_S2,2,1,1,1,1,0.0,0.4670244210067652,2848,5233,5242573294650880.0,31150162444288.0
6025,question_50_aime_Qwen3-4B_S1,1,1,1,1,1,0.0,0.2678163445766637,3266,3266,4599746013331968.0,27101569888256.0
6026,question_50_aime_Qwen3-4B_S1,1,1,1,1,1,0.0,0.35524704498642906,2939,2939,4133988856725504.0,24363183276032.0
6027,question_50_aime_Qwen3-4B_S1,1,1,1,1,1,0.0,0.021853968504228487,3748,3748,5432260360393728.0,31155345383424.0
6028,question_51_aime_Qwen3-4B_S64,64,1,1,1,1,0.0,0.6979499311978861,1307,16022,2.1112522330766336e+16,88536536303104.0
6029,question_51_aime_Qwen3-4B_S64,64,1,1,1,1,0.0,0.6979499311978861,1307,16022,2.1112522330766336e+16,88536536303104.0
6030,question_51_aime_Qwen3-4B_S64,64,1,1,1,1,0.0,0.6979499311978861,1307,16022,2.1112522330766336e+16,88536536303104.0
6031,question_51_aime_Qwen3-4B_S32,32,1,1,1,1,0.0,0.5637958775266109,1732,11975,1.3229276110614528e+16,62035467615744.0
6032,question_51_aime_Qwen3-4B_S32,32,1,1,1,1,0.0,0.514436305061033,1374,10418,1.3687656968679424e+16,64319623387136.0
6033,question_51_aime_Qwen3-4B_S32,32,1,1,1,1,0.0,0.5637958775266109,1732,7480,1.4613470593974272e+16,69303129065984.0
6034,question_51_aime_Qwen3-4B_S16,16,1,1,1,1,0.0,0.7143096586034802,1265,5896,1.0251616517142528e+16,52957658619392.0
6035,question_51_aime_Qwen3-4B_S16,16,1,1,1,1,0.0,0.6534834842253514,1752,13561,1.214749907927808e+16,63621775307776.0
6036,question_51_aime_Qwen3-4B_S16,16,1,1,1,1,0.0,0.5637958775266109,1732,6021,9670241320587264.0,49902867351040.0
6037,question_51_aime_Qwen3-4B_S8,8,1,1,1,1,0.0,0.4895000027100432,1116,2715,7329828627170816.0,41164644962816.0
6038,question_51_aime_Qwen3-4B_S8,8,1,1,1,1,0.0,0.48735093562758425,1442,4121,6409317401444864.0,35432214237184.0
6039,question_51_aime_Qwen3-4B_S8,8,1,1,1,1,0.0,0.514436305061033,1374,3803,5567464399691776.0,30321791788544.0
6040,question_51_aime_Qwen3-4B_S4,4,1,1,1,1,0.0,0.683844560994602,1592,6223,4445006280213504.0,25080167041024.0
6041,question_51_aime_Qwen3-4B_S4,4,1,1,1,1,0.0,0.4398042359707068,1567,5571,6297206085316096.0,36555856621056.0
6042,question_51_aime_Qwen3-4B_S4,4,1,1,1,1,0.0,0.4657556174752062,1932,7601,6175545678320128.0,35697141847552.0
6043,question_51_aime_Qwen3-4B_S2,2,1,1,1,1,0.0,0.16730119047164216,1838,1838,4124415412353536.0,24143891193344.0
6044,question_51_aime_Qwen3-4B_S2,2,1,1,1,1,0.0,0.4048085664821058,1914,4364,4804737511194112.0,28505316922368.0
6045,question_51_aime_Qwen3-4B_S2,2,1,1,1,1,0.0,0.5143067292576589,2291,4205,4351619768490496.0,25837931560960.0
6046,question_51_aime_Qwen3-4B_S1,1,1,1,1,1,0.0,0.17040008688907543,1968,1968,2703752375929856.0,16268236449792.0
6047,question_51_aime_Qwen3-4B_S1,1,1,1,1,1,0.0,0.3475807535231672,1560,1560,2136074658429952.0,12903429287936.0
6048,question_51_aime_Qwen3-4B_S1,1,1,1,1,1,0.0,0.3552350447583423,1561,1561,2186184055639040.0,12954800563712.0
6049,question_52_aime_Qwen3-4B_S64,64,1,1,1,1,0.0,0.23150668021058404,795,2824,5110849666755584.0,22047598875136.0
6050,question_52_aime_Qwen3-4B_S64,64,1,1,1,1,0.0,0.23150668021058404,795,2824,5110849666755584.0,22047598875136.0
6051,question_52_aime_Qwen3-4B_S64,64,1,1,1,1,0.0,0.23150668021058404,795,2824,5110849666755584.0,22047598875136.0
6052,question_52_aime_Qwen3-4B_S32,32,1,1,1,1,0.0,0.23150668021058404,795,2087,4441182454050816.0,22198871171584.0
6053,question_52_aime_Qwen3-4B_S32,32,1,1,1,1,0.0,0.23150668021058404,795,2247,4224629990893568.0,21136570583040.0
6054,question_52_aime_Qwen3-4B_S32,32,1,1,1,1,0.0,0.13146228929944803,568,914,4407294639844864.0,21847275373056.0
6055,question_52_aime_Qwen3-4B_S16,16,1,1,1,1,0.0,0.5935599058974269,928,4451,4227692370259968.0,22582950585856.0
6056,question_52_aime_Qwen3-4B_S16,16,1,1,1,1,0.0,0.13549086437904992,538,538,2358933829763072.0,12224308081152.0
6057,question_52_aime_Qwen3-4B_S16,16,1,1,1,1,0.0,0.13549086437904992,538,884,2551708001434624.0,13392889730560.0
6058,question_52_aime_Qwen3-4B_S8,8,1,1,1,1,0.0,0.23150668021058404,795,1538,2263901486601216.0,12896665231872.0
6059,question_52_aime_Qwen3-4B_S8,8,1,1,1,1,0.0,0.13830666112364165,378,378,2210456497275392.0,12446807403520.0
6060,question_52_aime_Qwen3-4B_S8,8,1,1,1,1,0.0,0.09540344242489976,545,545,1591189724944896.0,8948223442944.0
6061,question_52_aime_Qwen3-4B_S4,4,1,1,1,1,0.0,0.22382447001608077,580,1177,1778979048582656.0,10375906259968.0
6062,question_52_aime_Qwen3-4B_S4,4,1,1,1,1,0.0,0.5782366752701158,1048,1880,2473131612304384.0,14372888128000.0
6063,question_52_aime_Qwen3-4B_S4,4,1,1,1,1,0.0,0.09540344242489976,545,545,1237709987661312.0,7305680618496.0
6064,question_52_aime_Qwen3-4B_S2,2,1,1,1,1,0.0,0.5782366752701158,1048,1048,2044187708366848.0,12364407061504.0
6065,question_52_aime_Qwen3-4B_S2,2,1,1,1,1,0.0,0.09562688359882529,812,812,1712985275289088.0,10376088264192.0
6066,question_52_aime_Qwen3-4B_S2,2,1,1,1,1,0.0,0.17430213030033165,483,483,1186334123968000.0,7127493172736.0
6067,question_52_aime_Qwen3-4B_S1,1,1,1,1,1,0.0,0.08537005976029087,1481,1481,1956614641742848.0,12171202004992.0
6068,question_52_aime_Qwen3-4B_S1,1,1,1,1,1,0.0,0.08040032906600594,642,642,874077158825472.0,5314371320832.0
6069,question_52_aime_Qwen3-4B_S1,1,1,1,1,1,0.0,0.4528301134218241,1107,1107,1540339359007744.0,9176105726464.0
6070,question_53_aime_Qwen3-4B_S64,64,1,1,1,1,0.0,0.5047628593713313,1189,2123,8794646084469248.0,38436963753472.0
6071,question_53_aime_Qwen3-4B_S64,64,1,1,1,1,0.0,0.5047628593713313,1189,2123,8794646084469248.0,38436963753472.0
6072,question_53_aime_Qwen3-4B_S64,64,1,1,1,1,0.0,0.5047628593713313,1189,2123,8794646084469248.0,38436963753472.0
6073,question_53_aime_Qwen3-4B_S32,32,1,1,1,1,0.0,0.5047628593713313,1189,2765,7036250406352896.0,33957858646016.0
6074,question_53_aime_Qwen3-4B_S32,32,1,1,1,1,0.0,0.43556784780155555,934,934,6088832357685760.0,30004037487104.0
6075,question_53_aime_Qwen3-4B_S32,32,1,1,1,1,0.0,0.5047628593713313,1189,4514,7648748051980800.0,37919083030016.0
6076,question_53_aime_Qwen3-4B_S16,16,1,1,1,1,0.0,0.43556784780155555,934,934,4634555105530368.0,25196917017600.0
6077,question_53_aime_Qwen3-4B_S16,16,1,1,1,1,0.0,0.7988324468316175,1610,9284,6957102802074112.0,36978659665920.0
6078,question_53_aime_Qwen3-4B_S16,16,1,1,1,1,0.0,0.5047628593713313,1189,2765,5619217761536000.0,30777527132160.0
6079,question_53_aime_Qwen3-4B_S8,8,1,1,1,1,0.0,0.43556784780155555,934,934,2995409201569792.0,17102589501440.0
6080,question_53_aime_Qwen3-4B_S8,8,1,1,1,1,0.0,0.755284323355636,1802,4745,5043851978957312.0,27812040352768.0
6081,question_53_aime_Qwen3-4B_S8,8,1,1,1,1,0.0,0.5047628593713313,1189,2765,3812738771740160.0,21644603704320.0
6082,question_53_aime_Qwen3-4B_S4,4,1,1,1,1,0.0,0.8163926544031919,1694,5217,4403034028014592.0,25613360804864.0
6083,question_53_aime_Qwen3-4B_S4,4,1,1,1,1,0.0,0.7474757965409241,1500,3040,3738008921674240.0,22116898313728.0
6084,question_53_aime_Qwen3-4B_S4,4,1,1,1,1,0.0,0.7474757965409241,1500,1500,3640759771328512.0,21480022369792.0
6085,question_53_aime_Qwen3-4B_S2,2,1,1,1,1,0.0,0.1780917337095094,1461,1461,2709806817701888.0,16400451359744.0
6086,question_53_aime_Qwen3-4B_S2,2,1,1,1,1,0.0,0.6538211029220198,1367,1367,3234455992138240.0,19549310313472.0
6087,question_53_aime_Qwen3-4B_S2,2,1,1,1,1,0.0,0.7682886352205299,1226,2681,2525908971538944.0,15352215458816.0
6088,question_53_aime_Qwen3-4B_S1,1,1,1,1,1,0.0,0.6649425105982707,1442,1442,1940520173513216.0,11865226250752.0
6089,question_53_aime_Qwen3-4B_S1,1,1,1,1,1,0.0,0.7474757965409241,1500,1500,1989006019281408.0,12302056035840.0
6090,question_53_aime_Qwen3-4B_S1,1,1,1,1,1,0.0,0.755284323355636,1802,1802,2411091355104768.0,14811031140864.0
6091,question_54_aime_Qwen3-4B_S64,64,1,1,1,1,0.0,0.0777103415741032,325,4020,3954370214216704.0,16437087761408.0
6092,question_54_aime_Qwen3-4B_S64,64,1,1,1,1,0.0,0.0777103415741032,325,4020,3954370214216704.0,16437087761408.0
6093,question_54_aime_Qwen3-4B_S64,64,1,1,1,1,0.0,0.0777103415741032,325,4020,3954370214216704.0,16437087761408.0
6094,question_54_aime_Qwen3-4B_S32,32,1,1,1,1,0.0,0.07640184524823453,355,7545,2943284028673024.0,13560400841728.0
6095,question_54_aime_Qwen3-4B_S32,32,1,1,1,1,0.0,0.0777103415741032,325,2004,2978728414556672.0,14632335995392.0
6096,question_54_aime_Qwen3-4B_S32,32,1,1,1,1,0.0,0.07640184524823453,355,5851,3685930255215616.0,18151443019264.0
6097,question_54_aime_Qwen3-4B_S16,16,1,1,1,1,0.0,0.07640184524823453,355,4822,2872399290890240.0,15710240976896.0
6098,question_54_aime_Qwen3-4B_S16,16,1,1,1,1,0.0,0.06062667277181091,520,3331,2268320113842688.0,11739804132352.0
6099,question_54_aime_Qwen3-4B_S16,16,1,1,1,1,0.0,0.0777103415741032,325,1351,1760727990197248.0,9162371508224.0
6100,question_54_aime_Qwen3-4B_S8,8,1,1,1,1,0.0,0.06760479847216555,399,2428,2472925010970624.0,14485130303488.0
6101,question_54_aime_Qwen3-4B_S8,8,1,1,1,1,0.0,0.07640184524823453,355,2885,1335912554671616.0,7283983399424.0
6102,question_54_aime_Qwen3-4B_S8,8,1,1,1,1,0.0,0.07950979721425863,381,1717,1797668917791744.0,10051386236416.0
6103,question_54_aime_Qwen3-4B_S4,4,1,1,1,1,0.0,0.05210869597611665,475,475,2699807333560832.0,16276387840512.0
6104,question_54_aime_Qwen3-4B_S4,4,1,1,1,1,0.0,0.6238703798678914,965,1941,1997617642351104.0,11881464952832.0
6105,question_54_aime_Qwen3-4B_S4,4,1,1,1,1,0.0,0.07950979721425863,381,802,1219694314170880.0,7127953592832.0
6106,question_54_aime_Qwen3-4B_S2,2,1,1,1,1,0.0,0.05673520177520561,459,459,1199055245882368.0,7216747437568.0
6107,question_54_aime_Qwen3-4B_S2,2,1,1,1,1,0.0,0.07210161329039921,430,430,1052454186596864.0,6365478608896.0
6108,question_54_aime_Qwen3-4B_S2,2,1,1,1,1,0.0,0.06760479847216555,399,807,707614844120576.0,4249393797120.0
6109,question_54_aime_Qwen3-4B_S1,1,1,1,1,1,0.0,0.6238703798678914,965,965,1283001588764160.0,7938282232832.0
6110,question_54_aime_Qwen3-4B_S1,1,1,1,1,1,0.0,0.39438512328767256,730,730,981736412219904.0,6028829237760.0
6111,question_54_aime_Qwen3-4B_S1,1,1,1,1,1,0.0,0.04167673953940446,733,733,1003485371138560.0,6077195329536.0
6112,question_55_aime_Qwen3-4B_S64,64,1,1,1,1,0.0,0.28194272513220847,541,1809,4132465905412608.0,17341021763584.0
6113,question_55_aime_Qwen3-4B_S64,64,1,1,1,1,0.0,0.28194272513220847,541,1809,4132465905412608.0,17341021763584.0
6114,question_55_aime_Qwen3-4B_S64,64,1,1,1,1,0.0,0.28194272513220847,541,1809,4132465905412608.0,17341021763584.0
6115,question_55_aime_Qwen3-4B_S32,32,1,1,1,1,0.0,0.16868737437166764,711,1268,2807527270617600.0,13486673853952.0
6116,question_55_aime_Qwen3-4B_S32,32,1,1,1,1,0.0,0.16868737437166764,711,2813,4210563654891008.0,20624392374784.0
6117,question_55_aime_Qwen3-4B_S32,32,1,1,1,1,0.0,0.28194272513220847,541,1809,2916456607534592.0,14162979862016.0
6118,question_55_aime_Qwen3-4B_S16,16,1,1,1,1,0.0,0.15787150295982755,738,2849,4137769381182464.0,22335295459328.0
6119,question_55_aime_Qwen3-4B_S16,16,1,1,1,1,0.0,0.28194272513220847,541,1252,2606425604855296.0,14201192132096.0
6120,question_55_aime_Qwen3-4B_S16,16,1,1,1,1,0.0,0.28194272513220847,541,541,2286630101651968.0,12281713138688.0
6121,question_55_aime_Qwen3-4B_S8,8,1,1,1,1,0.0,0.07488224420958967,570,1938,2289391705005056.0,12990765072896.0
6122,question_55_aime_Qwen3-4B_S8,8,1,1,1,1,0.0,0.09070838582733136,665,2354,2484574853082112.0,13959590745600.0
6123,question_55_aime_Qwen3-4B_S8,8,1,1,1,1,0.0,0.11016706459184136,661,2091,2726920262185984.0,15623604392448.0
6124,question_55_aime_Qwen3-4B_S4,4,1,1,1,1,0.0,0.08495981752607774,530,530,1876281012185600.0,11105628359168.0
6125,question_55_aime_Qwen3-4B_S4,4,1,1,1,1,0.0,0.13256888509515485,851,3101,2021496404502016.0,11677247754752.0
6126,question_55_aime_Qwen3-4B_S4,4,1,1,1,1,0.0,0.09430837930435301,596,2000,1838178601220608.0,10899614020608.0
6127,question_55_aime_Qwen3-4B_S2,2,1,1,1,1,0.0,0.07665453591987059,608,608,1416548192693248.0,8556397332480.0
6128,question_55_aime_Qwen3-4B_S2,2,1,1,1,1,0.0,0.1406369224223115,934,1728,1649097221244416.0,9830271764992.0
6129,question_55_aime_Qwen3-4B_S2,2,1,1,1,1,0.0,0.21499401716288016,697,1444,1464916379913728.0,8848595360768.0
6130,question_55_aime_Qwen3-4B_S1,1,1,1,1,1,0.0,0.1108707299044719,1105,1105,1510274305953792.0,9134138771456.0
6131,question_55_aime_Qwen3-4B_S1,1,1,1,1,1,0.0,0.07291360059003742,794,794,1078409244285440.0,6561632414208.0
6132,question_55_aime_Qwen3-4B_S1,1,1,1,1,1,0.0,0.3047989339941791,753,753,1018161807128576.0,6221353290752.0
6133,question_56_aime_Qwen3-4B_S64,64,1,1,1,1,0.0,0.642454767834182,1516,5135,1.4665245405091328e+16,53954041696256.0
6134,question_56_aime_Qwen3-4B_S64,64,1,1,1,1,0.0,0.642454767834182,1516,5135,1.4665245405091328e+16,53954041696256.0
6135,question_56_aime_Qwen3-4B_S64,64,1,1,1,1,0.0,0.642454767834182,1516,5135,1.4665245405091328e+16,53954041696256.0
6136,question_56_aime_Qwen3-4B_S32,32,1,1,1,1,0.0,0.642454767834182,1516,5135,1.028830604598016e+16,45380519184384.0
6137,question_56_aime_Qwen3-4B_S32,32,1,1,1,1,0.0,0.642454767834182,1516,2737,9228605791239168.0,39408704879104.0
6138,question_56_aime_Qwen3-4B_S32,32,1,1,1,1,0.0,0.642454767834182,1516,5135,1.0402544698518528e+16,46133263137280.0
6139,question_56_aime_Qwen3-4B_S16,16,1,1,1,1,0.0,0.5424521792793606,1646,5957,1.0710805512859136e+16,50428494589952.0
6140,question_56_aime_Qwen3-4B_S16,16,1,1,1,1,0.0,0.4680673214176429,2226,9846,1.22999252170752e+16,55649826665472.0
6141,question_56_aime_Qwen3-4B_S16,16,1,1,1,1,0.0,0.367928731409639,1221,1221,8101790099913216.0,40365789645824.0
6142,question_56_aime_Qwen3-4B_S8,8,1,1,1,1,0.0,0.04947693398855156,2426,2426,1.0236389904121856e+16,52683202973184.0
6143,question_56_aime_Qwen3-4B_S8,8,1,1,1,1,0.0,0.40340851730834915,2333,10742,9368168531048448.0,48347572133376.0
6144,question_56_aime_Qwen3-4B_S8,8,1,1,1,1,0.0,0.367928731409639,1221,1221,5761351695556096.0,31257861236224.0
6145,question_56_aime_Qwen3-4B_S4,4,1,1,1,1,0.0,0.34645105801674214,2642,5525,8727526676445696.0,47951284603392.0
6146,question_56_aime_Qwen3-4B_S4,4,1,1,1,1,0.0,0.4029806062085005,2359,5981,7853924964525568.0,43901884281344.0
6147,question_56_aime_Qwen3-4B_S4,4,1,1,1,1,0.0,0.389732935334879,1415,1415,4745897199969792.0,27257499398656.0
6148,question_56_aime_Qwen3-4B_S2,2,1,1,1,1,0.0,0.40340851730834915,2333,2333,4687463982342656.0,27344955783680.0
6149,question_56_aime_Qwen3-4B_S2,2,1,1,1,1,0.0,0.4653379227385516,2348,2348,4886879490593280.0,28710625076224.0
6150,question_56_aime_Qwen3-4B_S2,2,1,1,1,1,0.0,0.642454767834182,1516,1516,2847731604385792.0,17141872852992.0
6151,question_56_aime_Qwen3-4B_S1,1,1,1,1,1,0.0,0.3324660945658478,3167,3167,4467079592289792.0,26266214477824.0
6152,question_56_aime_Qwen3-4B_S1,1,1,1,1,1,0.0,0.025974096381066514,3751,3751,5265095031821312.0,31067981998080.0
6153,question_56_aime_Qwen3-4B_S1,1,1,1,1,1,0.0,0.22588966254843312,3405,3405,4922701332241920.0,28313287818240.0
6154,question_57_aime_Qwen3-4B_S64,64,1,1,1,1,0.0,0.5,2087,9439,2.006091386583757e+16,77603714547200.0
6155,question_57_aime_Qwen3-4B_S64,64,1,1,1,1,0.0,0.5,2087,9439,2.006091386583757e+16,77603714547200.0
6156,question_57_aime_Qwen3-4B_S64,64,1,1,1,1,0.0,0.5,2087,9439,2.006091386583757e+16,77603714547200.0
6157,question_57_aime_Qwen3-4B_S32,32,1,1,1,1,0.0,0.5,2486,7352,1.3991647662157824e+16,63624796704256.0
6158,question_57_aime_Qwen3-4B_S32,32,1,1,1,1,0.0,0.5,2486,4573,1.3400703015573504e+16,58928854621696.0
6159,question_57_aime_Qwen3-4B_S32,32,1,1,1,1,0.0,0.5,1470,8099,1.3998347259018752e+16,63326376415744.0
6160,question_57_aime_Qwen3-4B_S16,16,1,1,1,1,0.0,0.5,1340,5296,1.0084482387551744e+16,52010610667520.0
6161,question_57_aime_Qwen3-4B_S16,16,1,1,1,1,0.0,0.5,2486,2486,1.1453058327798784e+16,57711565959168.0
6162,question_57_aime_Qwen3-4B_S16,16,1,1,1,1,0.0,0.5,2083,14034,1.3242488400897536e+16,64874917680640.0
6163,question_57_aime_Qwen3-4B_S8,8,1,1,1,1,0.0,0.5,1821,6163,8565239164516352.0,47070556716032.0
6164,question_57_aime_Qwen3-4B_S8,8,1,1,1,1,0.0,0.5,2486,2486,9086259386013696.0,49997310066688.0
6165,question_57_aime_Qwen3-4B_S8,8,1,1,1,1,0.0,0.5,1470,1470,8310351502737920.0,45341808034816.0
6166,question_57_aime_Qwen3-4B_S4,4,1,1,1,1,0.0,0.5,2087,2087,5604384814977024.0,32718056499712.0
6167,question_57_aime_Qwen3-4B_S4,4,1,1,1,1,0.0,0.5,2626,7337,7209080665429504.0,41129373163520.0
6168,question_57_aime_Qwen3-4B_S4,4,1,1,1,1,0.0,0.5,1340,1340,4621778940369920.0,26790879252992.0
6169,question_57_aime_Qwen3-4B_S2,2,1,1,1,1,0.0,0.5,3325,3325,6608199224185344.0,38991328209408.0
6170,question_57_aime_Qwen3-4B_S2,2,1,1,1,1,0.0,0.5,2056,2056,4958234820783104.0,29884913367040.0
6171,question_57_aime_Qwen3-4B_S2,2,1,1,1,1,0.0,0.5,2855,6211,6232538704566784.0,35911189765120.0
6172,question_57_aime_Qwen3-4B_S1,1,1,1,1,1,0.0,0.5,3665,3665,5110391699210752.0,30354686258176.0
6173,question_57_aime_Qwen3-4B_S1,1,1,1,1,1,0.0,0.5,3841,3841,5194128605454336.0,31662301019136.0
6174,question_57_aime_Qwen3-4B_S1,1,1,1,1,1,0.0,0.5,1952,1952,2692113723516928.0,16156168456704.0
6175,question_58_aime_Qwen3-4B_S64,64,1,1,1,1,0.0,0.3676190925467008,1184,3402,1.0136297906894848e+16,40587967776768.0
6176,question_58_aime_Qwen3-4B_S64,64,1,1,1,1,0.0,0.3676190925467008,1184,3402,1.0136297906894848e+16,40587967776768.0
6177,question_58_aime_Qwen3-4B_S64,64,1,1,1,1,0.0,0.3676190925467008,1184,3402,1.0136297906894848e+16,40587967776768.0
6178,question_58_aime_Qwen3-4B_S32,32,1,1,1,1,0.0,0.36336914179270746,623,623,6456701551966720.0,29278857257472.0
6179,question_58_aime_Qwen3-4B_S32,32,1,1,1,1,0.0,0.36336914179270746,623,623,6775720881052160.0,31095508427264.0
6180,question_58_aime_Qwen3-4B_S32,32,1,1,1,1,0.0,0.3676190925467008,1184,2779,6485999905504256.0,29328417132032.0
6181,question_58_aime_Qwen3-4B_S16,16,1,1,1,1,0.0,0.6341188608476094,1059,2092,6225157327127040.0,30478920037888.0
6182,question_58_aime_Qwen3-4B_S16,16,1,1,1,1,0.0,0.3676190925467008,1184,1807,4967033408037376.0,25657050290688.0
6183,question_58_aime_Qwen3-4B_S16,16,1,1,1,1,0.0,0.3039155786813183,662,662,4860206740918784.0,25164012073472.0
6184,question_58_aime_Qwen3-4B_S8,8,1,1,1,1,0.0,0.36336914179270746,623,623,3539029177220608.0,19821327220224.0
6185,question_58_aime_Qwen3-4B_S8,8,1,1,1,1,0.0,0.3039155786813183,662,662,3592088747959808.0,20117242738688.0
6186,question_58_aime_Qwen3-4B_S8,8,1,1,1,1,0.0,0.3039155786813183,662,662,3154302159995904.0,17255569441792.0
6187,question_58_aime_Qwen3-4B_S4,4,1,1,1,1,0.0,0.40320037361810507,2122,3770,5484869163520000.0,31344397542912.0
6188,question_58_aime_Qwen3-4B_S4,4,1,1,1,1,0.0,0.3978375965899419,1059,1992,3238741392058880.0,18912163824640.0
6189,question_58_aime_Qwen3-4B_S4,4,1,1,1,1,0.0,0.36336914179270746,623,623,2146087198012416.0,12427052339200.0
6190,question_58_aime_Qwen3-4B_S2,2,1,1,1,1,0.0,0.35441015593610203,3461,6207,6609605658084864.0,38368761851392.0
6191,question_58_aime_Qwen3-4B_S2,2,1,1,1,1,0.0,0.5600772107949453,1772,3182,3185471188262400.0,18496479157760.0
6192,question_58_aime_Qwen3-4B_S2,2,1,1,1,1,0.0,0.4262628240062688,1033,1033,2821088567996416.0,16949684907008.0
6193,question_58_aime_Qwen3-4B_S1,1,1,1,1,1,0.0,0.49155210637783814,1222,1222,1684027407144448.0,10119414492160.0
6194,question_58_aime_Qwen3-4B_S1,1,1,1,1,1,0.0,0.35249462700634815,3437,3437,4801459845331456.0,28507693940736.0
6195,question_58_aime_Qwen3-4B_S1,1,1,1,1,1,0.0,0.2730172809249447,2570,2570,3626840799515136.0,21330633449472.0
6196,question_59_aime_Qwen3-4B_S64,64,1,1,1,1,0.0,0.5,657,657,7534031861486080.0,26769432251904.0
6197,question_59_aime_Qwen3-4B_S64,64,1,1,1,1,0.0,0.5,657,657,7534031861486080.0,26769432251904.0
6198,question_59_aime_Qwen3-4B_S64,64,1,1,1,1,0.0,0.5,657,657,7534031861486080.0,26769432251904.0
6199,question_59_aime_Qwen3-4B_S32,32,1,1,1,1,0.0,0.5,657,657,4956110292369920.0,21047096370176.0
6200,question_59_aime_Qwen3-4B_S32,32,1,1,1,1,0.0,0.5,933,933,7624915783375872.0,31890631602176.0
6201,question_59_aime_Qwen3-4B_S32,32,1,1,1,1,0.0,0.5,657,657,5308096792509440.0,23094005026304.0
6202,question_59_aime_Qwen3-4B_S16,16,1,1,1,1,0.0,0.5,657,657,3637729033829376.0,18021398453248.0
6203,question_59_aime_Qwen3-4B_S16,16,1,1,1,1,0.0,0.5,1485,4151,6845479800355328.0,31321880687616.0
6204,question_59_aime_Qwen3-4B_S16,16,1,1,1,1,0.0,0.5,1485,3713,8027267025401344.0,37208307817472.0
6205,question_59_aime_Qwen3-4B_S8,8,1,1,1,1,0.0,0.5,657,657,2954707264607744.0,16246072830464.0
6206,question_59_aime_Qwen3-4B_S8,8,1,1,1,1,0.0,0.5,2228,5038,5589798634341888.0,29731686280704.0
6207,question_59_aime_Qwen3-4B_S8,8,1,1,1,1,0.0,0.5,657,657,2783013411584512.0,15218300579328.0
6208,question_59_aime_Qwen3-4B_S4,4,1,1,1,1,0.0,0.5,1426,4139,3910024173057024.0,21400891621888.0
6209,question_59_aime_Qwen3-4B_S4,4,1,1,1,1,0.0,0.5,1656,6226,6100793296830976.0,32629439432704.0
6210,question_59_aime_Qwen3-4B_S4,4,1,1,1,1,0.0,0.5,1880,1880,6064658845612544.0,32368599638528.0
6211,question_59_aime_Qwen3-4B_S2,2,1,1,1,1,0.0,0.5,1801,3681,3637407435672064.0,20862154245632.0
6212,question_59_aime_Qwen3-4B_S2,2,1,1,1,1,0.0,0.5,1801,1801,3908529525001216.0,21782026245632.0
6213,question_59_aime_Qwen3-4B_S2,2,1,1,1,1,0.0,0.5,1923,4364,4444891760728576.0,25283500118016.0
6214,question_59_aime_Qwen3-4B_S1,1,1,1,1,1,0.0,0.5,2624,2624,3893102110924288.0,21918926211072.0
6215,question_59_aime_Qwen3-4B_S1,1,1,1,1,1,0.0,0.5,1332,1332,1865253409901056.0,11073047564800.0
6216,question_59_aime_Qwen3-4B_S1,1,1,1,1,1,0.0,0.5,1485,1485,2026241138253312.0,12268013654016.0
6217,question_6_aime_Qwen3-4B_S64,64,1,1,1,1,0.0,0.2638400807579887,554,554,3154312850137088.0,14378345174528.0
6218,question_6_aime_Qwen3-4B_S64,64,1,1,1,1,0.0,0.2638400807579887,554,554,3154312850137088.0,14378345174528.0
6219,question_6_aime_Qwen3-4B_S64,64,1,1,1,1,0.0,0.2638400807579887,554,554,3154312850137088.0,14378345174528.0
6220,question_6_aime_Qwen3-4B_S32,32,1,1,1,1,0.0,0.8805332344818185,1001,2517,4434847065958912.0,22309437023232.0
6221,question_6_aime_Qwen3-4B_S32,32,1,1,1,1,0.0,0.8175963085797308,816,816,4414470540299776.0,22198040719872.0
6222,question_6_aime_Qwen3-4B_S32,32,1,1,1,1,0.0,0.8805332344818185,1001,1701,4618387551831552.0,23400614823424.0
6223,question_6_aime_Qwen3-4B_S16,16,1,1,1,1,0.0,0.2638400807579887,554,554,1952382915054080.0,10992873439232.0
6224,question_6_aime_Qwen3-4B_S16,16,1,1,1,1,0.0,0.8175963085797308,816,816,3367985398882816.0,18670607141376.0
6225,question_6_aime_Qwen3-4B_S16,16,1,1,1,1,0.0,0.9312042191264999,1364,11474,4621184818459136.0,24501942702080.0
6226,question_6_aime_Qwen3-4B_S8,8,1,1,1,1,0.0,0.28748971583486377,1059,1059,3386872929930240.0,19431997772800.0
6227,question_6_aime_Qwen3-4B_S8,8,1,1,1,1,0.0,0.2638400807579887,554,554,1694810502484992.0,10096471627264.0
6228,question_6_aime_Qwen3-4B_S8,8,1,1,1,1,0.0,0.8805332344818185,1001,1812,2583587231224832.0,15108901188608.0
6229,question_6_aime_Qwen3-4B_S4,4,1,1,1,1,0.0,0.4344368599231853,811,811,2055786626129408.0,12255989722624.0
6230,question_6_aime_Qwen3-4B_S4,4,1,1,1,1,0.0,0.7815112883628422,1040,2097,2939833658050048.0,17671696925184.0
6231,question_6_aime_Qwen3-4B_S4,4,1,1,1,1,0.0,0.4745162636287978,700,700,2282825856787968.0,13759538615296.0
6232,question_6_aime_Qwen3-4B_S2,2,1,1,1,1,0.0,0.8680998981016739,983,2000,1997103077042688.0,12098914242048.0
6233,question_6_aime_Qwen3-4B_S2,2,1,1,1,1,0.0,0.880673061685095,1173,2139,2219057348453888.0,13436662061568.0
6234,question_6_aime_Qwen3-4B_S2,2,1,1,1,1,0.0,0.9098366987358696,1039,2103,2146386252111872.0,13012627870208.0
6235,question_6_aime_Qwen3-4B_S1,1,1,1,1,1,0.0,0.8680998981016739,983,983,1323938389779968.0,8128400252416.0
6236,question_6_aime_Qwen3-4B_S1,1,1,1,1,1,0.0,0.8835920425026881,866,866,1151691879822848.0,7136069443584.0
6237,question_6_aime_Qwen3-4B_S1,1,1,1,1,1,0.0,0.9016618881961651,1275,1275,1722164369161728.0,10540015518208.0
6238,question_7_aime_Qwen3-4B_S64,64,1,1,1,1,0.0,0.3629198814032796,590,3796,5990895783674880.0,20637173394944.0
6239,question_7_aime_Qwen3-4B_S64,64,1,1,1,1,0.0,0.3629198814032796,590,3796,5990895783674880.0,20637173394944.0
6240,question_7_aime_Qwen3-4B_S64,64,1,1,1,1,0.0,0.3629198814032796,590,3796,5990895783674880.0,20637173394944.0
6241,question_7_aime_Qwen3-4B_S32,32,1,1,1,1,0.0,0.3629198814032796,590,2599,4183836208049152.0,17918020661248.0
6242,question_7_aime_Qwen3-4B_S32,32,1,1,1,1,0.0,0.3629198814032796,590,1927,4208831219935232.0,18109597281792.0
6243,question_7_aime_Qwen3-4B_S32,32,1,1,1,1,0.0,0.4073305077937663,670,1982,4447072866679808.0,18801661622272.0
6244,question_7_aime_Qwen3-4B_S16,16,1,1,1,1,0.0,0.3629198814032796,590,1877,3098110921911808.0,15447826293760.0
6245,question_7_aime_Qwen3-4B_S16,16,1,1,1,1,0.0,0.2949434410352863,572,1187,2993948787692032.0,14786300537344.0
6246,question_7_aime_Qwen3-4B_S16,16,1,1,1,1,0.0,0.4073305077937663,670,1260,3471207051754496.0,17336900643328.0
6247,question_7_aime_Qwen3-4B_S8,8,1,1,1,1,0.0,0.3517651014104954,720,720,3339133184560128.0,17759587520000.0
6248,question_7_aime_Qwen3-4B_S8,8,1,1,1,1,0.0,0.27565918420320157,615,615,2501754210760704.0,13760822027264.0
6249,question_7_aime_Qwen3-4B_S8,8,1,1,1,1,0.0,0.4073305077937663,670,1242,2471722592098304.0,13386664314368.0
6250,question_7_aime_Qwen3-4B_S4,4,1,1,1,1,0.0,0.27565918420320157,615,615,1931625230518784.0,11329432587264.0
6251,question_7_aime_Qwen3-4B_S4,4,1,1,1,1,0.0,0.5259808376995563,1392,2749,4062430858101248.0,22184387018752.0
6252,question_7_aime_Qwen3-4B_S4,4,1,1,1,1,0.0,0.3629198814032796,590,590,1800650340986880.0,10370014915584.0
6253,question_7_aime_Qwen3-4B_S2,2,1,1,1,1,0.0,0.44097200212505083,1243,1243,2754575903761408.0,16150019388416.0
6254,question_7_aime_Qwen3-4B_S2,2,1,1,1,1,0.0,0.28527788225379813,1706,1706,3469238875712512.0,19844147058176.0
6255,question_7_aime_Qwen3-4B_S2,2,1,1,1,1,0.0,0.49513079718344016,1730,3087,3224946782925824.0,18552904960512.0
6256,question_7_aime_Qwen3-4B_S1,1,1,1,1,1,0.0,0.19870716184808934,2391,2391,3345174331051008.0,19809942738944.0
6257,question_7_aime_Qwen3-4B_S1,1,1,1,1,1,0.0,0.3166402260608662,812,812,1096510631663104.0,6703301553152.0
6258,question_7_aime_Qwen3-4B_S1,1,1,1,1,1,0.0,0.28527788225379813,1706,1706,2389330411229184.0,14144381422592.0
6259,question_8_aime_Qwen3-4B_S64,64,1,1,1,1,0.0,0.6412833170107827,1412,5093,8564904811796992.0,33332202066944.0
6260,question_8_aime_Qwen3-4B_S64,64,1,1,1,1,0.0,0.6412833170107827,1412,5093,8564904811796992.0,33332202066944.0
6261,question_8_aime_Qwen3-4B_S64,64,1,1,1,1,0.0,0.6412833170107827,1412,5093,8564904811796992.0,33332202066944.0
6262,question_8_aime_Qwen3-4B_S32,32,1,1,1,1,0.0,0.4700202828111414,1377,3681,6339958409683456.0,29575124793344.0
6263,question_8_aime_Qwen3-4B_S32,32,1,1,1,1,0.0,0.4150401401461789,1223,2304,6934399114544128.0,31660912344064.0
6264,question_8_aime_Qwen3-4B_S32,32,1,1,1,1,0.0,0.4278869968733248,1603,2826,6956790264451072.0,31445430549504.0
6265,question_8_aime_Qwen3-4B_S16,16,1,1,1,1,0.0,0.4706305112820649,1276,6511,6974923106779648.0,35479187487744.0
6266,question_8_aime_Qwen3-4B_S16,16,1,1,1,1,0.0,0.4257410176743542,1993,9615,7215135379309056.0,36153443713024.0
6267,question_8_aime_Qwen3-4B_S16,16,1,1,1,1,0.0,0.6412833170107827,1412,3015,5166949223418880.0,26943438948352.0
6268,question_8_aime_Qwen3-4B_S8,8,1,1,1,1,0.0,0.6220166681997988,1307,7569,4809323240339456.0,26273567438848.0
6269,question_8_aime_Qwen3-4B_S8,8,1,1,1,1,0.0,0.3524257107272552,1472,7011,4941064746777600.0,26917853575680.0
6270,question_8_aime_Qwen3-4B_S8,8,1,1,1,1,0.0,0.4150401401461789,1223,2304,3793215604470272.0,21380890856448.0
6271,question_8_aime_Qwen3-4B_S4,4,1,1,1,1,0.0,0.4700202828111414,1377,1377,3503000319499264.0,20881565611520.0
6272,question_8_aime_Qwen3-4B_S4,4,1,1,1,1,0.0,0.6412833170107827,1412,2635,3423438299468288.0,20386776622080.0
6273,question_8_aime_Qwen3-4B_S4,4,1,1,1,1,0.0,0.569820376905658,1286,5806,4019832418395136.0,23241011420672.0
6274,question_8_aime_Qwen3-4B_S2,2,1,1,1,1,0.0,0.5472814088456305,1373,2675,2521857784456704.0,14875910921216.0
6275,question_8_aime_Qwen3-4B_S2,2,1,1,1,1,0.0,0.22159625163344027,1310,1310,2890556881033728.0,17349330316288.0
6276,question_8_aime_Qwen3-4B_S2,2,1,1,1,1,0.0,0.3053312973349691,1188,1188,2923377513987584.0,17407660938752.0
6277,question_8_aime_Qwen3-4B_S1,1,1,1,1,1,0.0,0.4700202828111414,1377,1377,1818555260960256.0,11287001512960.0
6278,question_8_aime_Qwen3-4B_S1,1,1,1,1,1,0.0,0.6220166681997988,1307,1307,1763946668363264.0,10782712266240.0
6279,question_8_aime_Qwen3-4B_S1,1,1,1,1,1,0.0,0.4918572204954299,1669,1669,2277549647069696.0,13792227532288.0
6280,question_9_aime_Qwen3-4B_S64,64,1,1,1,1,0.0,0.4644664079103257,601,601,8281868372147200.0,29800566318080.0
6281,question_9_aime_Qwen3-4B_S64,64,1,1,1,1,0.0,0.4644664079103257,601,601,8281868372147200.0,29800566318080.0
6282,question_9_aime_Qwen3-4B_S64,64,1,1,1,1,0.0,0.4644664079103257,601,601,8281868372147200.0,29800566318080.0
6283,question_9_aime_Qwen3-4B_S32,32,1,1,1,1,0.0,0.5659524428444486,980,4166,9454455092421120.0,39566449607680.0
6284,question_9_aime_Qwen3-4B_S32,32,1,1,1,1,0.0,0.4644664079103257,601,601,5545078825312768.0,24102714739712.0
6285,question_9_aime_Qwen3-4B_S32,32,1,1,1,1,0.0,0.4644664079103257,601,601,5440962447054848.0,23350545152512.0
6286,question_9_aime_Qwen3-4B_S16,16,1,1,1,1,0.0,0.5309437768847189,1160,1160,6889676304224256.0,33281034266112.0
6287,question_9_aime_Qwen3-4B_S16,16,1,1,1,1,0.0,0.4644664079103257,601,601,4221636942545920.0,21331828800512.0
6288,question_9_aime_Qwen3-4B_S16,16,1,1,1,1,0.0,0.4644664079103257,601,601,3912676432409088.0,19431499087872.0
6289,question_9_aime_Qwen3-4B_S8,8,1,1,1,1,0.0,0.5582056262978828,1005,2165,5154379082988032.0,27751118620672.0
6290,question_9_aime_Qwen3-4B_S8,8,1,1,1,1,0.0,0.5659524428444486,980,980,5540829510881280.0,29937740500480.0
6291,question_9_aime_Qwen3-4B_S8,8,1,1,1,1,0.0,0.5122698047155865,1260,2761,6787531400873984.0,35941249506816.0
6292,question_9_aime_Qwen3-4B_S4,4,1,1,1,1,0.0,0.3703423462598575,1089,1089,4553411301377024.0,25206717804544.0
6293,question_9_aime_Qwen3-4B_S4,4,1,1,1,1,0.0,0.29732118633961163,1912,1912,4816037879862784.0,27332226498048.0
6294,question_9_aime_Qwen3-4B_S4,4,1,1,1,1,0.0,0.29732118633961163,1912,1912,4822344945930240.0,27183269357056.0
6295,question_9_aime_Qwen3-4B_S2,2,1,1,1,1,0.0,0.17449418010878057,1678,1678,3972321710276096.0,23181128915456.0
6296,question_9_aime_Qwen3-4B_S2,2,1,1,1,1,0.0,0.17449418010878057,1678,1678,3684227067487744.0,21573959831040.0
6297,question_9_aime_Qwen3-4B_S2,2,1,1,1,1,0.0,0.1388990373590375,2369,2369,5198948967666176.0,30031391041536.0
6298,question_9_aime_Qwen3-4B_S1,1,1,1,1,1,0.0,0.230938393998743,1603,1603,2219295905659392.0,13266111095808.0
6299,question_9_aime_Qwen3-4B_S1,1,1,1,1,1,0.0,0.3836154455641915,2049,2049,2864098860148224.0,16973197940224.0
6300,question_9_aime_Qwen3-4B_S1,1,1,1,1,1,0.0,0.5582056262978828,1005,1005,1380048346905600.0,8336463328768.0
6301,question_0_aime_Qwen3-1.7B_S64,64,1,1,1,1,0.0,0.28800558133952336,161,4789,1400072436822528.0,5928465007360.0
6302,question_0_aime_Qwen3-1.7B_S64,64,1,1,1,1,0.0,0.28800558133952336,161,4789,1400072436822528.0,5928465007360.0
6303,question_0_aime_Qwen3-1.7B_S64,64,1,1,1,1,0.0,0.28800558133952336,161,4789,1400072436822528.0,5928465007360.0
6304,question_0_aime_Qwen3-1.7B_S32,32,1,1,1,1,0.0,0.28800558133952336,161,2788,1121292818455040.0,5613629817600.0
6305,question_0_aime_Qwen3-1.7B_S32,32,1,1,1,1,0.0,0.28800558133952336,161,1915,1019983732409600.0,5033963995648.0
6306,question_0_aime_Qwen3-1.7B_S32,32,1,1,1,1,0.0,0.28800558133952336,161,2166,1082002160832768.0,5378092204800.0
6307,question_0_aime_Qwen3-1.7B_S16,16,1,1,1,1,0.0,0.4110728678087805,392,2010,835568292604416.0,4350759931392.0
6308,question_0_aime_Qwen3-1.7B_S16,16,1,1,1,1,0.0,0.21755698577831709,275,1010,713154357371904.0,3792134031616.0
6309,question_0_aime_Qwen3-1.7B_S16,16,1,1,1,1,0.0,0.14142980936130706,392,3319,1088972355127552.0,5948204711680.0
6310,question_0_aime_Qwen3-1.7B_S8,8,1,1,1,1,0.0,0.10991991270519369,362,362,485821607799808.0,2745692495616.0
6311,question_0_aime_Qwen3-1.7B_S8,8,1,1,1,1,0.0,0.13806367153194707,438,800,595802408273408.0,3438099175168.0
6312,question_0_aime_Qwen3-1.7B_S8,8,1,1,1,1,0.0,0.13014106404589465,443,1387,769723603952128.0,4014355534336.0
6313,question_0_aime_Qwen3-1.7B_S4,4,1,1,1,1,0.0,0.1051223827870147,411,753,831736285364992.0,4926373333504.0
6314,question_0_aime_Qwen3-1.7B_S4,4,1,1,1,1,0.0,0.10854224355263771,454,454,592382268445184.0,3537645035008.0
6315,question_0_aime_Qwen3-1.7B_S4,4,1,1,1,1,0.0,0.13806367153194707,438,781,511106012426240.0,3032865651200.0
6316,question_0_aime_Qwen3-1.7B_S2,2,1,1,1,1,0.0,0.19872988286174154,451,451,377279849594368.0,2329711732992.0
6317,question_0_aime_Qwen3-1.7B_S2,2,1,1,1,1,0.0,0.10704554808081641,325,325,430929597052416.0,2611826380800.0
6318,question_0_aime_Qwen3-1.7B_S2,2,1,1,1,1,0.0,0.20298261957996874,490,950,478776544501248.0,2809723184128.0
6319,question_0_aime_Qwen3-1.7B_S1,1,1,1,1,1,0.0,0.1051223827870147,411,411,282571003325184.0,1728025924352.0
6320,question_0_aime_Qwen3-1.7B_S1,1,1,1,1,1,0.0,0.07838092098528233,577,577,394136319408384.0,2417444540672.0
6321,question_0_aime_Qwen3-1.7B_S1,1,1,1,1,1,0.0,0.4445881707422908,472,472,337918596359680.0,2009324624384.0
6322,question_1_aime_Qwen3-1.7B_S64,64,1,1,1,1,1.0,0.898008941353101,358,706,1494351659752448.0,5544318540544.0
6323,question_1_aime_Qwen3-1.7B_S64,64,1,1,1,1,1.0,0.8320042926679779,384,1149,1494351659752448.0,5544318540544.0
6324,question_1_aime_Qwen3-1.7B_S64,64,1,1,1,1,1.0,0.898008941353101,358,2378,1494351659752448.0,5544318540544.0
6325,question_1_aime_Qwen3-1.7B_S32,32,1,1,1,1,1.0,0.7609306226162446,483,1100,1147710330434304.0,5278138164992.0
6326,question_1_aime_Qwen3-1.7B_S32,32,1,1,1,1,1.0,0.9344591483474572,454,454,1187240887503104.0,5431600206592.0
6327,question_1_aime_Qwen3-1.7B_S32,32,1,1,1,1,0.0,0.7609306226162446,483,1102,1087288079972864.0,4945304163072.0
6328,question_1_aime_Qwen3-1.7B_S16,16,1,1,1,1,1.0,0.9498691013836578,380,380,938883589251328.0,4932036820480.0
6329,question_1_aime_Qwen3-1.7B_S16,16,1,1,1,1,1.0,0.9498691013836578,380,380,837319744050944.0,4268326232576.0
6330,question_1_aime_Qwen3-1.7B_S16,16,1,1,1,1,1.0,0.8320042926679779,384,657,807636960997888.0,4085987187968.0
6331,question_1_aime_Qwen3-1.7B_S8,8,1,1,1,1,1.0,0.9344591483474572,454,937,744001245639680.0,4103335789056.0
6332,question_1_aime_Qwen3-1.7B_S8,8,1,1,1,1,1.0,0.5430507538850456,346,346,672086338554624.0,3742132823296.0
6333,question_1_aime_Qwen3-1.7B_S8,8,1,1,1,1,1.0,0.9344591483474572,454,454,660227781280256.0,3677926285824.0
6334,question_1_aime_Qwen3-1.7B_S4,4,1,1,1,1,0.0,0.030883223810490273,447,447,677184885526016.0,3909967901952.0
6335,question_1_aime_Qwen3-1.7B_S4,4,1,1,1,1,1.0,0.5430507538850456,346,346,467794793337088.0,2727227025152.0
6336,question_1_aime_Qwen3-1.7B_S4,4,1,1,1,1,1.0,0.9015461069748621,465,1176,824944463512064.0,4755952490240.0
6337,question_1_aime_Qwen3-1.7B_S2,2,1,1,1,1,0.0,0.7609306226162446,483,1023,488169408468224.0,2957024607488.0
6338,question_1_aime_Qwen3-1.7B_S2,2,1,1,1,1,0.0,0.07551948110788138,482,482,636715131727360.0,3818438751232.0
6339,question_1_aime_Qwen3-1.7B_S2,2,1,1,1,1,0.0,0.2612863542505977,701,701,688211425357568.0,4058094808320.0
6340,question_1_aime_Qwen3-1.7B_S1,1,1,1,1,1,0.0,0.02858497110307873,711,711,490585620903168.0,2995016688384.0
6341,question_1_aime_Qwen3-1.7B_S1,1,1,1,1,1,0.0,0.059933802895754305,1645,1645,1177696277384704.0,6995578720256.0
6342,question_1_aime_Qwen3-1.7B_S1,1,1,1,1,1,0.0,0.2520628884050626,1316,1316,947631807256064.0,5579958644736.0
6343,question_10_aime_Qwen3-1.7B_S64,64,1,1,1,1,0.0,0.030938537993767216,76,821,597098587108352.0,2327528863744.0
6344,question_10_aime_Qwen3-1.7B_S64,64,1,1,1,1,0.0,0.030938537993767216,76,821,597098587108352.0,2327528863744.0
6345,question_10_aime_Qwen3-1.7B_S64,64,1,1,1,1,0.0,0.030938537993767216,76,821,597098587108352.0,2327528863744.0
6346,question_10_aime_Qwen3-1.7B_S32,32,1,1,1,1,0.0,0.028130413057712883,75,494,457325608705280.0,2177682524416.0
6347,question_10_aime_Qwen3-1.7B_S32,32,1,1,1,1,0.0,0.030938537993767216,76,821,445568484112640.0,2121261196544.0
6348,question_10_aime_Qwen3-1.7B_S32,32,1,1,1,1,0.0,0.026652518967853426,232,1073,539964822281472.0,2486328850432.0
6349,question_10_aime_Qwen3-1.7B_S16,16,1,1,1,1,0.0,0.022627185784124454,191,191,402504349572864.0,2069539236352.0
6350,question_10_aime_Qwen3-1.7B_S16,16,1,1,1,1,0.0,0.07371593313580559,366,1619,634617701084416.0,3233176878848.0
6351,question_10_aime_Qwen3-1.7B_S16,16,1,1,1,1,0.0,0.030938537993767216,76,379,365493093176064.0,1985418810368.0
6352,question_10_aime_Qwen3-1.7B_S8,8,1,1,1,1,0.0,0.08288661125145598,244,895,417789435406336.0,2294006104320.0
6353,question_10_aime_Qwen3-1.7B_S8,8,1,1,1,1,0.0,0.12473768544166448,336,1906,532480164968192.0,2919619698688.0
6354,question_10_aime_Qwen3-1.7B_S8,8,1,1,1,1,0.0,0.016983781236419585,228,228,353174526458880.0,2017559898368.0
6355,question_10_aime_Qwen3-1.7B_S4,4,1,1,1,1,0.0,0.018945934997352577,225,401,278278043801856.0,1605467521280.0
6356,question_10_aime_Qwen3-1.7B_S4,4,1,1,1,1,0.0,0.018638527247213196,251,251,332515400804608.0,1988692590080.0
6357,question_10_aime_Qwen3-1.7B_S4,4,1,1,1,1,0.0,0.04863925771876064,283,1109,522011816286464.0,3039599530240.0
6358,question_10_aime_Qwen3-1.7B_S2,2,1,1,1,1,0.0,0.018945934997352577,225,225,318895923084032.0,1917393287936.0
6359,question_10_aime_Qwen3-1.7B_S2,2,1,1,1,1,0.0,0.018638527247213196,251,251,308756006565888.0,1907539459840.0
6360,question_10_aime_Qwen3-1.7B_S2,2,1,1,1,1,0.0,0.018806349293559815,412,715,312725752602368.0,1846114242560.0
6361,question_10_aime_Qwen3-1.7B_S1,1,1,1,1,1,0.0,0.028130413057712883,75,75,53191881867264.0,328415200512.0
6362,question_10_aime_Qwen3-1.7B_S1,1,1,1,1,1,0.0,0.03658357333122433,257,257,177285019484160.0,1088268753152.0
6363,question_10_aime_Qwen3-1.7B_S1,1,1,1,1,1,0.0,0.026306892748551337,378,378,272570939352320.0,1657715670016.0
6364,question_11_aime_Qwen3-1.7B_S64,64,1,1,1,1,0.0,0.13856292924480634,89,1631,744576713866496.0,3534905857280.0
6365,question_11_aime_Qwen3-1.7B_S64,64,1,1,1,1,0.0,0.13856292924480634,89,1631,744576713866496.0,3534905857280.0
6366,question_11_aime_Qwen3-1.7B_S64,64,1,1,1,1,0.0,0.13856292924480634,89,1631,744576713866496.0,3534905857280.0
6367,question_11_aime_Qwen3-1.7B_S32,32,1,1,1,1,0.0,0.13856292924480634,89,1319,487945509533440.0,2532438524672.0
6368,question_11_aime_Qwen3-1.7B_S32,32,1,1,1,1,0.0,0.124250957927111,86,1053,631711393315072.0,3443977196800.0
6369,question_11_aime_Qwen3-1.7B_S32,32,1,1,1,1,0.0,0.13856292924480634,89,802,421635735713024.0,2125171541248.0
6370,question_11_aime_Qwen3-1.7B_S16,16,1,1,1,1,0.0,0.08651607836580893,153,153,524334059504640.0,3014919264000.0
6371,question_11_aime_Qwen3-1.7B_S16,16,1,1,1,1,0.0,0.11944419507945689,153,276,367617416432896.0,2045200294144.0
6372,question_11_aime_Qwen3-1.7B_S16,16,1,1,1,1,0.0,0.11944419507945689,153,266,346320710055936.0,1894337853184.0
6373,question_11_aime_Qwen3-1.7B_S8,8,1,1,1,1,0.0,0.07569996626003338,122,379,300908881346304.0,1771673718528.0
6374,question_11_aime_Qwen3-1.7B_S8,8,1,1,1,1,0.0,0.13856292924480634,89,89,242824134181888.0,1403718039808.0
6375,question_11_aime_Qwen3-1.7B_S8,8,1,1,1,1,0.0,0.153843476706574,544,1279,762574967055104.0,4441171581952.0
6376,question_11_aime_Qwen3-1.7B_S4,4,1,1,1,1,0.0,0.08651607836580893,153,153,194671473464832.0,1170500165632.0
6377,question_11_aime_Qwen3-1.7B_S4,4,1,1,1,1,0.0,0.09316793144127328,308,308,514889063799040.0,3062225632256.0
6378,question_11_aime_Qwen3-1.7B_S4,4,1,1,1,1,0.0,0.10921307431952659,513,1371,870894086565888.0,5157401770752.0
6379,question_11_aime_Qwen3-1.7B_S2,2,1,1,1,1,0.0,0.08483871372300107,111,111,114888035286528.0,704914952448.0
6380,question_11_aime_Qwen3-1.7B_S2,2,1,1,1,1,0.0,0.05044889285266678,693,693,652196333175296.0,3935713739776.0
6381,question_11_aime_Qwen3-1.7B_S2,2,1,1,1,1,0.0,0.21890409833172808,404,404,466624403388416.0,2767083260928.0
6382,question_11_aime_Qwen3-1.7B_S1,1,1,1,1,1,0.0,0.21890409833172808,404,404,283991824150272.0,1722757585920.0
6383,question_11_aime_Qwen3-1.7B_S1,1,1,1,1,1,0.0,0.05974415637980938,564,564,383243367727360.0,2365478872064.0
6384,question_11_aime_Qwen3-1.7B_S1,1,1,1,1,1,0.0,0.345420994119224,548,548,380174356156672.0,2316175085056.0
6385,question_12_aime_Qwen3-1.7B_S64,64,1,1,1,1,0.0,0.2117259162918151,177,3868,2208685874617600.0,11537515101952.0
6386,question_12_aime_Qwen3-1.7B_S64,64,1,1,1,1,0.0,0.2117259162918151,177,3868,2208685874617600.0,11537515101952.0
6387,question_12_aime_Qwen3-1.7B_S64,64,1,1,1,1,0.0,0.2117259162918151,177,3868,2208685874617600.0,11537515101952.0
6388,question_12_aime_Qwen3-1.7B_S32,32,1,1,1,1,0.0,0.2117259162918151,177,4274,2295557772263168.0,13037770699520.0
6389,question_12_aime_Qwen3-1.7B_S32,32,1,1,1,1,0.0,0.2117259162918151,177,2443,1272044185370112.0,6851613002752.0
6390,question_12_aime_Qwen3-1.7B_S32,32,1,1,1,1,0.0,0.19082255707177273,221,2502,1407697021826816.0,7629931486464.0
6391,question_12_aime_Qwen3-1.7B_S16,16,1,1,1,1,0.0,0.2117259162918151,177,1486,871108106471680.0,4954605515776.0
6392,question_12_aime_Qwen3-1.7B_S16,16,1,1,1,1,0.0,0.13875647441250782,574,2610,1048982208024576.0,5889987652864.0
6393,question_12_aime_Qwen3-1.7B_S16,16,1,1,1,1,0.0,0.13130334995282372,165,544,1590780352765184.0,9487892730624.0
6394,question_12_aime_Qwen3-1.7B_S8,8,1,1,1,1,0.0,0.19082255707177273,221,383,773787219521792.0,4527048596224.0
6395,question_12_aime_Qwen3-1.7B_S8,8,1,1,1,1,0.0,0.19082255707177273,221,534,1073362199664384.0,6315754488064.0
6396,question_12_aime_Qwen3-1.7B_S8,8,1,1,1,1,0.0,0.19239728103905473,178,1419,805131170934272.0,4854597938176.0
6397,question_12_aime_Qwen3-1.7B_S4,4,1,1,1,1,0.0,0.08620880064369078,162,162,424112175839744.0,2527572357632.0
6398,question_12_aime_Qwen3-1.7B_S4,4,1,1,1,1,0.0,0.18408730870189813,291,623,1200503147173120.0,7350440283648.0
6399,question_12_aime_Qwen3-1.7B_S4,4,1,1,1,1,0.0,0.2999062214356608,837,1169,1584921233432320.0,9731859459840.0
6400,question_12_aime_Qwen3-1.7B_S2,2,1,1,1,1,0.0,0.36608256815698653,823,823,1216281135258112.0,7473660029696.0
6401,question_12_aime_Qwen3-1.7B_S2,2,1,1,1,1,0.0,0.0488509984283807,195,195,352346608212480.0,2162129114880.0
6402,question_12_aime_Qwen3-1.7B_S2,2,1,1,1,1,0.0,0.21971865172362262,584,2923,1681108775506944.0,10415467912192.0
6403,question_12_aime_Qwen3-1.7B_S1,1,1,1,1,1,0.0,0.08116486168884747,362,362,246468786848256.0,1523156096000.0
6404,question_12_aime_Qwen3-1.7B_S1,1,1,1,1,1,0.0,0.061599454988889704,336,336,228106633445376.0,1413130148864.0
6405,question_12_aime_Qwen3-1.7B_S1,1,1,1,1,1,0.0,0.13129334263210832,379,379,258098079986432.0,1592793432832.0
6406,question_13_aime_Qwen3-1.7B_S64,64,1,1,1,1,0.0,0.07790976803236108,259,1765,1466321463668992.0,5878881987328.0
6407,question_13_aime_Qwen3-1.7B_S64,64,1,1,1,1,0.0,0.07790976803236108,259,1765,1466321463668992.0,5878881987328.0
6408,question_13_aime_Qwen3-1.7B_S64,64,1,1,1,1,0.0,0.07790976803236108,259,1765,1466321463668992.0,5878881987328.0
6409,question_13_aime_Qwen3-1.7B_S32,32,1,1,1,1,0.0,0.07790976803236108,259,783,996173951720192.0,4591684211968.0
6410,question_13_aime_Qwen3-1.7B_S32,32,1,1,1,1,0.0,0.03754900883974675,237,237,971362232662528.0,4219635377664.0
6411,question_13_aime_Qwen3-1.7B_S32,32,1,1,1,1,0.0,0.07790976803236108,259,852,926936202624768.0,4216116955904.0
6412,question_13_aime_Qwen3-1.7B_S16,16,1,1,1,1,0.0,0.032834888971819964,233,233,726759588995328.0,3653949574912.0
6413,question_13_aime_Qwen3-1.7B_S16,16,1,1,1,1,0.0,0.07790976803236108,259,783,589060655309056.0,2949614354176.0
6414,question_13_aime_Qwen3-1.7B_S16,16,1,1,1,1,0.0,0.03754900883974675,237,470,813723531192320.0,4233358680320.0
6415,question_13_aime_Qwen3-1.7B_S8,8,1,1,1,1,0.0,0.15634464591492825,397,1506,1066104458184192.0,5978926100224.0
6416,question_13_aime_Qwen3-1.7B_S8,8,1,1,1,1,0.0,0.023381302908405798,227,227,427072575267072.0,2279924783360.0
6417,question_13_aime_Qwen3-1.7B_S8,8,1,1,1,1,0.0,0.032834888971819964,233,233,437553744569088.0,2339323013888.0
6418,question_13_aime_Qwen3-1.7B_S4,4,1,1,1,1,0.0,0.15634464591492825,397,397,652484440308736.0,3681688700928.0
6419,question_13_aime_Qwen3-1.7B_S4,4,1,1,1,1,0.0,0.07036112468635013,516,516,749306590534656.0,4249454834688.0
6420,question_13_aime_Qwen3-1.7B_S4,4,1,1,1,1,0.0,0.07790976803236108,259,259,400101908290560.0,2342754496768.0
6421,question_13_aime_Qwen3-1.7B_S2,2,1,1,1,1,0.0,0.13726287775809734,965,965,1187095199913728.0,7052706388224.0
6422,question_13_aime_Qwen3-1.7B_S2,2,1,1,1,1,0.0,0.03754900883974675,237,237,267155567241472.0,1605641081856.0
6423,question_13_aime_Qwen3-1.7B_S2,2,1,1,1,1,0.0,0.02636128795536877,400,400,570492319065088.0,3381900419072.0
6424,question_13_aime_Qwen3-1.7B_S1,1,1,1,1,1,0.0,0.2741239308203619,1170,1170,822617960829952.0,4931065180160.0
6425,question_13_aime_Qwen3-1.7B_S1,1,1,1,1,1,0.0,0.13707404547357696,803,803,565816975379712.0,3395598622976.0
6426,question_13_aime_Qwen3-1.7B_S1,1,1,1,1,1,0.0,0.024090519922847362,457,457,336631497592320.0,2046996940800.0
6427,question_14_aime_Qwen3-1.7B_S64,64,1,1,1,1,0.0,0.028149341421597637,523,3147,1512662320090880.0,5782893803008.0
6428,question_14_aime_Qwen3-1.7B_S64,64,1,1,1,1,0.0,0.028149341421597637,523,3147,1512662320090880.0,5782893803008.0
6429,question_14_aime_Qwen3-1.7B_S64,64,1,1,1,1,0.0,0.028149341421597637,523,3147,1512662320090880.0,5782893803008.0
6430,question_14_aime_Qwen3-1.7B_S32,32,1,1,1,1,0.0,0.028149341421597637,523,1941,1126596421814528.0,5248780836096.0
6431,question_14_aime_Qwen3-1.7B_S32,32,1,1,1,1,0.0,0.025538565506954842,328,1746,1029157503619840.0,4676219774464.0
6432,question_14_aime_Qwen3-1.7B_S32,32,1,1,1,1,0.0,0.025538565506954842,328,1675,883051400200704.0,3773491785728.0
6433,question_14_aime_Qwen3-1.7B_S16,16,1,1,1,1,0.0,0.018817927765966344,259,259,701629118219008.0,3524467761920.0
6434,question_14_aime_Qwen3-1.7B_S16,16,1,1,1,1,0.0,0.020988217595436134,430,1208,729758459786496.0,3659961444608.0
6435,question_14_aime_Qwen3-1.7B_S16,16,1,1,1,1,0.0,0.020988217595436134,430,993,872216721318656.0,4598790692608.0
6436,question_14_aime_Qwen3-1.7B_S8,8,1,1,1,1,0.0,0.015948671380403793,437,841,961082033728768.0,5348650048000.0
6437,question_14_aime_Qwen3-1.7B_S8,8,1,1,1,1,0.0,0.015948671380403793,437,1501,1014335813550080.0,5743074215424.0
6438,question_14_aime_Qwen3-1.7B_S8,8,1,1,1,1,0.0,0.028149341421597637,523,1502,863820115144448.0,4889833475072.0
6439,question_14_aime_Qwen3-1.7B_S4,4,1,1,1,1,0.0,0.020988217595436134,430,917,568545379843840.0,3329396317184.0
6440,question_14_aime_Qwen3-1.7B_S4,4,1,1,1,1,0.0,0.018305629375304267,448,900,605616807459328.0,3552577353472.0
6441,question_14_aime_Qwen3-1.7B_S4,4,1,1,1,1,0.0,0.017162305793639848,411,986,716546757464832.0,4175452497664.0
6442,question_14_aime_Qwen3-1.7B_S2,2,1,1,1,1,0.0,0.010970715914986133,407,407,524948485153792.0,3171906470656.0
6443,question_14_aime_Qwen3-1.7B_S2,2,1,1,1,1,0.0,0.042066249963316184,471,471,521930969754880.0,3095460662784.0
6444,question_14_aime_Qwen3-1.7B_S2,2,1,1,1,1,0.0,0.012641079688125285,487,487,618494724918784.0,3759160652800.0
6445,question_14_aime_Qwen3-1.7B_S1,1,1,1,1,1,0.0,0.02215178785016665,635,635,464199176349440.0,2757188060928.0
6446,question_14_aime_Qwen3-1.7B_S1,1,1,1,1,1,0.0,0.010970715914986133,407,407,278602494519552.0,1711891118336.0
6447,question_14_aime_Qwen3-1.7B_S1,1,1,1,1,1,0.0,0.012641079688125285,487,487,331027977496832.0,2040500939008.0
6448,question_15_aime_Qwen3-1.7B_S64,64,1,1,1,1,0.0,0.2640138638790448,124,3116,699853240507904.0,2922954795264.0
6449,question_15_aime_Qwen3-1.7B_S64,64,1,1,1,1,0.0,0.2640138638790448,124,3116,699853240507904.0,2922954795264.0
6450,question_15_aime_Qwen3-1.7B_S64,64,1,1,1,1,0.0,0.2640138638790448,124,3116,699853240507904.0,2922954795264.0
6451,question_15_aime_Qwen3-1.7B_S32,32,1,1,1,1,0.0,0.2640138638790448,124,1549,543580215589376.0,2689029572096.0
6452,question_15_aime_Qwen3-1.7B_S32,32,1,1,1,1,0.0,0.22971378444842094,115,1438,540679137211136.0,2674823567360.0
6453,question_15_aime_Qwen3-1.7B_S32,32,1,1,1,1,0.0,0.2640138638790448,124,1263,474872730737664.0,2259760921600.0
6454,question_15_aime_Qwen3-1.7B_S16,16,1,1,1,1,0.0,0.17945969658915598,124,763,472581689837824.0,2602931770880.0
6455,question_15_aime_Qwen3-1.7B_S16,16,1,1,1,1,0.0,0.11761827341849804,112,639,356844063846144.0,1869620094720.0
6456,question_15_aime_Qwen3-1.7B_S16,16,1,1,1,1,0.0,0.1815081147868643,124,685,440281259771136.0,2438650308864.0
6457,question_15_aime_Qwen3-1.7B_S8,8,1,1,1,1,0.0,0.22971378444842094,115,523,291141157649664.0,1668589886208.0
6458,question_15_aime_Qwen3-1.7B_S8,8,1,1,1,1,0.0,0.11761827341849804,112,415,319107805083648.0,1829246465536.0
6459,question_15_aime_Qwen3-1.7B_S8,8,1,1,1,1,0.0,0.11761827341849804,112,627,223960828661248.0,1269533133568.0
6460,question_15_aime_Qwen3-1.7B_S4,4,1,1,1,1,0.0,0.11761827341849804,112,224,278954561813760.0,1696218447616.0
6461,question_15_aime_Qwen3-1.7B_S4,4,1,1,1,1,0.0,0.17945969658915598,124,236,291980249136128.0,1773904190464.0
6462,question_15_aime_Qwen3-1.7B_S4,4,1,1,1,1,0.0,0.22971378444842094,115,339,134795702309632.0,792685718272.0
6463,question_15_aime_Qwen3-1.7B_S2,2,1,1,1,1,0.0,0.09879411116758428,113,113,135430558575872.0,827651211520.0
6464,question_15_aime_Qwen3-1.7B_S2,2,1,1,1,1,0.0,0.17945969658915598,124,124,209027702155776.0,1278604232192.0
6465,question_15_aime_Qwen3-1.7B_S2,2,1,1,1,1,0.0,0.11566577055993522,358,358,494342466399488.0,2959279699712.0
6466,question_15_aime_Qwen3-1.7B_S1,1,1,1,1,1,0.0,0.21330819263628856,313,313,216812474152960.0,1324404069632.0
6467,question_15_aime_Qwen3-1.7B_S1,1,1,1,1,1,0.0,0.031118287531575316,976,976,665990163924736.0,4078017079808.0
6468,question_15_aime_Qwen3-1.7B_S1,1,1,1,1,1,0.0,0.11723002622943182,112,112,77241430323456.0,479863164928.0
6469,question_16_aime_Qwen3-1.7B_S64,64,1,1,1,1,0.0,0.271294574518536,76,3260,498276290344448.0,1974635507712.0
6470,question_16_aime_Qwen3-1.7B_S64,64,1,1,1,1,0.0,0.271294574518536,76,3260,498276290344448.0,1974635507712.0
6471,question_16_aime_Qwen3-1.7B_S64,64,1,1,1,1,0.0,0.271294574518536,76,3260,498276290344448.0,1974635507712.0
6472,question_16_aime_Qwen3-1.7B_S32,32,1,1,1,1,0.0,0.271294574518536,76,1697,375921750473472.0,1797521352704.0
6473,question_16_aime_Qwen3-1.7B_S32,32,1,1,1,1,0.0,0.271294574518536,76,1674,354101008165632.0,1660836194304.0
6474,question_16_aime_Qwen3-1.7B_S32,32,1,1,1,1,0.0,0.271294574518536,76,1511,332785831642880.0,1507947859712.0
6475,question_16_aime_Qwen3-1.7B_S16,16,1,1,1,1,0.0,0.2400771457932357,83,901,273749342413568.0,1442468111616.0
6476,question_16_aime_Qwen3-1.7B_S16,16,1,1,1,1,0.0,0.20356497657059858,71,837,283170150260480.0,1517408969216.0
6477,question_16_aime_Qwen3-1.7B_S16,16,1,1,1,1,0.0,0.15259693139070737,63,704,247104633896960.0,1270376083200.0
6478,question_16_aime_Qwen3-1.7B_S8,8,1,1,1,1,0.0,0.271294574518536,76,487,154465543714048.0,866302094336.0
6479,question_16_aime_Qwen3-1.7B_S8,8,1,1,1,1,0.0,0.271294574518536,76,520,188391738083584.0,1064014343168.0
6480,question_16_aime_Qwen3-1.7B_S8,8,1,1,1,1,0.0,0.15760327562972434,81,350,230954084125184.0,1327266397184.0
6481,question_16_aime_Qwen3-1.7B_S4,4,1,1,1,1,0.0,0.12171274241975719,54,205,214033737627136.0,1290621547264.0
6482,question_16_aime_Qwen3-1.7B_S4,4,1,1,1,1,0.0,0.063768379607712,64,316,80200441259008.0,449267133952.0
6483,question_16_aime_Qwen3-1.7B_S4,4,1,1,1,1,0.0,0.1396956096869661,65,189,153406324929536.0,913982750464.0
6484,question_16_aime_Qwen3-1.7B_S2,2,1,1,1,1,0.0,0.04043226281873635,99,99,192096665513984.0,1175422013696.0
6485,question_16_aime_Qwen3-1.7B_S2,2,1,1,1,1,0.0,0.0890724598891324,84,84,177126514492928.0,1075010116096.0
6486,question_16_aime_Qwen3-1.7B_S2,2,1,1,1,1,0.0,0.0890724598891324,84,84,139099517573632.0,837066990592.0
6487,question_16_aime_Qwen3-1.7B_S1,1,1,1,1,1,0.0,0.02678232891996202,217,217,150100637714944.0,921603911424.0
6488,question_16_aime_Qwen3-1.7B_S1,1,1,1,1,1,0.0,0.1255817283713746,264,264,185166385116160.0,1127568008448.0
6489,question_16_aime_Qwen3-1.7B_S1,1,1,1,1,1,0.0,0.13821632864040062,55,55,45116677580800.0,274327995648.0
6490,question_17_aime_Qwen3-1.7B_S64,64,1,1,1,1,0.0,0.2620357460430621,83,1326,369441296231168.0,1425501104384.0
6491,question_17_aime_Qwen3-1.7B_S64,64,1,1,1,1,0.0,0.2620357460430621,83,1326,369441296231168.0,1425501104384.0
6492,question_17_aime_Qwen3-1.7B_S64,64,1,1,1,1,0.0,0.2620357460430621,83,1326,369441296231168.0,1425501104384.0
6493,question_17_aime_Qwen3-1.7B_S32,32,1,1,1,1,0.0,0.2620357460430621,83,558,282312846520320.0,1338482949888.0
6494,question_17_aime_Qwen3-1.7B_S32,32,1,1,1,1,0.0,0.1945561541501631,80,623,449305996432384.0,2105287930368.0
6495,question_17_aime_Qwen3-1.7B_S32,32,1,1,1,1,0.0,0.1945561541501631,80,645,262311411011328.0,1219828329216.0
6496,question_17_aime_Qwen3-1.7B_S16,16,1,1,1,1,0.0,0.1945561541501631,80,235,149500044678656.0,732334656256.0
6497,question_17_aime_Qwen3-1.7B_S16,16,1,1,1,1,0.0,0.2620357460430621,83,625,379255073533952.0,2045187368448.0
6498,question_17_aime_Qwen3-1.7B_S16,16,1,1,1,1,0.0,0.188129098151755,93,492,187465545318912.0,970311500032.0
6499,question_17_aime_Qwen3-1.7B_S8,8,1,1,1,1,0.0,0.1098429595900904,86,86,275337255868416.0,1554621245184.0
6500,question_17_aime_Qwen3-1.7B_S8,8,1,1,1,1,0.0,0.08133411559410138,78,78,179730873891072.0,1034782748160.0
6501,question_17_aime_Qwen3-1.7B_S8,8,1,1,1,1,0.0,0.1098429595900904,86,86,198687549691904.0,1079139113472.0
6502,question_17_aime_Qwen3-1.7B_S4,4,1,1,1,1,0.0,0.1945561541501631,80,80,139571894436352.0,802014669568.0
6503,question_17_aime_Qwen3-1.7B_S4,4,1,1,1,1,0.0,0.164576212819319,80,80,225173338046720.0,1342839731968.0
6504,question_17_aime_Qwen3-1.7B_S4,4,1,1,1,1,0.0,0.08980660661339021,81,81,217465646370560.0,1290796315648.0
6505,question_17_aime_Qwen3-1.7B_S2,2,1,1,1,1,0.0,0.18832396068770327,387,387,364902980786176.0,2200939062784.0
6506,question_17_aime_Qwen3-1.7B_S2,2,1,1,1,1,0.0,0.08980660661339021,81,81,123265212241920.0,747405354752.0
6507,question_17_aime_Qwen3-1.7B_S2,2,1,1,1,1,0.0,0.08133411559410138,78,78,133826357032704.0,816207963648.0
6508,question_17_aime_Qwen3-1.7B_S1,1,1,1,1,1,0.0,0.1426042432133336,933,933,672967078984704.0,3958556035840.0
6509,question_17_aime_Qwen3-1.7B_S1,1,1,1,1,1,0.0,0.12249768465187261,562,562,406173870830336.0,2400560881152.0
6510,question_17_aime_Qwen3-1.7B_S1,1,1,1,1,1,0.0,0.2620357460430621,83,83,63377409363968.0,388871596288.0
6511,question_18_aime_Qwen3-1.7B_S64,64,1,1,1,1,0.0,0.7136737960866646,1028,1928,2353466751595008.0,9708267598848.0
6512,question_18_aime_Qwen3-1.7B_S64,64,1,1,1,1,0.0,0.7136737960866646,1028,1928,2353466751595008.0,9708267598848.0
6513,question_18_aime_Qwen3-1.7B_S64,64,1,1,1,1,0.0,0.7136737960866646,1028,1928,2353466751595008.0,9708267598848.0
6514,question_18_aime_Qwen3-1.7B_S32,32,1,1,1,1,0.0,0.0836136462856804,484,484,2183836816969472.0,10289319310592.0
6515,question_18_aime_Qwen3-1.7B_S32,32,1,1,1,1,0.0,0.7136737960866646,1028,1028,2130243740015104.0,10027218550272.0
6516,question_18_aime_Qwen3-1.7B_S32,32,1,1,1,1,0.0,0.08978002762190054,416,900,1801161637237760.0,8809892994560.0
6517,question_18_aime_Qwen3-1.7B_S16,16,1,1,1,1,0.0,0.7136737960866646,1028,1444,1244733714300160.0,6661386070528.0
6518,question_18_aime_Qwen3-1.7B_S16,16,1,1,1,1,0.0,0.287754402319327,1404,3025,2405737338980864.0,12370120397824.0
6519,question_18_aime_Qwen3-1.7B_S16,16,1,1,1,1,0.0,0.4084835553568717,709,3399,2342588412417792.0,11940156100096.0
6520,question_18_aime_Qwen3-1.7B_S8,8,1,1,1,1,0.0,0.12819247587373528,1050,1534,1169834660531712.0,6641556943616.0
6521,question_18_aime_Qwen3-1.7B_S8,8,1,1,1,1,0.0,0.7136737960866646,1028,1028,1361830504056064.0,7708659895552.0
6522,question_18_aime_Qwen3-1.7B_S8,8,1,1,1,1,0.0,0.3224623521053843,810,3158,2006991054310144.0,11345843405568.0
6523,question_18_aime_Qwen3-1.7B_S4,4,1,1,1,1,0.0,0.04252893039117053,808,808,1243791853572352.0,7204586672640.0
6524,question_18_aime_Qwen3-1.7B_S4,4,1,1,1,1,0.0,0.12819247587373528,1050,1050,1181695295212544.0,7016767690240.0
6525,question_18_aime_Qwen3-1.7B_S4,4,1,1,1,1,0.0,0.14954223425423413,552,552,1084771145515008.0,6183733049088.0
6526,question_18_aime_Qwen3-1.7B_S2,2,1,1,1,1,0.0,0.03139527455898827,1736,1736,1534153916160768.0,9112543220480.0
6527,question_18_aime_Qwen3-1.7B_S2,2,1,1,1,1,0.0,0.03139527455898827,1736,1736,1571595039934976.0,9210856944128.0
6528,question_18_aime_Qwen3-1.7B_S2,2,1,1,1,1,0.0,0.287754402319327,1404,1404,1363683660532480.0,8218318692864.0
6529,question_18_aime_Qwen3-1.7B_S1,1,1,1,1,1,0.0,0.393618808719298,930,930,633914175071744.0,3893301766144.0
6530,question_18_aime_Qwen3-1.7B_S1,1,1,1,1,1,0.0,0.0836136462856804,484,484,331168846281728.0,2037220942848.0
6531,question_18_aime_Qwen3-1.7B_S1,1,1,1,1,1,0.0,0.4010772088470779,1015,1015,702845697327872.0,4274622412032.0
6532,question_19_aime_Qwen3-1.7B_S64,64,1,1,1,1,0.0,0.38256096162855163,210,4123,705693818672640.0,2690422832384.0
6533,question_19_aime_Qwen3-1.7B_S64,64,1,1,1,1,0.0,0.38256096162855163,210,4123,705693818672640.0,2690422832384.0
6534,question_19_aime_Qwen3-1.7B_S64,64,1,1,1,1,0.0,0.38256096162855163,210,4123,705693818672640.0,2690422832384.0
6535,question_19_aime_Qwen3-1.7B_S32,32,1,1,1,1,0.0,0.1599841921404118,181,2475,567101633575680.0,2548789116160.0
6536,question_19_aime_Qwen3-1.7B_S32,32,1,1,1,1,0.0,0.22420582486404234,177,2027,454462144657920.0,2033520493312.0
6537,question_19_aime_Qwen3-1.7B_S32,32,1,1,1,1,0.0,0.38256096162855163,210,1874,495457670154496.0,2260629871360.0
6538,question_19_aime_Qwen3-1.7B_S16,16,1,1,1,1,0.0,0.38256096162855163,210,1236,387507061555712.0,2045471185408.0
6539,question_19_aime_Qwen3-1.7B_S16,16,1,1,1,1,0.0,0.10827230180794915,221,799,328477070795776.0,1660555667456.0
6540,question_19_aime_Qwen3-1.7B_S16,16,1,1,1,1,0.0,0.2447901132651177,210,2513,389431249935616.0,1973873160448.0
6541,question_19_aime_Qwen3-1.7B_S8,8,1,1,1,1,0.0,0.2447901132651177,210,1987,357186074000896.0,1961774105088.0
6542,question_19_aime_Qwen3-1.7B_S8,8,1,1,1,1,0.0,0.10827230180794915,221,907,283459597272320.0,1599014436096.0
6543,question_19_aime_Qwen3-1.7B_S8,8,1,1,1,1,0.0,0.1404498598031301,195,554,457772822777088.0,2649188331776.0
6544,question_19_aime_Qwen3-1.7B_S4,4,1,1,1,1,0.0,0.06652982207356903,157,551,223818166742016.0,1319510126592.0
6545,question_19_aime_Qwen3-1.7B_S4,4,1,1,1,1,0.0,0.05791889400099871,206,334,236904662521856.0,1404903282944.0
6546,question_19_aime_Qwen3-1.7B_S4,4,1,1,1,1,0.0,0.07783067367710092,253,253,387702166483968.0,2287451909120.0
6547,question_19_aime_Qwen3-1.7B_S2,2,1,1,1,1,0.0,0.08776665445513189,252,488,219142556586240.0,1319627187200.0
6548,question_19_aime_Qwen3-1.7B_S2,2,1,1,1,1,0.0,0.07512417178989673,234,517,258900890341632.0,1567435401728.0
6549,question_19_aime_Qwen3-1.7B_S2,2,1,1,1,1,0.0,0.08051660781080168,236,447,199087263479552.0,1202706471680.0
6550,question_19_aime_Qwen3-1.7B_S1,1,1,1,1,1,0.0,0.037104393635104586,140,140,100539170330368.0,620271792896.0
6551,question_19_aime_Qwen3-1.7B_S1,1,1,1,1,1,0.0,0.07512417178989673,234,234,163951609256960.0,999573378048.0
6552,question_19_aime_Qwen3-1.7B_S1,1,1,1,1,1,0.0,0.1056800657653002,470,470,331226315922432.0,1994687998464.0
6553,question_2_aime_Qwen3-1.7B_S64,64,1,1,1,1,0.0,0.29316153787376503,82,1700,697562196610048.0,2776659585280.0
6554,question_2_aime_Qwen3-1.7B_S64,64,1,1,1,1,0.0,0.29316153787376503,82,1700,697562196610048.0,2776659585280.0
6555,question_2_aime_Qwen3-1.7B_S64,64,1,1,1,1,0.0,0.29316153787376503,82,1700,697562196610048.0,2776659585280.0
6556,question_2_aime_Qwen3-1.7B_S32,32,1,1,1,1,0.0,0.24483476494972956,83,1142,483530146951936.0,2263136752128.0
6557,question_2_aime_Qwen3-1.7B_S32,32,1,1,1,1,0.0,0.24483476494972956,83,839,503043634134272.0,2368971827712.0
6558,question_2_aime_Qwen3-1.7B_S32,32,1,1,1,1,0.0,0.29316153787376503,82,1230,485913707998208.0,2295773862144.0
6559,question_2_aime_Qwen3-1.7B_S16,16,1,1,1,1,0.0,0.29316153787376503,82,461,352591128805888.0,1853542819072.0
6560,question_2_aime_Qwen3-1.7B_S16,16,1,1,1,1,0.0,0.18062051567239762,82,346,342072285087232.0,1781481347072.0
6561,question_2_aime_Qwen3-1.7B_S16,16,1,1,1,1,0.0,0.24483476494972956,83,83,370501084231936.0,1928466253056.0
6562,question_2_aime_Qwen3-1.7B_S8,8,1,1,1,1,0.0,0.29316153787376503,82,164,303213273715968.0,1744490854400.0
6563,question_2_aime_Qwen3-1.7B_S8,8,1,1,1,1,0.0,0.11316101533257428,231,404,346317418175232.0,1949177818112.0
6564,question_2_aime_Qwen3-1.7B_S8,8,1,1,1,1,0.0,0.11127597942187299,87,291,245941139627008.0,1381183611136.0
6565,question_2_aime_Qwen3-1.7B_S4,4,1,1,1,1,0.0,0.168345221340045,139,139,310546183238144.0,1803941913088.0
6566,question_2_aime_Qwen3-1.7B_S4,4,1,1,1,1,0.0,0.44023199383190753,317,639,434234543187200.0,2475949267456.0
6567,question_2_aime_Qwen3-1.7B_S4,4,1,1,1,1,0.0,0.05274493620253216,119,119,170909979446528.0,1001547119104.0
6568,question_2_aime_Qwen3-1.7B_S2,2,1,1,1,1,0.0,0.13352072965830755,86,86,117677618623488.0,711029071872.0
6569,question_2_aime_Qwen3-1.7B_S2,2,1,1,1,1,0.0,0.06696646258432083,92,92,143033136361472.0,873631553536.0
6570,question_2_aime_Qwen3-1.7B_S2,2,1,1,1,1,0.0,0.1465396177965999,171,171,265271137831168.0,1595645818368.0
6571,question_2_aime_Qwen3-1.7B_S1,1,1,1,1,1,0.0,0.22340760821863057,205,205,141054319259392.0,869688908032.0
6572,question_2_aime_Qwen3-1.7B_S1,1,1,1,1,1,0.0,0.18062051567239762,82,82,62577983433728.0,384758667776.0
6573,question_2_aime_Qwen3-1.7B_S1,1,1,1,1,1,0.0,0.18062051567239762,82,82,62577983433728.0,384758667776.0
6574,question_20_aime_Qwen3-1.7B_S64,64,1,1,1,1,0.0,0.3778823609220651,209,3501,752674125355264.0,3229147149312.0
6575,question_20_aime_Qwen3-1.7B_S64,64,1,1,1,1,0.0,0.3778823609220651,209,3501,752674125355264.0,3229147149312.0
6576,question_20_aime_Qwen3-1.7B_S64,64,1,1,1,1,0.0,0.3778823609220651,209,3501,752674125355264.0,3229147149312.0
6577,question_20_aime_Qwen3-1.7B_S32,32,1,1,1,1,0.0,0.3778823609220651,209,2269,543771298457856.0,2712005673216.0
6578,question_20_aime_Qwen3-1.7B_S32,32,1,1,1,1,0.0,0.3778823609220651,209,1976,480731702882816.0,2356719932672.0
6579,question_20_aime_Qwen3-1.7B_S32,32,1,1,1,1,0.0,0.3778823609220651,209,2074,537015609080832.0,2674085415680.0
6580,question_20_aime_Qwen3-1.7B_S16,16,1,1,1,1,0.0,0.30023541218634486,195,686,310879704549120.0,1626919521024.0
6581,question_20_aime_Qwen3-1.7B_S16,16,1,1,1,1,0.0,0.30023541218634486,195,960,389263651460096.0,2083580869888.0
6582,question_20_aime_Qwen3-1.7B_S16,16,1,1,1,1,0.0,0.14174949317408872,75,449,380155998781440.0,2039419090688.0
6583,question_20_aime_Qwen3-1.7B_S8,8,1,1,1,1,0.0,0.17069928157657546,102,803,283515151843840.0,1604277988096.0
6584,question_20_aime_Qwen3-1.7B_S8,8,1,1,1,1,0.0,0.13550234266473712,75,439,322207447238656.0,1863638936320.0
6585,question_20_aime_Qwen3-1.7B_S8,8,1,1,1,1,0.0,0.12812415912090266,78,156,273140569897216.0,1556804892160.0
6586,question_20_aime_Qwen3-1.7B_S4,4,1,1,1,1,0.0,0.11202031457437961,108,305,256074535795456.0,1546128631040.0
6587,question_20_aime_Qwen3-1.7B_S4,4,1,1,1,1,0.0,0.21803521274524928,290,601,506479409323776.0,2948432524800.0
6588,question_20_aime_Qwen3-1.7B_S4,4,1,1,1,1,0.0,0.16069555881286168,92,185,236083942278912.0,1422552744704.0
6589,question_20_aime_Qwen3-1.7B_S2,2,1,1,1,1,0.0,0.08594573049890321,197,197,234938685096192.0,1454720465408.0
6590,question_20_aime_Qwen3-1.7B_S2,2,1,1,1,1,0.0,0.13550234266473712,75,75,202258867793920.0,1247077190912.0
6591,question_20_aime_Qwen3-1.7B_S2,2,1,1,1,1,0.0,0.1178269272916485,85,85,138122265112832.0,848007978496.0
6592,question_20_aime_Qwen3-1.7B_S1,1,1,1,1,1,0.0,0.1047661028948781,182,182,123292372060928.0,768717343744.0
6593,question_20_aime_Qwen3-1.7B_S1,1,1,1,1,1,0.0,0.09601133377397737,93,93,67307885102080.0,410919762176.0
6594,question_20_aime_Qwen3-1.7B_S1,1,1,1,1,1,0.0,0.12781871936313807,382,382,265797065216256.0,1616229217792.0
6595,question_21_aime_Qwen3-1.7B_S64,64,1,1,1,1,0.0,0.2793718878956228,306,2984,1234987834081792.0,5380267619328.0
6596,question_21_aime_Qwen3-1.7B_S64,64,1,1,1,1,0.0,0.2793718878956228,306,2984,1234987834081792.0,5380267619328.0
6597,question_21_aime_Qwen3-1.7B_S64,64,1,1,1,1,0.0,0.2793718878956228,306,2984,1234987834081792.0,5380267619328.0
6598,question_21_aime_Qwen3-1.7B_S32,32,1,1,1,1,0.0,0.17184077986087812,270,898,966013026230784.0,4874399846400.0
6599,question_21_aime_Qwen3-1.7B_S32,32,1,1,1,1,0.0,0.2793718878956228,306,4030,1197513024470784.0,5953692080896.0
6600,question_21_aime_Qwen3-1.7B_S32,32,1,1,1,1,0.0,0.2793718878956228,306,1717,895894776947968.0,4530288625408.0
6601,question_21_aime_Qwen3-1.7B_S16,16,1,1,1,1,0.0,0.10002832412196073,294,2997,793707861809408.0,4192061144320.0
6602,question_21_aime_Qwen3-1.7B_S16,16,1,1,1,1,0.0,0.2793718878956228,306,1329,923697418764288.0,5108969711104.0
6603,question_21_aime_Qwen3-1.7B_S16,16,1,1,1,1,0.0,0.1493064224647643,191,909,918636423140352.0,5048011614464.0
6604,question_21_aime_Qwen3-1.7B_S8,8,1,1,1,1,0.0,0.02343530478829212,199,1070,712409021282560.0,4071016323584.0
6605,question_21_aime_Qwen3-1.7B_S8,8,1,1,1,1,0.0,0.17184077986087812,270,910,736028839838208.0,4349641915136.0
6606,question_21_aime_Qwen3-1.7B_S8,8,1,1,1,1,0.0,0.10002832412196073,294,929,503163131172352.0,2934576065792.0
6607,question_21_aime_Qwen3-1.7B_S4,4,1,1,1,1,0.0,0.07135199857700411,385,1219,371337186312960.0,2137477113856.0
6608,question_21_aime_Qwen3-1.7B_S4,4,1,1,1,1,0.0,0.1189109531604718,756,2347,753589833602816.0,4364200967168.0
6609,question_21_aime_Qwen3-1.7B_S4,4,1,1,1,1,0.0,0.3056895865614507,601,1330,662183345460224.0,3858550366720.0
6610,question_21_aime_Qwen3-1.7B_S2,2,1,1,1,1,0.0,0.1303220310950984,783,1303,681393473159168.0,4151301808640.0
6611,question_21_aime_Qwen3-1.7B_S2,2,1,1,1,1,0.0,0.2793718878956228,306,306,459430130469632.0,2818151578368.0
6612,question_21_aime_Qwen3-1.7B_S2,2,1,1,1,1,0.0,0.020785992898284193,134,134,293636318327296.0,1804460956928.0
6613,question_21_aime_Qwen3-1.7B_S1,1,1,1,1,1,0.0,0.010510255023993146,303,303,208292074704896.0,1283339688960.0
6614,question_21_aime_Qwen3-1.7B_S1,1,1,1,1,1,0.0,0.06184644483839471,449,449,301391901228544.0,1877323990528.0
6615,question_21_aime_Qwen3-1.7B_S1,1,1,1,1,1,0.0,0.06250723384298035,530,530,358137811118080.0,2215277517824.0
6616,question_22_aime_Qwen3-1.7B_S64,64,1,1,1,1,0.0,0.14904409370189162,230,2323,593504055726848.0,2387659006208.0
6617,question_22_aime_Qwen3-1.7B_S64,64,1,1,1,1,0.0,0.14904409370189162,230,2323,593504055726848.0,2387659006208.0
6618,question_22_aime_Qwen3-1.7B_S64,64,1,1,1,1,0.0,0.14904409370189162,230,2323,593504055726848.0,2387659006208.0
6619,question_22_aime_Qwen3-1.7B_S32,32,1,1,1,1,0.0,0.06159938608004104,54,565,399441121329152.0,1854188878080.0
6620,question_22_aime_Qwen3-1.7B_S32,32,1,1,1,1,0.0,0.09497228420851507,135,1840,356827733079552.0,1615171833856.0
6621,question_22_aime_Qwen3-1.7B_S32,32,1,1,1,1,0.0,0.14904409370189162,230,1224,436471661669120.0,2098583608576.0
6622,question_22_aime_Qwen3-1.7B_S16,16,1,1,1,1,0.0,0.06159938608004104,54,778,366446094920192.0,1904430545920.0
6623,question_22_aime_Qwen3-1.7B_S16,16,1,1,1,1,0.0,0.14904409370189162,230,963,352560600702464.0,1888484896256.0
6624,question_22_aime_Qwen3-1.7B_S16,16,1,1,1,1,0.0,0.020334955983770196,175,833,360809346822400.0,1964995975936.0
6625,question_22_aime_Qwen3-1.7B_S8,8,1,1,1,1,0.0,0.14904409370189162,230,405,230039036993024.0,1311086423808.0
6626,question_22_aime_Qwen3-1.7B_S8,8,1,1,1,1,0.0,0.25236362203053336,203,974,318406486302464.0,1776159110656.0
6627,question_22_aime_Qwen3-1.7B_S8,8,1,1,1,1,0.0,0.25236362203053336,203,356,369598292844032.0,2098949289472.0
6628,question_22_aime_Qwen3-1.7B_S4,4,1,1,1,1,0.0,0.028485054139619697,149,213,183990134408192.0,1102860270848.0
6629,question_22_aime_Qwen3-1.7B_S4,4,1,1,1,1,0.0,0.02598782841990551,130,219,271869443362048.0,1602992351744.0
6630,question_22_aime_Qwen3-1.7B_S4,4,1,1,1,1,0.0,0.21794474076524936,255,856,256299065265152.0,1466395881216.0
6631,question_22_aime_Qwen3-1.7B_S2,2,1,1,1,1,0.0,0.25236362203053336,203,203,282350397996800.0,1722994601216.0
6632,question_22_aime_Qwen3-1.7B_S2,2,1,1,1,1,0.0,0.14386588928158245,214,429,199780591913728.0,1172029556992.0
6633,question_22_aime_Qwen3-1.7B_S2,2,1,1,1,1,0.0,0.2379557440452834,444,444,605636291432704.0,3590235763968.0
6634,question_22_aime_Qwen3-1.7B_S1,1,1,1,1,1,0.0,0.05253259108356014,56,56,42396690934528.0,254362540544.0
6635,question_22_aime_Qwen3-1.7B_S1,1,1,1,1,1,0.0,0.14904409370189162,230,230,156293773812736.0,971518057216.0
6636,question_22_aime_Qwen3-1.7B_S1,1,1,1,1,1,0.0,0.019925538357577634,803,803,571841007725568.0,3390291629312.0
6637,question_23_aime_Qwen3-1.7B_S64,64,1,1,1,1,0.0,0.5,105,1959,655964130981376.0,2527518072576.0
6638,question_23_aime_Qwen3-1.7B_S64,64,1,1,1,1,0.0,0.5,105,1959,655964130981376.0,2527518072576.0
6639,question_23_aime_Qwen3-1.7B_S64,64,1,1,1,1,0.0,0.5,127,1959,655964130981376.0,2527518072576.0
6640,question_23_aime_Qwen3-1.7B_S32,32,1,1,1,1,0.0,0.5,109,1001,451491095946240.0,2087769671680.0
6641,question_23_aime_Qwen3-1.7B_S32,32,1,1,1,1,0.0,0.5,144,802,482470846018560.0,2234681186304.0
6642,question_23_aime_Qwen3-1.7B_S32,32,1,1,1,1,0.0,0.5,105,921,476438159371776.0,2221855913984.0
6643,question_23_aime_Qwen3-1.7B_S16,16,1,1,1,1,0.0,0.5,120,356,349185001559296.0,1806969880576.0
6644,question_23_aime_Qwen3-1.7B_S16,16,1,1,1,1,0.0,0.5,108,771,471244573739520.0,2485909434624.0
6645,question_23_aime_Qwen3-1.7B_S16,16,1,1,1,1,0.0,0.5,100,704,337188237519616.0,1724073670144.0
6646,question_23_aime_Qwen3-1.7B_S8,8,1,1,1,1,0.0,0.5,90,534,180451222486528.0,977001406976.0
6647,question_23_aime_Qwen3-1.7B_S8,8,1,1,1,1,0.0,0.5,189,281,354583206057472.0,2040102613248.0
6648,question_23_aime_Qwen3-1.7B_S8,8,1,1,1,1,0.0,0.5,133,495,357035863745792.0,2029610903040.0
6649,question_23_aime_Qwen3-1.7B_S4,4,1,1,1,1,0.0,0.5,189,388,227057419221248.0,1339829123584.0
6650,question_23_aime_Qwen3-1.7B_S4,4,1,1,1,1,0.0,0.5,217,217,395377126798080.0,2266431657728.0
6651,question_23_aime_Qwen3-1.7B_S4,4,1,1,1,1,0.0,0.5,91,91,322603321619712.0,1867396616960.0
6652,question_23_aime_Qwen3-1.7B_S2,2,1,1,1,1,0.0,0.5,241,241,299108925927168.0,1784859487488.0
6653,question_23_aime_Qwen3-1.7B_S2,2,1,1,1,1,0.0,0.5,108,108,242256899404800.0,1480138815232.0
6654,question_23_aime_Qwen3-1.7B_S2,2,1,1,1,1,0.0,0.5,144,435,257123330860032.0,1551988030208.0
6655,question_23_aime_Qwen3-1.7B_S1,1,1,1,1,1,0.0,0.5,392,392,278134381303296.0,1665140563968.0
6656,question_23_aime_Qwen3-1.7B_S1,1,1,1,1,1,0.0,0.5,359,359,248863098701056.0,1513736578816.0
6657,question_23_aime_Qwen3-1.7B_S1,1,1,1,1,1,0.0,0.5,475,475,348055444262400.0,2038146829824.0
6658,question_24_aime_Qwen3-1.7B_S64,64,1,1,1,1,0.0,0.14983518308285,126,924,630572186703872.0,2576949820928.0
6659,question_24_aime_Qwen3-1.7B_S64,64,1,1,1,1,0.0,0.14983518308285,126,924,630572186703872.0,2576949820928.0
6660,question_24_aime_Qwen3-1.7B_S64,64,1,1,1,1,0.0,0.14983518308285,126,924,630572186703872.0,2576949820928.0
6661,question_24_aime_Qwen3-1.7B_S32,32,1,1,1,1,0.0,0.210829014776592,178,823,518765549964032.0,2416179974656.0
6662,question_24_aime_Qwen3-1.7B_S32,32,1,1,1,1,0.0,0.14983518308285,126,279,465024776932352.0,2240558208000.0
6663,question_24_aime_Qwen3-1.7B_S32,32,1,1,1,1,0.0,0.14983518308285,126,399,498167831374080.0,2459747601920.0
6664,question_24_aime_Qwen3-1.7B_S16,16,1,1,1,1,0.0,0.14983518308285,126,279,350333446876672.0,1893462751488.0
6665,question_24_aime_Qwen3-1.7B_S16,16,1,1,1,1,0.0,0.14983518308285,126,557,319864967206400.0,1698542151936.0
6666,question_24_aime_Qwen3-1.7B_S16,16,1,1,1,1,0.0,0.14983518308285,126,246,329516383083776.0,1737825472768.0
6667,question_24_aime_Qwen3-1.7B_S8,8,1,1,1,1,0.0,0.09466983431234195,120,120,452628780097536.0,2598280405504.0
6668,question_24_aime_Qwen3-1.7B_S8,8,1,1,1,1,0.0,0.210829014776592,178,819,494106525642240.0,2836357282304.0
6669,question_24_aime_Qwen3-1.7B_S8,8,1,1,1,1,0.0,0.09466983431234195,120,465,450241660304128.0,2571795507456.0
6670,question_24_aime_Qwen3-1.7B_S4,4,1,1,1,1,0.0,0.1301118366408073,153,361,334916826182400.0,2015683828480.0
6671,question_24_aime_Qwen3-1.7B_S4,4,1,1,1,1,0.0,0.08383852818822829,549,887,593091631487488.0,3552806023424.0
6672,question_24_aime_Qwen3-1.7B_S4,4,1,1,1,1,0.0,0.21240627482196364,382,1411,604724686598144.0,3574187595776.0
6673,question_24_aime_Qwen3-1.7B_S2,2,1,1,1,1,0.0,0.07950970996742021,411,653,305970565791744.0,1857594557952.0
6674,question_24_aime_Qwen3-1.7B_S2,2,1,1,1,1,0.0,0.07024886072054887,159,159,249211406644480.0,1532592819968.0
6675,question_24_aime_Qwen3-1.7B_S2,2,1,1,1,1,0.0,0.08798382047731627,822,822,916212082351104.0,5436463146240.0
6676,question_24_aime_Qwen3-1.7B_S1,1,1,1,1,1,0.0,0.05007087548954723,3896,3896,3049170147371264.0,16671861364480.0
6677,question_24_aime_Qwen3-1.7B_S1,1,1,1,1,1,0.0,0.11085394992780008,526,526,366013755727872.0,2227801802240.0
6678,question_24_aime_Qwen3-1.7B_S1,1,1,1,1,1,0.0,0.09574383665115026,283,283,194068138143488.0,1198630216448.0
6679,question_25_aime_Qwen3-1.7B_S64,64,1,1,1,1,0.0,0.5,112,4977,1185238937250816.0,6550071594752.0
6680,question_25_aime_Qwen3-1.7B_S64,64,1,1,1,1,0.0,0.5,111,4977,1185238937250816.0,6550071594752.0
6681,question_25_aime_Qwen3-1.7B_S64,64,1,1,1,1,0.0,0.5,111,4977,1185238937250816.0,6550071594752.0
6682,question_25_aime_Qwen3-1.7B_S32,32,1,1,1,1,0.0,0.5,101,2632,1039873560595968.0,6120266564608.0
6683,question_25_aime_Qwen3-1.7B_S32,32,1,1,1,1,0.0,0.5,114,3202,1091077477154560.0,6429270158080.0
6684,question_25_aime_Qwen3-1.7B_S32,32,1,1,1,1,0.0,0.5,136,1647,320260853201408.0,1510151150592.0
6685,question_25_aime_Qwen3-1.7B_S16,16,1,1,1,1,0.0,0.5,427,1279,471286845453312.0,2725859949568.0
6686,question_25_aime_Qwen3-1.7B_S16,16,1,1,1,1,0.0,0.5,262,1001,354171232887808.0,1968277181696.0
6687,question_25_aime_Qwen3-1.7B_S16,16,1,1,1,1,0.0,0.5,248,1181,309901841297664.0,1701606880512.0
6688,question_25_aime_Qwen3-1.7B_S8,8,1,1,1,1,0.0,0.5,91,323,205539030914560.0,1178266865664.0
6689,question_25_aime_Qwen3-1.7B_S8,8,1,1,1,1,0.0,0.5,95,292,165899636189952.0,931453479936.0
6690,question_25_aime_Qwen3-1.7B_S8,8,1,1,1,1,0.0,0.5,84,476,215425044432640.0,1251736862208.0
6691,question_25_aime_Qwen3-1.7B_S4,4,1,1,1,1,0.0,0.5,109,109,185532727224320.0,1113252421120.0
6692,question_25_aime_Qwen3-1.7B_S4,4,1,1,1,1,0.0,0.5,101,218,195973030806784.0,1183333141760.0
6693,question_25_aime_Qwen3-1.7B_S4,4,1,1,1,1,0.0,0.5,262,482,226252860049664.0,1380279991552.0
6694,question_25_aime_Qwen3-1.7B_S2,2,1,1,1,1,0.0,0.5,114,114,147454233988096.0,909563133696.0
6695,question_25_aime_Qwen3-1.7B_S2,2,1,1,1,1,0.0,0.5,95,95,127927740985856.0,786720734464.0
6696,question_25_aime_Qwen3-1.7B_S2,2,1,1,1,1,0.0,0.5,112,221,84531388861696.0,512933387008.0
6697,question_25_aime_Qwen3-1.7B_S1,1,1,1,1,1,0.0,0.5,117,117,82061594445824.0,510821350144.0
6698,question_25_aime_Qwen3-1.7B_S1,1,1,1,1,1,0.0,0.5,464,464,317462299216384.0,1954575352576.0
6699,question_25_aime_Qwen3-1.7B_S1,1,1,1,1,1,0.0,0.5,903,903,641939462092544.0,3856311750144.0
6700,question_26_aime_Qwen3-1.7B_S64,64,1,1,1,1,0.0,0.07154899530679355,309,2137,1347828961656576.0,5674476410624.0
6701,question_26_aime_Qwen3-1.7B_S64,64,1,1,1,1,0.0,0.07154899530679355,309,2137,1347828961656576.0,5674476410624.0
6702,question_26_aime_Qwen3-1.7B_S64,64,1,1,1,1,0.0,0.07154899530679355,309,2137,1347828961656576.0,5674476410624.0
6703,question_26_aime_Qwen3-1.7B_S32,32,1,1,1,1,0.0,0.07154899530679355,309,1513,890353568321280.0,4222275339520.0
6704,question_26_aime_Qwen3-1.7B_S32,32,1,1,1,1,0.0,0.07154899530679355,309,1306,1205688521734144.0,5704033484800.0
6705,question_26_aime_Qwen3-1.7B_S32,32,1,1,1,1,0.0,0.07154899530679355,309,1101,912822531439616.0,4346672425984.0
6706,question_26_aime_Qwen3-1.7B_S16,16,1,1,1,1,0.0,0.07154899530679355,309,514,865958777191424.0,4806375142912.0
6707,question_26_aime_Qwen3-1.7B_S16,16,1,1,1,1,0.0,0.06354257384788253,264,264,729085532383488.0,3925086719232.0
6708,question_26_aime_Qwen3-1.7B_S16,16,1,1,1,1,0.0,0.03476751062248134,205,543,680643068931840.0,3649998318848.0
6709,question_26_aime_Qwen3-1.7B_S8,8,1,1,1,1,0.0,0.20549948173294283,641,3071,1179173923248384.0,6635119188992.0
6710,question_26_aime_Qwen3-1.7B_S8,8,1,1,1,1,0.0,0.039946895624052674,981,1687,1309094822310912.0,7345367488256.0
6711,question_26_aime_Qwen3-1.7B_S8,8,1,1,1,1,0.0,0.12103246557082194,663,1753,1065788778059264.0,6035138695936.0
6712,question_26_aime_Qwen3-1.7B_S4,4,1,1,1,1,0.0,0.05835168308422783,631,1417,950368610634240.0,5558643535872.0
6713,question_26_aime_Qwen3-1.7B_S4,4,1,1,1,1,0.0,0.03266197555511589,876,876,1042044141243392.0,6129513248768.0
6714,question_26_aime_Qwen3-1.7B_S4,4,1,1,1,1,0.0,0.024379216672672187,976,2282,1545617001415424.0,9088923771648.0
6715,question_26_aime_Qwen3-1.7B_S2,2,1,1,1,1,0.0,0.03656315924514167,737,737,628960013730048.0,3766355618816.0
6716,question_26_aime_Qwen3-1.7B_S2,2,1,1,1,1,0.0,0.02841206656968515,840,840,1322124411611136.0,7971510975232.0
6717,question_26_aime_Qwen3-1.7B_S2,2,1,1,1,1,0.0,0.03656315924514167,737,737,900711360727808.0,5507156214784.0
6718,question_26_aime_Qwen3-1.7B_S1,1,1,1,1,1,0.0,0.04918503784425692,3746,3746,2624220372426240.0,15761888993536.0
6719,question_26_aime_Qwen3-1.7B_S1,1,1,1,1,1,0.0,0.046130700968118436,1781,1781,1247802721991168.0,7477792761600.0
6720,question_26_aime_Qwen3-1.7B_S1,1,1,1,1,1,0.0,0.1820890365560588,920,920,632746177407232.0,3855140785664.0
6721,question_27_aime_Qwen3-1.7B_S64,64,1,1,1,1,0.0,0.5,395,4647,2086585320689408.0,7868880311040.0
6722,question_27_aime_Qwen3-1.7B_S64,64,1,1,1,1,0.0,0.5,395,4647,2086585320689408.0,7868880311040.0
6723,question_27_aime_Qwen3-1.7B_S64,64,1,1,1,1,0.0,0.5,486,4647,2086585320689408.0,7868880311040.0
6724,question_27_aime_Qwen3-1.7B_S32,32,1,1,1,1,0.0,0.5,395,3075,1464231490591744.0,6666929724672.0
6725,question_27_aime_Qwen3-1.7B_S32,32,1,1,1,1,0.0,0.5,486,2431,1513871056975872.0,6980107203328.0
6726,question_27_aime_Qwen3-1.7B_S32,32,1,1,1,1,0.0,0.5,697,2441,1519017232638976.0,7036273681920.0
6727,question_27_aime_Qwen3-1.7B_S16,16,1,1,1,1,0.0,0.5,486,881,1118975152510208.0,5581957654784.0
6728,question_27_aime_Qwen3-1.7B_S16,16,1,1,1,1,0.0,0.5,395,1208,1160896517066496.0,5928006156800.0
6729,question_27_aime_Qwen3-1.7B_S16,16,1,1,1,1,0.0,0.5,539,2581,1084819776463360.0,5252372324864.0
6730,question_27_aime_Qwen3-1.7B_S8,8,1,1,1,1,0.0,0.5,389,389,1007642753291776.0,5555298726656.0
6731,question_27_aime_Qwen3-1.7B_S8,8,1,1,1,1,0.0,0.5,1121,3803,1418368210653184.0,7701629929728.0
6732,question_27_aime_Qwen3-1.7B_S8,8,1,1,1,1,0.0,0.5,697,697,881028894742528.0,4944474502912.0
6733,question_27_aime_Qwen3-1.7B_S4,4,1,1,1,1,0.0,0.5,395,395,621917025320192.0,3592372440832.0
6734,question_27_aime_Qwen3-1.7B_S4,4,1,1,1,1,0.0,0.5,421,806,729083576440576.0,4264587333888.0
6735,question_27_aime_Qwen3-1.7B_S4,4,1,1,1,1,0.0,0.5,395,1092,775716657802240.0,4633245460480.0
6736,question_27_aime_Qwen3-1.7B_S2,2,1,1,1,1,0.0,0.5,539,539,644249681849088.0,3834883474688.0
6737,question_27_aime_Qwen3-1.7B_S2,2,1,1,1,1,0.0,0.5,848,1717,905198363021568.0,5232054648576.0
6738,question_27_aime_Qwen3-1.7B_S2,2,1,1,1,1,0.0,0.5,486,486,531855707781888.0,3215220922368.0
6739,question_27_aime_Qwen3-1.7B_S1,1,1,1,1,1,0.0,0.5,500,500,356755398576640.0,2148004422144.0
6740,question_27_aime_Qwen3-1.7B_S1,1,1,1,1,1,0.0,0.5,874,874,600368678990080.0,3671192485632.0
6741,question_27_aime_Qwen3-1.7B_S1,1,1,1,1,1,0.0,0.5,1946,1946,1428621782821632.0,8281960865024.0
6742,question_28_aime_Qwen3-1.7B_S64,64,1,1,1,1,0.0,0.20884322774538097,170,7108,1597234656048640.0,6773151168000.0
6743,question_28_aime_Qwen3-1.7B_S64,64,1,1,1,1,0.0,0.20884322774538097,170,7108,1597234656048640.0,6773151168000.0
6744,question_28_aime_Qwen3-1.7B_S64,64,1,1,1,1,0.0,0.20884322774538097,170,7108,1597234656048640.0,6773151168000.0
6745,question_28_aime_Qwen3-1.7B_S32,32,1,1,1,1,0.0,0.20884322774538097,170,3543,1046184478572800.0,4959963642368.0
6746,question_28_aime_Qwen3-1.7B_S32,32,1,1,1,1,0.0,0.1932555441374895,269,3644,1043269911950336.0,4980971602432.0
6747,question_28_aime_Qwen3-1.7B_S32,32,1,1,1,1,0.0,0.18274205450151404,272,3068,1184588422588928.0,5887830660096.0
6748,question_28_aime_Qwen3-1.7B_S16,16,1,1,1,1,0.0,0.20884322774538097,170,1511,616186449828096.0,3155262836992.0
6749,question_28_aime_Qwen3-1.7B_S16,16,1,1,1,1,0.0,0.20884322774538097,170,1739,765711718867200.0,4043713203712.0
6750,question_28_aime_Qwen3-1.7B_S16,16,1,1,1,1,0.0,0.18611331850565155,404,2952,1032021692502528.0,5634362012160.0
6751,question_28_aime_Qwen3-1.7B_S8,8,1,1,1,1,0.0,0.204144276689095,634,1925,674810752969472.0,3805920771072.0
6752,question_28_aime_Qwen3-1.7B_S8,8,1,1,1,1,0.0,0.20884322774538097,170,1288,440793917516288.0,2443618888704.0
6753,question_28_aime_Qwen3-1.7B_S8,8,1,1,1,1,0.0,0.1932555441374895,269,1311,673326333306368.0,3834965340416.0
6754,question_28_aime_Qwen3-1.7B_S4,4,1,1,1,1,0.0,0.18274205450151404,272,1296,424725258223616.0,2500994354432.0
6755,question_28_aime_Qwen3-1.7B_S4,4,1,1,1,1,0.0,0.11570635699693003,406,406,621960165114624.0,3667876136960.0
6756,question_28_aime_Qwen3-1.7B_S4,4,1,1,1,1,0.0,0.1677576218087997,505,911,620994168207616.0,3646982119424.0
6757,question_28_aime_Qwen3-1.7B_S2,2,1,1,1,1,0.0,0.14896355598171954,260,260,344941120579328.0,2087896314112.0
6758,question_28_aime_Qwen3-1.7B_S2,2,1,1,1,1,0.0,0.26975534317428296,528,528,648337677799168.0,3893465218048.0
6759,question_28_aime_Qwen3-1.7B_S2,2,1,1,1,1,0.0,0.17641850969397793,453,688,366319845160192.0,2247016780288.0
6760,question_28_aime_Qwen3-1.7B_S1,1,1,1,1,1,0.0,0.33550180993108647,1134,1134,781469261642496.0,4756407459328.0
6761,question_28_aime_Qwen3-1.7B_S1,1,1,1,1,1,0.0,0.12004645453547046,265,265,183249522430464.0,1123814933248.0
6762,question_28_aime_Qwen3-1.7B_S1,1,1,1,1,1,0.0,0.5183947774053752,711,711,483517504841728.0,2975102152960.0
6763,question_29_aime_Qwen3-1.7B_S64,64,1,1,1,1,0.0,0.5235774988774248,94,2814,392099306163712.0,1568185240832.0
6764,question_29_aime_Qwen3-1.7B_S64,64,1,1,1,1,0.0,0.5235774988774248,94,2814,392099306163712.0,1568185240832.0
6765,question_29_aime_Qwen3-1.7B_S64,64,1,1,1,1,0.0,0.5235774988774248,94,2814,392099306163712.0,1568185240832.0
6766,question_29_aime_Qwen3-1.7B_S32,32,1,1,1,1,0.0,0.5235774988774248,94,1595,231991583919872.0,1024228412928.0
6767,question_29_aime_Qwen3-1.7B_S32,32,1,1,1,1,0.0,0.5235774988774248,94,1545,270279188752384.0,1254092035840.0
6768,question_29_aime_Qwen3-1.7B_S32,32,1,1,1,1,0.0,0.4726866745229262,62,1350,302662326206464.0,1486702456064.0
6769,question_29_aime_Qwen3-1.7B_S16,16,1,1,1,1,0.0,0.4465219522932576,100,735,212166630898432.0,1114390638592.0
6770,question_29_aime_Qwen3-1.7B_S16,16,1,1,1,1,0.0,0.31727060353142766,189,1616,273902310278912.0,1441967310336.0
6771,question_29_aime_Qwen3-1.7B_S16,16,1,1,1,1,0.0,0.4726866745229262,62,740,207569319716864.0,1108186505216.0
6772,question_29_aime_Qwen3-1.7B_S8,8,1,1,1,1,0.0,0.3103836376735873,63,350,134965562419968.0,755445408256.0
6773,question_29_aime_Qwen3-1.7B_S8,8,1,1,1,1,0.0,0.0879807212490961,92,92,164379331339776.0,932292114432.0
6774,question_29_aime_Qwen3-1.7B_S8,8,1,1,1,1,0.0,0.39591044833331496,80,297,158638980346112.0,919949289728.0
6775,question_29_aime_Qwen3-1.7B_S4,4,1,1,1,1,0.0,0.3120330320139242,150,481,154191989631232.0,911346688000.0
6776,question_29_aime_Qwen3-1.7B_S4,4,1,1,1,1,0.0,0.31727060353142766,189,499,190977302105856.0,1144192403200.0
6777,question_29_aime_Qwen3-1.7B_S4,4,1,1,1,1,0.0,0.4465219522932576,100,163,120804979902208.0,722598496256.0
6778,question_29_aime_Qwen3-1.7B_S2,2,1,1,1,1,0.0,0.4726866745229262,62,148,68786196082688.0,410379232256.0
6779,question_29_aime_Qwen3-1.7B_S2,2,1,1,1,1,0.0,0.23863010136106977,46,46,39910108698880.0,237739023872.0
6780,question_29_aime_Qwen3-1.7B_S2,2,1,1,1,1,0.0,0.4465219522932576,100,226,94698048843776.0,570628615424.0
6781,question_29_aime_Qwen3-1.7B_S1,1,1,1,1,1,0.0,0.3928600617404678,209,209,144999335410944.0,888703665920.0
6782,question_29_aime_Qwen3-1.7B_S1,1,1,1,1,1,0.0,0.155575066481116,181,181,127888456007424.0,777096561920.0
6783,question_29_aime_Qwen3-1.7B_S1,1,1,1,1,1,0.0,0.4489097276939749,96,96,72492187591936.0,445853149952.0
6784,question_3_aime_Qwen3-1.7B_S64,64,1,1,1,1,0.0,0.1534886946494655,107,671,713114921981952.0,3126875112704.0
6785,question_3_aime_Qwen3-1.7B_S64,64,1,1,1,1,0.0,0.1534886946494655,107,671,713114921981952.0,3126875112704.0
6786,question_3_aime_Qwen3-1.7B_S64,64,1,1,1,1,0.0,0.1534886946494655,107,671,713114921981952.0,3126875112704.0
6787,question_3_aime_Qwen3-1.7B_S32,32,1,1,1,1,0.0,0.1534886946494655,107,671,562309149264128.0,2896253825024.0
6788,question_3_aime_Qwen3-1.7B_S32,32,1,1,1,1,0.0,0.11245657404261164,86,208,510840182988800.0,2349666484480.0
6789,question_3_aime_Qwen3-1.7B_S32,32,1,1,1,1,0.0,0.1534886946494655,107,193,459520205122048.0,2040322927104.0
6790,question_3_aime_Qwen3-1.7B_S16,16,1,1,1,1,0.0,0.06676976498531499,364,2998,686140625270016.0,3373504402688.0
6791,question_3_aime_Qwen3-1.7B_S16,16,1,1,1,1,0.0,0.05294185569751829,122,122,379682045089536.0,1965855358208.0
6792,question_3_aime_Qwen3-1.7B_S16,16,1,1,1,1,0.0,0.05294185569751829,122,122,360935925208320.0,1863271445504.0
6793,question_3_aime_Qwen3-1.7B_S8,8,1,1,1,1,0.0,0.05294185569751829,122,122,299879959954176.0,1689076680704.0
6794,question_3_aime_Qwen3-1.7B_S8,8,1,1,1,1,0.0,0.06676976498531499,364,364,555007193119232.0,3039513940736.0
6795,question_3_aime_Qwen3-1.7B_S8,8,1,1,1,1,0.0,0.1534886946494655,107,463,464771629163520.0,2778938174208.0
6796,question_3_aime_Qwen3-1.7B_S4,4,1,1,1,1,0.0,0.06312415319426352,311,738,537135379070976.0,3092148062976.0
6797,question_3_aime_Qwen3-1.7B_S4,4,1,1,1,1,0.0,0.05267593641122345,392,990,431666611222784.0,2499028677376.0
6798,question_3_aime_Qwen3-1.7B_S4,4,1,1,1,1,0.0,0.06312415319426352,311,765,588371548665600.0,3421702900224.0
6799,question_3_aime_Qwen3-1.7B_S2,2,1,1,1,1,0.0,0.03691866115140415,291,291,436070989890816.0,2590973129472.0
6800,question_3_aime_Qwen3-1.7B_S2,2,1,1,1,1,0.0,0.022650434115746042,267,267,325920685685504.0,1955707679744.0
6801,question_3_aime_Qwen3-1.7B_S2,2,1,1,1,1,0.0,0.03443181582373278,395,395,489064068317440.0,2943938181632.0
6802,question_3_aime_Qwen3-1.7B_S1,1,1,1,1,1,0.0,0.036936051689215196,294,294,204505727046656.0,1250550441728.0
6803,question_3_aime_Qwen3-1.7B_S1,1,1,1,1,1,0.0,0.05294185569751829,122,122,89954974962944.0,556463796224.0
6804,question_3_aime_Qwen3-1.7B_S1,1,1,1,1,1,0.0,0.0390818372928853,243,243,172373382245120.0,1044294458368.0
6805,question_30_aime_Qwen3-1.7B_S64,64,1,1,1,1,0.0,0.40015990891746916,85,339,559918125082624.0,2268100574208.0
6806,question_30_aime_Qwen3-1.7B_S64,64,1,1,1,1,0.0,0.40015990891746916,85,339,559918125082624.0,2268100574208.0
6807,question_30_aime_Qwen3-1.7B_S64,64,1,1,1,1,0.0,0.40015990891746916,85,339,559918125082624.0,2268100574208.0
6808,question_30_aime_Qwen3-1.7B_S32,32,1,1,1,1,0.0,0.40015990891746916,85,266,341295488230144.0,1541503145728.0
6809,question_30_aime_Qwen3-1.7B_S32,32,1,1,1,1,0.0,0.40015990891746916,85,85,328583106828032.0,1440277893376.0
6810,question_30_aime_Qwen3-1.7B_S32,32,1,1,1,1,0.0,0.3432793244472196,65,138,319374922033664.0,1386683694592.0
6811,question_30_aime_Qwen3-1.7B_S16,16,1,1,1,1,0.0,0.23147811334475543,73,73,246956682221312.0,1258100806144.0
6812,question_30_aime_Qwen3-1.7B_S16,16,1,1,1,1,0.0,0.40015990891746916,85,85,270867511088384.0,1398455996672.0
6813,question_30_aime_Qwen3-1.7B_S16,16,1,1,1,1,0.0,0.40015990891746916,85,201,290898063814400.0,1528070639872.0
6814,question_30_aime_Qwen3-1.7B_S8,8,1,1,1,1,0.0,0.7003251125394147,484,484,742995028837376.0,4267843225856.0
6815,question_30_aime_Qwen3-1.7B_S8,8,1,1,1,1,0.0,0.3432793244472196,65,65,164073642437376.0,894785156608.0
6816,question_30_aime_Qwen3-1.7B_S8,8,1,1,1,1,0.0,0.36965757450702813,116,116,250050480673280.0,1436075422208.0
6817,question_30_aime_Qwen3-1.7B_S4,4,1,1,1,1,0.0,0.8686176293086676,646,1263,869627959395328.0,4979566729984.0
6818,question_30_aime_Qwen3-1.7B_S4,4,1,1,1,1,0.0,0.7003251125394147,484,484,523498354079232.0,3108458875648.0
6819,question_30_aime_Qwen3-1.7B_S4,4,1,1,1,1,0.0,0.36736033085107145,603,1409,646707506658304.0,3829949392640.0
6820,question_30_aime_Qwen3-1.7B_S2,2,1,1,1,1,0.0,0.36736033085107145,603,603,510665195486208.0,3093920008704.0
6821,question_30_aime_Qwen3-1.7B_S2,2,1,1,1,1,0.0,0.36736033085107145,603,603,538619575832576.0,3283506711296.0
6822,question_30_aime_Qwen3-1.7B_S2,2,1,1,1,1,0.0,0.6437718720078001,443,443,559377233416960.0,3329582543616.0
6823,question_30_aime_Qwen3-1.7B_S1,1,1,1,1,1,0.0,0.5795815951548202,1538,1538,1180478104569344.0,6610553592832.0
6824,question_30_aime_Qwen3-1.7B_S1,1,1,1,1,1,0.0,0.8496463630085097,494,494,351516339727616.0,2108424190208.0
6825,question_30_aime_Qwen3-1.7B_S1,1,1,1,1,1,0.0,0.5795815951548202,1538,1538,1180478104569344.0,6610553592832.0
6826,question_31_aime_Qwen3-1.7B_S64,64,1,1,1,1,0.0,0.21780394531860126,310,2804,1027459632041472.0,4715000457216.0
6827,question_31_aime_Qwen3-1.7B_S64,64,1,1,1,1,0.0,0.21780394531860126,310,2804,1027459632041472.0,4715000457216.0
6828,question_31_aime_Qwen3-1.7B_S64,64,1,1,1,1,0.0,0.21780394531860126,310,2804,1027459632041472.0,4715000457216.0
6829,question_31_aime_Qwen3-1.7B_S32,32,1,1,1,1,0.0,0.21780394531860126,310,1186,672137947237120.0,3368228175872.0
6830,question_31_aime_Qwen3-1.7B_S32,32,1,1,1,1,0.0,0.21780394531860126,310,1724,818930743054592.0,4301546654720.0
6831,question_31_aime_Qwen3-1.7B_S32,32,1,1,1,1,0.0,0.20237229352222688,146,1350,673722198700544.0,3441331047168.0
6832,question_31_aime_Qwen3-1.7B_S16,16,1,1,1,1,0.0,0.04627144299340962,147,308,543822406407168.0,3011586584832.0
6833,question_31_aime_Qwen3-1.7B_S16,16,1,1,1,1,0.0,0.04957827060916288,161,968,642598134893568.0,3623862541824.0
6834,question_31_aime_Qwen3-1.7B_S16,16,1,1,1,1,0.0,0.046068885177650405,121,282,613252199922432.0,3460480344832.0
6835,question_31_aime_Qwen3-1.7B_S8,8,1,1,1,1,0.0,0.17265287640077118,163,163,381344140421888.0,2206685583872.0
6836,question_31_aime_Qwen3-1.7B_S8,8,1,1,1,1,0.0,0.046068885177650405,121,301,418546832736256.0,2478494962944.0
6837,question_31_aime_Qwen3-1.7B_S8,8,1,1,1,1,0.0,0.04498477289482722,180,180,454467772105984.0,2656411373056.0
6838,question_31_aime_Qwen3-1.7B_S4,4,1,1,1,1,0.0,0.281085228100175,209,814,405361738587904.0,2422517520640.0
6839,question_31_aime_Qwen3-1.7B_S4,4,1,1,1,1,0.0,0.04957827060916288,161,161,290446075075072.0,1745869178368.0
6840,question_31_aime_Qwen3-1.7B_S4,4,1,1,1,1,0.0,0.04515426588875116,165,165,391992241211648.0,2402021278720.0
6841,question_31_aime_Qwen3-1.7B_S2,2,1,1,1,1,0.0,0.281085228100175,209,209,302990293797632.0,1842469656832.0
6842,question_31_aime_Qwen3-1.7B_S2,2,1,1,1,1,0.0,0.04096823474857082,117,117,374959535550208.0,2318005129216.0
6843,question_31_aime_Qwen3-1.7B_S2,2,1,1,1,1,0.0,0.21780394531860126,310,595,310830661944320.0,1893946894336.0
6844,question_31_aime_Qwen3-1.7B_S1,1,1,1,1,1,0.0,0.02761271903517429,1455,1455,1069258001672448.0,6175842159872.0
6845,question_31_aime_Qwen3-1.7B_S1,1,1,1,1,1,0.0,0.44820373901276006,293,293,204267545282304.0,1244805884672.0
6846,question_31_aime_Qwen3-1.7B_S1,1,1,1,1,1,0.0,0.20237229352222688,146,146,103787806302208.0,646246877696.0
6847,question_32_aime_Qwen3-1.7B_S64,64,1,1,1,1,0.0,0.2468615293065432,122,978,697859499106560.0,2637062478848.0
6848,question_32_aime_Qwen3-1.7B_S64,64,1,1,1,1,0.0,0.2468615293065432,122,978,697859499106560.0,2637062478848.0
6849,question_32_aime_Qwen3-1.7B_S64,64,1,1,1,1,0.0,0.2468615293065432,122,978,697859499106560.0,2637062478848.0
6850,question_32_aime_Qwen3-1.7B_S32,32,1,1,1,1,0.0,0.17086762885298673,105,552,475043005470208.0,2129428100352.0
6851,question_32_aime_Qwen3-1.7B_S32,32,1,1,1,1,0.0,0.18024926066756208,114,452,529043098633728.0,2445740534272.0
6852,question_32_aime_Qwen3-1.7B_S32,32,1,1,1,1,0.0,0.18024926066756208,114,528,471417436840448.0,2129345053696.0
6853,question_32_aime_Qwen3-1.7B_S16,16,1,1,1,1,0.0,0.18024926066756208,114,252,306195074719744.0,1495593955072.0
6854,question_32_aime_Qwen3-1.7B_S16,16,1,1,1,1,0.0,0.08989705555017886,109,109,461964245689856.0,2347324082432.0
6855,question_32_aime_Qwen3-1.7B_S16,16,1,1,1,1,0.0,0.2468615293065432,122,237,414063730752000.0,2178061568256.0
6856,question_32_aime_Qwen3-1.7B_S8,8,1,1,1,1,0.0,0.2468615293065432,122,122,326516570544640.0,1834481083904.0
6857,question_32_aime_Qwen3-1.7B_S8,8,1,1,1,1,0.0,0.1048079930366579,213,623,596792118340096.0,3192729236480.0
6858,question_32_aime_Qwen3-1.7B_S8,8,1,1,1,1,0.0,0.2468615293065432,122,312,308960565500160.0,1755750450944.0
6859,question_32_aime_Qwen3-1.7B_S4,4,1,1,1,1,0.0,0.019390639736934466,294,294,484825482899968.0,2798594525440.0
6860,question_32_aime_Qwen3-1.7B_S4,4,1,1,1,1,0.0,0.18024926066756208,114,114,215597767678720.0,1258939084032.0
6861,question_32_aime_Qwen3-1.7B_S4,4,1,1,1,1,0.0,0.18024926066756208,114,114,196969266946816.0,1158673159168.0
6862,question_32_aime_Qwen3-1.7B_S2,2,1,1,1,1,0.0,0.18024926066756208,114,114,145074762676480.0,878991599360.0
6863,question_32_aime_Qwen3-1.7B_S2,2,1,1,1,1,0.0,0.04634266255971699,463,1012,518221361912576.0,2953396681984.0
6864,question_32_aime_Qwen3-1.7B_S2,2,1,1,1,1,0.0,0.023513152654412894,410,410,448393427104000.0,2667470675968.0
6865,question_32_aime_Qwen3-1.7B_S1,1,1,1,1,1,0.0,0.017756821654537087,447,447,309050815161088.0,1882444571392.0
6866,question_32_aime_Qwen3-1.7B_S1,1,1,1,1,1,0.0,0.044601314774534266,254,254,183621133308928.0,1092540671488.0
6867,question_32_aime_Qwen3-1.7B_S1,1,1,1,1,1,0.0,0.08989705555017886,109,109,77973657210624.0,473875334912.0
6868,question_33_aime_Qwen3-1.7B_S64,64,1,1,1,1,0.0,0.2990520866750218,150,2471,675960074596352.0,3211108216064.0
6869,question_33_aime_Qwen3-1.7B_S64,64,1,1,1,1,0.0,0.2990520866750218,150,2471,675960074596352.0,3211108216064.0
6870,question_33_aime_Qwen3-1.7B_S64,64,1,1,1,1,0.0,0.2990520866750218,150,2471,675960074596352.0,3211108216064.0
6871,question_33_aime_Qwen3-1.7B_S32,32,1,1,1,1,0.0,0.2990520866750218,150,821,513823960081152.0,2730233728768.0
6872,question_33_aime_Qwen3-1.7B_S32,32,1,1,1,1,0.0,0.2990520866750218,150,1422,580184481786112.0,3142197357824.0
6873,question_33_aime_Qwen3-1.7B_S32,32,1,1,1,1,0.0,0.2111440726177479,532,1789,584372207328000.0,3147044957952.0
6874,question_33_aime_Qwen3-1.7B_S16,16,1,1,1,1,0.0,0.2990520866750218,150,506,202185023839232.0,1034907055616.0
6875,question_33_aime_Qwen3-1.7B_S16,16,1,1,1,1,0.0,0.1689007232364766,436,564,418279729378560.0,2384109993216.0
6876,question_33_aime_Qwen3-1.7B_S16,16,1,1,1,1,0.0,0.10615469924310189,87,411,300449861003264.0,1653868170752.0
6877,question_33_aime_Qwen3-1.7B_S8,8,1,1,1,1,0.0,0.10816556212014379,87,87,242579453478656.0,1403727960320.0
6878,question_33_aime_Qwen3-1.7B_S8,8,1,1,1,1,0.0,0.2711591329733308,108,310,204564699067904.0,1175740059648.0
6879,question_33_aime_Qwen3-1.7B_S8,8,1,1,1,1,0.0,0.10615469924310189,87,87,134015016472064.0,725963718144.0
6880,question_33_aime_Qwen3-1.7B_S4,4,1,1,1,1,0.0,0.35628383156956456,650,1394,977528611446016.0,5530784034048.0
6881,question_33_aime_Qwen3-1.7B_S4,4,1,1,1,1,0.0,0.10947419524296839,697,697,974806700593152.0,5461107499008.0
6882,question_33_aime_Qwen3-1.7B_S4,4,1,1,1,1,0.0,0.2990520866750218,150,586,337073701466880.0,2074511660032.0
6883,question_33_aime_Qwen3-1.7B_S2,2,1,1,1,1,0.0,0.3151183926866218,750,750,834920398970112.0,4940116586496.0
6884,question_33_aime_Qwen3-1.7B_S2,2,1,1,1,1,0.0,0.22374930213110378,661,661,681535965788160.0,4099795531776.0
6885,question_33_aime_Qwen3-1.7B_S2,2,1,1,1,1,0.0,0.25593905181834403,555,555,580456650075904.0,3381824811008.0
6886,question_33_aime_Qwen3-1.7B_S1,1,1,1,1,1,0.0,0.5004608331805931,816,816,573531916305152.0,3454096841216.0
6887,question_33_aime_Qwen3-1.7B_S1,1,1,1,1,1,0.0,0.13886680280226962,788,788,552412489108480.0,3338563158784.0
6888,question_33_aime_Qwen3-1.7B_S1,1,1,1,1,1,0.0,0.15282703573323642,1042,1042,702968106959104.0,4343427128320.0
6889,question_34_aime_Qwen3-1.7B_S64,64,1,1,1,1,0.0,0.20440078813749493,68,488,745003458911488.0,3083434633216.0
6890,question_34_aime_Qwen3-1.7B_S64,64,1,1,1,1,0.0,0.20440078813749493,68,488,745003458911488.0,3083434633216.0
6891,question_34_aime_Qwen3-1.7B_S64,64,1,1,1,1,0.0,0.20440078813749493,68,488,745003458911488.0,3083434633216.0
6892,question_34_aime_Qwen3-1.7B_S32,32,1,1,1,1,0.0,0.12388651679629555,100,100,506046183956992.0,2367704769024.0
6893,question_34_aime_Qwen3-1.7B_S32,32,1,1,1,1,0.0,0.1658371000150284,97,197,550973554249216.0,2692527656448.0
6894,question_34_aime_Qwen3-1.7B_S32,32,1,1,1,1,0.0,0.20440078813749493,68,292,555335565621760.0,2724614260480.0
6895,question_34_aime_Qwen3-1.7B_S16,16,1,1,1,1,0.0,0.20440078813749493,68,264,382576168706816.0,2055632549376.0
6896,question_34_aime_Qwen3-1.7B_S16,16,1,1,1,1,0.0,0.14919332237837932,124,124,480271347551744.0,2548842731008.0
6897,question_34_aime_Qwen3-1.7B_S16,16,1,1,1,1,0.0,0.14919332237837932,124,223,356371863688960.0,1860144613376.0
6898,question_34_aime_Qwen3-1.7B_S8,8,1,1,1,1,0.0,0.20440078813749493,68,68,334757657043712.0,1939760331264.0
6899,question_34_aime_Qwen3-1.7B_S8,8,1,1,1,1,0.0,0.1658371000150284,97,97,335334344205056.0,1945417234432.0
6900,question_34_aime_Qwen3-1.7B_S8,8,1,1,1,1,0.0,0.14919332237837932,124,124,400603785089536.0,2305423774976.0
6901,question_34_aime_Qwen3-1.7B_S4,4,1,1,1,1,0.0,0.470602358109158,328,602,466674237709568.0,2783541872384.0
6902,question_34_aime_Qwen3-1.7B_S4,4,1,1,1,1,0.0,0.12388651679629555,100,100,232876651945728.0,1400277399808.0
6903,question_34_aime_Qwen3-1.7B_S4,4,1,1,1,1,0.0,0.05441173080965711,344,344,713155498827520.0,4174937596928.0
6904,question_34_aime_Qwen3-1.7B_S2,2,1,1,1,1,0.0,0.12388651679629555,100,100,135402405872384.0,832167264768.0
6905,question_34_aime_Qwen3-1.7B_S2,2,1,1,1,1,0.0,0.06669381548197847,314,588,263903844271872.0,1589412197632.0
6906,question_34_aime_Qwen3-1.7B_S2,2,1,1,1,1,0.0,0.08848512267487962,544,544,556583935710208.0,3299024753920.0
6907,question_34_aime_Qwen3-1.7B_S1,1,1,1,1,1,0.0,0.08837056103020159,315,315,215281705517312.0,1327911407872.0
6908,question_34_aime_Qwen3-1.7B_S1,1,1,1,1,1,0.0,0.12976124687148402,463,463,314054935289088.0,1938149543680.0
6909,question_34_aime_Qwen3-1.7B_S1,1,1,1,1,1,0.0,0.1727392270400411,300,300,207633399529472.0,1272508568576.0
6910,question_35_aime_Qwen3-1.7B_S64,64,1,1,1,1,0.0,0.3026138334829117,381,1759,747205118675456.0,3705834883072.0
6911,question_35_aime_Qwen3-1.7B_S64,64,1,1,1,1,0.0,0.3026138334829117,381,1759,747205118675456.0,3705834883072.0
6912,question_35_aime_Qwen3-1.7B_S64,64,1,1,1,1,0.0,0.3026138334829117,381,1759,747205118675456.0,3705834883072.0
6913,question_35_aime_Qwen3-1.7B_S32,32,1,1,1,1,0.0,0.3026138334829117,381,1411,648107432741888.0,3581723532800.0
6914,question_35_aime_Qwen3-1.7B_S32,32,1,1,1,1,0.0,0.3026138334829117,381,1133,567969651259136.0,2933054672128.0
6915,question_35_aime_Qwen3-1.7B_S32,32,1,1,1,1,0.0,0.242691781891609,165,846,543025437866240.0,2785520082688.0
6916,question_35_aime_Qwen3-1.7B_S16,16,1,1,1,1,0.0,0.173809733544035,94,94,558531514702336.0,3333464761088.0
6917,question_35_aime_Qwen3-1.7B_S16,16,1,1,1,1,0.0,0.13915348404427172,532,865,624736399517440.0,3605030931712.0
6918,question_35_aime_Qwen3-1.7B_S16,16,1,1,1,1,0.0,0.13915348404427172,532,532,567537947846912.0,3292589355776.0
6919,question_35_aime_Qwen3-1.7B_S8,8,1,1,1,1,0.0,0.07698726117880225,333,333,526942401947136.0,3137016768256.0
6920,question_35_aime_Qwen3-1.7B_S8,8,1,1,1,1,0.0,0.112206762250468,365,709,580224117561088.0,3277030417920.0
6921,question_35_aime_Qwen3-1.7B_S8,8,1,1,1,1,0.0,0.112206762250468,365,365,740548273945088.0,4162270886144.0
6922,question_35_aime_Qwen3-1.7B_S4,4,1,1,1,1,0.0,0.04981486006281786,254,254,504119100303616.0,3143821913344.0
6923,question_35_aime_Qwen3-1.7B_S4,4,1,1,1,1,0.0,0.0,0,0,531427366593536.0,3322755559424.0
6924,question_35_aime_Qwen3-1.7B_S4,4,1,1,1,1,0.0,0.17393992354884993,626,1534,923396406315264.0,5234176942848.0
6925,question_35_aime_Qwen3-1.7B_S2,2,1,1,1,1,0.0,0.09862963656441807,240,240,365223414542336.0,2160736023040.0
6926,question_35_aime_Qwen3-1.7B_S2,2,1,1,1,1,0.0,0.06776359773437232,575,1166,572772291103488.0,3315394360320.0
6927,question_35_aime_Qwen3-1.7B_S2,2,1,1,1,1,0.0,0.10680514990901449,570,570,919169696157440.0,5335493653504.0
6928,question_35_aime_Qwen3-1.7B_S1,1,1,1,1,1,0.0,0.3393193466669785,696,696,491002885780736.0,2949356897536.0
6929,question_35_aime_Qwen3-1.7B_S1,1,1,1,1,1,0.0,0.318492111288515,276,276,193943210209280.0,1180401008640.0
6930,question_35_aime_Qwen3-1.7B_S1,1,1,1,1,1,0.0,0.09055228928173589,770,770,540400239579648.0,3255516020736.0
6931,question_36_aime_Qwen3-1.7B_S64,64,1,1,1,1,0.0,0.16441579928431646,103,1684,850994250414336.0,3632500897536.0
6932,question_36_aime_Qwen3-1.7B_S64,64,1,1,1,1,0.0,0.16441579928431646,103,1684,850994250414336.0,3632500897536.0
6933,question_36_aime_Qwen3-1.7B_S64,64,1,1,1,1,0.0,0.16441579928431646,103,1684,850994250414336.0,3632500897536.0
6934,question_36_aime_Qwen3-1.7B_S32,32,1,1,1,1,0.0,0.16441579928431646,103,1029,642705863600640.0,3212071482368.0
6935,question_36_aime_Qwen3-1.7B_S32,32,1,1,1,1,0.0,0.07707598283366597,139,749,500938483202304.0,2319791688704.0
6936,question_36_aime_Qwen3-1.7B_S32,32,1,1,1,1,0.0,0.16441579928431646,103,695,632016589076992.0,3128256624640.0
6937,question_36_aime_Qwen3-1.7B_S16,16,1,1,1,1,0.0,0.036784964292897696,78,78,405570578366464.0,2149928890368.0
6938,question_36_aime_Qwen3-1.7B_S16,16,1,1,1,1,0.0,0.042922395223224066,77,224,409262900288256.0,2159134982144.0
6939,question_36_aime_Qwen3-1.7B_S16,16,1,1,1,1,0.0,0.15135479041413155,100,732,499173616589312.0,2761769683456.0
6940,question_36_aime_Qwen3-1.7B_S8,8,1,1,1,1,0.0,0.15135479041413155,100,508,480621413373696.0,2826813473792.0
6941,question_36_aime_Qwen3-1.7B_S8,8,1,1,1,1,0.0,0.018376449297040128,147,314,383947527814144.0,2189002084864.0
6942,question_36_aime_Qwen3-1.7B_S8,8,1,1,1,1,0.0,0.16441579928431646,103,379,322570441820928.0,1863512304640.0
6943,question_36_aime_Qwen3-1.7B_S4,4,1,1,1,1,0.0,0.020965679549464666,289,565,490482409736704.0,2897293434112.0
6944,question_36_aime_Qwen3-1.7B_S4,4,1,1,1,1,0.0,0.021614556292520654,436,988,429223500964608.0,2511165893376.0
6945,question_36_aime_Qwen3-1.7B_S4,4,1,1,1,1,0.0,0.03321870610180676,163,163,355809805937152.0,2132795185920.0
6946,question_36_aime_Qwen3-1.7B_S2,2,1,1,1,1,0.0,0.02798234848693143,355,689,345996121934848.0,2082686484480.0
6947,question_36_aime_Qwen3-1.7B_S2,2,1,1,1,1,0.0,0.017122529392322988,411,411,397703958806784.0,2403184023296.0
6948,question_36_aime_Qwen3-1.7B_S2,2,1,1,1,1,0.0,0.01666443025295682,170,170,261154724210688.0,1560945582336.0
6949,question_36_aime_Qwen3-1.7B_S1,1,1,1,1,1,0.0,0.028996971302271166,716,716,485728082794752.0,2992074401792.0
6950,question_36_aime_Qwen3-1.7B_S1,1,1,1,1,1,0.0,0.03321870610180676,163,163,117015786795264.0,723048901120.0
6951,question_36_aime_Qwen3-1.7B_S1,1,1,1,1,1,0.0,0.03649409317785868,344,344,241494619907072.0,1464635943680.0
6952,question_37_aime_Qwen3-1.7B_S64,64,1,1,1,1,0.0,0.1530924755325582,447,1548,1788503678529792.0,7612819049472.0
6953,question_37_aime_Qwen3-1.7B_S64,64,1,1,1,1,0.0,0.1530924755325582,447,1548,1788503678529792.0,7612819049472.0
6954,question_37_aime_Qwen3-1.7B_S64,64,1,1,1,1,0.0,0.1530924755325582,447,1548,1788503678529792.0,7612819049472.0
6955,question_37_aime_Qwen3-1.7B_S32,32,1,1,1,1,0.0,0.13572727008591315,615,1101,1259156061479680.0,5706476412672.0
6956,question_37_aime_Qwen3-1.7B_S32,32,1,1,1,1,0.0,0.13572727008591315,615,1101,1328014069500160.0,6109470547712.0
6957,question_37_aime_Qwen3-1.7B_S32,32,1,1,1,1,0.0,0.02394307262426754,486,486,1622720921523968.0,7354064949504.0
6958,question_37_aime_Qwen3-1.7B_S16,16,1,1,1,1,0.0,0.5467611687292661,861,1347,1282432023213824.0,6681196411904.0
6959,question_37_aime_Qwen3-1.7B_S16,16,1,1,1,1,0.0,0.1530924755325582,447,1062,1112015636992512.0,6166635161344.0
6960,question_37_aime_Qwen3-1.7B_S16,16,1,1,1,1,0.0,0.02394307262426754,486,486,1285171053854464.0,6674772283648.0
6961,question_37_aime_Qwen3-1.7B_S8,8,1,1,1,1,0.0,0.056445180552120014,1058,1058,2161921211360512.0,10809878818816.0
6962,question_37_aime_Qwen3-1.7B_S8,8,1,1,1,1,0.0,0.04819481207538572,800,1397,1262855183414272.0,6721669396736.0
6963,question_37_aime_Qwen3-1.7B_S8,8,1,1,1,1,0.0,0.07896104245963072,937,1785,2321248254422272.0,11559376236800.0
6964,question_37_aime_Qwen3-1.7B_S4,4,1,1,1,1,0.0,0.02394307262426754,486,486,606366239216640.0,3572585013760.0
6965,question_37_aime_Qwen3-1.7B_S4,4,1,1,1,1,0.0,0.15276762376978878,1088,2189,2024091998458880.0,11038262034688.0
6966,question_37_aime_Qwen3-1.7B_S4,4,1,1,1,1,0.0,0.2824375553508778,1354,2511,1979092948740096.0,10872077174784.0
6967,question_37_aime_Qwen3-1.7B_S2,2,1,1,1,1,0.0,0.2040807574548973,866,866,982764305635840.0,5726247733248.0
6968,question_37_aime_Qwen3-1.7B_S2,2,1,1,1,1,0.0,0.13572727008591315,615,615,509554609582592.0,3100125998592.0
6969,question_37_aime_Qwen3-1.7B_S2,2,1,1,1,1,0.0,0.07927839519308408,1535,1535,1463544727011584.0,8509636868096.0
6970,question_37_aime_Qwen3-1.7B_S1,1,1,1,1,1,0.0,0.04386458169661358,586,586,422592978162432.0,2548655913216.0
6971,question_37_aime_Qwen3-1.7B_S1,1,1,1,1,1,0.0,0.37219732295891933,1664,1664,1255864203283200.0,7108745711872.0
6972,question_37_aime_Qwen3-1.7B_S1,1,1,1,1,1,0.0,0.47714200408923785,1709,1709,1315837766311936.0,7323455311872.0
6973,question_38_aime_Qwen3-1.7B_S64,64,1,1,1,1,0.0,0.12478060240759721,260,3582,1453264695473920.0,7684478927104.0
6974,question_38_aime_Qwen3-1.7B_S64,64,1,1,1,1,0.0,0.12478060240759721,260,3582,1453264695473920.0,7684478927104.0
6975,question_38_aime_Qwen3-1.7B_S64,64,1,1,1,1,0.0,0.12478060240759721,260,3582,1453264695473920.0,7684478927104.0
6976,question_38_aime_Qwen3-1.7B_S32,32,1,1,1,1,0.0,0.12478060240759721,260,1342,769194815952640.0,4169333704704.0
6977,question_38_aime_Qwen3-1.7B_S32,32,1,1,1,1,0.0,0.12478060240759721,260,2955,1311903105425920.0,7513078628608.0
6978,question_38_aime_Qwen3-1.7B_S32,32,1,1,1,1,0.0,0.10826737580332708,494,1017,867603012550400.0,4847285278976.0
6979,question_38_aime_Qwen3-1.7B_S16,16,1,1,1,1,0.0,0.10826737580332708,494,1388,760512338793984.0,4472838089216.0
6980,question_38_aime_Qwen3-1.7B_S16,16,1,1,1,1,0.0,0.016770088172381813,231,231,682585315736576.0,3968732182016.0
6981,question_38_aime_Qwen3-1.7B_S16,16,1,1,1,1,0.0,0.0691743559289144,274,925,737736314599424.0,4292663929344.0
6982,question_38_aime_Qwen3-1.7B_S8,8,1,1,1,1,0.0,0.12519656335693205,527,1265,627729623924480.0,3552999093504.0
6983,question_38_aime_Qwen3-1.7B_S8,8,1,1,1,1,0.0,0.13259293147229953,954,1882,1021706774803456.0,5900316391424.0
6984,question_38_aime_Qwen3-1.7B_S8,8,1,1,1,1,0.0,0.024322799698336287,437,437,777301461160448.0,4493315961344.0
6985,question_38_aime_Qwen3-1.7B_S4,4,1,1,1,1,0.0,0.024322799698336287,437,437,451566824020480.0,2691439000320.0
6986,question_38_aime_Qwen3-1.7B_S4,4,1,1,1,1,0.0,0.08380229418802328,379,1096,656030521147904.0,3928132216064.0
6987,question_38_aime_Qwen3-1.7B_S4,4,1,1,1,1,0.0,0.041323574764167925,374,734,538317914468096.0,3164503277824.0
6988,question_38_aime_Qwen3-1.7B_S2,2,1,1,1,1,0.0,0.015117254653649128,455,455,354958766362368.0,2172545018112.0
6989,question_38_aime_Qwen3-1.7B_S2,2,1,1,1,1,0.0,0.0691743559289144,274,274,233215268962816.0,1452445747200.0
6990,question_38_aime_Qwen3-1.7B_S2,2,1,1,1,1,0.0,0.03189766220937601,285,285,259730226527744.0,1614036775680.0
6991,question_38_aime_Qwen3-1.7B_S1,1,1,1,1,1,0.0,0.020555125563567568,930,930,649959822874880.0,3917943493632.0
6992,question_38_aime_Qwen3-1.7B_S1,1,1,1,1,1,0.0,0.012878566713945567,717,717,478539440160768.0,2979963752192.0
6993,question_38_aime_Qwen3-1.7B_S1,1,1,1,1,1,0.0,0.025589820487295824,91,91,69502545953792.0,429330444032.0
6994,question_39_aime_Qwen3-1.7B_S64,64,1,1,1,1,0.0,0.24951617014616168,184,1613,664094285999872.0,2395284100608.0
6995,question_39_aime_Qwen3-1.7B_S64,64,1,1,1,1,0.0,0.24951617014616168,184,1613,664094285999872.0,2395284100608.0
6996,question_39_aime_Qwen3-1.7B_S64,64,1,1,1,1,0.0,0.24951617014616168,184,1613,664094285999872.0,2395284100608.0
6997,question_39_aime_Qwen3-1.7B_S32,32,1,1,1,1,0.0,0.2751252780496734,274,1714,533926395165184.0,2273078825472.0
6998,question_39_aime_Qwen3-1.7B_S32,32,1,1,1,1,0.0,0.22637000883866837,112,787,423829165378304.0,1798479149824.0
6999,question_39_aime_Qwen3-1.7B_S32,32,1,1,1,1,0.0,0.24951617014616168,184,855,432907360420864.0,1855144263168.0
7000,question_39_aime_Qwen3-1.7B_S16,16,1,1,1,1,0.0,0.1762662793588744,133,376,320229751602432.0,1579418787072.0
7001,question_39_aime_Qwen3-1.7B_S16,16,1,1,1,1,0.0,0.23248082287887495,260,1356,494266748665088.0,2516510486784.0
7002,question_39_aime_Qwen3-1.7B_S16,16,1,1,1,1,0.0,0.2986462043177289,150,607,348968293698304.0,1701107494912.0
7003,question_39_aime_Qwen3-1.7B_S8,8,1,1,1,1,0.0,0.18891742386887278,120,262,271459420273664.0,1405090808576.0
7004,question_39_aime_Qwen3-1.7B_S8,8,1,1,1,1,0.0,0.153200297468802,158,461,403720562135296.0,2258173440768.0
7005,question_39_aime_Qwen3-1.7B_S8,8,1,1,1,1,0.0,0.010392928082701617,91,91,261671136281856.0,1452735148032.0
7006,question_39_aime_Qwen3-1.7B_S4,4,1,1,1,1,0.0,0.19077838412185263,238,831,393563745112832.0,2213105793024.0
7007,question_39_aime_Qwen3-1.7B_S4,4,1,1,1,1,0.0,0.1762662793588744,133,133,252868627789568.0,1457754755072.0
7008,question_39_aime_Qwen3-1.7B_S4,4,1,1,1,1,0.0,0.17046892105104602,122,122,210741294227968.0,1190912291072.0
7009,question_39_aime_Qwen3-1.7B_S2,2,1,1,1,1,0.0,0.16760790118272365,199,425,209215303368960.0,1242725397760.0
7010,question_39_aime_Qwen3-1.7B_S2,2,1,1,1,1,0.0,0.010392928082701617,91,91,153899044927488.0,938847655424.0
7011,question_39_aime_Qwen3-1.7B_S2,2,1,1,1,1,0.0,0.18840467964582064,278,278,439321044868608.0,2593168376064.0
7012,question_39_aime_Qwen3-1.7B_S1,1,1,1,1,1,0.0,0.11772144596065093,315,315,219874704976640.0,1336287289344.0
7013,question_39_aime_Qwen3-1.7B_S1,1,1,1,1,1,0.0,0.35532164434283875,562,562,405493245325056.0,2390138856448.0
7014,question_39_aime_Qwen3-1.7B_S1,1,1,1,1,1,0.0,0.11748872578067625,75,75,56384317190656.0,335364540672.0
7015,question_4_aime_Qwen3-1.7B_S64,64,1,1,1,1,0.0,0.2207126053770394,94,741,848233431693312.0,4038110279168.0
7016,question_4_aime_Qwen3-1.7B_S64,64,1,1,1,1,0.0,0.2207126053770394,94,741,848233431693312.0,4038110279168.0
7017,question_4_aime_Qwen3-1.7B_S64,64,1,1,1,1,0.0,0.2207126053770394,94,741,848233431693312.0,4038110279168.0
7018,question_4_aime_Qwen3-1.7B_S32,32,1,1,1,1,0.0,0.1858630846806931,126,310,666437330650112.0,3566607769088.0
7019,question_4_aime_Qwen3-1.7B_S32,32,1,1,1,1,0.0,0.1858630846806931,126,310,552958028698880.0,2858417506560.0
7020,question_4_aime_Qwen3-1.7B_S32,32,1,1,1,1,0.0,0.2207126053770394,94,558,585993331160832.0,3094093295104.0
7021,question_4_aime_Qwen3-1.7B_S16,16,1,1,1,1,0.0,0.17839565856242637,85,183,334468150601984.0,1805416521216.0
7022,question_4_aime_Qwen3-1.7B_S16,16,1,1,1,1,0.0,0.2207126053770394,94,313,423025374691584.0,2365039527424.0
7023,question_4_aime_Qwen3-1.7B_S16,16,1,1,1,1,0.0,0.19696812834975105,121,220,450006402779136.0,2527886982656.0
7024,question_4_aime_Qwen3-1.7B_S8,8,1,1,1,1,0.0,0.19803003683935702,342,1647,831663987409920.0,4864331768576.0
7025,question_4_aime_Qwen3-1.7B_S8,8,1,1,1,1,0.0,0.16419209227983655,98,98,343770171211264.0,2029833363712.0
7026,question_4_aime_Qwen3-1.7B_S8,8,1,1,1,1,0.0,0.19696812834975105,121,247,248833800940032.0,1438098936064.0
7027,question_4_aime_Qwen3-1.7B_S4,4,1,1,1,1,0.0,0.10115086192071295,344,344,504836225666304.0,3049131463168.0
7028,question_4_aime_Qwen3-1.7B_S4,4,1,1,1,1,0.0,0.28880528236829733,226,1069,360355406132736.0,2116203846400.0
7029,question_4_aime_Qwen3-1.7B_S4,4,1,1,1,1,0.0,0.19696812834975105,121,121,300182328923904.0,1828072128512.0
7030,question_4_aime_Qwen3-1.7B_S2,2,1,1,1,1,0.0,0.2207126053770394,94,94,159678162776832.0,978622537984.0
7031,question_4_aime_Qwen3-1.7B_S2,2,1,1,1,1,0.0,0.13100008702005636,399,399,458834348467712.0,2735954832128.0
7032,question_4_aime_Qwen3-1.7B_S2,2,1,1,1,1,0.0,0.029191221277755496,227,227,359952804046080.0,2199520388352.0
7033,question_4_aime_Qwen3-1.7B_S1,1,1,1,1,1,0.0,0.1858630846806931,126,126,90720931483392.0,563865591296.0
7034,question_4_aime_Qwen3-1.7B_S1,1,1,1,1,1,0.0,0.28880528236829733,226,226,157719707670784.0,966083005440.0
7035,question_4_aime_Qwen3-1.7B_S1,1,1,1,1,1,0.0,0.09784083838661835,341,341,236126522157568.0,1445887057664.0
7036,question_40_aime_Qwen3-1.7B_S64,64,1,1,1,1,0.0,0.17690874683176966,283,7327,710197619742464.0,3038382909184.0
7037,question_40_aime_Qwen3-1.7B_S64,64,1,1,1,1,0.0,0.17690874683176966,283,7327,710197619742464.0,3038382909184.0
7038,question_40_aime_Qwen3-1.7B_S64,64,1,1,1,1,0.0,0.17690874683176966,283,7327,710197619742464.0,3038382909184.0
7039,question_40_aime_Qwen3-1.7B_S32,32,1,1,1,1,0.0,0.054367304944564654,166,3724,492034902042880.0,2389804112640.0
7040,question_40_aime_Qwen3-1.7B_S32,32,1,1,1,1,0.0,0.054367304944564654,166,4195,466360570324992.0,2263369013248.0
7041,question_40_aime_Qwen3-1.7B_S32,32,1,1,1,1,0.0,0.17690874683176966,283,3663,504710752480256.0,2473631774208.0
7042,question_40_aime_Qwen3-1.7B_S16,16,1,1,1,1,0.0,0.17690874683176966,283,2229,430945717762560.0,2386279228928.0
7043,question_40_aime_Qwen3-1.7B_S16,16,1,1,1,1,0.0,0.0425864610242132,183,1116,414180221090048.0,2190597020416.0
7044,question_40_aime_Qwen3-1.7B_S16,16,1,1,1,1,0.0,0.0425864610242132,183,1824,336259911507968.0,1788721403392.0
7045,question_40_aime_Qwen3-1.7B_S8,8,1,1,1,1,0.0,0.03424376454176704,173,797,379682913933568.0,2209153153536.0
7046,question_40_aime_Qwen3-1.7B_S8,8,1,1,1,1,0.0,0.17690874683176966,283,907,383789236289536.0,2244942979328.0
7047,question_40_aime_Qwen3-1.7B_S8,8,1,1,1,1,0.0,0.02971804653098863,118,844,322661580372992.0,1885528872192.0
7048,question_40_aime_Qwen3-1.7B_S4,4,1,1,1,1,0.0,0.021886543717475417,188,619,262573269998592.0,1586364312064.0
7049,question_40_aime_Qwen3-1.7B_S4,4,1,1,1,1,0.0,0.014036676596766797,211,423,387674764038912.0,2344773326336.0
7050,question_40_aime_Qwen3-1.7B_S4,4,1,1,1,1,0.0,0.016052975552977227,137,349,285718603301376.0,1710124596992.0
7051,question_40_aime_Qwen3-1.7B_S2,2,1,1,1,1,0.0,0.0350736816364614,192,365,176176655676672.0,1079451582720.0
7052,question_40_aime_Qwen3-1.7B_S2,2,1,1,1,1,0.0,0.019870240338220345,214,426,224877905670656.0,1394024690688.0
7053,question_40_aime_Qwen3-1.7B_S2,2,1,1,1,1,0.0,0.06807892166486983,91,91,201750749014528.0,1232648229120.0
7054,question_40_aime_Qwen3-1.7B_S1,1,1,1,1,1,0.0,0.012628147576121568,212,212,143672881603328.0,892123663872.0
7055,question_40_aime_Qwen3-1.7B_S1,1,1,1,1,1,0.0,0.023167435456647636,747,747,541409421998592.0,3184413971200.0
7056,question_40_aime_Qwen3-1.7B_S1,1,1,1,1,1,0.0,0.014022811709817541,265,265,179629706522112.0,1112545360640.0
7057,question_41_aime_Qwen3-1.7B_S64,64,1,1,1,1,0.0,0.08822622878211242,122,6603,464999015439616.0,1925106901760.0
7058,question_41_aime_Qwen3-1.7B_S64,64,1,1,1,1,0.0,0.08822622878211242,122,6603,464999015439616.0,1925106901760.0
7059,question_41_aime_Qwen3-1.7B_S64,64,1,1,1,1,0.0,0.08822622878211242,122,6603,464999015439616.0,1925106901760.0
7060,question_41_aime_Qwen3-1.7B_S32,32,1,1,1,1,0.0,0.029177765206342205,138,3228,357448388632832.0,1742642010368.0
7061,question_41_aime_Qwen3-1.7B_S32,32,1,1,1,1,0.0,0.029711969834756144,149,3422,352111080747776.0,1701417362176.0
7062,question_41_aime_Qwen3-1.7B_S32,32,1,1,1,1,0.0,0.026183470853772244,126,3368,331581914741504.0,1616212804864.0
7063,question_41_aime_Qwen3-1.7B_S16,16,1,1,1,1,0.0,0.026338888198213433,115,1514,267884351035392.0,1430349743872.0
7064,question_41_aime_Qwen3-1.7B_S16,16,1,1,1,1,0.0,0.026183470853772244,126,1636,266400372618240.0,1446443344640.0
7065,question_41_aime_Qwen3-1.7B_S16,16,1,1,1,1,0.0,0.029177765206342205,138,1742,285701119753728.0,1564395718144.0
7066,question_41_aime_Qwen3-1.7B_S8,8,1,1,1,1,0.0,0.08822622878211242,122,952,142047997459200.0,782576225536.0
7067,question_41_aime_Qwen3-1.7B_S8,8,1,1,1,1,0.0,0.026183470853772244,126,923,136073793639168.0,745629398528.0
7068,question_41_aime_Qwen3-1.7B_S8,8,1,1,1,1,0.0,0.026183470853772244,126,840,145608585196032.0,804973406720.0
7069,question_41_aime_Qwen3-1.7B_S4,4,1,1,1,1,0.0,0.019162375407474543,123,347,251056372698880.0,1535308649728.0
7070,question_41_aime_Qwen3-1.7B_S4,4,1,1,1,1,0.0,0.01943453129462902,133,357,172448197782784.0,1032661159936.0
7071,question_41_aime_Qwen3-1.7B_S4,4,1,1,1,1,0.0,0.08822622878211242,122,467,101961545900032.0,588684855808.0
7072,question_41_aime_Qwen3-1.7B_S2,2,1,1,1,1,0.0,0.017939240514013365,111,215,102410831152896.0,623131701248.0
7073,question_41_aime_Qwen3-1.7B_S2,2,1,1,1,1,0.0,0.018190352465587385,94,205,96644395325184.0,586520164608.0
7074,question_41_aime_Qwen3-1.7B_S2,2,1,1,1,1,0.0,0.02547706717328659,116,220,88469071197696.0,529819711232.0
7075,question_41_aime_Qwen3-1.7B_S1,1,1,1,1,1,0.0,0.017074982890740848,112,112,78236014592512.0,483817709312.0
7076,question_41_aime_Qwen3-1.7B_S1,1,1,1,1,1,0.0,0.014957746996922676,114,114,79934058403584.0,490926198784.0
7077,question_41_aime_Qwen3-1.7B_S1,1,1,1,1,1,0.0,0.026162141417631426,138,138,99516742318336.0,613663314432.0
7078,question_42_aime_Qwen3-1.7B_S64,64,1,1,1,1,0.0,0.3904322867609657,210,3676,616131710218752.0,2507668846592.0
7079,question_42_aime_Qwen3-1.7B_S64,64,1,1,1,1,0.0,0.3904322867609657,210,3676,616131710218752.0,2507668846592.0
7080,question_42_aime_Qwen3-1.7B_S64,64,1,1,1,1,0.0,0.3904322867609657,210,3676,616131710218752.0,2507668846592.0
7081,question_42_aime_Qwen3-1.7B_S32,32,1,1,1,1,0.0,0.3904322867609657,210,2025,432798446347008.0,2033261368320.0
7082,question_42_aime_Qwen3-1.7B_S32,32,1,1,1,1,0.0,0.34237141070272253,166,1862,463510849932032.0,2244695441408.0
7083,question_42_aime_Qwen3-1.7B_S32,32,1,1,1,1,0.0,0.3904322867609657,210,1922,437142927185664.0,2081786730240.0
7084,question_42_aime_Qwen3-1.7B_S16,16,1,1,1,1,0.0,0.3904322867609657,210,782,357909029983232.0,1896284104960.0
7085,question_42_aime_Qwen3-1.7B_S16,16,1,1,1,1,0.0,0.30092084339206426,78,527,285532811587072.0,1487845784320.0
7086,question_42_aime_Qwen3-1.7B_S16,16,1,1,1,1,0.0,0.3904322867609657,210,1448,326964189986560.0,1730372444416.0
7087,question_42_aime_Qwen3-1.7B_S8,8,1,1,1,1,0.0,0.2617220622816534,87,370,337346960806912.0,1955532260864.0
7088,question_42_aime_Qwen3-1.7B_S8,8,1,1,1,1,0.0,0.34237141070272253,166,613,297796617018880.0,1711074713600.0
7089,question_42_aime_Qwen3-1.7B_S8,8,1,1,1,1,0.0,0.3402294016124659,110,340,244827777496064.0,1386809720576.0
7090,question_42_aime_Qwen3-1.7B_S4,4,1,1,1,1,0.0,0.4427829643102182,212,212,348356906679040.0,2039994591488.0
7091,question_42_aime_Qwen3-1.7B_S4,4,1,1,1,1,0.0,0.2898459241080881,84,84,192162200869632.0,1137377753344.0
7092,question_42_aime_Qwen3-1.7B_S4,4,1,1,1,1,0.0,0.3402294016124659,110,346,205199404886784.0,1218074531072.0
7093,question_42_aime_Qwen3-1.7B_S2,2,1,1,1,1,0.0,0.4427829643102182,212,212,211953087867136.0,1280026517504.0
7094,question_42_aime_Qwen3-1.7B_S2,2,1,1,1,1,0.0,0.12165312898619755,92,92,195017209375744.0,1175154493184.0
7095,question_42_aime_Qwen3-1.7B_S2,2,1,1,1,1,0.0,0.1720448612483918,129,129,251281954327040.0,1548324775424.0
7096,question_42_aime_Qwen3-1.7B_S1,1,1,1,1,1,0.0,0.10288209828711932,292,292,210851079152896.0,1260712117504.0
7097,question_42_aime_Qwen3-1.7B_S1,1,1,1,1,1,0.0,0.19252250772202856,82,82,59780067705344.0,363223601664.0
7098,question_42_aime_Qwen3-1.7B_S1,1,1,1,1,1,0.0,0.15010014895619617,67,67,50001404768000.0,301952958720.0
7099,question_43_aime_Qwen3-1.7B_S64,64,1,1,1,1,0.0,0.18955815533990872,362,6328,1327717471600128.0,5091307966976.0
7100,question_43_aime_Qwen3-1.7B_S64,64,1,1,1,1,0.0,0.18955815533990872,362,6328,1327717471600128.0,5091307966976.0
7101,question_43_aime_Qwen3-1.7B_S64,64,1,1,1,1,0.0,0.18955815533990872,362,6328,1327717471600128.0,5091307966976.0
7102,question_43_aime_Qwen3-1.7B_S32,32,1,1,1,1,0.0,0.17553124173812956,316,3941,890201604343296.0,4001076722944.0
7103,question_43_aime_Qwen3-1.7B_S32,32,1,1,1,1,0.0,0.18955815533990872,362,3704,949876901489152.0,4377491473152.0
7104,question_43_aime_Qwen3-1.7B_S32,32,1,1,1,1,0.0,0.17553124173812956,316,2237,831766736713472.0,3633295746304.0
7105,question_43_aime_Qwen3-1.7B_S16,16,1,1,1,1,0.0,0.15393437294313347,377,2108,789306594092800.0,3990446797568.0
7106,question_43_aime_Qwen3-1.7B_S16,16,1,1,1,1,0.0,0.15393437294313347,377,1993,797669769754368.0,4121103553280.0
7107,question_43_aime_Qwen3-1.7B_S16,16,1,1,1,1,0.0,0.18955815533990872,362,934,697270887070464.0,3583298693632.0
7108,question_43_aime_Qwen3-1.7B_S8,8,1,1,1,1,0.0,0.09837295607786285,287,612,561959423056640.0,3121494023424.0
7109,question_43_aime_Qwen3-1.7B_S8,8,1,1,1,1,0.0,0.11777169916566309,353,1013,501836755237888.0,2800002840320.0
7110,question_43_aime_Qwen3-1.7B_S8,8,1,1,1,1,0.0,0.25042093670635823,683,3125,771434872404224.0,4260020074240.0
7111,question_43_aime_Qwen3-1.7B_S4,4,1,1,1,1,0.0,0.17553124173812956,316,1070,440740258551040.0,2583398418944.0
7112,question_43_aime_Qwen3-1.7B_S4,4,1,1,1,1,0.0,0.16586483945920794,336,689,719010967187968.0,4195137856000.0
7113,question_43_aime_Qwen3-1.7B_S4,4,1,1,1,1,0.0,0.20599081812915165,363,740,610124376510208.0,3610002674432.0
7114,question_43_aime_Qwen3-1.7B_S2,2,1,1,1,1,0.0,0.011166599727792954,313,313,441087505669888.0,2662876204800.0
7115,question_43_aime_Qwen3-1.7B_S2,2,1,1,1,1,0.0,0.011166599727792954,313,313,407379357633024.0,2424997874432.0
7116,question_43_aime_Qwen3-1.7B_S2,2,1,1,1,1,0.0,0.17553124173812956,316,641,299039257502720.0,1813345164288.0
7117,question_43_aime_Qwen3-1.7B_S1,1,1,1,1,1,0.0,0.042145294340713776,626,626,432395046728960.0,2635379022080.0
7118,question_43_aime_Qwen3-1.7B_S1,1,1,1,1,1,0.0,0.01568673607106353,1171,1171,845546681367808.0,4967147800832.0
7119,question_43_aime_Qwen3-1.7B_S1,1,1,1,1,1,0.0,0.031953870536947614,466,466,328543713014272.0,1976095808512.0
7120,question_44_aime_Qwen3-1.7B_S64,64,1,1,1,1,0.0,0.29702407639544215,407,4166,1877664257432320.0,8392332639488.0
7121,question_44_aime_Qwen3-1.7B_S64,64,1,1,1,1,0.0,0.29702407639544215,407,4166,1877664257432320.0,8392332639488.0
7122,question_44_aime_Qwen3-1.7B_S64,64,1,1,1,1,0.0,0.29702407639544215,407,4166,1877664257432320.0,8392332639488.0
7123,question_44_aime_Qwen3-1.7B_S32,32,1,1,1,1,0.0,0.29702407639544215,407,2525,1428632371579392.0,7334206860288.0
7124,question_44_aime_Qwen3-1.7B_S32,32,1,1,1,1,0.0,0.29702407639544215,407,2810,1397819717656320.0,7171779109376.0
7125,question_44_aime_Qwen3-1.7B_S32,32,1,1,1,1,0.0,0.29168080795050005,491,4050,1583168798287104.0,7850762943744.0
7126,question_44_aime_Qwen3-1.7B_S16,16,1,1,1,1,0.0,0.29702407639544215,407,2152,1228943612325632.0,6920612461056.0
7127,question_44_aime_Qwen3-1.7B_S16,16,1,1,1,1,0.0,0.24273222961913016,371,1270,1135064773599232.0,6032861200128.0
7128,question_44_aime_Qwen3-1.7B_S16,16,1,1,1,1,0.0,0.29702407639544215,407,1335,1114844770215680.0,6215634003712.0
7129,question_44_aime_Qwen3-1.7B_S8,8,1,1,1,1,0.0,0.07073455668429916,424,1600,863303497366016.0,4987163602176.0
7130,question_44_aime_Qwen3-1.7B_S8,8,1,1,1,1,0.0,0.31012623766955333,637,1966,908774683839232.0,5066113792768.0
7131,question_44_aime_Qwen3-1.7B_S8,8,1,1,1,1,0.0,0.31012623766955333,637,1920,801387355342336.0,4452667260160.0
7132,question_44_aime_Qwen3-1.7B_S4,4,1,1,1,1,0.0,0.3518267274381547,661,898,711551697075968.0,4259717814016.0
7133,question_44_aime_Qwen3-1.7B_S4,4,1,1,1,1,0.0,0.29168080795050005,491,1146,509496704166912.0,2988565040384.0
7134,question_44_aime_Qwen3-1.7B_S4,4,1,1,1,1,0.0,0.2118208945131666,480,480,675420706127104.0,4099938510080.0
7135,question_44_aime_Qwen3-1.7B_S2,2,1,1,1,1,0.0,0.2791762611211423,535,535,621204806238464.0,3823798893824.0
7136,question_44_aime_Qwen3-1.7B_S2,2,1,1,1,1,0.0,0.29702407639544215,407,994,513369648823808.0,3147038273792.0
7137,question_44_aime_Qwen3-1.7B_S2,2,1,1,1,1,0.0,0.21497651402732357,740,1707,845670745721088.0,5142639405568.0
7138,question_44_aime_Qwen3-1.7B_S1,1,1,1,1,1,0.0,0.2620634322696459,897,897,622020435398656.0,3770374012160.0
7139,question_44_aime_Qwen3-1.7B_S1,1,1,1,1,1,0.0,0.2620634322696459,897,897,622020435398656.0,3770374012160.0
7140,question_44_aime_Qwen3-1.7B_S1,1,1,1,1,1,0.0,0.06160735242005198,860,860,583052086197504.0,3589626621952.0
7141,question_45_aime_Qwen3-1.7B_S64,64,1,1,1,1,0.0,0.21633546796978534,138,773,856799654740736.0,3530203536384.0
7142,question_45_aime_Qwen3-1.7B_S64,64,1,1,1,1,0.0,0.21633546796978534,138,773,856799654740736.0,3530203536384.0
7143,question_45_aime_Qwen3-1.7B_S64,64,1,1,1,1,0.0,0.21633546796978534,138,773,856799654740736.0,3530203536384.0
7144,question_45_aime_Qwen3-1.7B_S32,32,1,1,1,1,0.0,0.1838146625566762,107,214,625038718377472.0,3031414588160.0
7145,question_45_aime_Qwen3-1.7B_S32,32,1,1,1,1,0.0,0.21633546796978534,138,467,641735376276736.0,3130926480640.0
7146,question_45_aime_Qwen3-1.7B_S32,32,1,1,1,1,0.0,0.21633546796978534,138,352,648397377309696.0,3171117573120.0
7147,question_45_aime_Qwen3-1.7B_S16,16,1,1,1,1,0.0,0.1783413951825796,107,229,489431778493952.0,2660323653120.0
7148,question_45_aime_Qwen3-1.7B_S16,16,1,1,1,1,0.0,0.06672712538255177,515,1617,1655058701743104.0,8492171740416.0
7149,question_45_aime_Qwen3-1.7B_S16,16,1,1,1,1,0.0,0.01794943333506872,184,184,602149119570432.0,3218911091200.0
7150,question_45_aime_Qwen3-1.7B_S8,8,1,1,1,1,0.0,0.028121334700790753,115,115,406262468752896.0,2364757672704.0
7151,question_45_aime_Qwen3-1.7B_S8,8,1,1,1,1,0.0,0.013809137446982457,952,952,1997071836736256.0,10712988084736.0
7152,question_45_aime_Qwen3-1.7B_S8,8,1,1,1,1,0.0,0.21633546796978534,138,245,331508718306304.0,1894353839616.0
7153,question_45_aime_Qwen3-1.7B_S4,4,1,1,1,1,0.0,0.021342677809835568,665,665,1789146381860096.0,10077862912768.0
7154,question_45_aime_Qwen3-1.7B_S4,4,1,1,1,1,0.0,0.31267696912836096,805,1310,1040793050583552.0,5813127600896.0
7155,question_45_aime_Qwen3-1.7B_S4,4,1,1,1,1,0.0,0.21633546796978534,138,138,321888518074368.0,1952476033536.0
7156,question_45_aime_Qwen3-1.7B_S2,2,1,1,1,1,0.0,0.21633546796978534,138,138,249633002637312.0,1546003006464.0
7157,question_45_aime_Qwen3-1.7B_S2,2,1,1,1,1,0.0,0.022867497159064294,569,569,654634685515776.0,3935443226624.0
7158,question_45_aime_Qwen3-1.7B_S2,2,1,1,1,1,0.0,0.42906291266052893,2153,2153,2679201734338304.0,14711395462400.0
7159,question_45_aime_Qwen3-1.7B_S1,1,1,1,1,1,0.0,0.02943357680797352,3792,3792,2975849595830272.0,16292825964800.0
7160,question_45_aime_Qwen3-1.7B_S1,1,1,1,1,1,0.0,0.42906291266052893,2153,2153,1601739949798912.0,9140758411008.0
7161,question_45_aime_Qwen3-1.7B_S1,1,1,1,1,1,0.0,0.31267696912836096,805,805,564987012179968.0,3390921359616.0
7162,question_46_aime_Qwen3-1.7B_S64,64,1,1,1,1,1.0,0.8309709901406106,432,432,2388016109850112.0,10816764539392.0
7163,question_46_aime_Qwen3-1.7B_S64,64,1,1,1,1,1.0,0.8309709901406106,432,432,2388016109850112.0,10816764539392.0
7164,question_46_aime_Qwen3-1.7B_S64,64,1,1,1,1,1.0,0.8309709901406106,432,724,2388016109850112.0,10816764539392.0
7165,question_46_aime_Qwen3-1.7B_S32,32,1,1,1,1,1.0,0.8309709901406106,432,432,1721657515135488.0,8791514210304.0
7166,question_46_aime_Qwen3-1.7B_S32,32,1,1,1,1,0.0,0.6315745824901827,780,5055,2161257397702144.0,10937970227968.0
7167,question_46_aime_Qwen3-1.7B_S32,32,1,1,1,1,0.0,0.6315745824901827,780,5024,1948505107189760.0,9239363522816.0
7168,question_46_aime_Qwen3-1.7B_S16,16,1,1,1,1,0.0,0.6315745824901827,780,2762,1632929480718592.0,8735778673664.0
7169,question_46_aime_Qwen3-1.7B_S16,16,1,1,1,1,0.0,0.43267262328499545,556,1069,1008674979931136.0,5300758396416.0
7170,question_46_aime_Qwen3-1.7B_S16,16,1,1,1,1,0.0,0.21726258389314762,629,2605,1664281291864576.0,8997247049728.0
7171,question_46_aime_Qwen3-1.7B_S8,8,1,1,1,1,0.0,0.21726258389314762,629,1807,1290326412264960.0,7491583249920.0
7172,question_46_aime_Qwen3-1.7B_S8,8,1,1,1,1,1.0,0.8309709901406106,432,1993,896510367748352.0,5114738062336.0
7173,question_46_aime_Qwen3-1.7B_S8,8,1,1,1,1,0.0,0.6315745824901827,780,2283,1143130151778048.0,6452401697280.0
7174,question_46_aime_Qwen3-1.7B_S4,4,1,1,1,1,0.0,0.21726258389314762,629,629,931122039812608.0,5520948450304.0
7175,question_46_aime_Qwen3-1.7B_S4,4,1,1,1,1,0.0,0.21726258389314762,629,629,941176903889152.0,5576501520128.0
7176,question_46_aime_Qwen3-1.7B_S4,4,1,1,1,1,0.0,0.04506070182303381,513,1013,884827465064704.0,5278826543872.0
7177,question_46_aime_Qwen3-1.7B_S2,2,1,1,1,1,0.0,0.7249956916893766,927,927,821349538981888.0,4856835459840.0
7178,question_46_aime_Qwen3-1.7B_S2,2,1,1,1,1,0.0,0.3329290712286194,961,961,1257752638745344.0,7245042692608.0
7179,question_46_aime_Qwen3-1.7B_S2,2,1,1,1,1,0.0,0.042242543899690684,653,653,604760053945600.0,3687125076992.0
7180,question_46_aime_Qwen3-1.7B_S1,1,1,1,1,1,1.0,0.8087227627385245,797,797,553729889063680.0,3358464257792.0
7181,question_46_aime_Qwen3-1.7B_S1,1,1,1,1,1,0.0,0.7582637575758759,1358,1358,976535788544512.0,5750059538944.0
7182,question_46_aime_Qwen3-1.7B_S1,1,1,1,1,1,0.0,0.053936722624141405,1093,1093,781916739045120.0,4638405967104.0
7183,question_47_aime_Qwen3-1.7B_S64,64,1,1,1,1,0.0,0.32495501577198754,57,1268,659672617581824.0,2512093808896.0
7184,question_47_aime_Qwen3-1.7B_S64,64,1,1,1,1,0.0,0.32495501577198754,57,1268,659672617581824.0,2512093808896.0
7185,question_47_aime_Qwen3-1.7B_S64,64,1,1,1,1,0.0,0.32495501577198754,57,1268,659672617581824.0,2512093808896.0
7186,question_47_aime_Qwen3-1.7B_S32,32,1,1,1,1,0.0,0.21078205156009558,106,472,447094525027584.0,2007540408832.0
7187,question_47_aime_Qwen3-1.7B_S32,32,1,1,1,1,0.0,0.32495501577198754,57,936,484544852270080.0,2239625009664.0
7188,question_47_aime_Qwen3-1.7B_S32,32,1,1,1,1,0.0,0.32495501577198754,57,771,488812840406016.0,2272506720512.0
7189,question_47_aime_Qwen3-1.7B_S16,16,1,1,1,1,0.0,0.22395461711606912,89,361,344582963027968.0,1778278164992.0
7190,question_47_aime_Qwen3-1.7B_S16,16,1,1,1,1,0.0,0.39626065621114753,278,1654,537888157451008.0,2753971415552.0
7191,question_47_aime_Qwen3-1.7B_S16,16,1,1,1,1,0.0,0.22395461711606912,89,315,357556875823616.0,1884950527488.0
7192,question_47_aime_Qwen3-1.7B_S8,8,1,1,1,1,0.0,0.32495501577198754,57,57,305171142201856.0,1727335825152.0
7193,question_47_aime_Qwen3-1.7B_S8,8,1,1,1,1,0.0,0.22395461711606912,89,323,233122072589056.0,1311788511488.0
7194,question_47_aime_Qwen3-1.7B_S8,8,1,1,1,1,0.0,0.34912626767872257,236,1467,346710928759552.0,1910717688320.0
7195,question_47_aime_Qwen3-1.7B_S4,4,1,1,1,1,0.0,0.29668084468923434,190,803,261455605297152.0,1526979982080.0
7196,question_47_aime_Qwen3-1.7B_S4,4,1,1,1,1,0.0,0.05888728924570682,312,606,349034560921088.0,2073009913856.0
7197,question_47_aime_Qwen3-1.7B_S4,4,1,1,1,1,0.0,0.39626065621114753,278,938,293291400833536.0,1696672070912.0
7198,question_47_aime_Qwen3-1.7B_S2,2,1,1,1,1,0.0,0.08929343253012113,240,240,321468065931264.0,1912579682048.0
7199,question_47_aime_Qwen3-1.7B_S2,2,1,1,1,1,0.0,0.0799912957633845,379,719,329064960455168.0,1924893569536.0
7200,question_47_aime_Qwen3-1.7B_S2,2,1,1,1,1,0.0,0.09954041355136206,220,360,185386502997248.0,1114324673280.0
7201,question_47_aime_Qwen3-1.7B_S1,1,1,1,1,1,0.0,0.0801521633733498,166,166,114941469407744.0,709379543040.0
7202,question_47_aime_Qwen3-1.7B_S1,1,1,1,1,1,0.0,0.3488590437284547,188,188,131642138156032.0,805511085568.0
7203,question_47_aime_Qwen3-1.7B_S1,1,1,1,1,1,0.0,0.12916711331043218,336,336,238480400503296.0,1433756964864.0
7204,question_48_aime_Qwen3-1.7B_S64,64,1,1,1,1,0.0,0.27367148598184204,513,1452,842663540518912.0,4065982152960.0
7205,question_48_aime_Qwen3-1.7B_S64,64,1,1,1,1,0.0,0.27367148598184204,513,1452,842663540518912.0,4065982152960.0
7206,question_48_aime_Qwen3-1.7B_S64,64,1,1,1,1,0.0,0.27367148598184204,513,1452,842663540518912.0,4065982152960.0
7207,question_48_aime_Qwen3-1.7B_S32,32,1,1,1,1,0.0,0.27367148598184204,513,1142,703735623596544.0,3851876890624.0
7208,question_48_aime_Qwen3-1.7B_S32,32,1,1,1,1,0.0,0.20119665397345599,145,699,575878896027904.0,3000022289152.0
7209,question_48_aime_Qwen3-1.7B_S32,32,1,1,1,1,0.0,0.13637640603519605,240,794,493308233433344.0,2517104377088.0
7210,question_48_aime_Qwen3-1.7B_S16,16,1,1,1,1,0.0,0.059005829567589756,252,252,452268537978880.0,2560954844672.0
7211,question_48_aime_Qwen3-1.7B_S16,16,1,1,1,1,0.0,0.24853832711404625,485,1241,1166414463875584.0,6219441050368.0
7212,question_48_aime_Qwen3-1.7B_S16,16,1,1,1,1,0.0,0.09360171700248153,70,70,632119504834048.0,3510272269056.0
7213,question_48_aime_Qwen3-1.7B_S8,8,1,1,1,1,0.0,0.13637640603519605,240,240,267367778571264.0,1547945699328.0
7214,question_48_aime_Qwen3-1.7B_S8,8,1,1,1,1,0.0,0.2407939473480187,394,1200,1154653870623232.0,6769152918528.0
7215,question_48_aime_Qwen3-1.7B_S8,8,1,1,1,1,0.0,0.059005829567589756,252,252,374609368494592.0,2245036948224.0
7216,question_48_aime_Qwen3-1.7B_S4,4,1,1,1,1,0.0,0.09360171700248153,70,322,322291904406528.0,1986365179904.0
7217,question_48_aime_Qwen3-1.7B_S4,4,1,1,1,1,0.0,0.066194351154747,711,711,1065859127588864.0,6326564409088.0
7218,question_48_aime_Qwen3-1.7B_S4,4,1,1,1,1,0.0,0.20119665397345599,145,145,215210304893696.0,1308182482432.0
7219,question_48_aime_Qwen3-1.7B_S2,2,1,1,1,1,0.0,0.1532810113372213,542,542,556628983871744.0,3373199527936.0
7220,question_48_aime_Qwen3-1.7B_S2,2,1,1,1,1,0.0,0.13637640603519605,240,240,211968021934592.0,1318564920064.0
7221,question_48_aime_Qwen3-1.7B_S2,2,1,1,1,1,0.0,0.27367148598184204,513,513,415431531092480.0,2606703739136.0
7222,question_48_aime_Qwen3-1.7B_S1,1,1,1,1,1,0.0,0.04141978643203479,977,977,686815644245248.0,4142018517504.0
7223,question_48_aime_Qwen3-1.7B_S1,1,1,1,1,1,0.0,0.06506168816552103,1175,1175,821524419702784.0,4964743015680.0
7224,question_48_aime_Qwen3-1.7B_S1,1,1,1,1,1,0.0,0.10021641178152307,569,569,412357613362688.0,2540723890432.0
7225,question_49_aime_Qwen3-1.7B_S64,64,1,1,1,1,0.0,0.33913316826134227,172,616,952970199195392.0,3950346579200.0
7226,question_49_aime_Qwen3-1.7B_S64,64,1,1,1,1,0.0,0.33913316826134227,172,616,952970199195392.0,3950346579200.0
7227,question_49_aime_Qwen3-1.7B_S64,64,1,1,1,1,0.0,0.33913316826134227,172,616,952970199195392.0,3950346579200.0
7228,question_49_aime_Qwen3-1.7B_S32,32,1,1,1,1,0.0,0.33913316826134227,172,402,687334602402560.0,3348782336256.0
7229,question_49_aime_Qwen3-1.7B_S32,32,1,1,1,1,0.0,0.33913316826134227,172,616,664864941267968.0,3206847257600.0
7230,question_49_aime_Qwen3-1.7B_S32,32,1,1,1,1,0.0,0.24993397504944492,230,230,632061970095360.0,2985162899712.0
7231,question_49_aime_Qwen3-1.7B_S16,16,1,1,1,1,0.0,0.33913316826134227,172,402,578644237828608.0,3164846239744.0
7232,question_49_aime_Qwen3-1.7B_S16,16,1,1,1,1,0.0,0.16165575088318232,214,214,561144115728896.0,3068121011200.0
7233,question_49_aime_Qwen3-1.7B_S16,16,1,1,1,1,0.0,0.43974650933481657,740,4233,1549982903151872.0,8061166717184.0
7234,question_49_aime_Qwen3-1.7B_S8,8,1,1,1,1,0.0,0.24993397504944492,230,230,441609985255936.0,2546779531520.0
7235,question_49_aime_Qwen3-1.7B_S8,8,1,1,1,1,0.0,0.5065447433060296,290,630,679510782653696.0,3851799297024.0
7236,question_49_aime_Qwen3-1.7B_S8,8,1,1,1,1,0.0,0.5065447433060296,290,765,792004111211264.0,4498598549760.0
7237,question_49_aime_Qwen3-1.7B_S4,4,1,1,1,1,0.0,0.16165575088318232,214,214,345937933372416.0,2090374750464.0
7238,question_49_aime_Qwen3-1.7B_S4,4,1,1,1,1,0.0,0.24923792985992776,340,340,507257254167552.0,3003539529984.0
7239,question_49_aime_Qwen3-1.7B_S4,4,1,1,1,1,0.0,0.14072676225215527,645,645,729084466858496.0,4216079875840.0
7240,question_49_aime_Qwen3-1.7B_S2,2,1,1,1,1,0.0,0.11615653800027739,263,263,311407506344704.0,1869555229696.0
7241,question_49_aime_Qwen3-1.7B_S2,2,1,1,1,1,0.0,0.20490650811399702,619,619,712991454999040.0,4337741592576.0
7242,question_49_aime_Qwen3-1.7B_S2,2,1,1,1,1,0.0,0.32572602803594347,688,1621,849482410486528.0,4964426777856.0
7243,question_49_aime_Qwen3-1.7B_S1,1,1,1,1,1,0.0,0.45956415959896824,424,424,301439542899712.0,1800989442560.0
7244,question_49_aime_Qwen3-1.7B_S1,1,1,1,1,1,0.0,0.5729401072190083,517,517,365276514333696.0,2193885689856.0
7245,question_49_aime_Qwen3-1.7B_S1,1,1,1,1,1,0.0,0.18496671119157382,439,439,311860871538944.0,1865827767552.0
7246,question_5_aime_Qwen3-1.7B_S64,64,1,1,1,1,0.0,0.27396631415616934,188,2724,725702210093056.0,3128934694144.0
7247,question_5_aime_Qwen3-1.7B_S64,64,1,1,1,1,0.0,0.27396631415616934,188,2724,725702210093056.0,3128934694144.0
7248,question_5_aime_Qwen3-1.7B_S64,64,1,1,1,1,0.0,0.27396631415616934,188,2724,725702210093056.0,3128934694144.0
7249,question_5_aime_Qwen3-1.7B_S32,32,1,1,1,1,0.0,0.25035202244601124,167,1563,534831097249792.0,2694363538944.0
7250,question_5_aime_Qwen3-1.7B_S32,32,1,1,1,1,0.0,0.27396631415616934,188,1632,568245074948096.0,2903500755456.0
7251,question_5_aime_Qwen3-1.7B_S32,32,1,1,1,1,0.0,0.2338441496950566,57,1074,556873455543552.0,2799862005248.0
7252,question_5_aime_Qwen3-1.7B_S16,16,1,1,1,1,0.0,0.27396631415616934,188,700,469574094298624.0,2617029929472.0
7253,question_5_aime_Qwen3-1.7B_S16,16,1,1,1,1,0.0,0.2171144271255748,57,380,414290420780544.0,2264178008064.0
7254,question_5_aime_Qwen3-1.7B_S16,16,1,1,1,1,0.0,0.25035202244601124,167,745,408763774046208.0,2242092127744.0
7255,question_5_aime_Qwen3-1.7B_S8,8,1,1,1,1,0.0,0.2171144271255748,57,516,281402771222272.0,1661820586496.0
7256,question_5_aime_Qwen3-1.7B_S8,8,1,1,1,1,0.0,0.21014567227146688,72,321,316081592906240.0,1851251768576.0
7257,question_5_aime_Qwen3-1.7B_S8,8,1,1,1,1,0.0,0.18716985848863654,88,191,346876415208960.0,2022283346944.0
7258,question_5_aime_Qwen3-1.7B_S4,4,1,1,1,1,0.0,0.16178668649965378,126,325,209714077314560.0,1266616678656.0
7259,question_5_aime_Qwen3-1.7B_S4,4,1,1,1,1,0.0,0.2338441496950566,57,144,214166110113536.0,1285122884864.0
7260,question_5_aime_Qwen3-1.7B_S4,4,1,1,1,1,0.0,0.17097158642120008,72,72,269339855794688.0,1621405995776.0
7261,question_5_aime_Qwen3-1.7B_S2,2,1,1,1,1,0.0,0.10076607675945504,68,68,167862513581056.0,1029803160064.0
7262,question_5_aime_Qwen3-1.7B_S2,2,1,1,1,1,0.0,0.10672254687760678,211,497,210732077384192.0,1267528032512.0
7263,question_5_aime_Qwen3-1.7B_S2,2,1,1,1,1,0.0,0.27396631415616934,188,394,223270511374848.0,1362601981440.0
7264,question_5_aime_Qwen3-1.7B_S1,1,1,1,1,1,0.0,0.05243237153376497,196,196,135837214446080.0,835136648192.0
7265,question_5_aime_Qwen3-1.7B_S1,1,1,1,1,1,0.0,0.1076904207560032,271,271,187518909005568.0,1148369960192.0
7266,question_5_aime_Qwen3-1.7B_S1,1,1,1,1,1,0.0,0.03292844858924085,256,256,174744540225024.0,1080785434624.0
7267,question_50_aime_Qwen3-1.7B_S64,64,1,1,1,1,0.0,0.21910626303611902,285,6469,962034043833856.0,4626488090112.0
7268,question_50_aime_Qwen3-1.7B_S64,64,1,1,1,1,0.0,0.21910626303611902,285,6469,962034043833856.0,4626488090112.0
7269,question_50_aime_Qwen3-1.7B_S64,64,1,1,1,1,0.0,0.21910626303611902,285,6469,962034043833856.0,4626488090112.0
7270,question_50_aime_Qwen3-1.7B_S32,32,1,1,1,1,0.0,0.21910626303611902,285,3285,767100136251904.0,4155452808192.0
7271,question_50_aime_Qwen3-1.7B_S32,32,1,1,1,1,0.0,0.21910626303611902,285,3356,811533590887936.0,4333411563264.0
7272,question_50_aime_Qwen3-1.7B_S32,32,1,1,1,1,0.0,0.21910626303611902,285,3563,812017372097792.0,4426133028352.0
7273,question_50_aime_Qwen3-1.7B_S16,16,1,1,1,1,0.0,0.14104578233179588,186,1335,714128857921024.0,4121889366784.0
7274,question_50_aime_Qwen3-1.7B_S16,16,1,1,1,1,0.0,0.18213147282214162,188,2394,593419193701376.0,3406244552704.0
7275,question_50_aime_Qwen3-1.7B_S16,16,1,1,1,1,0.0,0.21910626303611902,285,2178,514469755396352.0,2891264900608.0
7276,question_50_aime_Qwen3-1.7B_S8,8,1,1,1,1,0.0,0.21910626303611902,285,889,522133664374784.0,3087627900672.0
7277,question_50_aime_Qwen3-1.7B_S8,8,1,1,1,1,0.0,0.14104578233179588,186,501,479503510001152.0,2850696448768.0
7278,question_50_aime_Qwen3-1.7B_S8,8,1,1,1,1,0.0,0.035640533399866864,147,560,443363745785856.0,2611827500800.0
7279,question_50_aime_Qwen3-1.7B_S4,4,1,1,1,1,0.0,0.019380143066231217,122,122,397661838916608.0,2427879403264.0
7280,question_50_aime_Qwen3-1.7B_S4,4,1,1,1,1,0.0,0.022560787449088886,214,465,485678449116672.0,2980941478144.0
7281,question_50_aime_Qwen3-1.7B_S4,4,1,1,1,1,0.0,0.037032235895830885,137,256,341493734667008.0,2080409477888.0
7282,question_50_aime_Qwen3-1.7B_S2,2,1,1,1,1,0.0,0.1810712450587697,243,429,174544869465344.0,1065644115200.0
7283,question_50_aime_Qwen3-1.7B_S2,2,1,1,1,1,0.0,0.020469749429643223,93,93,309189383385344.0,1885643909632.0
7284,question_50_aime_Qwen3-1.7B_S2,2,1,1,1,1,0.0,0.035640533399866864,147,147,247944081303296.0,1529375877120.0
7285,question_50_aime_Qwen3-1.7B_S1,1,1,1,1,1,0.0,0.13341943475105073,286,286,190777317276672.0,1194063299072.0
7286,question_50_aime_Qwen3-1.7B_S1,1,1,1,1,1,0.0,0.015038193056487802,150,150,108213936242944.0,667343873280.0
7287,question_50_aime_Qwen3-1.7B_S1,1,1,1,1,1,0.0,0.13341943475105073,286,286,190777317276672.0,1194063299072.0
7288,question_51_aime_Qwen3-1.7B_S64,64,1,1,1,1,0.0,0.09881402418069664,619,3008,1679902498688512.0,6495804616448.0
7289,question_51_aime_Qwen3-1.7B_S64,64,1,1,1,1,0.0,0.09881402418069664,619,3008,1679902498688512.0,6495804616448.0
7290,question_51_aime_Qwen3-1.7B_S64,64,1,1,1,1,0.0,0.09881402418069664,619,3008,1679902498688512.0,6495804616448.0
7291,question_51_aime_Qwen3-1.7B_S32,32,1,1,1,1,0.0,0.1099159472996409,331,2070,1164142790345472.0,5077553788160.0
7292,question_51_aime_Qwen3-1.7B_S32,32,1,1,1,1,0.0,0.16154952355073096,605,2186,1487976756422912.0,6853379531264.0
7293,question_51_aime_Qwen3-1.7B_S32,32,1,1,1,1,0.0,0.1099159472996409,331,2689,1363932260158720.0,6330672837888.0
7294,question_51_aime_Qwen3-1.7B_S16,16,1,1,1,1,0.0,0.1099159472996409,331,1090,898201483725056.0,4468756409600.0
7295,question_51_aime_Qwen3-1.7B_S16,16,1,1,1,1,0.0,0.05065746195845101,339,339,776505364456192.0,3915249121280.0
7296,question_51_aime_Qwen3-1.7B_S16,16,1,1,1,1,0.0,0.06152954956103414,414,753,863044559892480.0,4437583211264.0
7297,question_51_aime_Qwen3-1.7B_S8,8,1,1,1,1,0.0,0.14955070942907076,602,602,1067869162065664.0,5818476036352.0
7298,question_51_aime_Qwen3-1.7B_S8,8,1,1,1,1,0.0,0.021657732076799687,375,375,748960805336576.0,4185812341760.0
7299,question_51_aime_Qwen3-1.7B_S8,8,1,1,1,1,0.0,0.09881402418069664,619,1408,838781107840256.0,4777093911296.0
7300,question_51_aime_Qwen3-1.7B_S4,4,1,1,1,1,0.0,0.1327643654467509,758,1695,677867270536960.0,3881423406336.0
7301,question_51_aime_Qwen3-1.7B_S4,4,1,1,1,1,0.0,0.1731149001232673,613,1849,828606981095936.0,4713377708032.0
7302,question_51_aime_Qwen3-1.7B_S4,4,1,1,1,1,0.0,0.05509828441962364,422,422,625466572672256.0,3587538585344.0
7303,question_51_aime_Qwen3-1.7B_S2,2,1,1,1,1,0.0,0.0692775130322152,497,497,409468942955520.0,2453455680256.0
7304,question_51_aime_Qwen3-1.7B_S2,2,1,1,1,1,0.0,0.020027011196928384,544,544,634072429525248.0,3728514295296.0
7305,question_51_aime_Qwen3-1.7B_S2,2,1,1,1,1,0.0,0.20897759090635706,736,1344,683888753232384.0,3999015360256.0
7306,question_51_aime_Qwen3-1.7B_S1,1,1,1,1,1,0.0,0.33633304860423674,743,743,543395449798656.0,3247843479552.0
7307,question_51_aime_Qwen3-1.7B_S1,1,1,1,1,1,0.0,0.021657732076799687,375,375,256765419267840.0,1575429494016.0
7308,question_51_aime_Qwen3-1.7B_S1,1,1,1,1,1,0.0,0.016946834191058153,525,525,364794457965056.0,2217112067072.0
7309,question_52_aime_Qwen3-1.7B_S64,64,1,1,1,1,0.0,0.2559369405815736,160,3079,829944500598528.0,3000602105088.0
7310,question_52_aime_Qwen3-1.7B_S64,64,1,1,1,1,0.0,0.2559369405815736,160,3079,829944500598528.0,3000602105088.0
7311,question_52_aime_Qwen3-1.7B_S64,64,1,1,1,1,0.0,0.2559369405815736,160,3079,829944500598528.0,3000602105088.0
7312,question_52_aime_Qwen3-1.7B_S32,32,1,1,1,1,0.0,0.18724114412128126,177,1221,568638659826944.0,2461395525120.0
7313,question_52_aime_Qwen3-1.7B_S32,32,1,1,1,1,0.0,0.22054181489814795,301,1756,547094131956736.0,2387893811968.0
7314,question_52_aime_Qwen3-1.7B_S32,32,1,1,1,1,0.0,0.22054181489814795,301,1767,564334092374528.0,2456728710912.0
7315,question_52_aime_Qwen3-1.7B_S16,16,1,1,1,1,0.0,0.2559369405815736,160,1055,462105773613568.0,2373696726016.0
7316,question_52_aime_Qwen3-1.7B_S16,16,1,1,1,1,0.0,0.2559369405815736,160,914,415281752514048.0,2097280046848.0
7317,question_52_aime_Qwen3-1.7B_S16,16,1,1,1,1,0.0,0.2559369405815736,160,936,435239287800576.0,2176471324160.0
7318,question_52_aime_Qwen3-1.7B_S8,8,1,1,1,1,0.0,0.116593480008814,109,307,303256617230336.0,1647619807232.0
7319,question_52_aime_Qwen3-1.7B_S8,8,1,1,1,1,0.0,0.2559369405815736,160,234,330781199085568.0,1792539669760.0
7320,question_52_aime_Qwen3-1.7B_S8,8,1,1,1,1,0.0,0.18724114412128126,177,665,297245015717888.0,1670396747264.0
7321,question_52_aime_Qwen3-1.7B_S4,4,1,1,1,1,0.0,0.1522900391977086,74,74,214406835603968.0,1225716819712.0
7322,question_52_aime_Qwen3-1.7B_S4,4,1,1,1,1,0.0,0.1275990045830337,118,321,188534037101312.0,1095802758400.0
7323,question_52_aime_Qwen3-1.7B_S4,4,1,1,1,1,0.0,0.16779623805697572,123,298,192323578268416.0,1119437242112.0
7324,question_52_aime_Qwen3-1.7B_S2,2,1,1,1,1,0.0,0.12034279929479094,91,218,98540657598208.0,582130965248.0
7325,question_52_aime_Qwen3-1.7B_S2,2,1,1,1,1,0.0,0.22054181489814795,301,301,290691427606272.0,1737953193984.0
7326,question_52_aime_Qwen3-1.7B_S2,2,1,1,1,1,0.0,0.10321158925044785,125,125,210059364630528.0,1276380845824.0
7327,question_52_aime_Qwen3-1.7B_S1,1,1,1,1,1,0.0,0.07189172638728818,289,289,208454559909120.0,1236062261504.0
7328,question_52_aime_Qwen3-1.7B_S1,1,1,1,1,1,0.0,0.2921583847678836,265,265,192551670941952.0,1137236199680.0
7329,question_52_aime_Qwen3-1.7B_S1,1,1,1,1,1,0.0,0.12537074387186306,304,304,214853756429312.0,1291665546752.0
7330,question_53_aime_Qwen3-1.7B_S64,64,1,1,1,1,0.0,0.3163853807788851,178,5250,967339753051392.0,4107275334400.0
7331,question_53_aime_Qwen3-1.7B_S64,64,1,1,1,1,0.0,0.3163853807788851,178,5250,967339753051392.0,4107275334400.0
7332,question_53_aime_Qwen3-1.7B_S64,64,1,1,1,1,0.0,0.3163853807788851,178,5250,967339753051392.0,4107275334400.0
7333,question_53_aime_Qwen3-1.7B_S32,32,1,1,1,1,0.0,0.3163853807788851,178,3352,746760121703680.0,3757818907136.0
7334,question_53_aime_Qwen3-1.7B_S32,32,1,1,1,1,0.0,0.3163853807788851,178,2541,662958566034688.0,3222097690112.0
7335,question_53_aime_Qwen3-1.7B_S32,32,1,1,1,1,0.0,0.3163853807788851,178,2398,680130465075712.0,3330281652992.0
7336,question_53_aime_Qwen3-1.7B_S16,16,1,1,1,1,0.0,0.3163853807788851,178,1172,603926719631872.0,3252396191744.0
7337,question_53_aime_Qwen3-1.7B_S16,16,1,1,1,1,0.0,0.3163853807788851,178,1250,478134811863296.0,2559230616320.0
7338,question_53_aime_Qwen3-1.7B_S16,16,1,1,1,1,0.0,0.294077890156631,104,1032,514624359848704.0,2779718032896.0
7339,question_53_aime_Qwen3-1.7B_S8,8,1,1,1,1,0.0,0.1630490634158876,393,674,439090371078912.0,2564057216000.0
7340,question_53_aime_Qwen3-1.7B_S8,8,1,1,1,1,0.0,0.3163853807788851,178,571,690570673687552.0,3980827872000.0
7341,question_53_aime_Qwen3-1.7B_S8,8,1,1,1,1,0.0,0.10815070551250555,104,556,427859378084096.0,2468236578304.0
7342,question_53_aime_Qwen3-1.7B_S4,4,1,1,1,1,0.0,0.17922778454335242,316,753,487333247408896.0,2906221893120.0
7343,question_53_aime_Qwen3-1.7B_S4,4,1,1,1,1,0.0,0.17568564854632224,447,614,447395155131904.0,2716491246336.0
7344,question_53_aime_Qwen3-1.7B_S4,4,1,1,1,1,0.0,0.10815070551250555,104,222,157852267050240.0,922973863168.0
7345,question_53_aime_Qwen3-1.7B_S2,2,1,1,1,1,0.0,0.1428207390038964,148,148,247450285994240.0,1525992278272.0
7346,question_53_aime_Qwen3-1.7B_S2,2,1,1,1,1,0.0,0.13500156740601627,167,167,241345561291520.0,1485453005568.0
7347,question_53_aime_Qwen3-1.7B_S2,2,1,1,1,1,0.0,0.20006283485570692,375,842,359306167777536.0,2164451883776.0
7348,question_53_aime_Qwen3-1.7B_S1,1,1,1,1,1,0.0,0.04821021336112968,457,457,316662708897024.0,1924638042880.0
7349,question_53_aime_Qwen3-1.7B_S1,1,1,1,1,1,0.0,0.5330867090182423,1433,1433,1050168862907136.0,6082736728320.0
7350,question_53_aime_Qwen3-1.7B_S1,1,1,1,1,1,0.0,0.25189753679998145,282,282,192434627092736.0,1188863085312.0
7351,question_54_aime_Qwen3-1.7B_S64,64,1,1,1,1,0.0,0.14938111451036246,114,777,576182868902144.0,2185739499776.0
7352,question_54_aime_Qwen3-1.7B_S64,64,1,1,1,1,0.0,0.14938111451036246,114,777,576182868902144.0,2185739499776.0
7353,question_54_aime_Qwen3-1.7B_S64,64,1,1,1,1,0.0,0.14938111451036246,114,777,576182868902144.0,2185739499776.0
7354,question_54_aime_Qwen3-1.7B_S32,32,1,1,1,1,0.0,0.04483060573387157,86,253,404537379895040.0,1826978522880.0
7355,question_54_aime_Qwen3-1.7B_S32,32,1,1,1,1,0.0,0.14938111451036246,114,651,433849993495296.0,2035016180736.0
7356,question_54_aime_Qwen3-1.7B_S32,32,1,1,1,1,0.0,0.10846415464196082,93,186,413330002692096.0,1896818644224.0
7357,question_54_aime_Qwen3-1.7B_S16,16,1,1,1,1,0.0,0.06024688115984692,98,358,316508123735552.0,1665789153280.0
7358,question_54_aime_Qwen3-1.7B_S16,16,1,1,1,1,0.0,0.10846415464196082,93,277,297681915188224.0,1540695613184.0
7359,question_54_aime_Qwen3-1.7B_S16,16,1,1,1,1,0.0,0.02571910148993401,93,93,295553820846592.0,1510265947904.0
7360,question_54_aime_Qwen3-1.7B_S8,8,1,1,1,1,0.0,0.06024688115984692,98,98,316347169332992.0,1834571665920.0
7361,question_54_aime_Qwen3-1.7B_S8,8,1,1,1,1,0.0,0.10846415464196082,93,93,283602571976192.0,1633906315776.0
7362,question_54_aime_Qwen3-1.7B_S8,8,1,1,1,1,0.0,0.03236202215347376,126,126,252976500924672.0,1433295655680.0
7363,question_54_aime_Qwen3-1.7B_S4,4,1,1,1,1,0.0,0.04483060573387157,86,86,191677091413248.0,1140011550720.0
7364,question_54_aime_Qwen3-1.7B_S4,4,1,1,1,1,0.0,0.17945495704875083,368,993,450470576204544.0,2502216663296.0
7365,question_54_aime_Qwen3-1.7B_S4,4,1,1,1,1,0.0,0.02659639114163669,167,167,189205911510784.0,1127294094080.0
7366,question_54_aime_Qwen3-1.7B_S2,2,1,1,1,1,0.0,0.09961946757986262,229,229,238953297687552.0,1421327943168.0
7367,question_54_aime_Qwen3-1.7B_S2,2,1,1,1,1,0.0,0.05389139822106303,254,550,282962380322048.0,1662980361728.0
7368,question_54_aime_Qwen3-1.7B_S2,2,1,1,1,1,0.0,0.06220115272511895,165,165,209154164461312.0,1239701668352.0
7369,question_54_aime_Qwen3-1.7B_S1,1,1,1,1,1,0.0,0.05690086553383476,328,328,237906092910080.0,1413067335680.0
7370,question_54_aime_Qwen3-1.7B_S1,1,1,1,1,1,0.0,0.03236202215347376,126,126,87054488901632.0,539755496448.0
7371,question_54_aime_Qwen3-1.7B_S1,1,1,1,1,1,0.0,0.09961946757986262,229,229,160876680274688.0,979637856512.0
7372,question_55_aime_Qwen3-1.7B_S64,64,1,1,1,1,0.0,0.2360486801820502,194,5143,725755786561792.0,2531776574208.0
7373,question_55_aime_Qwen3-1.7B_S64,64,1,1,1,1,0.0,0.2360486801820502,194,5143,725755786561792.0,2531776574208.0
7374,question_55_aime_Qwen3-1.7B_S64,64,1,1,1,1,0.0,0.2360486801820502,194,5143,725755786561792.0,2531776574208.0
7375,question_55_aime_Qwen3-1.7B_S32,32,1,1,1,1,0.0,0.2360486801820502,194,2299,514625948678912.0,2236311340032.0
7376,question_55_aime_Qwen3-1.7B_S32,32,1,1,1,1,0.0,0.21461143763729265,166,3154,501208241212672.0,2153817863680.0
7377,question_55_aime_Qwen3-1.7B_S32,32,1,1,1,1,0.0,0.2360486801820502,194,2684,517261098493440.0,2244277874944.0
7378,question_55_aime_Qwen3-1.7B_S16,16,1,1,1,1,0.0,0.20785717815670318,161,2695,427273448091392.0,2114721419776.0
7379,question_55_aime_Qwen3-1.7B_S16,16,1,1,1,1,0.0,0.20769386069875914,233,2847,406287313238016.0,2017555167488.0
7380,question_55_aime_Qwen3-1.7B_S16,16,1,1,1,1,0.0,0.21461143763729265,166,1351,355914713616896.0,1767518396672.0
7381,question_55_aime_Qwen3-1.7B_S8,8,1,1,1,1,0.0,0.2360486801820502,194,1020,282501239501824.0,1567059056640.0
7382,question_55_aime_Qwen3-1.7B_S8,8,1,1,1,1,0.0,0.15771827530177532,191,821,330697026526720.0,1845229401344.0
7383,question_55_aime_Qwen3-1.7B_S8,8,1,1,1,1,0.0,0.21461143763729265,166,1125,269453966949888.0,1480057089280.0
7384,question_55_aime_Qwen3-1.7B_S4,4,1,1,1,1,0.0,0.18224395722198172,241,936,296285502401280.0,1727878202624.0
7385,question_55_aime_Qwen3-1.7B_S4,4,1,1,1,1,0.0,0.20266170098230607,206,425,282584379164416.0,1628224364032.0
7386,question_55_aime_Qwen3-1.7B_S4,4,1,1,1,1,0.0,0.29168818439399713,192,599,303988349819392.0,1771717679872.0
7387,question_55_aime_Qwen3-1.7B_S2,2,1,1,1,1,0.0,0.18224395722198172,241,513,217745118377472.0,1286130524672.0
7388,question_55_aime_Qwen3-1.7B_S2,2,1,1,1,1,0.0,0.2360486801820502,194,420,202290068108800.0,1234498945792.0
7389,question_55_aime_Qwen3-1.7B_S2,2,1,1,1,1,0.0,0.03885900108051514,216,216,245741050406656.0,1512018251520.0
7390,question_55_aime_Qwen3-1.7B_S1,1,1,1,1,1,0.0,0.29168818439399713,192,192,134176514673152.0,821742225920.0
7391,question_55_aime_Qwen3-1.7B_S1,1,1,1,1,1,0.0,0.10454426268745887,271,271,187815197466624.0,1152306469888.0
7392,question_55_aime_Qwen3-1.7B_S1,1,1,1,1,1,0.0,0.12445102541040377,433,433,313372428595968.0,1915384810752.0
7393,question_56_aime_Qwen3-1.7B_S64,64,1,1,1,1,0.0,0.07679591542860977,162,1136,1210793274025216.0,5427045743616.0
7394,question_56_aime_Qwen3-1.7B_S64,64,1,1,1,1,0.0,0.07679591542860977,162,1136,1210793274025216.0,5427045743616.0
7395,question_56_aime_Qwen3-1.7B_S64,64,1,1,1,1,0.0,0.07679591542860977,162,1136,1210793274025216.0,5427045743616.0
7396,question_56_aime_Qwen3-1.7B_S32,32,1,1,1,1,0.0,0.07679591542860977,162,581,969451185377024.0,5056869579776.0
7397,question_56_aime_Qwen3-1.7B_S32,32,1,1,1,1,0.0,0.07679591542860977,162,628,851720523863552.0,4300243166464.0
7398,question_56_aime_Qwen3-1.7B_S32,32,1,1,1,1,0.0,0.051661816726434384,116,313,918530090700544.0,4699509463040.0
7399,question_56_aime_Qwen3-1.7B_S16,16,1,1,1,1,0.0,0.037781864093390384,501,1204,1337656973024512.0,7221152472576.0
7400,question_56_aime_Qwen3-1.7B_S16,16,1,1,1,1,0.0,0.04794808991538542,71,659,814327599135232.0,4521528132352.0
7401,question_56_aime_Qwen3-1.7B_S16,16,1,1,1,1,0.0,0.02020510003345187,54,276,802183398965760.0,4563845169408.0
7402,question_56_aime_Qwen3-1.7B_S8,8,1,1,1,1,0.0,0.04794808991538542,71,71,640631789579264.0,3732847870976.0
7403,question_56_aime_Qwen3-1.7B_S8,8,1,1,1,1,0.0,0.01668274005447084,211,211,877929354839040.0,5062123764992.0
7404,question_56_aime_Qwen3-1.7B_S8,8,1,1,1,1,0.0,0.01668274005447084,211,211,778204721697536.0,4436719710976.0
7405,question_56_aime_Qwen3-1.7B_S4,4,1,1,1,1,0.0,0.12430599339966175,562,562,963145175422976.0,5595925305600.0
7406,question_56_aime_Qwen3-1.7B_S4,4,1,1,1,1,0.0,0.07679591542860977,162,468,486117155136256.0,2968392892416.0
7407,question_56_aime_Qwen3-1.7B_S4,4,1,1,1,1,0.0,0.01668274005447084,211,211,803261016388096.0,4854999908864.0
7408,question_56_aime_Qwen3-1.7B_S2,2,1,1,1,1,0.0,0.023218289258294618,752,752,759497358092032.0,4657184937216.0
7409,question_56_aime_Qwen3-1.7B_S2,2,1,1,1,1,0.0,0.036626991780085334,624,1618,764152399506944.0,4560570792960.0
7410,question_56_aime_Qwen3-1.7B_S2,2,1,1,1,1,0.0,0.01668274005447084,211,211,454240176823552.0,2790219018496.0
7411,question_56_aime_Qwen3-1.7B_S1,1,1,1,1,1,0.0,0.028850752925483333,3749,3749,3196032270409216.0,16229006610432.0
7412,question_56_aime_Qwen3-1.7B_S1,1,1,1,1,1,0.0,0.040864064805900616,730,730,506631834381568.0,3075478452480.0
7413,question_56_aime_Qwen3-1.7B_S1,1,1,1,1,1,0.0,0.02146548754618411,1165,1165,838191745375488.0,4928618191616.0
7414,question_57_aime_Qwen3-1.7B_S64,64,1,1,1,1,0.0,0.5,319,571,1893499600842752.0,8119743303168.0
7415,question_57_aime_Qwen3-1.7B_S64,64,1,1,1,1,0.0,0.5,252,571,1893499600842752.0,8119743303168.0
7416,question_57_aime_Qwen3-1.7B_S64,64,1,1,1,1,0.0,0.5,319,571,1893499600842752.0,8119743303168.0
7417,question_57_aime_Qwen3-1.7B_S32,32,1,1,1,1,0.0,0.5,319,319,1439067803050752.0,7225789539584.0
7418,question_57_aime_Qwen3-1.7B_S32,32,1,1,1,1,0.0,0.5,567,8556,2378548201494528.0,11607670799872.0
7419,question_57_aime_Qwen3-1.7B_S32,32,1,1,1,1,0.0,0.5,730,5715,2292055540560128.0,11036476864000.0
7420,question_57_aime_Qwen3-1.7B_S16,16,1,1,1,1,0.0,0.5,763,4678,1844606167912704.0,9868215211008.0
7421,question_57_aime_Qwen3-1.7B_S16,16,1,1,1,1,0.0,0.5,498,1562,1398627601520128.0,7318894897664.0
7422,question_57_aime_Qwen3-1.7B_S16,16,1,1,1,1,0.0,0.5,498,3400,1406472277649152.0,7396539922688.0
7423,question_57_aime_Qwen3-1.7B_S8,8,1,1,1,1,0.0,0.5,815,2713,1161851016954880.0,6497384052992.0
7424,question_57_aime_Qwen3-1.7B_S8,8,1,1,1,1,0.0,0.5,1038,2291,1514263616986624.0,8337764189440.0
7425,question_57_aime_Qwen3-1.7B_S8,8,1,1,1,1,0.0,0.5,751,1464,1252545264418560.0,7133691522048.0
7426,question_57_aime_Qwen3-1.7B_S4,4,1,1,1,1,0.0,0.5,572,1898,825645091281920.0,4809936540416.0
7427,question_57_aime_Qwen3-1.7B_S4,4,1,1,1,1,0.0,0.5,615,2761,993355506626560.0,5893382473216.0
7428,question_57_aime_Qwen3-1.7B_S4,4,1,1,1,1,0.0,0.5,319,319,606623466097152.0,3652087665408.0
7429,question_57_aime_Qwen3-1.7B_S2,2,1,1,1,1,0.0,0.5,252,252,354820598478080.0,2146052846336.0
7430,question_57_aime_Qwen3-1.7B_S2,2,1,1,1,1,0.0,0.5,1109,1109,1211690110211840.0,7212482839296.0
7431,question_57_aime_Qwen3-1.7B_S2,2,1,1,1,1,0.0,0.5,401,655,321532292005120.0,1915314662912.0
7432,question_57_aime_Qwen3-1.7B_S1,1,1,1,1,1,0.0,0.5,880,880,607431291131392.0,3693201111040.0
7433,question_57_aime_Qwen3-1.7B_S1,1,1,1,1,1,0.0,0.5,587,587,403571510644736.0,2469617249792.0
7434,question_57_aime_Qwen3-1.7B_S1,1,1,1,1,1,0.0,0.5,1027,1027,709611723364096.0,4304849520384.0
7435,question_58_aime_Qwen3-1.7B_S64,64,1,1,1,1,0.0,0.3358382197203116,427,4543,1869542029621504.0,7023127204352.0
7436,question_58_aime_Qwen3-1.7B_S64,64,1,1,1,1,0.0,0.3358382197203116,427,4543,1869542029621504.0,7023127204352.0
7437,question_58_aime_Qwen3-1.7B_S64,64,1,1,1,1,0.0,0.3358382197203116,427,4543,1869542029621504.0,7023127204352.0
7438,question_58_aime_Qwen3-1.7B_S32,32,1,1,1,1,0.0,0.2348601029421755,410,2214,1260216543574016.0,5544575841280.0
7439,question_58_aime_Qwen3-1.7B_S32,32,1,1,1,1,0.0,0.3358382197203116,427,2927,1316024263662080.0,6009452391936.0
7440,question_58_aime_Qwen3-1.7B_S32,32,1,1,1,1,0.0,0.3358382197203116,427,2291,1371332790299136.0,6258096228608.0
7441,question_58_aime_Qwen3-1.7B_S16,16,1,1,1,1,0.0,0.3358382197203116,427,2085,979432487941376.0,4855845417472.0
7442,question_58_aime_Qwen3-1.7B_S16,16,1,1,1,1,0.0,0.3358382197203116,427,1702,1042234610330368.0,5410878296320.0
7443,question_58_aime_Qwen3-1.7B_S16,16,1,1,1,1,0.0,0.3358382197203116,427,2638,945072481803520.0,4607540292096.0
7444,question_58_aime_Qwen3-1.7B_S8,8,1,1,1,1,0.0,0.13874641712597033,418,2637,811606074110720.0,4425303172864.0
7445,question_58_aime_Qwen3-1.7B_S8,8,1,1,1,1,0.0,0.0925128684578451,407,797,752383930307072.0,4214470692096.0
7446,question_58_aime_Qwen3-1.7B_S8,8,1,1,1,1,0.0,0.06750060480393318,334,1444,876953884500736.0,4652727070208.0
7447,question_58_aime_Qwen3-1.7B_S4,4,1,1,1,1,0.0,0.017548210791893427,390,868,600292463936256.0,3492782875904.0
7448,question_58_aime_Qwen3-1.7B_S4,4,1,1,1,1,0.0,0.11189453966987525,359,359,620776349894400.0,3598620601856.0
7449,question_58_aime_Qwen3-1.7B_S4,4,1,1,1,1,0.0,0.03636984645931495,524,913,727616595091456.0,4232712644608.0
7450,question_58_aime_Qwen3-1.7B_S2,2,1,1,1,1,0.0,0.23295141210197395,513,513,636555936396800.0,3780711553024.0
7451,question_58_aime_Qwen3-1.7B_S2,2,1,1,1,1,0.0,0.027530513586499415,389,389,664790099979264.0,4005108325120.0
7452,question_58_aime_Qwen3-1.7B_S2,2,1,1,1,1,0.0,0.15829296269446164,1489,2458,1285555379318784.0,7374444370944.0
7453,question_58_aime_Qwen3-1.7B_S1,1,1,1,1,1,0.0,0.017013899859216242,397,397,269930333722112.0,1663917837568.0
7454,question_58_aime_Qwen3-1.7B_S1,1,1,1,1,1,0.0,0.0151792373436348,398,398,276795926226176.0,1680485983232.0
7455,question_58_aime_Qwen3-1.7B_S1,1,1,1,1,1,0.0,0.013463296544192397,492,492,337130145605120.0,2067748840192.0
7456,question_59_aime_Qwen3-1.7B_S64,64,1,1,1,1,0.0,0.5,101,101,808227440416256.0,4052914901504.0
7457,question_59_aime_Qwen3-1.7B_S64,64,1,1,1,1,0.0,0.5,101,101,808227440416256.0,4052914901504.0
7458,question_59_aime_Qwen3-1.7B_S64,64,1,1,1,1,0.0,0.5,101,101,808227440416256.0,4052914901504.0
7459,question_59_aime_Qwen3-1.7B_S32,32,1,1,1,1,0.0,0.5,101,101,623535714222848.0,3425306373888.0
7460,question_59_aime_Qwen3-1.7B_S32,32,1,1,1,1,0.0,0.5,213,405,600729248761600.0,2837401475328.0
7461,question_59_aime_Qwen3-1.7B_S32,32,1,1,1,1,0.0,0.0,0,0,639467518495232.0,3517260728576.0
7462,question_59_aime_Qwen3-1.7B_S16,16,1,1,1,1,0.0,0.5,299,400,417419959609856.0,2198522095616.0
7463,question_59_aime_Qwen3-1.7B_S16,16,1,1,1,1,0.0,0.0,0,0,580092677470208.0,3418247750400.0
7464,question_59_aime_Qwen3-1.7B_S16,16,1,1,1,1,0.0,0.5,343,1250,604466267577088.0,3276471150848.0
7465,question_59_aime_Qwen3-1.7B_S8,8,1,1,1,1,0.0,0.5,91,397,537906750553088.0,3039043313152.0
7466,question_59_aime_Qwen3-1.7B_S8,8,1,1,1,1,0.0,0.5,355,1089,645466813220096.0,3711998327296.0
7467,question_59_aime_Qwen3-1.7B_S8,8,1,1,1,1,0.0,0.5,312,471,442314721413376.0,2535929605888.0
7468,question_59_aime_Qwen3-1.7B_S4,4,1,1,1,1,0.0,0.5,355,568,389272243558912.0,2291121941248.0
7469,question_59_aime_Qwen3-1.7B_S4,4,1,1,1,1,0.0,0.5,213,891,269300086456576.0,1597571775744.0
7470,question_59_aime_Qwen3-1.7B_S4,4,1,1,1,1,0.0,0.5,439,1382,403799007322368.0,2371810687232.0
7471,question_59_aime_Qwen3-1.7B_S2,2,1,1,1,1,0.0,0.5,555,1264,645031485554176.0,3649510952192.0
7472,question_59_aime_Qwen3-1.7B_S2,2,1,1,1,1,0.0,0.5,536,536,524155433501952.0,3151972870144.0
7473,question_59_aime_Qwen3-1.7B_S2,2,1,1,1,1,0.0,0.5,101,101,114681545932800.0,694497305600.0
7474,question_59_aime_Qwen3-1.7B_S1,1,1,1,1,1,0.0,0.5,465,465,320496616520192.0,1956738626304.0
7475,question_59_aime_Qwen3-1.7B_S1,1,1,1,1,1,0.0,0.5,850,850,605338546477056.0,3594070428928.0
7476,question_59_aime_Qwen3-1.7B_S1,1,1,1,1,1,0.0,0.5,666,666,475905093490176.0,2833657259776.0
7477,question_6_aime_Qwen3-1.7B_S64,64,1,1,1,1,0.0,0.48055965078778545,82,922,413025983892480.0,1820469555968.0
7478,question_6_aime_Qwen3-1.7B_S64,64,1,1,1,1,0.0,0.48055965078778545,82,922,413025983892480.0,1820469555968.0
7479,question_6_aime_Qwen3-1.7B_S64,64,1,1,1,1,0.0,0.48055965078778545,82,922,413025983892480.0,1820469555968.0
7480,question_6_aime_Qwen3-1.7B_S32,32,1,1,1,1,0.0,0.48055965078778545,82,450,338767062246144.0,1753576466432.0
7481,question_6_aime_Qwen3-1.7B_S32,32,1,1,1,1,0.0,0.28673512120576267,91,391,257356790578944.0,1239806674176.0
7482,question_6_aime_Qwen3-1.7B_S32,32,1,1,1,1,0.0,0.28037961267798445,108,393,247825752197632.0,1184837997056.0
7483,question_6_aime_Qwen3-1.7B_S16,16,1,1,1,1,0.0,0.2931789903476088,86,86,255397058364672.0,1366615045376.0
7484,question_6_aime_Qwen3-1.7B_S16,16,1,1,1,1,0.0,0.48055965078778545,82,168,356154934360064.0,2002938997248.0
7485,question_6_aime_Qwen3-1.7B_S16,16,1,1,1,1,0.0,0.251173817955056,101,184,305626329381632.0,1734391773184.0
7486,question_6_aime_Qwen3-1.7B_S8,8,1,1,1,1,0.0,0.09122429143378247,263,263,780469095684096.0,4385869245184.0
7487,question_6_aime_Qwen3-1.7B_S8,8,1,1,1,1,0.0,0.28673512120576267,91,275,158018134894592.0,913353690368.0
7488,question_6_aime_Qwen3-1.7B_S8,8,1,1,1,1,0.0,0.25621447313545015,116,116,228006928357376.0,1329919621632.0
7489,question_6_aime_Qwen3-1.7B_S4,4,1,1,1,1,0.0,0.370456451545984,771,3146,1475596418650368.0,8633137780736.0
7490,question_6_aime_Qwen3-1.7B_S4,4,1,1,1,1,0.0,0.25621447313545015,116,116,179808380414208.0,1080750859776.0
7491,question_6_aime_Qwen3-1.7B_S4,4,1,1,1,1,0.0,0.25806727590686857,79,79,190391841437952.0,1149659411712.0
7492,question_6_aime_Qwen3-1.7B_S2,2,1,1,1,1,0.0,0.25621447313545015,116,116,198882375052032.0,1239370771968.0
7493,question_6_aime_Qwen3-1.7B_S2,2,1,1,1,1,0.0,0.2443712156262185,86,86,94938235485184.0,578788675584.0
7494,question_6_aime_Qwen3-1.7B_S2,2,1,1,1,1,0.0,0.6632334183976337,677,677,948424031132928.0,5675214108928.0
7495,question_6_aime_Qwen3-1.7B_S1,1,1,1,1,1,0.0,0.06814308506706777,816,816,551506078380544.0,3409380776704.0
7496,question_6_aime_Qwen3-1.7B_S1,1,1,1,1,1,0.0,0.27843891202528664,601,601,426166757314816.0,2564770306560.0
7497,question_6_aime_Qwen3-1.7B_S1,1,1,1,1,1,0.0,0.2403283226833378,1105,1105,774154495564800.0,4674500879104.0
7498,question_7_aime_Qwen3-1.7B_S64,64,1,1,1,1,0.0,0.1523551026678577,128,2191,693197214651648.0,2882735217152.0
7499,question_7_aime_Qwen3-1.7B_S64,64,1,1,1,1,0.0,0.1523551026678577,128,2191,693197214651648.0,2882735217152.0
7500,question_7_aime_Qwen3-1.7B_S64,64,1,1,1,1,0.0,0.1523551026678577,128,2191,693197214651648.0,2882735217152.0
7501,question_7_aime_Qwen3-1.7B_S32,32,1,1,1,1,0.0,0.1523551026678577,128,1320,464068042059776.0,2219085691648.0
7502,question_7_aime_Qwen3-1.7B_S32,32,1,1,1,1,0.0,0.1523551026678577,128,874,468886353393920.0,2229674035456.0
7503,question_7_aime_Qwen3-1.7B_S32,32,1,1,1,1,0.0,0.13898542153899746,309,1587,548704974252288.0,2746995231232.0
7504,question_7_aime_Qwen3-1.7B_S16,16,1,1,1,1,0.0,0.1523551026678577,128,526,357526835905792.0,1918968927232.0
7505,question_7_aime_Qwen3-1.7B_S16,16,1,1,1,1,0.0,0.04743412441107954,199,507,390470753399552.0,2100516264448.0
7506,question_7_aime_Qwen3-1.7B_S16,16,1,1,1,1,0.0,0.1523551026678577,128,964,449817833011456.0,2500813014784.0
7507,question_7_aime_Qwen3-1.7B_S8,8,1,1,1,1,0.0,0.04494003335817282,65,65,304135756015616.0,1736781319168.0
7508,question_7_aime_Qwen3-1.7B_S8,8,1,1,1,1,0.0,0.05201210903338518,89,569,273325435419904.0,1567894754048.0
7509,question_7_aime_Qwen3-1.7B_S8,8,1,1,1,1,0.0,0.04743412441107954,199,199,494514709859072.0,2808753029376.0
7510,question_7_aime_Qwen3-1.7B_S4,4,1,1,1,1,0.0,0.05184033350167654,265,265,384832419028736.0,2278230044160.0
7511,question_7_aime_Qwen3-1.7B_S4,4,1,1,1,1,0.0,0.03353287640710204,408,697,595066981600000.0,3423883300096.0
7512,question_7_aime_Qwen3-1.7B_S4,4,1,1,1,1,0.0,0.15104767333963282,326,435,452394187223552.0,2707886098176.0
7513,question_7_aime_Qwen3-1.7B_S2,2,1,1,1,1,0.0,0.03910840255924187,112,112,221869951425024.0,1375999806720.0
7514,question_7_aime_Qwen3-1.7B_S2,2,1,1,1,1,0.0,0.16464391548510215,624,1226,654369679918080.0,3801500433920.0
7515,question_7_aime_Qwen3-1.7B_S2,2,1,1,1,1,0.0,0.06545632756293399,298,298,430079623233792.0,2577801524480.0
7516,question_7_aime_Qwen3-1.7B_S1,1,1,1,1,1,0.0,0.13898542153899746,309,309,207945186851584.0,1295111299328.0
7517,question_7_aime_Qwen3-1.7B_S1,1,1,1,1,1,0.0,0.0315885586432253,144,144,103143592095488.0,642028292864.0
7518,question_7_aime_Qwen3-1.7B_S1,1,1,1,1,1,0.0,0.23093352441315174,408,408,292659651787776.0,1747556342784.0
7519,question_8_aime_Qwen3-1.7B_S64,64,1,1,1,1,0.0,0.35042535589471785,351,565,1027555525975552.0,4452366148608.0
7520,question_8_aime_Qwen3-1.7B_S64,64,1,1,1,1,0.0,0.35042535589471785,351,565,1027555525975552.0,4452366148608.0
7521,question_8_aime_Qwen3-1.7B_S64,64,1,1,1,1,0.0,0.35042535589471785,351,565,1027555525975552.0,4452366148608.0
7522,question_8_aime_Qwen3-1.7B_S32,32,1,1,1,1,0.0,0.35042535589471785,351,351,757705791523072.0,3777788378112.0
7523,question_8_aime_Qwen3-1.7B_S32,32,1,1,1,1,0.0,0.35042535589471785,351,565,765284157342208.0,3843972733440.0
7524,question_8_aime_Qwen3-1.7B_S32,32,1,1,1,1,0.0,0.35042535589471785,351,351,764627784879616.0,3851066492672.0
7525,question_8_aime_Qwen3-1.7B_S16,16,1,1,1,1,0.0,0.26626424957007755,455,1492,840119589722112.0,4398966243840.0
7526,question_8_aime_Qwen3-1.7B_S16,16,1,1,1,1,0.0,0.13674320011681662,214,498,605594119341568.0,3215730766080.0
7527,question_8_aime_Qwen3-1.7B_S16,16,1,1,1,1,0.0,0.29417420379169057,469,1124,993938084068608.0,5198058921216.0
7528,question_8_aime_Qwen3-1.7B_S8,8,1,1,1,1,0.0,0.13674320011681662,214,842,629736059687168.0,3701972968960.0
7529,question_8_aime_Qwen3-1.7B_S8,8,1,1,1,1,0.0,0.22756959093096293,374,933,714604498703872.0,4021375687168.0
7530,question_8_aime_Qwen3-1.7B_S8,8,1,1,1,1,0.0,0.09278671374081221,316,316,698930900032512.0,3966924829952.0
7531,question_8_aime_Qwen3-1.7B_S4,4,1,1,1,1,0.0,0.11113593205195346,655,946,592393522753536.0,3515460897536.0
7532,question_8_aime_Qwen3-1.7B_S4,4,1,1,1,1,0.0,0.09278671374081221,316,316,576463200719616.0,3457406263808.0
7533,question_8_aime_Qwen3-1.7B_S4,4,1,1,1,1,0.0,0.26626424957007755,455,791,523874571136000.0,3109632293376.0
7534,question_8_aime_Qwen3-1.7B_S2,2,1,1,1,1,0.0,0.3036580172327923,585,1159,539064053699584.0,3252462096128.0
7535,question_8_aime_Qwen3-1.7B_S2,2,1,1,1,1,0.0,0.39537041116777055,679,679,835686998323968.0,4956947231488.0
7536,question_8_aime_Qwen3-1.7B_S2,2,1,1,1,1,0.0,0.19617583702041216,763,1469,655887540747264.0,3874852276736.0
7537,question_8_aime_Qwen3-1.7B_S1,1,1,1,1,1,0.0,0.16390500582736056,1023,1023,706173216542976.0,4290132225792.0
7538,question_8_aime_Qwen3-1.7B_S1,1,1,1,1,1,0.0,0.11113593205195346,655,655,461600818502656.0,2870659341312.0
7539,question_8_aime_Qwen3-1.7B_S1,1,1,1,1,1,0.0,0.3954056913655094,845,845,579932539488512.0,3541904488192.0
7540,question_9_aime_Qwen3-1.7B_S64,64,1,1,1,1,0.0,0.03200916994871656,493,1571,1408272204570112.0,6364970135552.0
7541,question_9_aime_Qwen3-1.7B_S64,64,1,1,1,1,0.0,0.03200916994871656,493,1571,1408272204570112.0,6364970135552.0
7542,question_9_aime_Qwen3-1.7B_S64,64,1,1,1,1,0.0,0.03200916994871656,493,1571,1408272204570112.0,6364970135552.0
7543,question_9_aime_Qwen3-1.7B_S32,32,1,1,1,1,0.0,0.022778980309931248,164,1078,1152185318688768.0,6054680403968.0
7544,question_9_aime_Qwen3-1.7B_S32,32,1,1,1,1,0.0,0.08555877487592876,463,1709,1634174704795136.0,8277687531008.0
7545,question_9_aime_Qwen3-1.7B_S32,32,1,1,1,1,0.0,0.03200916994871656,493,969,1072069890771712.0,5552908363520.0
7546,question_9_aime_Qwen3-1.7B_S16,16,1,1,1,1,0.0,0.3877659040597366,381,3273,1015565339256832.0,5325671147776.0
7547,question_9_aime_Qwen3-1.7B_S16,16,1,1,1,1,0.0,0.09214089931763349,415,2744,1006808279694336.0,5090107045632.0
7548,question_9_aime_Qwen3-1.7B_S16,16,1,1,1,1,0.0,0.25577849423485066,584,1177,1070566374524416.0,5806378459392.0
7549,question_9_aime_Qwen3-1.7B_S8,8,1,1,1,1,0.0,0.0695210751166185,363,1710,892792562679808.0,4981949102592.0
7550,question_9_aime_Qwen3-1.7B_S8,8,1,1,1,1,0.0,0.03003363721162341,467,3164,1021291512761856.0,5742328650240.0
7551,question_9_aime_Qwen3-1.7B_S8,8,1,1,1,1,0.0,0.09326341488248532,365,958,765433615283456.0,4403082446336.0
7552,question_9_aime_Qwen3-1.7B_S4,4,1,1,1,1,0.0,0.022778980309931248,164,164,302442069839616.0,1795330243840.0
7553,question_9_aime_Qwen3-1.7B_S4,4,1,1,1,1,0.0,0.02116566760070482,312,312,441697996669440.0,2617111567616.0
7554,question_9_aime_Qwen3-1.7B_S4,4,1,1,1,1,0.0,0.0695210751166185,363,363,666121527522304.0,3865801547776.0
7555,question_9_aime_Qwen3-1.7B_S2,2,1,1,1,1,0.0,0.06322727412905128,543,1107,495758191104512.0,2918157313792.0
7556,question_9_aime_Qwen3-1.7B_S2,2,1,1,1,1,0.0,0.043519981121603886,564,953,455245429890048.0,2707562703104.0
7557,question_9_aime_Qwen3-1.7B_S2,2,1,1,1,1,0.0,0.1907457011703415,781,781,639505588243200.0,3843972950272.0
7558,question_9_aime_Qwen3-1.7B_S1,1,1,1,1,1,0.0,0.020141545052806933,721,721,489273720990208.0,3012422538496.0
7559,question_9_aime_Qwen3-1.7B_S1,1,1,1,1,1,0.0,0.25577849423485066,584,584,391487703660032.0,2436698530560.0
7560,question_9_aime_Qwen3-1.7B_S1,1,1,1,1,1,0.0,0.04547162371856962,633,633,435293442081792.0,2656345178368.0
