序号,question{idx}_model_sample_size,qp,cp,bs,n_trials,n_question,准确率,平均reward,answer_tokens,total_tokens,mean_eflops,访存量
1,question_0_aime_Qwen3-32B_S64,64,1,1,3,1,1.0,0.532286611629314,1035.0,1035.0,2.866376879516877e+16,164391504998400.0
2,question_0_aime_Qwen3-32B_S32,32,1,1,3,1,1.0,0.710694037356583,1165.0,2389.3333333333335,2.6293141115345748e+16,157746988041216.0
3,question_0_aime_Qwen3-32B_S16,16,1,1,3,1,0.6666666666666666,0.6747230920070953,1105.6666666666667,1105.6666666666667,2.054464859154637e+16,126024529971712.0
4,question_0_aime_Qwen3-32B_S8,8,1,1,3,1,0.6666666666666666,0.6043001187141462,958.0,958.0,2.0767401924876116e+16,128344492475562.67
5,question_0_aime_Qwen3-32B_S4,4,1,1,3,1,0.3333333333333333,0.6276830878426026,960.3333333333334,1263.3333333333333,1.6047885546911402e+16,101020021831509.33
6,question_0_aime_Qwen3-32B_S2,2,1,1,3,1,1.0,0.7051920813782765,1055.0,1055.0,1.6772716713411584e+16,105740301810517.33
7,question_0_aime_Qwen3-32B_S1,1,1,1,3,1,0.6666666666666666,0.6907697444687336,980.0,980.0,1.0657483288172202e+16,67509947960661.336
8,question_0_aime_Qwen3-14B_S64,64,1,1,3,1,0.0,0.7379295824809441,1118.0,2308.0,1.9432288311163136e+16,113484429933056.0
9,question_0_aime_Qwen3-14B_S32,32,1,1,3,1,0.0,0.6395679418730379,876.0,1234.6666666666667,1.5905098008656384e+16,96008463586730.67
10,question_0_aime_Qwen3-14B_S16,16,1,1,3,1,0.0,0.6436408257589857,869.6666666666666,869.6666666666666,1.222970804304768e+16,75599188646997.33
11,question_0_aime_Qwen3-14B_S8,8,1,1,3,1,0.0,0.25417243466521805,123.0,123.0,9866185344415574.0,62024174521002.664
12,question_0_aime_Qwen3-14B_S4,4,1,1,3,1,0.0,0.3403237993688051,441.6666666666667,441.6666666666667,8585125838881877.0,54131105246890.664
13,question_0_aime_Qwen3-14B_S2,2,1,1,3,1,0.3333333333333333,0.22286811666817885,367.0,367.0,5947526373680981.0,37610708125184.0
14,question_0_aime_Qwen3-14B_S1,1,1,1,3,1,0.3333333333333333,0.3502619339789225,455.0,455.0,5982048741662379.0,37968970439936.0
15,question_0_aime_Qwen3-8B_S64,64,1,1,3,1,1.0,0.906279330925655,1013.6666666666666,1013.6666666666666,1.5749385221972736e+16,71354895882752.0
16,question_0_aime_Qwen3-8B_S32,32,1,1,3,1,1.0,0.8732927387422119,1124.3333333333333,1124.3333333333333,1.2372236433969238e+16,63871393704021.336
17,question_0_aime_Qwen3-8B_S16,16,1,1,3,1,1.0,0.8648562640212386,1076.6666666666667,1076.6666666666667,1.0437569810392662e+16,58107917047040.0
18,question_0_aime_Qwen3-8B_S8,8,1,1,3,1,1.0,0.8100901542463657,1108.6666666666667,1108.6666666666667,7743753702697984.0,45634741147989.336
19,question_0_aime_Qwen3-8B_S4,4,1,1,3,1,1.0,0.8163163037831213,1053.0,1053.0,7096551576131755.0,42807641311317.336
20,question_0_aime_Qwen3-8B_S2,2,1,1,3,1,1.0,0.7198252574275629,1198.3333333333333,1198.3333333333333,4660935810151253.0,28647636719786.668
21,question_0_aime_Qwen3-8B_S1,1,1,1,3,1,1.0,0.7898209412333999,1080.6666666666667,1080.6666666666667,2901282431553024.0,17987960868010.668
22,question_0_aime_Qwen3-4B_S64,64,1,1,3,1,1.0,0.8817632294427805,910.0,1508.0,6633194027279872.0,27808563327488.0
23,question_0_aime_Qwen3-4B_S32,32,1,1,3,1,1.0,0.8050392996613803,1031.0,2211.0,6009917936712704.0,29151729758208.0
24,question_0_aime_Qwen3-4B_S16,16,1,1,3,1,1.0,0.8006987480013584,1023.6666666666666,1921.0,4195607060946432.0,22602308607658.668
25,question_0_aime_Qwen3-4B_S8,8,1,1,3,1,1.0,0.6493696105300515,1076.3333333333333,1359.0,3382499304737792.0,19069723106645.332
26,question_0_aime_Qwen3-4B_S4,4,1,1,3,1,1.0,0.7741162257764916,1120.6666666666667,1120.6666666666667,3396747862503936.0,19506394362368.0
27,question_0_aime_Qwen3-4B_S2,2,1,1,3,1,1.0,0.7056602277169751,1003.3333333333334,1319.0,1903623363808426.8,11454772205738.666
28,question_0_aime_Qwen3-4B_S1,1,1,1,3,1,0.6666666666666666,0.6577219553677599,1264.0,1264.0,1711563302080682.8,10435166150997.334
29,question_0_aime_Qwen3-1.7B_S64,64,1,1,3,1,0.0,0.28800558133952336,161.0,4789.0,1400072436822528.0,5928465007360.0
30,question_0_aime_Qwen3-1.7B_S32,32,1,1,3,1,0.0,0.28800558133952336,161.0,2289.6666666666665,1074426237232469.4,5341895339349.333
31,question_0_aime_Qwen3-1.7B_S16,16,1,1,3,1,0.0,0.2566865543161349,353.0,2113.0,879231668367957.4,4697032891562.667
32,question_0_aime_Qwen3-1.7B_S8,8,1,1,3,1,0.0,0.12604154942767845,414.3333333333333,849.6666666666666,617115873341781.4,3399382401706.6665
33,question_0_aime_Qwen3-1.7B_S4,4,1,1,3,1,0.0,0.11724276595719983,434.3333333333333,662.6666666666666,645074855412138.6,3832294673237.3335
34,question_0_aime_Qwen3-1.7B_S2,2,1,1,3,1,0.0,0.1695860168408422,422.0,575.3333333333334,428995330382677.3,2583753765973.3335
35,question_0_aime_Qwen3-1.7B_S1,1,1,1,3,1,0.0,0.20936382483819593,486.6666666666667,486.6666666666667,338208639697749.3,2051598363136.0
36,question_0_aime_Qwen3-0.6B_S64,64,1,1,3,1,0.0,0.21069675202458849,132.0,132.0,522389769611264.0,1450614017536.0
37,question_0_aime_Qwen3-0.6B_S32,32,1,1,3,1,0.0,0.14046450134972566,88.0,180.66666666666666,448712101874688.0,1470487451136.0
38,question_0_aime_Qwen3-0.6B_S16,16,1,1,3,1,0.0,0.11562883638756678,310.3333333333333,1927.0,525977249302186.7,1970162105685.3333
39,question_0_aime_Qwen3-0.6B_S8,8,1,1,3,1,0.0,0.1823389051869193,479.0,1409.0,417958693678592.0,1804435691178.6667
40,question_0_aime_Qwen3-0.6B_S4,4,1,1,3,1,0.0,0.10965725049482307,407.6666666666667,1190.6666666666667,252673348658176.0,1268603997866.6667
41,question_0_aime_Qwen3-0.6B_S2,2,1,1,3,1,0.0,0.12339714380391881,693.6666666666666,1049.3333333333333,266378186356565.34,1399467927893.3333
42,question_0_aime_Qwen3-0.6B_S1,1,1,1,3,1,0.0,0.037536392530733174,743.3333333333334,743.3333333333334,253392481507328.0,1275815268181.3333
43,question_1_aime_Qwen3-32B_S64,64,1,1,3,1,1.0,0.7424179382815114,437.0,437.0,1.4194935383318528e+16,82271909967872.0
44,question_1_aime_Qwen3-32B_S32,32,1,1,3,1,1.0,0.6397491867697412,479.3333333333333,479.3333333333333,1.2524144312628054e+16,75819783194282.67
45,question_1_aime_Qwen3-32B_S16,16,1,1,3,1,1.0,0.9405870742781652,519.0,655.0,1.3235494875456e+16,80416654907904.0
46,question_1_aime_Qwen3-32B_S8,8,1,1,3,1,1.0,0.8836134037112878,471.3333333333333,471.3333333333333,1.1161250973333334e+16,69498888417792.0
47,question_1_aime_Qwen3-32B_S4,4,1,1,3,1,1.0,0.8692533183682728,483.6666666666667,483.6666666666667,8417118340834987.0,52766726063786.664
48,question_1_aime_Qwen3-32B_S2,2,1,1,3,1,1.0,0.904897158586793,544.3333333333334,544.3333333333334,1.1502132743703382e+16,72481966125056.0
49,question_1_aime_Qwen3-32B_S1,1,1,1,3,1,1.0,0.9063090388770574,620.6666666666666,620.6666666666666,6589746339798869.0,41754723830101.336
50,question_1_aime_Qwen3-14B_S64,64,1,1,3,1,1.0,0.8833825502400665,673.0,2538.3333333333335,2.698280910619392e+16,165202818312192.0
51,question_1_aime_Qwen3-14B_S32,32,1,1,3,1,0.0,0.7824941611812838,43.333333333333336,1569.0,2.1056800517493588e+16,130751372716970.67
52,question_1_aime_Qwen3-14B_S16,16,1,1,3,1,0.6666666666666666,0.8100627608273007,577.0,719.6666666666666,9527725083186688.0,59391086564010.664
53,question_1_aime_Qwen3-14B_S8,8,1,1,3,1,0.3333333333333333,0.7608398216581359,343.6666666666667,580.3333333333334,7083859186479189.0,44466063032661.336
54,question_1_aime_Qwen3-14B_S4,4,1,1,3,1,0.0,0.7066898294930809,207.0,564.3333333333334,5161210115596117.0,32625341842005.332
55,question_1_aime_Qwen3-14B_S2,2,1,1,3,1,0.3333333333333333,0.3068762019175538,536.6666666666666,536.6666666666666,5291407723249835.0,33592553731584.0
56,question_1_aime_Qwen3-14B_S1,1,1,1,3,1,0.0,0.2099788044719186,1149.6666666666667,1149.6666666666667,6975968758280704.0,44263571923114.664
57,question_1_aime_Qwen3-8B_S64,64,1,1,3,1,1.0,0.9499697985655274,481.0,481.0,6385476815853056.0,28191968017152.0
58,question_1_aime_Qwen3-8B_S32,32,1,1,3,1,1.0,0.9616101161078295,496.3333333333333,496.3333333333333,4925180677689429.0,25070369569365.332
59,question_1_aime_Qwen3-8B_S16,16,1,1,3,1,1.0,0.9489715546304244,471.6666666666667,471.6666666666667,4207877408005717.5,23672659621888.0
60,question_1_aime_Qwen3-8B_S8,8,1,1,3,1,1.0,0.8152183769837439,491.0,491.0,3631830442950912.0,21511213572864.0
61,question_1_aime_Qwen3-8B_S4,4,1,1,3,1,1.0,0.9575237031613443,520.6666666666666,520.6666666666666,2866143237417045.5,17442164188842.666
62,question_1_aime_Qwen3-8B_S2,2,1,1,3,1,1.0,0.950209575787133,549.6666666666666,549.6666666666666,2298008911842133.5,14197557715541.334
63,question_1_aime_Qwen3-8B_S1,1,1,1,3,1,1.0,0.9408973937585107,554.6666666666666,554.6666666666666,1488405558625280.0,9286227084970.666
64,question_1_aime_Qwen3-4B_S64,64,1,1,3,1,1.0,0.9525880328020677,408.0,536.0,3202446101445632.0,12188035251200.0
65,question_1_aime_Qwen3-4B_S32,32,1,1,3,1,1.0,0.9067962710614269,401.3333333333333,401.3333333333333,2320554730195456.0,10695594315264.0
66,question_1_aime_Qwen3-4B_S16,16,1,1,3,1,1.0,0.9429986389086822,431.3333333333333,431.3333333333333,1807019171205632.0,9473683499008.0
67,question_1_aime_Qwen3-4B_S8,8,1,1,3,1,1.0,0.9160248905298595,447.0,447.0,1535848765953706.8,8708635585877.333
68,question_1_aime_Qwen3-4B_S4,4,1,1,3,1,1.0,0.9249537878737302,463.3333333333333,598.3333333333334,1324475810649258.8,7881810168320.0
69,question_1_aime_Qwen3-4B_S2,2,1,1,3,1,1.0,0.9031108996107681,450.3333333333333,585.3333333333334,992485774872576.0,6051611853994.667
70,question_1_aime_Qwen3-4B_S1,1,1,1,3,1,0.6666666666666666,0.6230847778208317,613.0,613.0,828720298458282.6,5096913791317.333
71,question_1_aime_Qwen3-1.7B_S64,64,1,1,3,1,1.0,0.8760073917913934,366.6666666666667,1411.0,1494351659752448.0,5544318540544.0
72,question_1_aime_Qwen3-1.7B_S32,32,1,1,3,1,0.6666666666666666,0.8187734645266488,473.3333333333333,885.3333333333334,1140746432636757.2,5218347511552.0
73,question_1_aime_Qwen3-1.7B_S16,16,1,1,3,1,1.0,0.9105808318117644,381.3333333333333,472.3333333333333,861280098100053.4,4428783413674.667
74,question_1_aime_Qwen3-1.7B_S8,8,1,1,3,1,1.0,0.8039896835266535,418.0,579.0,692105121824853.4,3841131632725.3335
75,question_1_aime_Qwen3-1.7B_S4,4,1,1,3,1,0.6666666666666666,0.4918266948901327,419.3333333333333,656.3333333333334,656641380791722.6,3797715805781.3335
76,question_1_aime_Qwen3-1.7B_S2,2,1,1,3,1,0.0,0.36591215265824123,555.3333333333334,735.3333333333334,604365321851050.6,3611186055680.0
77,question_1_aime_Qwen3-1.7B_S1,1,1,1,3,1,0.0,0.11352722080129853,1224.0,1224.0,871971235181312.0,5190184684458.667
78,question_1_aime_Qwen3-0.6B_S64,64,1,1,3,1,0.0,0.4261945026376219,541.0,541.0,629651602194432.0,2681359773184.0
79,question_1_aime_Qwen3-0.6B_S32,32,1,1,3,1,0.0,0.14206483421254062,180.33333333333334,261.3333333333333,404196280460629.3,1842615374165.3333
80,question_1_aime_Qwen3-0.6B_S16,16,1,1,3,1,0.0,0.1548393738335103,249.33333333333334,249.33333333333334,245550472298496.0,1027948072106.6666
81,question_1_aime_Qwen3-0.6B_S8,8,1,1,3,1,0.0,0.14206483421254062,180.33333333333334,262.6666666666667,215663451474773.34,1204376045226.6667
82,question_1_aime_Qwen3-0.6B_S4,4,1,1,3,1,0.3333333333333333,0.4963451488423472,401.6666666666667,401.6666666666667,228279892569770.66,1254080237738.6667
83,question_1_aime_Qwen3-0.6B_S2,2,1,1,3,1,0.3333333333333333,0.3417037461074175,537.3333333333334,537.3333333333334,205630662944256.0,1139139049130.6667
84,question_1_aime_Qwen3-0.6B_S1,1,1,1,3,1,0.0,0.09799045490021756,611.0,611.0,172414928336213.34,995103438336.0
85,question_2_aime_Qwen3-32B_S64,64,1,1,3,1,0.0,0.7821926021084126,1286.0,4332.0,4.654084255494451e+16,268826401007616.0
86,question_2_aime_Qwen3-32B_S32,32,1,1,3,1,0.0,0.6063190689586081,1140.6666666666667,3138.3333333333335,3.684221678092305e+16,220103148198741.34
87,question_2_aime_Qwen3-32B_S16,16,1,1,3,1,0.0,0.6950250123119265,1314.6666666666667,3511.0,3.6080025426262696e+16,221824566481920.0
88,question_2_aime_Qwen3-32B_S8,8,1,1,3,1,0.3333333333333333,0.471743858012535,1150.6666666666667,2353.0,2.657998455231437e+16,165401824068096.0
89,question_2_aime_Qwen3-32B_S4,4,1,1,3,1,0.0,0.6072670775943102,1218.3333333333333,2069.0,2.3480827927186944e+16,147651248850090.66
90,question_2_aime_Qwen3-32B_S2,2,1,1,3,1,0.0,0.37695091261197017,1350.6666666666667,1350.6666666666667,2.1332383550056788e+16,134735228053845.33
91,question_2_aime_Qwen3-32B_S1,1,1,1,3,1,0.0,0.49716960508672,1314.0,1314.0,1.375762939814912e+16,87191603002880.0
92,question_2_aime_Qwen3-14B_S64,64,1,1,3,1,0.0,0.46858921821091637,361.0,361.0,1.854272571821645e+16,105385394477056.0
93,question_2_aime_Qwen3-14B_S32,32,1,1,3,1,0.3333333333333333,0.763362833918031,1033.6666666666667,3018.3333333333335,2.5495395953030228e+16,150815135908693.34
94,question_2_aime_Qwen3-14B_S16,16,1,1,3,1,0.0,0.551880704947341,675.0,1278.3333333333333,1.8044013365025536e+16,110020425070165.33
95,question_2_aime_Qwen3-14B_S8,8,1,1,3,1,0.3333333333333333,0.5083732966739505,989.3333333333334,1719.0,1.6738248025774762e+16,103297357777920.0
96,question_2_aime_Qwen3-14B_S4,4,1,1,3,1,0.0,0.536959911986487,813.6666666666666,813.6666666666666,1.089836873342336e+16,68049112927402.664
97,question_2_aime_Qwen3-14B_S2,2,1,1,3,1,0.6666666666666666,0.548939541038462,1178.3333333333333,1734.0,1.0506088258618624e+16,65726561060010.664
98,question_2_aime_Qwen3-14B_S1,1,1,1,3,1,0.3333333333333333,0.5435837979076166,1719.6666666666667,1719.6666666666667,8168281113121621.0,51538611925674.664
99,question_2_aime_Qwen3-8B_S64,64,1,1,3,1,0.0,0.8875376194608279,841.0,23378.0,3.848280755788621e+16,209700366542080.0
100,question_2_aime_Qwen3-8B_S32,32,1,1,3,1,0.0,0.8875376194608279,841.0,10000.0,2.6077570557975296e+16,148955648477696.0
101,question_2_aime_Qwen3-8B_S16,16,1,1,3,1,0.0,0.8478074872142954,1004.0,8120.333333333333,2.0767219753077844e+16,123339360885845.33
102,question_2_aime_Qwen3-8B_S8,8,1,1,3,1,0.0,0.8657975319653834,1037.3333333333333,5536.0,1.357415004116079e+16,82028535805525.33
103,question_2_aime_Qwen3-8B_S4,4,1,1,3,1,0.0,0.7467283959698424,1234.3333333333333,4180.0,9364959910811392.0,57560506521941.336
104,question_2_aime_Qwen3-8B_S2,2,1,1,3,1,0.0,0.6289005526479289,1177.6666666666667,2099.6666666666665,6290410117444011.0,38905950278656.0
105,question_2_aime_Qwen3-8B_S1,1,1,1,3,1,0.0,0.4562790040754934,2394.0,2394.0,6532497494126251.0,39870964171946.664
106,question_2_aime_Qwen3-4B_S64,64,1,1,3,1,0.0,0.19182627700723587,771.0,771.0,1.1878913190240256e+16,62265813609984.0
107,question_2_aime_Qwen3-4B_S32,32,1,1,3,1,0.0,0.19182627700723587,771.0,771.0,7346117649779371.0,40197457324885.336
108,question_2_aime_Qwen3-4B_S16,16,1,1,3,1,0.6666666666666666,0.5630528166799629,1231.0,2138.0,8304258464258389.0,47289231964160.0
109,question_2_aime_Qwen3-4B_S8,8,1,1,3,1,0.0,0.4437779074839418,984.0,3385.0,5912187529740288.0,34740127932245.332
110,question_2_aime_Qwen3-4B_S4,4,1,1,3,1,0.6666666666666666,0.5558220498271028,1315.6666666666667,5220.666666666667,5991856442124288.0,35613746985642.664
111,question_2_aime_Qwen3-4B_S2,2,1,1,3,1,0.0,0.3736998205389659,1199.6666666666667,1712.6666666666667,2514364606744746.5,15163665115818.666
112,question_2_aime_Qwen3-4B_S1,1,1,1,3,1,0.3333333333333333,0.6003770005923871,1219.6666666666667,1219.6666666666667,1651591287976448.0,10056151644842.666
113,question_2_aime_Qwen3-1.7B_S64,64,1,1,3,1,0.0,0.29316153787376503,82.0,1700.0,697562196610048.0,2776659585280.0
114,question_2_aime_Qwen3-1.7B_S32,32,1,1,3,1,0.0,0.2609436892577414,82.66666666666667,1070.3333333333333,490829163028138.7,2309294147328.0
115,question_2_aime_Qwen3-1.7B_S16,16,1,1,3,1,0.0,0.23953893949863073,82.33333333333333,296.6666666666667,355054832708352.0,1854496806400.0
116,question_2_aime_Qwen3-1.7B_S8,8,1,1,3,1,0.0,0.1725328442094041,133.33333333333334,286.3333333333333,298490610506069.3,1691617427882.6667
117,question_2_aime_Qwen3-1.7B_S4,4,1,1,3,1,0.0,0.22044071712482824,191.66666666666666,299.0,305230235290624.0,1760479433216.0
118,question_2_aime_Qwen3-1.7B_S2,2,1,1,3,1,0.0,0.11567560334640943,116.33333333333333,116.33333333333333,175327297605376.0,1060102147925.3334
119,question_2_aime_Qwen3-1.7B_S1,1,1,1,3,1,0.0,0.19488287985447528,123.0,123.0,88736762042282.67,546402081194.6667
120,question_2_aime_Qwen3-0.6B_S64,64,1,1,3,1,0.0,0.5039088674745311,217.0,3166.0,797002627758080.0,2106311905792.0
121,question_2_aime_Qwen3-0.6B_S32,32,1,1,3,1,0.0,0.47520703219066385,301.6666666666667,2258.3333333333335,499876763260074.7,1613446347434.6667
122,question_2_aime_Qwen3-0.6B_S16,16,1,1,3,1,0.0,0.47520703219066385,301.6666666666667,1602.6666666666667,344715353857877.3,1368719356757.3333
123,question_2_aime_Qwen3-0.6B_S8,8,1,1,3,1,0.0,0.37102489440063163,387.0,2089.0,299652337605461.3,1290370266965.3333
124,question_2_aime_Qwen3-0.6B_S4,4,1,1,3,1,0.0,0.2271751446918527,336.6666666666667,980.3333333333334,182807035757056.0,914805692245.3334
125,question_2_aime_Qwen3-0.6B_S2,2,1,1,3,1,0.0,0.30829567287068466,392.3333333333333,763.6666666666666,154306746680320.0,828097717760.0
126,question_2_aime_Qwen3-0.6B_S1,1,1,1,3,1,0.0,0.24525082032435708,288.3333333333333,288.3333333333333,83438797634560.0,482285800106.6667
127,question_3_aime_Qwen3-32B_S64,64,1,1,3,1,0.0,0.6567576940569555,874.0,2047.0,2.2775228506917376e+16,126969229151744.0
128,question_3_aime_Qwen3-32B_S32,32,1,1,3,1,0.3333333333333333,0.6558519309091864,886.0,1964.6666666666667,2.1413938572292436e+16,126492171851605.33
129,question_3_aime_Qwen3-32B_S16,16,1,1,3,1,0.6666666666666666,0.4639560184792046,840.0,840.0,1.960950663917875e+16,119360183274496.0
130,question_3_aime_Qwen3-32B_S8,8,1,1,3,1,0.6666666666666666,0.3555466591923795,1064.3333333333333,1064.3333333333333,1.886153790228736e+16,117215221868714.67
131,question_3_aime_Qwen3-32B_S4,4,1,1,3,1,1.0,0.2499747705404363,855.0,855.0,1.4726647209956182e+16,92314162760533.33
132,question_3_aime_Qwen3-32B_S2,2,1,1,3,1,1.0,0.29909214673773826,951.0,951.0,1.3159379571849046e+16,83009595400874.67
133,question_3_aime_Qwen3-32B_S1,1,1,1,3,1,0.6666666666666666,0.35056441627255275,932.3333333333334,932.3333333333334,9938889804850346.0,62758445573973.336
134,question_3_aime_Qwen3-14B_S64,64,1,1,3,1,0.0,0.3387745661019898,591.0,959.0,1.01264506488768e+16,59882347282688.0
135,question_3_aime_Qwen3-14B_S32,32,1,1,3,1,0.0,0.22584971073465984,394.0,639.3333333333334,8699658129081771.0,53124237824426.664
136,question_3_aime_Qwen3-14B_S16,16,1,1,3,1,0.0,0.22584971073465984,394.0,394.0,4098376090528682.5,25048969611093.332
137,question_3_aime_Qwen3-14B_S8,8,1,1,3,1,0.3333333333333333,0.19612687708505305,385.6666666666667,385.6666666666667,5481110741336832.0,33924206372266.668
138,question_3_aime_Qwen3-14B_S4,4,1,1,3,1,0.6666666666666666,0.11039450513750233,500.6666666666667,500.6666666666667,5193294459980629.0,32314782108074.668
139,question_3_aime_Qwen3-14B_S2,2,1,1,3,1,0.6666666666666666,0.33326594874497045,702.0,702.0,5789505867210837.0,36288976293376.0
140,question_3_aime_Qwen3-14B_S1,1,1,1,3,1,0.6666666666666666,0.22104479050919612,699.6666666666666,699.6666666666666,3540719461554688.0,22421818664192.0
141,question_3_aime_Qwen3-8B_S64,64,1,1,3,1,1.0,0.33766944519428216,955.0,955.0,1.3956505636941056e+16,58480757049344.0
142,question_3_aime_Qwen3-8B_S32,32,1,1,3,1,1.0,0.23494028912879228,1069.3333333333333,1069.3333333333333,1.110818437724305e+16,54223297265408.0
143,question_3_aime_Qwen3-8B_S16,16,1,1,3,1,1.0,0.43965670758337216,1008.0,1008.0,8831567935187456.0,47648130469973.336
144,question_3_aime_Qwen3-8B_S8,8,1,1,3,1,1.0,0.2505663723941112,948.3333333333334,948.3333333333334,7140288847066027.0,41208243456768.0
145,question_3_aime_Qwen3-8B_S4,4,1,1,3,1,1.0,0.5251640632326285,1025.6666666666667,1025.6666666666667,5727589413570133.0,34310982378496.0
146,question_3_aime_Qwen3-8B_S2,2,1,1,3,1,1.0,0.2746229594038661,927.6666666666666,927.6666666666666,4065128075477248.0,24898185228032.0
147,question_3_aime_Qwen3-8B_S1,1,1,1,3,1,1.0,0.3365030671934324,1064.6666666666667,1064.6666666666667,2882620900956586.5,17780629211989.332
148,question_3_aime_Qwen3-4B_S64,64,1,1,3,1,1.0,0.3345749044479245,772.0,772.0,6343499724093440.0,23296467045376.0
149,question_3_aime_Qwen3-4B_S32,32,1,1,3,1,1.0,0.3085954724444674,812.6666666666666,812.6666666666666,4936107328983893.0,21174935347541.332
150,question_3_aime_Qwen3-4B_S16,16,1,1,3,1,1.0,0.14421259922779278,849.3333333333334,849.3333333333334,3621547435039573.5,18077653253120.0
151,question_3_aime_Qwen3-4B_S8,8,1,1,3,1,1.0,0.3771551857134494,729.3333333333334,1127.3333333333333,2967231241744042.5,16230157683712.0
152,question_3_aime_Qwen3-4B_S4,4,1,1,3,1,1.0,0.6015126884732199,862.3333333333334,862.3333333333334,2506282615632554.5,14294092125696.0
153,question_3_aime_Qwen3-4B_S2,2,1,1,3,1,1.0,0.49770723850723425,881.0,881.0,1661014101002581.2,9880760568661.334
154,question_3_aime_Qwen3-4B_S1,1,1,1,3,1,1.0,0.44926736970089115,814.6666666666666,814.6666666666666,1109750559144277.4,6745608144042.667
155,question_3_aime_Qwen3-1.7B_S64,64,1,1,3,1,0.0,0.1534886946494655,107.0,671.0,713114921981952.0,3126875112704.0
156,question_3_aime_Qwen3-1.7B_S32,32,1,1,3,1,0.0,0.13981132111384753,100.0,357.3333333333333,510889845791658.7,2428747745536.0
157,question_3_aime_Qwen3-1.7B_S16,16,1,1,3,1,0.0,0.05755115879345052,202.66666666666666,1080.6666666666667,475586198522624.0,2400877068800.0
158,question_3_aime_Qwen3-1.7B_S8,8,1,1,3,1,0.0,0.09106677177743293,197.66666666666666,316.3333333333333,439886260745642.7,2502509598549.3335
159,question_3_aime_Qwen3-1.7B_S4,4,1,1,3,1,0.0,0.0596414142665835,338.0,831.0,519057846319786.7,3004293213525.3335
160,question_3_aime_Qwen3-1.7B_S2,2,1,1,3,1,0.0,0.03133363703029433,317.6666666666667,317.6666666666667,417018581297920.0,2496872996949.3335
161,question_3_aime_Qwen3-1.7B_S1,1,1,1,3,1,0.0,0.04298658155987293,219.66666666666666,219.66666666666666,155611361418240.0,950436232106.6666
162,question_3_aime_Qwen3-0.6B_S64,64,1,1,3,1,0.0,0.0594484676613295,341.0,640.0,492562042037248.0,1470879575552.0
163,question_3_aime_Qwen3-0.6B_S32,32,1,1,3,1,0.0,0.07081836131578491,163.66666666666666,735.3333333333334,350286666630485.3,1203198945109.3333
164,question_3_aime_Qwen3-0.6B_S16,16,1,1,3,1,0.0,0.03779286618259407,156.0,1400.0,318707549209770.7,1244791554901.3333
165,question_3_aime_Qwen3-0.6B_S8,8,1,1,3,1,0.0,0.08823620541907895,258.3333333333333,1020.3333333333334,255721356370090.66,1111956690261.3333
166,question_3_aime_Qwen3-0.6B_S4,4,1,1,3,1,0.0,0.051703437341444,231.0,501.0,161750196881408.0,804521831253.3334
167,question_3_aime_Qwen3-0.6B_S2,2,1,1,3,1,0.0,0.04034835288954398,321.6666666666667,515.0,127627474707968.0,708311258282.6666
168,question_3_aime_Qwen3-0.6B_S1,1,1,1,3,1,0.0,0.03447098401772324,640.0,640.0,192479103057237.34,1052697953962.6666
169,question_4_aime_Qwen3-32B_S64,64,1,1,3,1,0.0,0.6537961713907777,679.0,3766.0,2.0432766195971584e+16,109651916347392.0
170,question_4_aime_Qwen3-32B_S32,32,1,1,3,1,0.0,0.626947538902864,655.3333333333334,2747.0,1.929963813595648e+16,111810962018816.0
171,question_4_aime_Qwen3-32B_S16,16,1,1,3,1,0.0,0.4610751897384932,780.0,4011.6666666666665,2.3965047181329236e+16,145266803950592.0
172,question_4_aime_Qwen3-32B_S8,8,1,1,3,1,0.0,0.365836948574149,579.3333333333334,1581.3333333333333,1.8488249463461716e+16,114540608589653.33
173,question_4_aime_Qwen3-32B_S4,4,1,1,3,1,0.0,0.3368902137728544,479.0,980.6666666666666,1.1804583212562262e+16,74023206800042.67
174,question_4_aime_Qwen3-32B_S2,2,1,1,3,1,0.0,0.28016450339203647,738.6666666666666,952.6666666666666,1.452242490834944e+16,91872454472704.0
175,question_4_aime_Qwen3-32B_S1,1,1,1,3,1,0.0,0.2306917472081903,1446.0,1446.0,1.512439330259712e+16,95737522955946.67
176,question_4_aime_Qwen3-14B_S64,64,1,1,3,1,0.0,0.024640473924326167,732.0,732.0,2.217630341597875e+16,136268503338240.0
177,question_4_aime_Qwen3-14B_S32,32,1,1,3,1,0.0,0.008213491308108722,244.0,244.0,1.2995711787985494e+16,80535563801941.33
178,question_4_aime_Qwen3-14B_S16,16,1,1,3,1,0.0,0.02966523381254015,1802.6666666666667,1802.6666666666667,1.5100650100107434e+16,94183676551424.0
179,question_4_aime_Qwen3-14B_S8,8,1,1,3,1,0.0,0.11579029890599962,1087.3333333333333,1087.3333333333333,9443725336263254.0,58259753861632.0
180,question_4_aime_Qwen3-14B_S4,4,1,1,3,1,0.0,0.39568036530603184,1919.0,2561.0,1.4539287325121536e+16,90296757370624.0
181,question_4_aime_Qwen3-14B_S2,2,1,1,3,1,0.0,0.265638181211833,2071.6666666666665,2834.0,1.2777357895014144e+16,80494281257472.0
182,question_4_aime_Qwen3-14B_S1,1,1,1,3,1,0.0,0.3242180429958971,1961.6666666666667,1961.6666666666667,9304536459284138.0,58691488684800.0
183,question_4_aime_Qwen3-8B_S64,64,1,1,3,1,1.0,0.8128512329736263,1157.0,1704.3333333333333,1.8730196634525696e+16,89546300058880.0
184,question_4_aime_Qwen3-8B_S32,32,1,1,3,1,0.3333333333333333,0.6926795398287382,1175.6666666666667,2573.3333333333335,1.741368032384657e+16,91643512919978.67
185,question_4_aime_Qwen3-8B_S16,16,1,1,3,1,0.0,0.5582719586159054,1733.6666666666667,5434.333333333333,1.7686978125614762e+16,97565606564949.33
186,question_4_aime_Qwen3-8B_S8,8,1,1,3,1,0.3333333333333333,0.5294525631634289,1820.0,4481.333333333333,1.4448460930243242e+16,84158326964821.33
187,question_4_aime_Qwen3-8B_S4,4,1,1,3,1,0.0,0.5899864793574072,1895.0,1895.0,1.2137975358726742e+16,72651377512362.67
188,question_4_aime_Qwen3-8B_S2,2,1,1,3,1,0.0,0.1983988499620933,2833.6666666666665,3731.3333333333335,1.1741498045937834e+16,71376489653845.33
189,question_4_aime_Qwen3-8B_S1,1,1,1,3,1,0.0,0.465062276472945,1951.3333333333333,1951.3333333333333,5243931077237845.0,32437223495850.668
190,question_4_aime_Qwen3-4B_S64,64,1,1,3,1,0.0,0.5723232492840936,576.0,576.0,7948636041475584.0,31746815746048.0
191,question_4_aime_Qwen3-4B_S32,32,1,1,3,1,0.0,0.5723232492840936,576.0,576.0,5828912070521515.0,27839987796821.332
192,question_4_aime_Qwen3-4B_S16,16,1,1,3,1,0.0,0.6770905004430161,1261.3333333333333,3114.0,6692256167913643.0,32782716471637.332
193,question_4_aime_Qwen3-4B_S8,8,1,1,3,1,0.0,0.460208241809369,1763.0,3577.6666666666665,6671344052131669.0,35973939195562.664
194,question_4_aime_Qwen3-4B_S4,4,1,1,3,1,0.0,0.45804182787903364,1650.0,2308.3333333333335,5170581999079424.0,29173401080320.0
195,question_4_aime_Qwen3-4B_S2,2,1,1,3,1,0.0,0.22071844925390371,2915.6666666666665,2915.6666666666665,6224936644953771.0,35937746134869.336
196,question_4_aime_Qwen3-4B_S1,1,1,1,3,1,0.0,0.22950437974844876,1980.3333333333333,1980.3333333333333,2721752811288917.5,16356656920234.666
197,question_4_aime_Qwen3-1.7B_S64,64,1,1,3,1,0.0,0.2207126053770394,94.0,741.0,848233431693312.0,4038110279168.0
198,question_4_aime_Qwen3-1.7B_S32,32,1,1,3,1,0.0,0.19747959157947523,115.33333333333333,392.6666666666667,601796230169941.4,3173039523584.0
199,question_4_aime_Qwen3-1.7B_S16,16,1,1,3,1,0.0,0.19869213076307227,100.0,238.66666666666666,402499976024234.7,2232781010432.0
200,question_4_aime_Qwen3-1.7B_S8,8,1,1,3,1,0.0,0.18639675248964824,187.0,664.0,474755986520405.3,2777421356117.3335
201,question_4_aime_Qwen3-1.7B_S4,4,1,1,3,1,0.0,0.19564142421292044,230.33333333333334,511.3333333333333,388457986907648.0,2331135812693.3335
202,question_4_aime_Qwen3-1.7B_S2,2,1,1,3,1,0.0,0.12696797122495043,240.0,240.0,326155105096874.7,1971365919488.0
203,question_4_aime_Qwen3-1.7B_S1,1,1,1,3,1,0.0,0.1908364018118696,231.0,231.0,161522387103914.66,991945218133.3334
204,question_4_aime_Qwen3-0.6B_S64,64,1,1,3,1,0.0,0.4715427819872098,130.0,726.0,491941587714048.0,1726781068800.0
205,question_4_aime_Qwen3-0.6B_S32,32,1,1,3,1,0.0,0.24561750090060883,154.66666666666666,1737.0,367052774605312.0,1384245885610.6667
206,question_4_aime_Qwen3-0.6B_S16,16,1,1,3,1,0.0,0.23846710988816386,113.33333333333333,625.6666666666666,211982774598485.34,921836989610.6666
207,question_4_aime_Qwen3-0.6B_S8,8,1,1,3,1,0.0,0.23783652175545708,124.0,394.6666666666667,167620591485098.66,845276445354.6666
208,question_4_aime_Qwen3-0.6B_S4,4,1,1,3,1,0.0,0.1392093750081456,203.33333333333334,253.66666666666666,114495379937109.33,603871992832.0
209,question_4_aime_Qwen3-0.6B_S2,2,1,1,3,1,0.0,0.041513537374285696,375.3333333333333,448.3333333333333,145238812849322.66,839505807872.0
210,question_4_aime_Qwen3-0.6B_S1,1,1,1,3,1,0.0,0.04395139964967771,219.33333333333334,219.33333333333334,67514804343125.336,382585135616.0
211,question_5_aime_Qwen3-32B_S64,64,1,1,3,1,1.0,0.48801723505018146,555.0,1899.0,2.6824365771021824e+16,150039647839232.0
212,question_5_aime_Qwen3-32B_S32,32,1,1,3,1,1.0,0.44742368356648593,747.0,2415.0,2.0815341159754924e+16,122359447421269.33
213,question_5_aime_Qwen3-32B_S16,16,1,1,3,1,0.3333333333333333,0.3483988527012938,867.0,2133.0,1.957427968548608e+16,118973842903893.33
214,question_5_aime_Qwen3-32B_S8,8,1,1,3,1,0.6666666666666666,0.3049621600849705,729.3333333333334,729.3333333333334,1.508529069732881e+16,93427912843093.33
215,question_5_aime_Qwen3-32B_S4,4,1,1,3,1,0.6666666666666666,0.3787687218757052,816.0,816.0,1.404240442862063e+16,88324164106069.33
216,question_5_aime_Qwen3-32B_S2,2,1,1,3,1,0.6666666666666666,0.2626567249984801,812.3333333333334,812.3333333333334,1.144444830042624e+16,72345149247488.0
217,question_5_aime_Qwen3-32B_S1,1,1,1,3,1,1.0,0.4944150281572632,967.3333333333334,967.3333333333334,1.0111834006583126e+16,64031282221226.664
218,question_5_aime_Qwen3-14B_S64,64,1,1,3,1,1.0,0.4048694188478157,712.0,1512.0,1.3182280362806016e+16,70823823837440.0
219,question_5_aime_Qwen3-14B_S32,32,1,1,3,1,1.0,0.48652130891507633,659.6666666666666,1149.6666666666667,1.1220197249960534e+16,64478257920938.664
220,question_5_aime_Qwen3-14B_S16,16,1,1,3,1,0.6666666666666666,0.566403768269578,873.0,3090.6666666666665,1.0817874495885482e+16,64435762273877.336
221,question_5_aime_Qwen3-14B_S8,8,1,1,3,1,1.0,0.48652130891507633,659.6666666666666,659.6666666666666,6525019714111061.0,39867636651690.664
222,question_5_aime_Qwen3-14B_S4,4,1,1,3,1,0.6666666666666666,0.49357854855072847,858.0,1448.0,7099161046652416.0,43942766202368.0
223,question_5_aime_Qwen3-14B_S2,2,1,1,3,1,0.6666666666666666,0.4559984861053863,804.6666666666666,804.6666666666666,5225965567195819.0,32717325989632.0
224,question_5_aime_Qwen3-14B_S1,1,1,1,3,1,0.6666666666666666,0.49642927061481795,852.0,852.0,4068311837068714.5,25701027472981.332
225,question_5_aime_Qwen3-8B_S64,64,1,1,3,1,1.0,0.6378248880608836,676.3333333333334,969.3333333333334,9520215102893312.0,45501012790528.0
226,question_5_aime_Qwen3-8B_S32,32,1,1,3,1,1.0,0.6267698132230198,728.6666666666666,1334.6666666666667,7927570393718187.0,42454477796608.0
227,question_5_aime_Qwen3-8B_S16,16,1,1,3,1,1.0,0.6610403675545755,886.6666666666666,1108.6666666666667,7472670152986112.0,42585181874858.664
228,question_5_aime_Qwen3-8B_S8,8,1,1,3,1,1.0,0.6329307503645581,726.0,1282.0,5804610707090091.0,34345567838805.332
229,question_5_aime_Qwen3-8B_S4,4,1,1,3,1,1.0,0.6843131513455624,880.0,1141.0,4956351744746069.0,29924620432384.0
230,question_5_aime_Qwen3-8B_S2,2,1,1,3,1,0.6666666666666666,0.6042320000040812,824.6666666666666,824.6666666666666,3325162475397461.5,20564038005248.0
231,question_5_aime_Qwen3-8B_S1,1,1,1,3,1,0.3333333333333333,0.5365690256713037,1140.3333333333333,1140.3333333333333,3061565907523328.0,18979531649962.668
232,question_5_aime_Qwen3-4B_S64,64,1,1,3,1,0.0,0.39637478227455175,547.0,2041.0,2656081897492992.0,12080351742464.0
233,question_5_aime_Qwen3-4B_S32,32,1,1,3,1,0.0,0.4719931578927404,647.3333333333334,1401.3333333333333,2106565936885760.0,10913960671061.334
234,question_5_aime_Qwen3-4B_S16,16,1,1,3,1,0.3333333333333333,0.42722324882654067,694.0,1295.6666666666667,2025646877382144.0,11278181831168.0
235,question_5_aime_Qwen3-4B_S8,8,1,1,3,1,0.3333333333333333,0.34239255214324654,608.0,734.0,1588840738740224.0,9364860356949.334
236,question_5_aime_Qwen3-4B_S4,4,1,1,3,1,0.3333333333333333,0.5220969477010359,772.6666666666666,898.6666666666666,1833911639437824.0,10893388275200.0
237,question_5_aime_Qwen3-4B_S2,2,1,1,3,1,0.0,0.34844770964877564,824.0,824.0,1697860634264234.8,10357337195520.0
238,question_5_aime_Qwen3-4B_S1,1,1,1,3,1,0.0,0.29040272204543743,751.0,751.0,1005709155261952.0,6190376553984.0
239,question_5_aime_Qwen3-1.7B_S64,64,1,1,3,1,0.0,0.27396631415616934,188.0,2724.0,725702210093056.0,3128934694144.0
240,question_5_aime_Qwen3-1.7B_S32,32,1,1,3,1,0.0,0.2527208287657457,137.33333333333334,1423.0,553316542580480.0,2799242099882.6665
241,question_5_aime_Qwen3-1.7B_S16,16,1,1,3,1,0.0,0.24714425457591846,137.33333333333334,608.3333333333334,430876096375125.3,2374433355093.3335
242,question_5_aime_Qwen3-1.7B_S8,8,1,1,3,1,0.0,0.20480998596189273,72.33333333333333,342.6666666666667,314786926445824.0,1845118567338.6667
243,question_5_aime_Qwen3-1.7B_S4,4,1,1,3,1,0.0,0.18886747420530348,85.0,180.33333333333334,231073347740928.0,1391048519765.3333
244,question_5_aime_Qwen3-1.7B_S2,2,1,1,3,1,0.0,0.16048497926441038,155.66666666666666,319.6666666666667,200621700780032.0,1219977724672.0
245,question_5_aime_Qwen3-1.7B_S1,1,1,1,3,1,0.0,0.06435041362633634,241.0,241.0,166033554558890.66,1021430681002.6666
246,question_5_aime_Qwen3-0.6B_S64,64,1,1,3,1,0.0,0.18753307060813504,165.0,861.0,431592765531136.0,1323242046976.0
247,question_5_aime_Qwen3-0.6B_S32,32,1,1,3,1,0.0,0.18753307060813504,165.0,392.3333333333333,257899640627029.34,930940211370.6666
248,question_5_aime_Qwen3-0.6B_S16,16,1,1,3,1,0.0,0.0857781896280204,245.0,289.6666666666667,195127376323242.66,893986992981.3334
249,question_5_aime_Qwen3-0.6B_S8,8,1,1,3,1,0.0,0.2412416175993581,224.33333333333334,1001.3333333333334,213411199554560.0,964688308053.3334
250,question_5_aime_Qwen3-0.6B_S4,4,1,1,3,1,0.0,0.08260859409736526,155.0,281.0,107114881239381.33,570242485930.6666
251,question_5_aime_Qwen3-0.6B_S2,2,1,1,3,1,0.0,0.1429745079662262,279.6666666666667,506.6666666666667,129364779966293.33,680109305173.3334
252,question_5_aime_Qwen3-0.6B_S1,1,1,1,3,1,0.0,0.1143145452981234,253.0,253.0,77924678294698.67,424963366741.3333
253,question_6_aime_Qwen3-32B_S64,64,1,1,3,1,0.0,0.7779999244876749,1487.0,3526.0,2.9637315368105984e+16,176814584084480.0
254,question_6_aime_Qwen3-32B_S32,32,1,1,3,1,0.0,0.753411779719987,1340.0,2681.6666666666665,2.4684539334161068e+16,151435547274581.34
255,question_6_aime_Qwen3-32B_S16,16,1,1,3,1,0.0,0.7623759606226829,1201.0,1201.0,2.148292624599006e+16,133198398781269.33
256,question_6_aime_Qwen3-32B_S8,8,1,1,3,1,0.0,0.8320559746900335,1006.6666666666666,1592.0,1.8662647126352044e+16,116503428963157.33
257,question_6_aime_Qwen3-32B_S4,4,1,1,3,1,0.0,0.7813243441499482,1224.6666666666667,1580.3333333333333,2.113419327420928e+16,132741894897834.67
258,question_6_aime_Qwen3-32B_S2,2,1,1,3,1,0.0,0.8853395218711366,1009.6666666666666,1678.3333333333333,1.6383523635553622e+16,103306452958378.67
259,question_6_aime_Qwen3-32B_S1,1,1,1,3,1,0.0,0.7928311137898039,1204.3333333333333,1204.3333333333333,1.2524663465035264e+16,79425103851690.67
260,question_6_aime_Qwen3-14B_S64,64,1,1,3,1,0.0,0.2867728026815599,790.0,896.0,1.361616321939584e+16,82319511702016.0
261,question_6_aime_Qwen3-14B_S32,32,1,1,3,1,0.0,0.5003767493148887,804.3333333333334,2544.6666666666665,1.575694952636689e+16,97105949264298.67
262,question_6_aime_Qwen3-14B_S16,16,1,1,3,1,0.0,0.4711818080565893,866.3333333333334,2417.6666666666665,9509096138068822.0,58295921722112.0
263,question_6_aime_Qwen3-14B_S8,8,1,1,3,1,0.0,0.53956067412804,953.3333333333334,1464.6666666666667,8750826254381141.0,54848305103445.336
264,question_6_aime_Qwen3-14B_S4,4,1,1,3,1,0.0,0.42093937682977756,990.3333333333334,990.3333333333334,6684391837511083.0,41896484516778.664
265,question_6_aime_Qwen3-14B_S2,2,1,1,3,1,0.0,0.221290842390495,623.0,623.0,5873880220097365.0,37203863896746.664
266,question_6_aime_Qwen3-14B_S1,1,1,1,3,1,0.0,0.6223771392235001,1002.0,1002.0,4789888719471616.0,30299444733013.332
267,question_6_aime_Qwen3-8B_S64,64,1,1,3,1,0.0,0.9375251997701562,1244.0,24008.0,1.5399559974552064e+16,72130909250304.0
268,question_6_aime_Qwen3-8B_S32,32,1,1,3,1,0.0,0.9336264991824388,1185.3333333333333,12898.0,1.2446453244134742e+16,65726632491434.664
269,question_6_aime_Qwen3-8B_S16,16,1,1,3,1,0.0,0.9335595084844636,1158.6666666666667,6683.666666666667,9782625129437014.0,56060682012160.0
270,question_6_aime_Qwen3-8B_S8,8,1,1,3,1,0.0,0.9002757274868479,1023.3333333333334,4630.0,7820733313006421.0,46767751484416.0
271,question_6_aime_Qwen3-8B_S4,4,1,1,3,1,0.0,0.8276534336662715,1110.6666666666667,3473.3333333333335,6067928294578176.0,37151278419285.336
272,question_6_aime_Qwen3-8B_S2,2,1,1,3,1,0.0,0.9244632945215546,1195.0,1923.3333333333333,4863148767275776.0,30222759805952.0
273,question_6_aime_Qwen3-8B_S1,1,1,1,3,1,0.0,0.5573713445341828,1220.3333333333333,1220.3333333333333,3249699200406869.5,20296942925056.0
274,question_6_aime_Qwen3-4B_S64,64,1,1,3,1,0.0,0.2638400807579887,554.0,554.0,3154312850137088.0,14378345174528.0
275,question_6_aime_Qwen3-4B_S32,32,1,1,3,1,0.0,0.8595542591811226,939.3333333333334,1678.0,4489235052696746.5,22636030855509.332
276,question_6_aime_Qwen3-4B_S16,16,1,1,3,1,0.0,0.6708802028214064,911.3333333333334,4281.333333333333,3313851044132010.5,18055141094229.332
277,question_6_aime_Qwen3-4B_S8,8,1,1,3,1,0.0,0.47728767702489033,871.3333333333334,1141.6666666666667,2555090221213354.5,14879123529557.334
278,question_6_aime_Qwen3-4B_S4,4,1,1,3,1,0.0,0.5634881373049417,850.3333333333334,1202.6666666666667,2426148713655808.0,14562408421034.666
279,question_6_aime_Qwen3-4B_S2,2,1,1,3,1,0.0,0.8862032195075461,1065.0,2080.6666666666665,2120848892536149.2,12849401391274.666
280,question_6_aime_Qwen3-4B_S1,1,1,1,3,1,0.0,0.8844512762668423,1041.3333333333333,1041.3333333333333,1399264879588181.2,8601495071402.667
281,question_6_aime_Qwen3-1.7B_S64,64,1,1,3,1,0.0,0.48055965078778545,82.0,922.0,413025983892480.0,1820469555968.0
282,question_6_aime_Qwen3-1.7B_S32,32,1,1,3,1,0.0,0.3492247948905109,93.66666666666667,411.3333333333333,281316535007573.34,1392740379221.3333
283,question_6_aime_Qwen3-1.7B_S16,16,1,1,3,1,0.0,0.3416374863634834,89.66666666666667,146.0,305726107368789.3,1701315271936.0
284,question_6_aime_Qwen3-1.7B_S8,8,1,1,3,1,0.0,0.21139129525833175,156.66666666666666,218.0,388831386312021.3,2209714185728.0
285,question_6_aime_Qwen3-1.7B_S4,4,1,1,3,1,0.0,0.2949127335294342,322.0,1113.6666666666667,615265546834176.0,3621182684074.6665
286,question_6_aime_Qwen3-1.7B_S2,2,1,1,3,1,0.0,0.38793970238643416,293.0,293.0,414081547223381.3,2497791185493.3335
287,question_6_aime_Qwen3-1.7B_S1,1,1,1,3,1,0.0,0.19563677325856407,840.6666666666666,840.6666666666666,583942443753386.6,3549550654122.6665
288,question_6_aime_Qwen3-0.6B_S64,64,1,1,3,1,0.0,0.15422641937296358,83.0,283.0,422690946872320.0,1381967965696.0
289,question_6_aime_Qwen3-0.6B_S32,32,1,1,3,1,0.0,0.12453130435291286,161.0,568.0,336479758442666.7,1344514748245.3333
290,question_6_aime_Qwen3-0.6B_S16,16,1,1,3,1,0.0,0.17703811989479482,260.6666666666667,1052.6666666666667,277780781071360.0,1239584635392.0
291,question_6_aime_Qwen3-0.6B_S8,8,1,1,3,1,0.0,0.11917933737864848,229.66666666666666,352.0,277932956211541.34,1332553934677.3333
292,question_6_aime_Qwen3-0.6B_S4,4,1,1,3,1,0.0,0.2033190088153991,283.3333333333333,571.3333333333334,214743784402944.0,1101748815530.6667
293,question_6_aime_Qwen3-0.6B_S2,2,1,1,3,1,0.0,0.19362254167216117,475.3333333333333,596.6666666666666,229091491881813.34,1227426367146.6667
294,question_6_aime_Qwen3-0.6B_S1,1,1,1,3,1,0.0,0.23090053444350658,665.6666666666666,665.6666666666666,205167919945045.34,1108429413717.3333
295,question_7_aime_Qwen3-32B_S64,64,1,1,3,1,0.0,0.3697847052506853,798.0,5282.0,3.2058382489993216e+16,179553191630336.0
296,question_7_aime_Qwen3-32B_S32,32,1,1,3,1,0.0,0.3685923528682187,806.3333333333334,3246.6666666666665,2.655133491594803e+16,156719143146154.66
297,question_7_aime_Qwen3-32B_S16,16,1,1,3,1,0.0,0.17556090336548333,801.0,981.3333333333334,2.2154495841138348e+16,135254898158762.67
298,question_7_aime_Qwen3-32B_S8,8,1,1,3,1,0.0,0.27353814562585205,842.3333333333334,1617.6666666666667,1.6332241225091072e+16,101501670591658.67
299,question_7_aime_Qwen3-32B_S4,4,1,1,3,1,0.0,0.27197336979075354,876.0,1705.0,1.97670358473088e+16,123596231984469.33
300,question_7_aime_Qwen3-32B_S2,2,1,1,3,1,0.0,0.26076883272282886,1595.3333333333333,1595.3333333333333,2.3151292425476948e+16,146635778734762.66
301,question_7_aime_Qwen3-32B_S1,1,1,1,3,1,0.0,0.2772098516761536,1671.0,1671.0,1.7460163118601386e+16,110747679882581.33
302,question_7_aime_Qwen3-14B_S64,64,1,1,3,1,0.0,0.08809103410149537,100.0,1702.0,2799869384314112.0,15298462671872.0
303,question_7_aime_Qwen3-14B_S32,32,1,1,3,1,0.0,0.06321647375027695,102.66666666666667,694.3333333333334,2339417866786133.5,13670598267306.666
304,question_7_aime_Qwen3-14B_S16,16,1,1,3,1,0.0,0.05556241780250951,118.33333333333333,419.0,2270632239703466.5,13819030493525.334
305,question_7_aime_Qwen3-14B_S8,8,1,1,3,1,0.0,0.11018059188822366,144.66666666666666,423.6666666666667,2566051034812928.0,15835968411733.334
306,question_7_aime_Qwen3-14B_S4,4,1,1,3,1,0.0,0.053181639180703434,236.66666666666666,638.0,2712864591572224.0,17001347609856.0
307,question_7_aime_Qwen3-14B_S2,2,1,1,3,1,0.0,0.02569854988339741,171.33333333333334,171.33333333333334,1922990413577728.0,12148332155136.0
308,question_7_aime_Qwen3-14B_S1,1,1,1,3,1,0.0,0.059477127779758214,1620.3333333333333,1620.3333333333333,7743683996552021.0,48348191382357.336
309,question_7_aime_Qwen3-8B_S64,64,1,1,3,1,0.0,0.31923596053642617,686.0,1383.0,1.223622273043328e+16,53602359894272.0
310,question_7_aime_Qwen3-8B_S32,32,1,1,3,1,0.0,0.3611794493644825,788.6666666666666,1572.3333333333333,1.0865703824107776e+16,53748785770496.0
311,question_7_aime_Qwen3-8B_S16,16,1,1,3,1,0.0,0.375629434774678,909.6666666666666,1855.3333333333333,1.049925843142656e+16,56469012569088.0
312,question_7_aime_Qwen3-8B_S8,8,1,1,3,1,0.0,0.4337892843110464,1081.3333333333333,1582.6666666666667,1.0162535282121898e+16,57750065548544.0
313,question_7_aime_Qwen3-8B_S4,4,1,1,3,1,0.0,0.41095525652245074,1181.0,1508.6666666666667,8253234015915179.0,48742769538560.0
314,question_7_aime_Qwen3-8B_S2,2,1,1,3,1,0.0,0.39964538932975285,2013.3333333333333,2743.0,8577205480043776.0,51528370005248.0
315,question_7_aime_Qwen3-8B_S1,1,1,1,3,1,0.0,0.24335924845166967,2259.3333333333335,2259.3333333333335,6215410167407701.0,37687353328213.336
316,question_7_aime_Qwen3-4B_S64,64,1,1,3,1,0.0,0.36291988140327963,590.0,3796.0,5990895783674880.0,20637173394944.0
317,question_7_aime_Qwen3-4B_S32,32,1,1,3,1,0.0,0.37772342353344185,616.6666666666666,2169.3333333333335,4279913431554730.5,18276426521770.668
318,question_7_aime_Qwen3-4B_S16,16,1,1,3,1,0.0,0.355064610077444,610.6666666666666,1441.3333333333333,3187755587119445.5,15857009158144.0
319,question_7_aime_Qwen3-4B_S8,8,1,1,3,1,0.0,0.3449182644691544,668.3333333333334,859.0,2770869995806378.5,14969024620544.0
320,question_7_aime_Qwen3-4B_S4,4,1,1,3,1,0.0,0.3881866344353458,865.6666666666666,1318.0,2598235476535637.5,14627944840533.334
321,question_7_aime_Qwen3-4B_S2,2,1,1,3,1,0.0,0.4071268938540964,1559.6666666666667,2012.0,3149587187466581.5,18182357135701.332
322,question_7_aime_Qwen3-4B_S1,1,1,1,3,1,0.0,0.2668750900542512,1636.3333333333333,1636.3333333333333,2277005124647765.5,13552541904896.0
323,question_7_aime_Qwen3-1.7B_S64,64,1,1,3,1,0.0,0.1523551026678577,128.0,2191.0,693197214651648.0,2882735217152.0
324,question_7_aime_Qwen3-1.7B_S32,32,1,1,3,1,0.0,0.14789854229157096,188.33333333333334,1260.3333333333333,493886456568661.3,2398584986112.0
325,question_7_aime_Qwen3-1.7B_S16,16,1,1,3,1,0.0,0.11738144324893164,151.66666666666666,665.6666666666666,399271807438933.3,2173432735488.0
326,question_7_aime_Qwen3-1.7B_S8,8,1,1,3,1,0.0,0.04812875560087918,117.66666666666667,277.6666666666667,357325300431530.7,2037809700864.0
327,question_7_aime_Qwen3-1.7B_S4,4,1,1,3,1,0.0,0.0788069610828038,333.0,465.6666666666667,477431195950762.7,2803333147477.3335
328,question_7_aime_Qwen3-1.7B_S2,2,1,1,3,1,0.0,0.08973621520242601,344.6666666666667,545.3333333333334,435439751525632.0,2585100588373.3335
329,question_7_aime_Qwen3-1.7B_S1,1,1,1,3,1,0.0,0.13383583486512482,287.0,287.0,201249476911616.0,1228231978325.3333
330,question_7_aime_Qwen3-0.6B_S64,64,1,1,3,1,0.0,0.1685772383397334,238.0,3264.0,476627064243712.0,1228536428544.0
331,question_7_aime_Qwen3-0.6B_S32,32,1,1,3,1,0.0,0.15497465541145303,193.0,1616.6666666666667,283465978804565.3,897142092458.6666
332,question_7_aime_Qwen3-0.6B_S16,16,1,1,3,1,0.0,0.08159465095125971,205.0,789.0,182116478943232.0,720521355946.6666
333,question_7_aime_Qwen3-0.6B_S8,8,1,1,3,1,0.0,0.046945507588637476,75.0,644.6666666666666,129347045948757.33,582694985216.0
334,question_7_aime_Qwen3-0.6B_S4,4,1,1,3,1,0.0,0.056736838791020004,97.33333333333333,293.6666666666667,82261525068288.0,417883206314.6667
335,question_7_aime_Qwen3-0.6B_S2,2,1,1,3,1,0.0,0.04365574700087535,159.0,159.0,96862943899136.0,535163972608.0
336,question_7_aime_Qwen3-0.6B_S1,1,1,1,3,1,0.0,0.02877500435308436,202.0,202.0,61404684431360.0,356054836053.3333
337,question_8_aime_Qwen3-32B_S64,64,1,1,3,1,0.0,0.6024555871720136,1365.0,4649.0,3.484550560718336e+16,198386263831552.0
338,question_8_aime_Qwen3-32B_S32,32,1,1,3,1,0.0,0.3393566294108193,1604.3333333333333,2930.0,2.9667999104134144e+16,177374463712256.0
339,question_8_aime_Qwen3-32B_S16,16,1,1,3,1,0.0,0.43162594185976405,1370.0,3955.6666666666665,2.7832096343241556e+16,170481559389866.66
340,question_8_aime_Qwen3-32B_S8,8,1,1,3,1,0.0,0.2694668612892636,1002.0,1979.0,2.227560861854771e+16,137905201631232.0
341,question_8_aime_Qwen3-32B_S4,4,1,1,3,1,0.0,0.40496633628170414,1111.0,1638.6666666666667,1.8093992418660864e+16,113735495474005.33
342,question_8_aime_Qwen3-32B_S2,2,1,1,3,1,0.0,0.2961885338550489,1334.6666666666667,1334.6666666666667,1.9010105679162028e+16,120216931783509.33
343,question_8_aime_Qwen3-32B_S1,1,1,1,3,1,0.0,0.4410402168349639,1483.6666666666667,1483.6666666666667,1.5490089547206826e+16,98070794715136.0
344,question_8_aime_Qwen3-14B_S64,64,1,1,3,1,0.0,0.1906155639102863,174.0,174.0,1.5973167835491584e+16,96656657450240.0
345,question_8_aime_Qwen3-14B_S32,32,1,1,3,1,0.0,0.24645952532414908,698.6666666666666,1288.3333333333333,1.4371789910110038e+16,88023188757333.33
346,question_8_aime_Qwen3-14B_S16,16,1,1,3,1,0.0,0.3631930341466311,1192.3333333333333,2353.0,1.1455275146694058e+16,69412166940928.0
347,question_8_aime_Qwen3-14B_S8,8,1,1,3,1,0.0,0.3628999474379928,1331.0,2784.3333333333335,1.2178649429724842e+16,75007331605504.0
348,question_8_aime_Qwen3-14B_S4,4,1,1,3,1,0.0,0.5265713955421368,1596.0,2768.0,1.095766818943249e+16,68385746114901.336
349,question_8_aime_Qwen3-14B_S2,2,1,1,3,1,0.0,0.34863885213920315,1362.3333333333333,1746.6666666666667,8002827931950165.0,50547464896768.0
350,question_8_aime_Qwen3-14B_S1,1,1,1,3,1,0.0,0.23975049447688726,1562.0,1562.0,7469348193900800.0,47185242682453.336
351,question_8_aime_Qwen3-8B_S64,64,1,1,3,1,0.0,0.5745376791936239,1175.0,2089.0,1.665591516246912e+16,77721964508928.0
352,question_8_aime_Qwen3-8B_S32,32,1,1,3,1,0.0,0.4700806200452427,1319.6666666666667,5792.0,1.6208575509849514e+16,83678310009429.33
353,question_8_aime_Qwen3-8B_S16,16,1,1,3,1,0.0,0.3614079039052773,1289.6666666666667,3484.3333333333335,1.225846771278609e+16,68507211448149.336
354,question_8_aime_Qwen3-8B_S8,8,1,1,3,1,0.0,0.49042902832948315,1257.6666666666667,2730.3333333333335,1.0164550975552e+16,59723372236288.0
355,question_8_aime_Qwen3-8B_S4,4,1,1,3,1,0.0,0.3710717778532803,1415.6666666666667,2563.6666666666665,1.0152238712768256e+16,61007864990037.336
356,question_8_aime_Qwen3-8B_S2,2,1,1,3,1,0.0,0.3135495129109976,1489.3333333333333,1794.0,5952344744046592.0,36808102806784.0
357,question_8_aime_Qwen3-8B_S1,1,1,1,3,1,0.0,0.3946534701442301,1571.0,1571.0,4197855523049898.5,26108559493205.332
358,question_8_aime_Qwen3-4B_S64,64,1,1,3,1,0.0,0.6412833170107827,1412.0,5093.0,8564904811796992.0,33332202066944.0
359,question_8_aime_Qwen3-4B_S32,32,1,1,3,1,0.0,0.4376491399435484,1401.0,2937.0,6743715929559552.0,30893822562304.0
360,question_8_aime_Qwen3-4B_S16,16,1,1,3,1,0.0,0.5125516153224006,1560.3333333333333,6380.333333333333,6452335903169195.0,32858690049706.668
361,question_8_aime_Qwen3-4B_S8,8,1,1,3,1,0.0,0.46316083969107763,1334.0,5628.0,4514534530529109.0,24857437290325.332
362,question_8_aime_Qwen3-4B_S4,4,1,1,3,1,0.0,0.560374658909194,1358.3333333333333,3272.6666666666665,3648757012454229.5,21503117884757.332
363,question_8_aime_Qwen3-4B_S2,2,1,1,3,1,0.0,0.35806965260468,1290.3333333333333,1724.3333333333333,2778597393159338.5,16544300725418.666
364,question_8_aime_Qwen3-4B_S1,1,1,1,3,1,0.0,0.5279647238354567,1451.0,1451.0,1953350525464405.2,11953980437162.666
365,question_8_aime_Qwen3-1.7B_S64,64,1,1,3,1,0.0,0.35042535589471785,351.0,565.0,1027555525975552.0,4452366148608.0
366,question_8_aime_Qwen3-1.7B_S32,32,1,1,3,1,0.0,0.35042535589471785,351.0,422.3333333333333,762539244581632.0,3824275868074.6665
367,question_8_aime_Qwen3-1.7B_S16,16,1,1,3,1,0.0,0.23239388449286158,379.3333333333333,1038.0,813217264377429.4,4270918643712.0
368,question_8_aime_Qwen3-1.7B_S8,8,1,1,3,1,0.0,0.15236650159619725,301.3333333333333,697.0,681090486141184.0,3896757828693.3335
369,question_8_aime_Qwen3-1.7B_S4,4,1,1,3,1,0.0,0.15672896512094772,475.3333333333333,684.3333333333334,564243764869717.4,3360833151573.3335
370,question_8_aime_Qwen3-1.7B_S2,2,1,1,3,1,0.0,0.29840142180699164,675.6666666666666,1102.3333333333333,676879530923605.4,4028087201450.6665
371,question_8_aime_Qwen3-1.7B_S1,1,1,1,3,1,0.0,0.22348220974827449,841.0,841.0,582568858178048.0,3567565351765.3335
372,question_8_aime_Qwen3-0.6B_S64,64,1,1,3,1,0.0,0.44033900778468343,1433.0,2771.0,837729799900160.0,3657595733504.0
373,question_8_aime_Qwen3-0.6B_S32,32,1,1,3,1,0.0,0.44033900778468343,1433.0,1850.0,622909217582080.0,3117372885845.3335
374,question_8_aime_Qwen3-0.6B_S16,16,1,1,3,1,0.0,0.20825993118491126,582.3333333333334,658.0,533173185176576.0,2940825665877.3335
375,question_8_aime_Qwen3-0.6B_S8,8,1,1,3,1,0.0,0.25802452955229954,704.3333333333334,952.0,333176650947584.0,1761484547413.3333
376,question_8_aime_Qwen3-0.6B_S4,4,1,1,3,1,0.0,0.11892971124430209,532.6666666666666,924.0,249674628509525.34,1348059948032.0
377,question_8_aime_Qwen3-0.6B_S2,2,1,1,3,1,0.0,0.14756280539785407,429.0,606.6666666666666,175710623192234.66,958950248277.3334
378,question_8_aime_Qwen3-0.6B_S1,1,1,1,3,1,0.0,0.15296685836809493,694.6666666666666,694.6666666666666,205207685377365.34,1141159329962.6667
379,question_9_aime_Qwen3-32B_S64,64,1,1,3,1,0.0,0.0,0.0,0.0,1.6719111345389568e+16,98443508746752.0
380,question_9_aime_Qwen3-32B_S32,32,1,1,3,1,0.0,0.23411298580936435,306.3333333333333,1020.6666666666666,1.682341346170368e+16,100195108917248.0
381,question_9_aime_Qwen3-32B_S16,16,1,1,3,1,0.0,0.49253386517154735,1138.3333333333333,3227.6666666666665,2.4571625439269036e+16,150675708326741.34
382,question_9_aime_Qwen3-32B_S8,8,1,1,3,1,0.0,0.1318628963177161,340.0,1024.3333333333333,1.2085990047707818e+16,75036445601450.67
383,question_9_aime_Qwen3-32B_S4,4,1,1,3,1,0.0,0.4571430203502052,726.6666666666666,1749.0,1.5716789310759254e+16,98621461452288.0
384,question_9_aime_Qwen3-32B_S2,2,1,1,3,1,0.0,0.29431494207529774,848.6666666666666,1035.0,1.0967075966319104e+16,69223988779349.336
385,question_9_aime_Qwen3-32B_S1,1,1,1,3,1,0.0,0.43823940551762974,1221.0,1221.0,1.2762312062210218e+16,80793052005717.33
386,question_9_aime_Qwen3-14B_S64,64,1,1,3,1,0.0,0.11545204255426848,523.0,3356.0,8897685701167872.0,48102820704256.0
387,question_9_aime_Qwen3-14B_S32,32,1,1,3,1,0.0,0.11386206697717044,524.3333333333334,3507.0,8099820979887616.0,46630030611626.664
388,question_9_aime_Qwen3-14B_S16,16,1,1,3,1,0.0,0.07400934636644442,422.0,1112.6666666666667,5858515533438549.0,35248374740394.664
389,question_9_aime_Qwen3-14B_S8,8,1,1,3,1,0.0,0.10677095232341288,545.6666666666666,1344.3333333333333,6077645111537664.0,37515964164181.336
390,question_9_aime_Qwen3-14B_S4,4,1,1,3,1,0.0,0.11362636912525799,619.0,619.0,5434485657189717.0,33822040637269.332
391,question_9_aime_Qwen3-14B_S2,2,1,1,3,1,0.0,0.20413071372385175,763.3333333333334,950.3333333333334,5192465870080085.0,32618601004629.332
392,question_9_aime_Qwen3-14B_S1,1,1,1,3,1,0.0,0.17017845582876157,818.3333333333334,818.3333333333334,3884926813842517.5,24450480312149.332
393,question_9_aime_Qwen3-8B_S64,64,1,1,3,1,0.0,0.15696131605705504,504.0,1122.0,1.125289812960768e+16,51259349302784.0
394,question_9_aime_Qwen3-8B_S32,32,1,1,3,1,0.0,0.3245855697804944,650.3333333333334,1444.0,1.1572951801516714e+16,59402537207808.0
395,question_9_aime_Qwen3-8B_S16,16,1,1,3,1,0.0,0.3312780054423287,1418.6666666666667,3165.6666666666665,1.3550609732952662e+16,73361633214122.67
396,question_9_aime_Qwen3-8B_S8,8,1,1,3,1,0.0,0.4534663184677083,871.6666666666666,2117.0,8626759015473152.0,50077138098858.664
397,question_9_aime_Qwen3-8B_S4,4,1,1,3,1,0.0,0.4592539981622011,1093.0,1482.6666666666667,7249173443571456.0,43493961889109.336
398,question_9_aime_Qwen3-8B_S2,2,1,1,3,1,0.0,0.25718647728990646,1397.6666666666667,1397.6666666666667,6981783370310656.0,42145819093333.336
399,question_9_aime_Qwen3-8B_S1,1,1,1,3,1,0.0,0.39713239750185814,1673.3333333333333,1673.3333333333333,4538332655990528.0,27891920739157.332
400,question_9_aime_Qwen3-4B_S64,64,1,1,3,1,0.0,0.4644664079103256,601.0,601.0,8281868372147200.0,29800566318080.0
401,question_9_aime_Qwen3-4B_S32,32,1,1,3,1,0.0,0.4982950862217,727.3333333333334,1789.3333333333333,6813498788262912.0,29006569833301.332
402,question_9_aime_Qwen3-4B_S16,16,1,1,3,1,0.0,0.4866255309017901,787.3333333333334,787.3333333333334,5007996559726421.0,24681454051498.668
403,question_9_aime_Qwen3-4B_S8,8,1,1,3,1,0.0,0.5454759579526393,1081.6666666666667,1968.6666666666667,5827579998247765.0,31210036209322.668
404,question_9_aime_Qwen3-4B_S4,4,1,1,3,1,0.0,0.3216615729796936,1637.6666666666667,1637.6666666666667,4730598042390016.0,26574071219882.668
405,question_9_aime_Qwen3-4B_S2,2,1,1,3,1,0.0,0.16262913252553288,1908.3333333333333,1908.3333333333333,4285165915143338.5,24928826596010.668
406,question_9_aime_Qwen3-4B_S1,1,1,1,3,1,0.0,0.3909198219536058,1552.3333333333333,1552.3333333333333,2154481037571072.0,12858590788266.666
407,question_9_aime_Qwen3-1.7B_S64,64,1,1,3,1,0.0,0.03200916994871656,493.0,1571.0,1408272204570112.0,6364970135552.0
408,question_9_aime_Qwen3-1.7B_S32,32,1,1,3,1,0.0,0.046782308378192194,373.3333333333333,1252.0,1286143304751872.0,6628425432832.0
409,question_9_aime_Qwen3-1.7B_S16,16,1,1,3,1,0.0,0.24522843253740692,460.0,2398.0,1030979997825194.6,5407385550933.333
410,question_9_aime_Qwen3-1.7B_S8,8,1,1,3,1,0.0,0.0642727090702424,398.3333333333333,1944.0,893172563575040.0,5042453399722.667
411,question_9_aime_Qwen3-1.7B_S4,4,1,1,3,1,0.0,0.03782190767575152,279.6666666666667,279.6666666666667,470087198010453.3,2759414453077.3335
412,question_9_aime_Qwen3-1.7B_S2,2,1,1,3,1,0.0,0.09916431880699889,629.3333333333334,947.0,530169736412586.7,3156564322389.3335
413,question_9_aime_Qwen3-1.7B_S1,1,1,1,3,1,0.0,0.10713055433540908,646.0,646.0,438684955577344.0,2701822082474.6665
414,question_9_aime_Qwen3-0.6B_S64,64,1,1,3,1,0.0,0.08626193057352756,299.0,3327.0,964982762259456.0,2697757260800.0
415,question_9_aime_Qwen3-0.6B_S32,32,1,1,3,1,0.0,0.07549906012974578,373.6666666666667,2460.3333333333335,629853164912128.0,2114459378346.6667
416,question_9_aime_Qwen3-0.6B_S16,16,1,1,3,1,0.0,0.08423585508404537,319.3333333333333,1712.3333333333333,447082557523285.3,1817388590080.0
417,question_9_aime_Qwen3-0.6B_S8,8,1,1,3,1,0.0,0.06618866663598268,360.3333333333333,983.6666666666666,305272968270165.3,1356323197952.0
418,question_9_aime_Qwen3-0.6B_S4,4,1,1,3,1,0.0,0.026495282908109943,336.0,707.6666666666666,231925153828522.66,1175544723968.0
419,question_9_aime_Qwen3-0.6B_S2,2,1,1,3,1,0.0,0.18529906528058426,535.6666666666666,829.0,257390719794858.66,1333622082730.6667
420,question_9_aime_Qwen3-0.6B_S1,1,1,1,3,1,0.0,0.15782124649907517,471.6666666666667,471.6666666666667,137694412595541.33,772808273237.3334
421,question_10_aime_Qwen3-32B_S64,64,1,1,3,1,0.0,0.16818430854182786,698.0,1058.0,1.7685372449826816e+16,96171667078144.0
422,question_10_aime_Qwen3-32B_S32,32,1,1,3,1,0.0,0.23867683861411973,477.3333333333333,1841.0,1.9798846797467136e+16,114676530946730.67
423,question_10_aime_Qwen3-32B_S16,16,1,1,3,1,0.0,0.4579408166274963,689.3333333333334,2173.3333333333335,1.7148683364225194e+16,103804883941717.33
424,question_10_aime_Qwen3-32B_S8,8,1,1,3,1,0.0,0.5001107917491995,786.0,1316.6666666666667,1.8644502123851092e+16,115635037238442.67
425,question_10_aime_Qwen3-32B_S4,4,1,1,3,1,0.0,0.30289741666788034,813.6666666666666,1003.3333333333334,1.635068038475025e+16,102346318432426.67
426,question_10_aime_Qwen3-32B_S2,2,1,1,3,1,0.0,0.3640681897210924,918.3333333333334,1607.3333333333333,1.3537405218868224e+16,85472709227008.0
427,question_10_aime_Qwen3-32B_S1,1,1,1,3,1,0.0,0.2872702043296717,1004.3333333333334,1004.3333333333334,1.0558996389506902e+16,66763886091946.664
428,question_10_aime_Qwen3-14B_S64,64,1,1,3,1,0.0,0.05561360445493172,958.0,1624.0,8280443922338560.0,47793337024000.0
429,question_10_aime_Qwen3-14B_S32,32,1,1,3,1,0.0,0.0431023056046585,763.3333333333334,763.3333333333334,6680944864998656.0,40362123978837.336
430,question_10_aime_Qwen3-14B_S16,16,1,1,3,1,0.0,0.018537868151643908,319.3333333333333,319.3333333333333,5904725451331840.0,36603061466453.336
431,question_10_aime_Qwen3-14B_S8,8,1,1,3,1,0.0,0.07918460190002508,406.0,1402.0,5968349346434645.0,36868095396608.0
432,question_10_aime_Qwen3-14B_S4,4,1,1,3,1,0.0,0.14513203865180943,386.0,629.6666666666666,4788633010362880.0,29914419584938.668
433,question_10_aime_Qwen3-14B_S2,2,1,1,3,1,0.0,0.320187268090743,790.6666666666666,1893.3333333333333,9372578787703040.0,58316296249941.336
434,question_10_aime_Qwen3-14B_S1,1,1,1,3,1,0.0,0.16805885477199187,1299.3333333333333,1299.3333333333333,6209871048064171.0,39044889091840.0
435,question_10_aime_Qwen3-8B_S64,64,1,1,3,1,0.0,0.6105509388043505,1381.0,6206.0,2.2857791050484736e+16,95134843656192.0
436,question_10_aime_Qwen3-8B_S32,32,1,1,3,1,0.0,0.5915393538532786,1506.6666666666667,5534.0,1.9662878817691904e+16,93257212628053.33
437,question_10_aime_Qwen3-8B_S16,16,1,1,3,1,0.0,0.44376621496214924,1375.6666666666667,3056.3333333333335,1.4644259418777344e+16,77331080277760.0
438,question_10_aime_Qwen3-8B_S8,8,1,1,3,1,0.0,0.588730152368754,1579.6666666666667,3173.3333333333335,1.2427549613100374e+16,68469790349568.0
439,question_10_aime_Qwen3-8B_S4,4,1,1,3,1,0.0,0.4529698009462119,1711.3333333333333,1711.3333333333333,1.0740765623744e+16,62682995776256.0
440,question_10_aime_Qwen3-8B_S2,2,1,1,3,1,0.0,0.3477450391709122,1412.6666666666667,1412.6666666666667,6626217696626859.0,40145520946090.664
441,question_10_aime_Qwen3-8B_S1,1,1,1,3,1,0.0,0.2377751519427047,2326.3333333333335,2326.3333333333335,6389450249508864.0,38789112112042.664
442,question_10_aime_Qwen3-4B_S64,64,1,1,3,1,0.0,0.43074081784688384,697.0,2039.0,6203731948307456.0,26550236022272.0
443,question_10_aime_Qwen3-4B_S32,32,1,1,3,1,0.0,0.43074081784688384,697.0,1460.0,4376191895309141.5,21464223714474.668
444,question_10_aime_Qwen3-4B_S16,16,1,1,3,1,0.0,0.36796417096736045,759.3333333333334,2373.3333333333335,3856738068051968.0,19998837457237.332
445,question_10_aime_Qwen3-4B_S8,8,1,1,3,1,0.0,0.3155618730387327,813.0,2391.0,3253603319265450.5,17986667979264.0
446,question_10_aime_Qwen3-4B_S4,4,1,1,3,1,0.0,0.22898781436495616,903.0,1508.3333333333333,2534546838981802.5,14463572104874.666
447,question_10_aime_Qwen3-4B_S2,2,1,1,3,1,0.0,0.20509427604565675,936.0,936.0,2080261129673216.0,12318477348181.334
448,question_10_aime_Qwen3-4B_S1,1,1,1,3,1,0.0,0.46753608862073087,1323.0,1323.0,1825029623220565.2,10954282981034.666
449,question_10_aime_Qwen3-1.7B_S64,64,1,1,3,1,0.0,0.030938537993767213,76.0,821.0,597098587108352.0,2327528863744.0
450,question_10_aime_Qwen3-1.7B_S32,32,1,1,3,1,0.0,0.028573823339777843,127.66666666666667,796.0,480952971699797.3,2261757523797.3335
451,question_10_aime_Qwen3-1.7B_S16,16,1,1,3,1,0.0,0.04242721897123242,211.0,729.6666666666666,467538381277781.3,2429378308522.6665
452,question_10_aime_Qwen3-1.7B_S8,8,1,1,3,1,0.0,0.07486935930984669,269.3333333333333,1009.6666666666666,434481375611136.0,2410395233792.0
453,question_10_aime_Qwen3-1.7B_S4,4,1,1,3,1,0.0,0.02874123998777547,253.0,587.0,377601753630976.0,2211253213866.6665
454,question_10_aime_Qwen3-1.7B_S2,2,1,1,3,1,0.0,0.018796937179375195,296.0,397.0,313459227417429.3,1890348996778.6667
455,question_10_aime_Qwen3-1.7B_S1,1,1,1,3,1,0.0,0.030340293045829515,236.66666666666666,236.66666666666666,167682613567914.66,1024799874560.0
456,question_10_aime_Qwen3-0.6B_S64,64,1,1,3,1,0.0,0.028696463493058263,76.0,1960.0,566326630509568.0,1629775106048.0
457,question_10_aime_Qwen3-0.6B_S32,32,1,1,3,1,0.0,0.028696463493058263,76.0,679.3333333333334,317982281660416.0,1028954906624.0
458,question_10_aime_Qwen3-0.6B_S16,16,1,1,3,1,0.0,0.02558449395951255,140.0,688.6666666666666,219515895420074.66,910071240704.0
459,question_10_aime_Qwen3-0.6B_S8,8,1,1,3,1,0.0,0.02068190418290485,249.33333333333334,1035.6666666666667,200599568472234.66,919432557397.3334
460,question_10_aime_Qwen3-0.6B_S4,4,1,1,3,1,0.0,0.049706963302606266,265.0,719.3333333333334,173150233284949.34,852057861632.0
461,question_10_aime_Qwen3-0.6B_S2,2,1,1,3,1,0.0,0.02826605514151689,235.0,402.0,103560003560789.33,531120113834.6667
462,question_10_aime_Qwen3-0.6B_S1,1,1,1,3,1,0.0,0.038706407859355536,464.3333333333333,464.3333333333333,143290325754368.0,767575316821.3334
463,question_11_aime_Qwen3-32B_S64,64,1,1,3,1,0.0,0.10751779810686389,626.0,1585.0,2.4782927032958464e+16,136828623388160.0
464,question_11_aime_Qwen3-32B_S32,32,1,1,3,1,0.0,0.460153215717632,990.0,4072.3333333333335,2.49171622766563e+16,145647058243754.66
465,question_11_aime_Qwen3-32B_S16,16,1,1,3,1,0.0,0.39177311350554644,825.0,3482.6666666666665,2.2765281630851756e+16,138635314221738.67
466,question_11_aime_Qwen3-32B_S8,8,1,1,3,1,0.0,0.2236046609135448,860.6666666666666,1216.6666666666667,1.7419649046410752e+16,108283705604778.67
467,question_11_aime_Qwen3-32B_S4,4,1,1,3,1,0.0,0.4705431343646757,1011.3333333333334,1426.0,2.230669926589747e+16,140158927433386.67
468,question_11_aime_Qwen3-32B_S2,2,1,1,3,1,0.0,0.35018667019098904,738.0,738.0,1.2630799401117354e+16,79955455274325.33
469,question_11_aime_Qwen3-32B_S1,1,1,1,3,1,0.0,0.37578550632074065,1464.0,1464.0,1.5278794727640064e+16,96917599327744.0
470,question_11_aime_Qwen3-14B_S64,64,1,1,3,1,0.0,0.07979351430939721,1131.0,1131.0,9942509007875840.0,57931190046976.0
471,question_11_aime_Qwen3-14B_S32,32,1,1,3,1,0.0,0.0,0.0,0.0,8789587665906091.0,53551263474432.0
472,question_11_aime_Qwen3-14B_S16,16,1,1,3,1,0.0,0.0,0.0,0.0,7094904553111979.0,43902745489920.0
473,question_11_aime_Qwen3-14B_S8,8,1,1,3,1,0.0,0.0,0.0,0.0,5451479650561536.0,34161300825941.332
474,question_11_aime_Qwen3-14B_S4,4,1,1,3,1,0.0,0.30285624577482356,699.3333333333334,974.3333333333334,8277116395604480.0,51826010689536.0
475,question_11_aime_Qwen3-14B_S2,2,1,1,3,1,0.0,0.46889617749054247,969.3333333333334,969.3333333333334,6662826864838997.0,41909907788544.0
476,question_11_aime_Qwen3-14B_S1,1,1,1,3,1,0.0,0.24071287958027554,1351.3333333333333,1351.3333333333333,6677909734947243.0,42314691174400.0
477,question_11_aime_Qwen3-8B_S64,64,1,1,3,1,0.0,0.5770045066165214,2087.0,11401.0,3.5075976911833344e+16,158057482648576.0
478,question_11_aime_Qwen3-8B_S32,32,1,1,3,1,0.0,0.5718293443397273,2115.0,9570.333333333334,2.628139784855347e+16,134580969798741.33
479,question_11_aime_Qwen3-8B_S16,16,1,1,3,1,0.0,0.49858872116852365,1998.6666666666667,7973.0,2.0181318213675092e+16,111457006640298.67
480,question_11_aime_Qwen3-8B_S8,8,1,1,3,1,0.0,0.5126827487100608,1981.0,4193.0,1.7250661638068054e+16,99675788101120.0
481,question_11_aime_Qwen3-8B_S4,4,1,1,3,1,0.0,0.40574120504495426,1954.6666666666667,2594.0,1.0995976306838784e+16,66129142203392.0
482,question_11_aime_Qwen3-8B_S2,2,1,1,3,1,0.0,0.4171970169076708,2469.3333333333335,3308.3333333333335,9921318028371968.0,60615438597546.664
483,question_11_aime_Qwen3-8B_S1,1,1,1,3,1,0.0,0.5217867880959992,2047.6666666666667,2047.6666666666667,5520653805614592.0,34060310021888.0
484,question_11_aime_Qwen3-4B_S64,64,1,1,3,1,0.0,0.7557527592930584,1402.0,11631.0,9720443486091776.0,41926229683200.0
485,question_11_aime_Qwen3-4B_S32,32,1,1,3,1,0.0,0.6345346721372912,1305.0,6814.333333333333,7309548375163051.0,36061325761706.664
486,question_11_aime_Qwen3-4B_S16,16,1,1,3,1,0.0,0.749620448682868,1240.3333333333333,6287.666666666667,5816230747674795.0,30825302878037.332
487,question_11_aime_Qwen3-4B_S8,8,1,1,3,1,0.0,0.7389963330015044,1324.3333333333333,4969.333333333333,4981650943899136.0,28072987434666.668
488,question_11_aime_Qwen3-4B_S4,4,1,1,3,1,0.0,0.734152556572044,1225.3333333333333,2630.6666666666665,3510425691296938.5,20764360111786.668
489,question_11_aime_Qwen3-4B_S2,2,1,1,3,1,0.0,0.5304772156861541,1243.0,1643.0,2625653435431424.0,15657452506112.0
490,question_11_aime_Qwen3-4B_S1,1,1,1,3,1,0.0,0.4708681622743107,1757.0,1757.0,2398692019082410.5,14500495438848.0
491,question_11_aime_Qwen3-1.7B_S64,64,1,1,3,1,0.0,0.13856292924480634,89.0,1631.0,744576713866496.0,3534905857280.0
492,question_11_aime_Qwen3-1.7B_S32,32,1,1,3,1,0.0,0.1337922721389079,88.0,1058.0,513764212853845.3,2700529087573.3335
493,question_11_aime_Qwen3-1.7B_S16,16,1,1,3,1,0.0,0.10846815617490757,153.0,231.66666666666666,412757395331157.3,2318152470442.6665
494,question_11_aime_Qwen3-1.7B_S8,8,1,1,3,1,0.0,0.12270212407047125,251.66666666666666,582.3333333333334,435435994194432.0,2538854446762.6665
495,question_11_aime_Qwen3-1.7B_S4,4,1,1,3,1,0.0,0.09629902804220293,324.6666666666667,610.6666666666666,526818207943253.3,3130042522880.0
496,question_11_aime_Qwen3-1.7B_S2,2,1,1,3,1,0.0,0.11806390163579865,402.6666666666667,402.6666666666667,411236257283413.3,2469237317717.3335
497,question_11_aime_Qwen3-1.7B_S1,1,1,1,3,1,0.0,0.20802308294358715,505.3333333333333,505.3333333333333,349136516011434.7,2134803847680.0
498,question_11_aime_Qwen3-0.6B_S64,64,1,1,3,1,0.0,0.1272428361896822,84.0,1100.0,362389981498880.0,1024240942592.0
499,question_11_aime_Qwen3-0.6B_S32,32,1,1,3,1,0.0,0.05792452245181385,167.33333333333334,507.3333333333333,223842568378197.34,785691429717.3334
500,question_11_aime_Qwen3-0.6B_S16,16,1,1,3,1,0.0,0.032484008709497934,62.0,75.0,141140897363456.0,591465689941.3334
501,question_11_aime_Qwen3-0.6B_S8,8,1,1,3,1,0.0,0.09615325997149565,252.66666666666666,713.0,163053159689898.66,779669176661.3334
502,question_11_aime_Qwen3-0.6B_S4,4,1,1,3,1,0.0,0.06088428673980295,93.0,202.33333333333334,92660588132352.0,510072381269.3333
503,question_11_aime_Qwen3-0.6B_S2,2,1,1,3,1,0.0,0.025289540766091394,181.33333333333334,402.0,101416777190058.67,563380530858.6666
504,question_11_aime_Qwen3-0.6B_S1,1,1,1,3,1,0.0,0.052151888223343205,277.0,277.0,84564181883562.67,464039829504.0
505,question_12_aime_Qwen3-32B_S64,64,1,1,3,1,0.0,0.5490365411011812,934.0,5023.0,4.833483689217382e+16,285833669929472.0
506,question_12_aime_Qwen3-32B_S32,32,1,1,3,1,0.0,0.2926387095111865,1038.0,2647.3333333333335,4.3344235816688984e+16,264816444719786.66
507,question_12_aime_Qwen3-32B_S16,16,1,1,3,1,0.0,0.19639858884775818,855.6666666666666,1260.0,3.356532119929856e+16,208155987666090.66
508,question_12_aime_Qwen3-32B_S8,8,1,1,3,1,0.0,0.5026545059069764,1263.3333333333333,2411.6666666666665,2.84039048547357e+16,177427598089045.34
509,question_12_aime_Qwen3-32B_S4,4,1,1,3,1,0.0,0.22503065524833846,1169.3333333333333,1497.0,1.916224332065485e+16,120641346774186.67
510,question_12_aime_Qwen3-32B_S2,2,1,1,3,1,0.0,0.3891884879437993,1263.3333333333333,1263.3333333333333,1.973882792610338e+16,124867247066453.33
511,question_12_aime_Qwen3-32B_S1,1,1,1,3,1,0.0,0.34877205486759916,1524.6666666666667,1524.6666666666667,1.5937297412912128e+16,101144337777322.67
512,question_12_aime_Qwen3-14B_S64,64,1,1,3,1,0.0,0.27494791142555014,155.0,1588.0,9821216264833536.0,57573385709824.0
513,question_12_aime_Qwen3-14B_S32,32,1,1,3,1,0.0,0.23914421207729408,157.0,1262.0,7508495842010880.0,45038290053376.0
514,question_12_aime_Qwen3-14B_S16,16,1,1,3,1,0.0,0.25556524800109276,330.6666666666667,1048.6666666666667,7852701592009984.0,48500769171114.664
515,question_12_aime_Qwen3-14B_S8,8,1,1,3,1,0.0,0.21375191786875938,470.6666666666667,1182.3333333333333,5650715932222635.0,35285804156928.0
516,question_12_aime_Qwen3-14B_S4,4,1,1,3,1,0.0,0.13704660223925563,200.33333333333334,283.6666666666667,3169337179728725.5,19916398482176.0
517,question_12_aime_Qwen3-14B_S2,2,1,1,3,1,0.0,0.17384496443289887,330.3333333333333,542.6666666666666,2151200125157632.0,13547558078122.666
518,question_12_aime_Qwen3-14B_S1,1,1,1,3,1,0.0,0.1205124082037367,546.3333333333334,546.3333333333334,2579714103981397.5,16347194001066.666
519,question_12_aime_Qwen3-8B_S64,64,1,1,3,1,0.0,0.3253772526106638,2414.0,5353.0,4.974545814951526e+16,291156351625216.0
520,question_12_aime_Qwen3-8B_S32,32,1,1,3,1,0.0,0.4231163414943742,2045.6666666666667,5846.333333333333,3.4925428449479252e+16,206639457453056.0
521,question_12_aime_Qwen3-8B_S16,16,1,1,3,1,0.0,0.3131305874750177,2667.3333333333335,4626.666666666667,2.3726173083696384e+16,144743157836373.34
522,question_12_aime_Qwen3-8B_S8,8,1,1,3,1,0.0,0.27482416202471655,3020.6666666666665,3431.0,1.7049735112264192e+16,104592027188906.67
523,question_12_aime_Qwen3-8B_S4,4,1,1,3,1,0.0,0.48240106888733436,2163.0,3937.3333333333335,1.4966306918701056e+16,91525448421034.67
524,question_12_aime_Qwen3-8B_S2,2,1,1,3,1,0.0,0.2979349068373645,2498.3333333333335,2498.3333333333335,1.0665326233102166e+16,65910956084480.0
525,question_12_aime_Qwen3-8B_S1,1,1,1,3,1,0.0,0.03562650395163791,3872.6666666666665,3872.6666666666665,1.0435670772275968e+16,64378509684821.336
526,question_12_aime_Qwen3-4B_S64,64,1,1,3,1,0.0,0.04611770429787342,3772.0,3772.0,1.0061006051638272e+16,58048351070208.0
527,question_12_aime_Qwen3-4B_S32,32,1,1,3,1,0.0,0.21760193376910897,3064.0,4552.0,1.0134012750541654e+16,59813919545514.664
528,question_12_aime_Qwen3-4B_S16,16,1,1,3,1,0.0,0.7788693426293003,1420.6666666666667,8686.666666666666,1.1814266704638122e+16,69849298794666.664
529,question_12_aime_Qwen3-4B_S8,8,1,1,3,1,0.0,0.7343930595659787,1593.6666666666667,3328.3333333333335,9228169501701802.0,55876912991573.336
530,question_12_aime_Qwen3-4B_S4,4,1,1,3,1,0.0,0.7073727460064799,1403.0,4256.0,6460397083979947.0,39238876656128.0
531,question_12_aime_Qwen3-4B_S2,2,1,1,3,1,0.0,0.333415256584775,1990.3333333333333,1990.3333333333333,4399489777264128.0,26918914808320.0
532,question_12_aime_Qwen3-4B_S1,1,1,1,3,1,0.0,0.2388439040449213,2531.0,2531.0,3540342576464213.5,20932066551637.332
533,question_12_aime_Qwen3-1.7B_S64,64,1,1,3,1,0.0,0.2117259162918151,177.0,3868.0,2208685874617600.0,11537515101952.0
534,question_12_aime_Qwen3-1.7B_S32,32,1,1,3,1,0.0,0.2047581298851343,191.66666666666666,3073.0,1658432993153365.2,9173105062912.0
535,question_12_aime_Qwen3-1.7B_S16,16,1,1,3,1,0.0,0.16059524688571555,305.3333333333333,1546.6666666666667,1170290222420480.0,6777495299754.667
536,question_12_aime_Qwen3-1.7B_S8,8,1,1,3,1,0.0,0.19134746506086672,206.66666666666666,778.6666666666666,884093530040149.4,5232467007488.0
537,question_12_aime_Qwen3-1.7B_S4,4,1,1,3,1,0.0,0.1900674435937499,430.0,651.3333333333334,1069845518815061.4,6536624033706.667
538,question_12_aime_Qwen3-1.7B_S2,2,1,1,3,1,0.0,0.21155073943632996,534.0,1313.6666666666667,1083245506325845.4,6683752352256.0
539,question_12_aime_Qwen3-1.7B_S1,1,1,1,3,1,0.0,0.09135255310328183,359.0,359.0,244224500093354.66,1509693225898.6667
540,question_12_aime_Qwen3-0.6B_S64,64,1,1,3,1,0.0,0.12104702516352665,508.0,1913.0,795010548406784.0,2954713296896.0
541,question_12_aime_Qwen3-0.6B_S32,32,1,1,3,1,0.0,0.3871836956367181,402.6666666666667,2257.3333333333335,608712315889493.4,2539979467264.0
542,question_12_aime_Qwen3-0.6B_S16,16,1,1,3,1,0.0,0.11664338582601441,268.6666666666667,1019.3333333333334,400190930078208.0,1930179719509.3333
543,question_12_aime_Qwen3-0.6B_S8,8,1,1,3,1,0.0,0.10051957805831828,473.3333333333333,973.3333333333334,322344004795050.7,1635582659072.0
544,question_12_aime_Qwen3-0.6B_S4,4,1,1,3,1,0.0,0.18809516490387115,419.6666666666667,1002.6666666666666,252046455503701.34,1410228721664.0
545,question_12_aime_Qwen3-0.6B_S2,2,1,1,3,1,0.0,0.03578097776274234,470.3333333333333,706.0,232890724721664.0,1274508466176.0
546,question_12_aime_Qwen3-0.6B_S1,1,1,1,3,1,0.0,0.11469886777004555,630.3333333333334,630.3333333333334,175560303274325.34,1019368208725.3334
547,question_13_aime_Qwen3-32B_S64,64,1,1,3,1,0.0,0.0,0.0,0.0,2.618448817555712e+16,160134272322048.0
548,question_13_aime_Qwen3-32B_S32,32,1,1,3,1,0.0,0.3782309475245575,741.6666666666666,2141.6666666666665,3.5875146718692012e+16,214360977456128.0
549,question_13_aime_Qwen3-32B_S16,16,1,1,3,1,0.0,0.3851145253788184,1346.3333333333333,3480.0,3.633205202971699e+16,220853320800938.66
550,question_13_aime_Qwen3-32B_S8,8,1,1,3,1,0.0,0.32858214558949045,834.0,1373.6666666666667,2.900611075314125e+16,180641651673088.0
551,question_13_aime_Qwen3-32B_S4,4,1,1,3,1,0.0,0.47348998091216243,1948.3333333333333,3237.6666666666665,3.00435382861213e+16,188425781630634.66
552,question_13_aime_Qwen3-32B_S2,2,1,1,3,1,0.0,0.10253960182324284,1524.6666666666667,1524.6666666666667,2.1045386487417856e+16,133036861538474.67
553,question_13_aime_Qwen3-32B_S1,1,1,1,3,1,0.3333333333333333,0.5545657757385815,2506.6666666666665,2506.6666666666665,2.617883983990579e+16,165321103810901.34
554,question_13_aime_Qwen3-14B_S64,64,1,1,3,1,0.0,0.483178078778786,2306.0,8868.0,3.395084611326669e+16,194174587241984.0
555,question_13_aime_Qwen3-14B_S32,32,1,1,3,1,0.0,0.24833272178894894,1615.0,2956.0,2.149768383938526e+16,125082880424021.33
556,question_13_aime_Qwen3-14B_S16,16,1,1,3,1,0.0,0.1271610505930659,2264.3333333333335,3887.0,2.290533390221406e+16,138581396932437.33
557,question_13_aime_Qwen3-14B_S8,8,1,1,3,1,0.0,0.24833272178894894,1615.0,1615.0,1.3373160388370006e+16,82516762498389.33
558,question_13_aime_Qwen3-14B_S4,4,1,1,3,1,0.0,0.22035879755218624,2598.6666666666665,4519.666666666667,2.4158887652516096e+16,147990373292800.0
559,question_13_aime_Qwen3-14B_S2,2,1,1,3,1,0.0,0.4367750812212317,2028.3333333333333,2754.0,1.5199452825885098e+16,94173444085589.33
560,question_13_aime_Qwen3-14B_S1,1,1,1,3,1,0.0,0.2718624012567293,2115.6666666666665,2115.6666666666665,1.016087431511663e+16,63396601363200.0
561,question_13_aime_Qwen3-8B_S64,64,1,1,3,1,0.0,0.6483283476073485,1778.0,6992.0,3.2717719880655616e+16,144118371659264.0
562,question_13_aime_Qwen3-8B_S32,32,1,1,3,1,0.0,0.6483283476073485,1778.0,4694.333333333333,2.4793376812973396e+16,124774072097024.0
563,question_13_aime_Qwen3-8B_S16,16,1,1,3,1,0.0,0.599727008489327,1817.3333333333333,3701.0,2.159786498673357e+16,119592177133226.67
564,question_13_aime_Qwen3-8B_S8,8,1,1,3,1,0.0,0.57079207894904,1862.6666666666667,3574.6666666666665,1.742608230690304e+16,101251152419840.0
565,question_13_aime_Qwen3-8B_S4,4,1,1,3,1,0.0,0.5776780795671052,2028.0,2586.6666666666665,1.1979390565819392e+16,71674364953685.33
566,question_13_aime_Qwen3-8B_S2,2,1,1,3,1,0.0,0.4224932945553698,2350.0,2350.0,1.2697375434239744e+16,76671383176704.0
567,question_13_aime_Qwen3-8B_S1,1,1,1,3,1,0.0,0.4357104552142788,2458.0,2458.0,6662858281093120.0,40906374309888.0
568,question_13_aime_Qwen3-4B_S64,64,1,1,3,1,0.0,0.5014594714616489,859.0,859.0,1.017115879151872e+16,39198141258752.0
569,question_13_aime_Qwen3-4B_S32,32,1,1,3,1,0.0,0.5460400750849607,935.6666666666666,1288.3333333333333,7987157538994859.0,36473283133440.0
570,question_13_aime_Qwen3-4B_S16,16,1,1,3,1,0.0,0.673092836298876,1407.0,3429.3333333333335,8645262618567680.0,42966655359658.664
571,question_13_aime_Qwen3-4B_S8,8,1,1,3,1,0.0,0.5953377129385115,1544.0,3433.0,6494180131401728.0,35473492892842.664
572,question_13_aime_Qwen3-4B_S4,4,1,1,3,1,0.0,0.3222085933744348,1401.0,2694.0,4458111237951488.0,25595855556608.0
573,question_13_aime_Qwen3-4B_S2,2,1,1,3,1,0.0,0.5189017624883311,1737.0,2999.6666666666665,3661123834296832.0,21505239924053.332
574,question_13_aime_Qwen3-4B_S1,1,1,1,3,1,0.0,0.5127424488631277,2444.0,2444.0,3429938277594453.5,20260608463018.668
575,question_13_aime_Qwen3-1.7B_S64,64,1,1,3,1,0.0,0.07790976803236108,259.0,1765.0,1466321463668992.0,5878881987328.0
576,question_13_aime_Qwen3-1.7B_S32,32,1,1,3,1,0.0,0.06445618163482297,251.66666666666666,624.0,964824129002496.0,4342478848512.0
577,question_13_aime_Qwen3-1.7B_S16,16,1,1,3,1,0.0,0.049431221947975924,243.0,495.3333333333333,709847925165568.0,3612307536469.3335
578,question_13_aime_Qwen3-1.7B_S8,8,1,1,3,1,0.0,0.07085361259838467,285.6666666666667,655.3333333333334,643576926006784.0,3532724632490.6665
579,question_13_aime_Qwen3-1.7B_S4,4,1,1,3,1,0.0,0.10153851287787981,390.6666666666667,390.6666666666667,600630979711317.4,3424632677461.3335
580,question_13_aime_Qwen3-1.7B_S2,2,1,1,3,1,0.0,0.06705772485107096,534.0,534.0,674914362073429.4,4013415963050.6665
581,question_13_aime_Qwen3-1.7B_S1,1,1,1,3,1,0.0,0.14509616540559542,810.0,810.0,575022144600661.4,3457886914645.3335
582,question_13_aime_Qwen3-0.6B_S64,64,1,1,3,1,0.0,0.10847872626207677,475.0,4928.0,1178438714665472.0,3022510862336.0
583,question_13_aime_Qwen3-0.6B_S32,32,1,1,3,1,0.0,0.06834341649952903,252.33333333333334,2610.6666666666665,680893809060864.0,2143340937216.0
584,question_13_aime_Qwen3-0.6B_S16,16,1,1,3,1,0.0,0.07682351000157935,246.33333333333334,1406.6666666666667,413234057115136.0,1571528213162.6667
585,question_13_aime_Qwen3-0.6B_S8,8,1,1,3,1,0.0,0.08325500909657074,403.0,874.6666666666666,354525966202026.7,1589592302250.6667
586,question_13_aime_Qwen3-0.6B_S4,4,1,1,3,1,0.0,0.04380594137383693,372.3333333333333,782.0,281200161562282.66,1337468408149.3333
587,question_13_aime_Qwen3-0.6B_S2,2,1,1,3,1,0.0,0.04984798472285712,376.6666666666667,376.6666666666667,168806166415360.0,923036750506.6666
588,question_13_aime_Qwen3-0.6B_S1,1,1,1,3,1,0.0,0.1245667907592563,955.6666666666666,955.6666666666666,291971984553642.7,1577429540693.3333
589,question_14_aime_Qwen3-32B_S64,64,1,1,3,1,1.0,0.7906372703069026,1391.0,2040.6666666666667,3.429772144801024e+16,200276338532864.0
590,question_14_aime_Qwen3-32B_S32,32,1,1,3,1,0.0,0.5451543373061357,1132.6666666666667,2743.3333333333335,2.6401906261264384e+16,157236232265386.66
591,question_14_aime_Qwen3-32B_S16,16,1,1,3,1,0.0,0.3604918505058426,1318.3333333333333,2398.3333333333335,2.4807239151465984e+16,152371905064448.0
592,question_14_aime_Qwen3-32B_S8,8,1,1,3,1,0.0,0.5091137191164704,1288.3333333333333,1288.3333333333333,2.1943001893036884e+16,136632981441194.67
593,question_14_aime_Qwen3-32B_S4,4,1,1,3,1,0.6666666666666666,0.6725400778994572,1702.6666666666667,3380.3333333333335,2.7355145430025388e+16,171218991711744.0
594,question_14_aime_Qwen3-32B_S2,2,1,1,3,1,0.3333333333333333,0.5149595450351504,1649.6666666666667,1649.6666666666667,1.9850658494149972e+16,125682531458901.33
595,question_14_aime_Qwen3-32B_S1,1,1,1,3,1,0.3333333333333333,0.5559461713577901,1934.3333333333333,1934.3333333333333,2.1090590840917676e+16,128666233676800.0
596,question_14_aime_Qwen3-14B_S64,64,1,1,3,1,0.0,0.24348728920578303,1067.0,2626.0,1.562857424746752e+16,92790704053248.0
597,question_14_aime_Qwen3-14B_S32,32,1,1,3,1,0.0,0.141849951716355,781.6666666666666,933.0,1.3632042658268502e+16,83784490256810.67
598,question_14_aime_Qwen3-14B_S16,16,1,1,3,1,0.0,0.18497624626698092,726.3333333333334,741.3333333333334,1.2555789237477888e+16,78216818052010.67
599,question_14_aime_Qwen3-14B_S8,8,1,1,3,1,0.3333333333333333,0.2511246775788565,1695.0,1974.0,1.2951609110720342e+16,80792735706794.67
600,question_14_aime_Qwen3-14B_S4,4,1,1,3,1,0.0,0.49320545599302285,2135.6666666666665,2135.6666666666665,1.3902270568546646e+16,86591213375402.67
601,question_14_aime_Qwen3-14B_S2,2,1,1,3,1,0.6666666666666666,0.6183396887354976,1534.6666666666667,1534.6666666666667,1.1439384057183232e+16,71642041711274.67
602,question_14_aime_Qwen3-14B_S1,1,1,1,3,1,1.0,0.6134945471402234,1982.0,1982.0,9396567264435798.0,59317033404842.664
603,question_14_aime_Qwen3-8B_S64,64,1,1,3,1,1.0,0.8483358448484632,1707.6666666666667,1707.6666666666667,2.345771600679987e+16,100554154677504.0
604,question_14_aime_Qwen3-8B_S32,32,1,1,3,1,1.0,0.8753125455233898,1471.6666666666667,2648.3333333333335,2.0101819393989548e+16,98512809502720.0
605,question_14_aime_Qwen3-8B_S16,16,1,1,3,1,1.0,0.8737849130039915,1630.6666666666667,2111.6666666666665,1.3404697076042838e+16,72056032471210.67
606,question_14_aime_Qwen3-8B_S8,8,1,1,3,1,1.0,0.8536091225015787,1580.3333333333333,2276.0,1.2343626137151658e+16,70863609746858.67
607,question_14_aime_Qwen3-8B_S4,4,1,1,3,1,1.0,0.858150392228735,1609.6666666666667,1609.6666666666667,1.0078816373068458e+16,60058006729216.0
608,question_14_aime_Qwen3-8B_S2,2,1,1,3,1,1.0,0.6123857410060062,1886.0,1886.0,9499003738163030.0,57504601372074.664
609,question_14_aime_Qwen3-8B_S1,1,1,1,3,1,0.3333333333333333,0.37012917117474703,2875.0,2875.0,7835824630346752.0,47892053770410.664
610,question_14_aime_Qwen3-4B_S64,64,1,1,3,1,1.0,0.6449628241644327,1302.6666666666667,3988.0,8867577234802688.0,34438770056704.0
611,question_14_aime_Qwen3-4B_S32,32,1,1,3,1,1.0,0.6449628241644327,1302.6666666666667,4374.0,6188214887578112.0,28512015983104.0
612,question_14_aime_Qwen3-4B_S16,16,1,1,3,1,1.0,0.6775441614530789,1366.0,1822.6666666666667,5301278661877931.0,27406315841024.0
613,question_14_aime_Qwen3-4B_S8,8,1,1,3,1,0.6666666666666666,0.7913493920678226,1577.0,1577.0,4865349851294208.0,26660823220906.668
614,question_14_aime_Qwen3-4B_S4,4,1,1,3,1,1.0,0.7532102935508008,1589.3333333333333,1589.3333333333333,4929504751501141.0,28549973092010.668
615,question_14_aime_Qwen3-4B_S2,2,1,1,3,1,0.3333333333333333,0.5209316600941934,2326.3333333333335,2326.3333333333335,4465771321097386.5,26629002591061.332
616,question_14_aime_Qwen3-4B_S1,1,1,1,3,1,0.0,0.20168247879227907,3084.6666666666665,3084.6666666666665,4361743758935210.5,25616440797354.668
617,question_14_aime_Qwen3-1.7B_S64,64,1,1,3,1,0.0,0.028149341421597637,523.0,3147.0,1512662320090880.0,5782893803008.0
618,question_14_aime_Qwen3-1.7B_S32,32,1,1,3,1,0.0,0.026408824145169107,393.0,1787.3333333333333,1012935108545024.0,4566164132096.0
619,question_14_aime_Qwen3-1.7B_S16,16,1,1,3,1,0.0,0.02026478765227954,373.0,820.0,767868099774720.0,3927739966378.6665
620,question_14_aime_Qwen3-1.7B_S8,8,1,1,3,1,0.0,0.020015561394135073,465.6666666666667,1281.3333333333333,946412654141098.6,5327185912832.0
621,question_14_aime_Qwen3-1.7B_S4,4,1,1,3,1,0.0,0.01881871758812675,429.6666666666667,934.3333333333334,630236314922666.6,3685808722773.3335
622,question_14_aime_Qwen3-1.7B_S2,2,1,1,3,1,0.0,0.021892681855475868,455.0,455.0,555124726609152.0,3342175928746.6665
623,question_14_aime_Qwen3-1.7B_S1,1,1,1,3,1,0.0,0.015254527817759357,509.6666666666667,509.6666666666667,357943216121941.3,2169860039424.0
624,question_14_aime_Qwen3-0.6B_S64,64,1,1,3,1,0.0,0.0226722951915483,178.0,436.0,514610063443456.0,1730177324544.0
625,question_14_aime_Qwen3-0.6B_S32,32,1,1,3,1,0.0,0.030332194475535156,210.33333333333334,521.6666666666666,394686668728149.3,1555096689152.0
626,question_14_aime_Qwen3-0.6B_S16,16,1,1,3,1,0.0,0.033908567839799196,337.0,1037.6666666666667,369228817747456.0,1472115711829.3333
627,question_14_aime_Qwen3-0.6B_S8,8,1,1,3,1,0.0,0.016275750851929647,313.3333333333333,715.6666666666666,317346023033344.0,1477858951168.0
628,question_14_aime_Qwen3-0.6B_S4,4,1,1,3,1,0.0,0.02504305541742997,281.6666666666667,499.0,218464221937152.0,1057518448298.6666
629,question_14_aime_Qwen3-0.6B_S2,2,1,1,3,1,0.0,0.02016582421138678,480.6666666666667,611.0,197858675286528.0,1073735663274.6666
630,question_14_aime_Qwen3-0.6B_S1,1,1,1,3,1,0.0,0.015610117669814355,433.3333333333333,433.3333333333333,133222518437717.33,737112006314.6666
631,question_15_aime_Qwen3-32B_S64,64,1,1,3,1,0.0,0.7855830801003162,771.0,2843.0,2.591997716417331e+16,142329448740864.0
632,question_15_aime_Qwen3-32B_S32,32,1,1,3,1,0.0,0.5541599436519697,792.6666666666666,1326.6666666666667,2.118005030661683e+16,123159423941973.33
633,question_15_aime_Qwen3-32B_S16,16,1,1,3,1,0.0,0.7950851984570403,859.6666666666666,2267.0,2.333644861210931e+16,141146543502677.34
634,question_15_aime_Qwen3-32B_S8,8,1,1,3,1,0.0,0.8367351431450843,961.0,2801.3333333333335,2.3440781569273516e+16,144855836078421.34
635,question_15_aime_Qwen3-32B_S4,4,1,1,3,1,0.0,0.5962799704968887,860.6666666666666,860.6666666666666,1.7062925051994794e+16,107119146319360.0
636,question_15_aime_Qwen3-32B_S2,2,1,1,3,1,0.0,0.5069383816053081,1068.0,1882.0,1.6454564961496576e+16,103935589663402.67
637,question_15_aime_Qwen3-32B_S1,1,1,1,3,1,0.0,0.6503052853645458,1440.3333333333333,1440.3333333333333,1.5058941232920576e+16,95096643454293.33
638,question_15_aime_Qwen3-14B_S64,64,1,1,3,1,0.0,0.5876034377327686,877.0,2256.0,1.2086065280039168e+16,71866396540416.0
639,question_15_aime_Qwen3-14B_S32,32,1,1,3,1,0.0,0.39173562515517907,584.6666666666666,916.6666666666666,7983162976516693.0,47596807639978.664
640,question_15_aime_Qwen3-14B_S16,16,1,1,3,1,0.0,0.2448612129398131,829.3333333333334,1006.6666666666666,8863968478358357.0,54564398742272.0
641,question_15_aime_Qwen3-14B_S8,8,1,1,3,1,0.0,0.39847905058686717,631.0,1550.3333333333333,9840925595390720.0,61492861833130.664
642,question_15_aime_Qwen3-14B_S4,4,1,1,3,1,0.0,0.3209422902796965,1069.6666666666667,2292.0,1.157391217606417e+16,72536856603221.33
643,question_15_aime_Qwen3-14B_S2,2,1,1,3,1,0.0,0.20046429289870513,801.0,801.0,7246029542925397.0,45370488546474.664
644,question_15_aime_Qwen3-14B_S1,1,1,1,3,1,0.0,0.8366304934953868,939.3333333333334,939.3333333333334,4526998851195392.0,28453534986325.332
645,question_15_aime_Qwen3-8B_S64,64,1,1,3,1,0.0,0.7073431964285398,831.0,2700.0,1.2188198005562624e+16,58954287052544.0
646,question_15_aime_Qwen3-8B_S32,32,1,1,3,1,0.0,0.681962299946283,1092.0,2966.0,1.0310044967456e+16,54725003951360.0
647,question_15_aime_Qwen3-8B_S16,16,1,1,3,1,0.0,0.7898702179016857,948.6666666666666,2371.0,9112027002022826.0,52054959081045.336
648,question_15_aime_Qwen3-8B_S8,8,1,1,3,1,0.0,0.7979939972297311,1082.3333333333333,2940.0,7386263486939989.0,43501860091136.0
649,question_15_aime_Qwen3-8B_S4,4,1,1,3,1,0.0,0.5733721607515214,976.0,1310.0,5866941668814592.0,35659289189632.0
650,question_15_aime_Qwen3-8B_S2,2,1,1,3,1,0.0,0.4817025914098298,1045.0,1405.6666666666667,3982342767824810.5,24445236716714.668
651,question_15_aime_Qwen3-8B_S1,1,1,1,3,1,0.0,0.5586373817774781,1299.3333333333333,1299.3333333333333,3485528405683456.0,21606136393045.332
652,question_15_aime_Qwen3-4B_S64,64,1,1,3,1,0.0,0.13436726095272464,265.0,716.0,2405546649574912.0,10630880423424.0
653,question_15_aime_Qwen3-4B_S32,32,1,1,3,1,0.0,0.060136610878763964,238.66666666666666,465.0,1877576800827221.2,9504543201109.334
654,question_15_aime_Qwen3-4B_S16,16,1,1,3,1,0.0,0.06174328866531015,237.0,237.0,1570381752688810.8,8809699414528.0
655,question_15_aime_Qwen3-4B_S8,8,1,1,3,1,0.0,0.25037364054247746,548.3333333333334,731.0,2165311913680725.2,12251981078528.0
656,question_15_aime_Qwen3-4B_S4,4,1,1,3,1,0.0,0.44067936888433934,795.3333333333334,1359.3333333333333,2039657974137344.0,12085720844288.0
657,question_15_aime_Qwen3-4B_S2,2,1,1,3,1,0.0,0.6044075586796535,568.0,855.3333333333334,1285631889072298.8,7802489535146.667
658,question_15_aime_Qwen3-4B_S1,1,1,1,3,1,0.0,0.130442895956709,1362.6666666666667,1362.6666666666667,1849560256125269.2,11232885427370.666
659,question_15_aime_Qwen3-1.7B_S64,64,1,1,3,1,0.0,0.2640138638790448,124.0,3116.0,699853240507904.0,2922954795264.0
660,question_15_aime_Qwen3-1.7B_S32,32,1,1,3,1,0.0,0.25258050406883686,121.0,1416.6666666666667,519710694512725.3,2541204687018.6665
661,question_15_aime_Qwen3-1.7B_S16,16,1,1,3,1,0.0,0.1595286949315061,120.0,695.6666666666666,423235671151701.3,2303734058154.6665
662,question_15_aime_Qwen3-1.7B_S8,8,1,1,3,1,0.0,0.15498344376180567,113.0,521.6666666666666,278069930464853.34,1589123161770.6667
663,question_15_aime_Qwen3-1.7B_S4,4,1,1,3,1,0.0,0.17559725148535832,117.0,266.3333333333333,235243504419840.0,1420936118784.0
664,question_15_aime_Qwen3-1.7B_S2,2,1,1,3,1,0.0,0.13130652610555849,198.33333333333334,198.33333333333334,279600242377045.34,1688511714474.6667
665,question_15_aime_Qwen3-1.7B_S1,1,1,1,3,1,0.0,0.12055216879909857,467.0,467.0,320014689467050.7,1960761438122.6667
666,question_15_aime_Qwen3-0.6B_S64,64,1,1,3,1,0.0,0.09879411116758428,114.0,114.0,506704723779072.0,1540607919616.0
667,question_15_aime_Qwen3-0.6B_S32,32,1,1,3,1,0.0,0.06586274077838952,76.0,221.33333333333334,349296447837184.0,1180259630933.3333
668,question_15_aime_Qwen3-0.6B_S16,16,1,1,3,1,0.0,0.21229961258813024,286.0,1645.6666666666667,370966529835520.0,1410525296640.0
669,question_15_aime_Qwen3-0.6B_S8,8,1,1,3,1,0.0,0.09364121477548619,218.66666666666666,436.6666666666667,225158468793002.66,1000648664064.0
670,question_15_aime_Qwen3-0.6B_S4,4,1,1,3,1,0.0,0.19866706276973078,322.6666666666667,772.0,222579665259349.34,1097573151402.6666
671,question_15_aime_Qwen3-0.6B_S2,2,1,1,3,1,0.0,0.12211901797413795,466.3333333333333,698.3333333333334,186993027992917.34,933731426816.0
672,question_15_aime_Qwen3-0.6B_S1,1,1,1,3,1,0.0,0.08756716988711645,357.6666666666667,357.6666666666667,108518454602240.0,604163221333.3334
673,question_16_aime_Qwen3-32B_S64,64,1,1,3,1,0.0,0.7398696758077117,645.0,4121.0,2.984503577173811e+16,159303221444608.0
674,question_16_aime_Qwen3-32B_S32,32,1,1,3,1,0.0,0.6463410571633096,634.3333333333334,2209.6666666666665,2.4578477826616492e+16,141554843651413.34
675,question_16_aime_Qwen3-32B_S16,16,1,1,3,1,0.0,0.6565626888444914,1066.3333333333333,2839.6666666666665,2.7857933880039936e+16,167282983109632.0
676,question_16_aime_Qwen3-32B_S8,8,1,1,3,1,0.0,0.4373038420517663,1081.0,1303.3333333333333,2.5928450996182356e+16,159549724357290.66
677,question_16_aime_Qwen3-32B_S4,4,1,1,3,1,0.0,0.3791068902799502,1008.3333333333334,1500.6666666666667,1.8310982645137068e+16,114666046240085.33
678,question_16_aime_Qwen3-32B_S2,2,1,1,3,1,0.0,0.5692421275289266,684.3333333333334,684.3333333333334,1.1344104244054186e+16,71639902320128.0
679,question_16_aime_Qwen3-32B_S1,1,1,1,3,1,0.0,0.5469885402968772,632.6666666666666,632.6666666666666,6642326839754923.0,42088645662720.0
680,question_16_aime_Qwen3-14B_S64,64,1,1,3,1,0.0,0.5768646604545116,1556.0,1556.0,1.6175703334735616e+16,99390272792576.0
681,question_16_aime_Qwen3-14B_S32,32,1,1,3,1,0.0,0.19228822015150385,518.6666666666666,518.6666666666666,8901991770533120.0,55114798590720.0
682,question_16_aime_Qwen3-14B_S16,16,1,1,3,1,0.0,0.45215406666006414,1251.3333333333333,1251.3333333333333,9760185106311510.0,58378757955584.0
683,question_16_aime_Qwen3-14B_S8,8,1,1,3,1,0.0,0.0,0.0,0.0,9551887743403862.0,60469563456000.0
684,question_16_aime_Qwen3-14B_S4,4,1,1,3,1,0.0,0.3877866243630825,1921.3333333333333,2541.3333333333335,1.7554438853174272e+16,107588441912576.0
685,question_16_aime_Qwen3-14B_S2,2,1,1,3,1,0.0,0.4376408240346672,1625.3333333333333,1625.3333333333333,9460425643734614.0,59077569749589.336
686,question_16_aime_Qwen3-14B_S1,1,1,1,3,1,0.0,0.18043007872581585,2947.6666666666665,2947.6666666666665,1.4215388329821952e+16,88141640739498.67
687,question_16_aime_Qwen3-8B_S64,64,1,1,3,1,1.0,0.6399270700973397,762.3333333333334,1248.6666666666667,1.226538906390528e+16,55380907849216.0
688,question_16_aime_Qwen3-8B_S32,32,1,1,3,1,1.0,0.562274960133798,706.0,1441.3333333333333,9830537345813078.0,50653905391445.336
689,question_16_aime_Qwen3-8B_S16,16,1,1,3,1,0.6666666666666666,0.4578295713235834,796.3333333333334,1709.3333333333333,8182777750299563.0,45583838911146.664
690,question_16_aime_Qwen3-8B_S8,8,1,1,3,1,0.3333333333333333,0.5844094221098679,666.3333333333334,1652.0,6102872107213141.0,35907969493674.664
691,question_16_aime_Qwen3-8B_S4,4,1,1,3,1,0.6666666666666666,0.4977900855666711,1044.0,1310.3333333333333,7433097512373419.0,44220837256960.0
692,question_16_aime_Qwen3-8B_S2,2,1,1,3,1,0.6666666666666666,0.28999164769822844,1796.6666666666667,1796.6666666666667,6253006895750997.0,38501099233280.0
693,question_16_aime_Qwen3-8B_S1,1,1,1,3,1,0.0,0.03112645462535048,3887.3333333333335,3887.3333333333335,1.1027243447218518e+16,65027358827264.0
694,question_16_aime_Qwen3-4B_S64,64,1,1,3,1,0.0,0.6429748662512805,502.0,1755.0,7050151593095168.0,27153329037824.0
695,question_16_aime_Qwen3-4B_S32,32,1,1,3,1,0.0,0.6300687317507667,532.0,1495.6666666666667,5271817204110677.0,23809583091200.0
696,question_16_aime_Qwen3-4B_S16,16,1,1,3,1,0.0,0.5021794839382666,638.0,1268.0,4134812144498005.5,21265273822208.0
697,question_16_aime_Qwen3-4B_S8,8,1,1,3,1,0.3333333333333333,0.535889938181308,892.3333333333334,1469.3333333333333,4176452427779584.0,22383331662506.668
698,question_16_aime_Qwen3-4B_S4,4,1,1,3,1,0.3333333333333333,0.5636461543148036,997.3333333333334,1255.0,2992686766895274.5,17318004495530.666
699,question_16_aime_Qwen3-4B_S2,2,1,1,3,1,0.0,0.5891822935372365,1653.0,1653.0,4499722007537322.5,26531265757354.668
700,question_16_aime_Qwen3-4B_S1,1,1,1,3,1,0.0,0.025875364788146588,3809.6666666666665,3809.6666666666665,5308241753813845.0,31598061972650.668
701,question_16_aime_Qwen3-1.7B_S64,64,1,1,3,1,0.0,0.271294574518536,76.0,3260.0,498276290344448.0,1974635507712.0
702,question_16_aime_Qwen3-1.7B_S32,32,1,1,3,1,0.0,0.271294574518536,76.0,1627.3333333333333,354269530093994.7,1655435135573.3333
703,question_16_aime_Qwen3-1.7B_S16,16,1,1,3,1,0.0,0.19874635125151388,72.33333333333333,814.0,268008042190336.0,1410084388010.6667
704,question_16_aime_Qwen3-1.7B_S8,8,1,1,3,1,0.0,0.23339747488893212,77.66666666666667,452.3333333333333,191270455307605.34,1085860944896.0
705,question_16_aime_Qwen3-1.7B_S4,4,1,1,3,1,0.0,0.10839224390481177,61.0,236.66666666666666,149213501271893.34,884623810560.0
706,question_16_aime_Qwen3-1.7B_S2,2,1,1,3,1,0.0,0.07285906086566706,89.0,89.0,169440899193514.66,1029166373461.3334
707,question_16_aime_Qwen3-1.7B_S1,1,1,1,3,1,0.0,0.09686012864391241,178.66666666666666,178.66666666666666,126794566803968.0,774499971840.0
708,question_16_aime_Qwen3-0.6B_S64,64,1,1,3,1,0.0,0.06123076633147225,228.0,1950.0,551877317311488.0,1449507395584.0
709,question_16_aime_Qwen3-0.6B_S32,32,1,1,3,1,0.0,0.10561914628179318,210.0,1294.0,349566969843712.0,1136036288000.0
710,question_16_aime_Qwen3-0.6B_S16,16,1,1,3,1,0.0,0.10561914628179318,210.0,863.0,252370574322688.0,1034622389930.6666
711,question_16_aime_Qwen3-0.6B_S8,8,1,1,3,1,0.0,0.04068093622369276,127.66666666666667,430.0,169515581586773.34,765995932842.6666
712,question_16_aime_Qwen3-0.6B_S4,4,1,1,3,1,0.0,0.12383480564080927,228.33333333333334,547.3333333333334,175637900289194.66,892054620160.0
713,question_16_aime_Qwen3-0.6B_S2,2,1,1,3,1,0.0,0.0575779472240787,232.0,273.3333333333333,112989537193472.0,618260047360.0
714,question_16_aime_Qwen3-0.6B_S1,1,1,1,3,1,0.0,0.12044323742039353,544.6666666666666,544.6666666666666,167377896445269.34,908802599253.3334
715,question_17_aime_Qwen3-32B_S64,64,1,1,3,1,0.0,0.3434206572489004,1109.0,3885.0,3.958581929466778e+16,224309781904384.0
716,question_17_aime_Qwen3-32B_S32,32,1,1,3,1,0.0,0.3040219006408215,1197.6666666666667,2634.3333333333335,2.921432911549747e+16,172637878080512.0
717,question_17_aime_Qwen3-32B_S16,16,1,1,3,1,0.0,0.22930483964329115,1339.3333333333333,1850.6666666666667,2.7433407838034604e+16,167402297165824.0
718,question_17_aime_Qwen3-32B_S8,8,1,1,3,1,0.3333333333333333,0.3602561848740195,1358.0,2457.6666666666665,3.2423560103278932e+16,200200707806208.0
719,question_17_aime_Qwen3-32B_S4,4,1,1,3,1,0.0,0.2542132756521173,1586.3333333333333,2172.6666666666665,2.796320741237709e+16,175129845667328.0
720,question_17_aime_Qwen3-32B_S2,2,1,1,3,1,0.0,0.2660012318030596,2033.0,2514.6666666666665,3.1699288180387156e+16,199536665080661.34
721,question_17_aime_Qwen3-32B_S1,1,1,1,3,1,0.0,0.26200310913534236,1666.3333333333333,1666.3333333333333,1.7408617092047018e+16,110125532452693.33
722,question_17_aime_Qwen3-14B_S64,64,1,1,3,1,0.0,0.6187440733707819,1277.0,3179.0,1.5120942686942208e+16,85997989565184.0
723,question_17_aime_Qwen3-14B_S32,32,1,1,3,1,0.0,0.10187871369414998,908.3333333333334,1328.6666666666667,1.1338291818661802e+16,66158252630186.664
724,question_17_aime_Qwen3-14B_S16,16,1,1,3,1,0.3333333333333333,0.4894331702055857,1464.0,2587.0,1.6458649510712746e+16,98425103107925.33
725,question_17_aime_Qwen3-14B_S8,8,1,1,3,1,0.6666666666666666,0.5273028230910026,1969.3333333333333,2708.3333333333335,1.7788063137437782e+16,107596032038997.33
726,question_17_aime_Qwen3-14B_S4,4,1,1,3,1,0.3333333333333333,0.17155776418989024,1879.3333333333333,1879.3333333333333,1.6724117901273174e+16,102448952560298.67
727,question_17_aime_Qwen3-14B_S2,2,1,1,3,1,0.0,0.3088261203942737,1940.0,1940.0,1.3809631082663766e+16,85985545567488.0
728,question_17_aime_Qwen3-14B_S1,1,1,1,3,1,0.0,0.162109197535136,1990.3333333333333,1990.3333333333333,9604195111539200.0,59803147445674.664
729,question_17_aime_Qwen3-8B_S64,64,1,1,3,1,0.0,0.2795401080881147,1003.0,2654.0,1.8120215182297856e+16,84540012366592.0
730,question_17_aime_Qwen3-8B_S32,32,1,1,3,1,0.0,0.27338343452639347,913.6666666666666,1464.0,1.4725538126573312e+16,76005345380522.67
731,question_17_aime_Qwen3-8B_S16,16,1,1,3,1,0.6666666666666666,0.3664520297706753,1830.0,5251.0,1.3684550591875072e+16,75686111587925.33
732,question_17_aime_Qwen3-8B_S8,8,1,1,3,1,1.0,0.39093457828744055,1775.0,4012.6666666666665,1.4096117735401386e+16,81901458152618.67
733,question_17_aime_Qwen3-8B_S4,4,1,1,3,1,0.0,0.20495800502551997,1994.3333333333333,4617.333333333333,1.3149520034831872e+16,78625823016704.0
734,question_17_aime_Qwen3-8B_S2,2,1,1,3,1,0.0,0.34517642220964184,1237.6666666666667,2239.3333333333335,7255176181907115.0,44519073406208.0
735,question_17_aime_Qwen3-8B_S1,1,1,1,3,1,0.0,0.3694164535040123,2448.0,2448.0,6580766660853504.0,40689612156586.664
736,question_17_aime_Qwen3-4B_S64,64,1,1,3,1,0.0,0.4772946785586632,937.0,4919.0,8287870396154880.0,34285200741888.0
737,question_17_aime_Qwen3-4B_S32,32,1,1,3,1,0.0,0.4269111332252897,1116.3333333333333,5609.0,6319548634846037.0,30087342319957.332
738,question_17_aime_Qwen3-4B_S16,16,1,1,3,1,0.0,0.45955802303071,1141.3333333333333,4003.6666666666665,4506570995310080.0,23709766409386.668
739,question_17_aime_Qwen3-4B_S8,8,1,1,3,1,0.0,0.3945010303306675,1343.0,4348.666666666667,4641795480835243.0,25932584094378.668
740,question_17_aime_Qwen3-4B_S4,4,1,1,3,1,0.0,0.32593566722381234,1595.0,2428.0,3968144581706581.5,23077621851989.332
741,question_17_aime_Qwen3-4B_S2,2,1,1,3,1,0.0,0.3371252633712922,1410.6666666666667,2701.0,2466278264363178.5,14706110316373.334
742,question_17_aime_Qwen3-4B_S1,1,1,1,3,1,0.0,0.3036513051746948,1353.3333333333333,1353.3333333333333,1828490322793813.2,11153822965760.0
743,question_17_aime_Qwen3-1.7B_S64,64,1,1,3,1,0.0,0.2620357460430621,83.0,1326.0,369441296231168.0,1425501104384.0
744,question_17_aime_Qwen3-1.7B_S32,32,1,1,3,1,0.0,0.2170493514477961,81.0,608.6666666666666,331310084654677.3,1554533069824.0
745,question_17_aime_Qwen3-1.7B_S16,16,1,1,3,1,0.0,0.21490699944832672,85.33333333333333,450.6666666666667,238740221177173.34,1249277841578.6667
746,question_17_aime_Qwen3-1.7B_S8,8,1,1,3,1,0.0,0.1003400115914274,83.33333333333333,83.33333333333333,217918559817130.66,1222847702272.0
747,question_17_aime_Qwen3-1.7B_S4,4,1,1,3,1,0.0,0.1496463245276241,80.33333333333333,80.33333333333333,194070292951210.66,1145216905728.0
748,question_17_aime_Qwen3-1.7B_S2,2,1,1,3,1,0.0,0.11982156096506495,182.0,182.0,207331516686933.34,1254850793728.0
749,question_17_aime_Qwen3-1.7B_S1,1,1,1,3,1,0.0,0.17571255796942276,526.0,526.0,380839453059669.3,2249329504426.6665
750,question_17_aime_Qwen3-0.6B_S64,64,1,1,3,1,0.0,0.06368975316893946,125.0,856.0,587355786938880.0,2105271070208.0
751,question_17_aime_Qwen3-0.6B_S32,32,1,1,3,1,0.0,0.047491828823206676,125.0,566.0,385535839575893.3,1623551763968.0
752,question_17_aime_Qwen3-0.6B_S16,16,1,1,3,1,0.0,0.06103796926786936,89.66666666666667,459.6666666666667,256845484637696.0,1192907225429.3333
753,question_17_aime_Qwen3-0.6B_S8,8,1,1,3,1,0.0,0.018292807855947012,54.666666666666664,88.33333333333333,220901966683648.0,1186831096832.0
754,question_17_aime_Qwen3-0.6B_S4,4,1,1,3,1,0.0,0.2700658024788507,243.33333333333334,884.6666666666666,174760564857344.0,852202929322.6666
755,question_17_aime_Qwen3-0.6B_S2,2,1,1,3,1,0.0,0.05422623182406346,329.6666666666667,329.6666666666667,155956456382634.66,867863953408.0
756,question_17_aime_Qwen3-0.6B_S1,1,1,1,3,1,0.0,0.025661364350277546,502.0,502.0,200025228825941.34,1123140750677.3333
757,question_18_aime_Qwen3-32B_S64,64,1,1,3,1,1.0,0.8098574460418272,1517.6666666666667,1517.6666666666667,4.527855408142029e+16,267411522049536.0
758,question_18_aime_Qwen3-32B_S32,32,1,1,3,1,1.0,0.7988304306849132,1547.6666666666667,3509.3333333333335,3.8392380307592024e+16,232396370206208.0
759,question_18_aime_Qwen3-32B_S16,16,1,1,3,1,1.0,0.7988304306849132,1547.6666666666667,1983.0,2.993042487272653e+16,185266340395178.66
760,question_18_aime_Qwen3-32B_S8,8,1,1,3,1,1.0,0.8166450337977236,1410.6666666666667,1410.6666666666667,2.1990922679090516e+16,137174536464042.67
761,question_18_aime_Qwen3-32B_S4,4,1,1,3,1,0.6666666666666666,0.7271560608411677,1444.0,1953.6666666666667,2.744096990718686e+16,172373221957802.66
762,question_18_aime_Qwen3-32B_S2,2,1,1,3,1,1.0,0.5396520982052557,1389.3333333333333,1389.3333333333333,2.395515577334306e+16,151127218005674.66
763,question_18_aime_Qwen3-32B_S1,1,1,1,3,1,1.0,0.8421647928196504,1754.3333333333333,1754.3333333333333,1.8305848733252436e+16,116009360098474.67
764,question_18_aime_Qwen3-14B_S64,64,1,1,3,1,1.0,0.7845777797547125,1892.0,3013.3333333333335,3.4054564899904e+16,205001269966080.0
765,question_18_aime_Qwen3-14B_S32,32,1,1,3,1,0.6666666666666666,0.6154728782884576,1341.6666666666667,1570.3333333333333,2.69603457464221e+16,166354702166357.34
766,question_18_aime_Qwen3-14B_S16,16,1,1,3,1,0.0,0.12635428934096302,968.3333333333334,1722.0,2.1921314691459412e+16,137057872444501.33
767,question_18_aime_Qwen3-14B_S8,8,1,1,3,1,0.3333333333333333,0.38389658785689146,836.0,2377.3333333333335,2.2035901836753836e+16,139165470024533.33
768,question_18_aime_Qwen3-14B_S4,4,1,1,3,1,0.6666666666666666,0.6842837430907651,2377.0,2875.3333333333335,1.8400095053850452e+16,116234559494314.67
769,question_18_aime_Qwen3-14B_S2,2,1,1,3,1,0.0,0.2157914434943561,878.3333333333334,1846.6666666666667,1.4294037778574506e+16,90760669913514.67
770,question_18_aime_Qwen3-14B_S1,1,1,1,3,1,0.3333333333333333,0.3674329820559665,794.0,794.0,7673233158287531.0,48748414613333.336
771,question_18_aime_Qwen3-8B_S64,64,1,1,3,1,1.0,0.9251853789743874,1755.0,1755.0,1.9616335490796544e+16,90343753594368.0
772,question_18_aime_Qwen3-8B_S32,32,1,1,3,1,1.0,0.9219160813138089,1780.0,1780.0,1.660133528316945e+16,86225500164096.0
773,question_18_aime_Qwen3-8B_S16,16,1,1,3,1,1.0,0.8842639780225365,1874.6666666666667,1874.6666666666667,1.7129977305536086e+16,95406712121258.67
774,question_18_aime_Qwen3-8B_S8,8,1,1,3,1,0.6666666666666666,0.7977141682224178,1745.6666666666667,1745.6666666666667,1.471848537571089e+16,86567080147626.67
775,question_18_aime_Qwen3-8B_S4,4,1,1,3,1,0.6666666666666666,0.8786170138053904,1944.0,2565.3333333333335,1.0963042158660352e+16,66501971627178.664
776,question_18_aime_Qwen3-8B_S2,2,1,1,3,1,1.0,0.8079699549798254,2500.0,2500.0,9657455911271766.0,59384147210410.664
777,question_18_aime_Qwen3-8B_S1,1,1,1,3,1,1.0,0.8843506890842413,2259.6666666666665,2259.6666666666665,6032738656938069.0,37518933748650.664
778,question_18_aime_Qwen3-4B_S64,64,1,1,3,1,1.0,0.922043528360971,1360.0,3172.0,9678861009489408.0,40251384721920.0
779,question_18_aime_Qwen3-4B_S32,32,1,1,3,1,1.0,0.9101269786007772,1310.6666666666667,2689.6666666666665,7328987540381355.0,34881945632768.0
780,question_18_aime_Qwen3-4B_S16,16,1,1,3,1,1.0,0.8356451286089275,1378.6666666666667,1378.6666666666667,5406358366383957.0,28291983868928.0
781,question_18_aime_Qwen3-4B_S8,8,1,1,3,1,0.3333333333333333,0.727904443479528,1341.0,1341.0,4463655799184384.0,25229684077056.0
782,question_18_aime_Qwen3-4B_S4,4,1,1,3,1,1.0,0.9311221436572185,1639.0,1639.0,4723514607490048.0,27644450790570.668
783,question_18_aime_Qwen3-4B_S2,2,1,1,3,1,1.0,0.865023846607229,1723.6666666666667,2381.6666666666665,3530463716536490.5,21157232484010.668
784,question_18_aime_Qwen3-4B_S1,1,1,1,3,1,0.6666666666666666,0.8793530472462395,1977.0,1977.0,2677320287062698.5,16294300430506.666
785,question_18_aime_Qwen3-1.7B_S64,64,1,1,3,1,0.0,0.7136737960866646,1028.0,1928.0,2353466751595008.0,9708267598848.0
786,question_18_aime_Qwen3-1.7B_S32,32,1,1,3,1,0.0,0.29568915666474854,642.6666666666666,804.0,2038414064740778.8,9708810285141.334
787,question_18_aime_Qwen3-1.7B_S16,16,1,1,3,1,0.0,0.46997058458762114,1047.0,2622.6666666666665,1997686488566272.0,10323887522816.0
788,question_18_aime_Qwen3-1.7B_S8,8,1,1,3,1,0.0,0.3881095413552614,962.6666666666666,1906.6666666666667,1512885406299306.8,8565353414912.0
789,question_18_aime_Qwen3-1.7B_S4,4,1,1,3,1,0.0,0.1067545468397133,803.3333333333334,803.3333333333334,1170086098099968.0,6801695803989.333
790,question_18_aime_Qwen3-1.7B_S2,2,1,1,3,1,0.0,0.11684831714576784,1625.3333333333333,1625.3333333333333,1489810872209408.0,8847239619157.334
791,question_18_aime_Qwen3-1.7B_S1,1,1,1,3,1,0.0,0.2927698879506854,809.6666666666666,809.6666666666666,555976239560448.0,3401715040341.3335
792,question_18_aime_Qwen3-0.6B_S64,64,1,1,3,1,0.0,0.3687341463419947,915.0,2030.0,1307635441614848.0,3756528966144.0
793,question_18_aime_Qwen3-0.6B_S32,32,1,1,3,1,0.0,0.18845144852988369,516.0,1110.0,840440569050794.6,2876279204010.6665
794,question_18_aime_Qwen3-0.6B_S16,16,1,1,3,1,0.0,0.24453630050499917,728.3333333333334,1722.6666666666667,796829878860117.4,3197851352576.0
795,question_18_aime_Qwen3-0.6B_S8,8,1,1,3,1,0.0,0.29420852755763277,1131.6666666666667,1906.3333333333333,944189998640810.6,3986043895125.3335
796,question_18_aime_Qwen3-0.6B_S4,4,1,1,3,1,0.0,0.31178138241825776,790.0,1140.6666666666667,614430707686741.4,2952117914794.6665
797,question_18_aime_Qwen3-0.6B_S2,2,1,1,3,1,0.0,0.20735212279693505,777.0,1058.6666666666667,340132995856042.7,1808664255658.6667
798,question_18_aime_Qwen3-0.6B_S1,1,1,1,3,1,0.0,0.288945023392622,1103.3333333333333,1103.3333333333333,331705652656469.3,1816766090410.6667
799,question_19_aime_Qwen3-32B_S64,64,1,1,3,1,0.0,0.23475360945271417,701.0,946.0,1.6507325042637824e+16,90848399867904.0
800,question_19_aime_Qwen3-32B_S32,32,1,1,3,1,0.3333333333333333,0.2241294585754965,651.0,1441.0,1.4702159324863318e+16,85498477541888.0
801,question_19_aime_Qwen3-32B_S16,16,1,1,3,1,0.3333333333333333,0.3442520089870375,689.6666666666666,1653.6666666666667,1.6112095946996224e+16,97602108093440.0
802,question_19_aime_Qwen3-32B_S8,8,1,1,3,1,0.3333333333333333,0.3838112579220563,733.3333333333334,2321.3333333333335,1.4651993728639146e+16,90548242732373.33
803,question_19_aime_Qwen3-32B_S4,4,1,1,3,1,0.3333333333333333,0.15678139170918223,514.0,983.6666666666666,9629033589714602.0,60258439948970.664
804,question_19_aime_Qwen3-32B_S2,2,1,1,3,1,0.0,0.10530027241923012,687.0,1098.0,9505508408674646.0,59977062550528.0
805,question_19_aime_Qwen3-32B_S1,1,1,1,3,1,0.0,0.09733331816069503,567.3333333333334,567.3333333333334,6031890229882197.0,38205895723008.0
806,question_19_aime_Qwen3-14B_S64,64,1,1,3,1,0.0,0.36554970774503265,500.0,3164.0,1.1275595707599872e+16,63569773001984.0
807,question_19_aime_Qwen3-14B_S32,32,1,1,3,1,0.3333333333333333,0.481943318409332,625.0,2536.3333333333335,9506667197747798.0,55859722410325.336
808,question_19_aime_Qwen3-14B_S16,16,1,1,3,1,0.3333333333333333,0.32077610052202116,451.0,1357.0,7857471394151851.0,47479142148608.0
809,question_19_aime_Qwen3-14B_S8,8,1,1,3,1,0.0,0.1914049815748122,384.3333333333333,1219.6666666666667,6399471749136725.0,39480520495616.0
810,question_19_aime_Qwen3-14B_S4,4,1,1,3,1,0.0,0.12581055263783963,709.0,1237.3333333333333,7191054980955648.0,45041243720618.664
811,question_19_aime_Qwen3-14B_S2,2,1,1,3,1,0.6666666666666666,0.3775800185628036,695.0,695.0,4521450417774251.0,28398922185728.0
812,question_19_aime_Qwen3-14B_S1,1,1,1,3,1,0.3333333333333333,0.29438664870648634,859.3333333333334,859.3333333333334,4116352143273386.5,25986075041706.668
813,question_19_aime_Qwen3-8B_S64,64,1,1,3,1,1.0,0.4038311560749932,621.0,621.0,1.1912379630165248e+16,54610495467264.0
814,question_19_aime_Qwen3-8B_S32,32,1,1,3,1,1.0,0.3579281864513626,652.0,652.0,9162406436761856.0,47269035136512.0
815,question_19_aime_Qwen3-8B_S16,16,1,1,3,1,1.0,0.48324750966744334,768.3333333333334,1035.3333333333333,7661296153509376.0,42656051485696.0
816,question_19_aime_Qwen3-8B_S8,8,1,1,3,1,1.0,0.3192728308096282,679.0,679.0,6201851011943680.0,36513660624640.0
817,question_19_aime_Qwen3-8B_S4,4,1,1,3,1,0.6666666666666666,0.28360663626791566,761.6666666666666,761.6666666666666,5495199422289664.0,33529739658069.332
818,question_19_aime_Qwen3-8B_S2,2,1,1,3,1,0.0,0.24382385767547188,1675.6666666666667,1675.6666666666667,7339350551309227.0,44765398641749.336
819,question_19_aime_Qwen3-8B_S1,1,1,1,3,1,0.3333333333333333,0.3619152297995212,2140.3333333333335,2140.3333333333335,5807195877010859.0,35635016255914.664
820,question_19_aime_Qwen3-4B_S64,64,1,1,3,1,0.0,0.09248959218913967,450.0,822.0,2826162666214912.0,11630316529664.0
821,question_19_aime_Qwen3-4B_S32,32,1,1,3,1,0.0,0.09248959218913967,450.0,822.0,1954576677396480.0,9353842007040.0
822,question_19_aime_Qwen3-4B_S16,16,1,1,3,1,0.0,0.25183299291614086,463.3333333333333,1477.0,1887731334129322.8,10058218724181.334
823,question_19_aime_Qwen3-4B_S8,8,1,1,3,1,0.3333333333333333,0.2965008191438021,588.0,732.3333333333334,2284245481954986.5,12748582444032.0
824,question_19_aime_Qwen3-4B_S4,4,1,1,3,1,0.0,0.20169154918801888,636.3333333333334,636.3333333333334,1981189633839274.8,11579973882026.666
825,question_19_aime_Qwen3-4B_S2,2,1,1,3,1,0.3333333333333333,0.19042318139606654,832.0,832.0,2041067916185429.2,12360513240064.0
826,question_19_aime_Qwen3-4B_S1,1,1,1,3,1,0.0,0.2142060823462638,981.0,981.0,1348863105888768.0,8115501111637.333
827,question_19_aime_Qwen3-1.7B_S64,64,1,1,3,1,0.0,0.38256096162855163,210.0,4123.0,705693818672640.0,2690422832384.0
828,question_19_aime_Qwen3-1.7B_S32,32,1,1,3,1,0.0,0.25558365954433526,189.33333333333334,2125.3333333333335,505673816129365.3,2280979826944.0
829,question_19_aime_Qwen3-1.7B_S16,16,1,1,3,1,0.0,0.24520779223387282,213.66666666666666,1516.0,368471794095701.3,1893300004437.3333
830,question_19_aime_Qwen3-1.7B_S8,8,1,1,3,1,0.0,0.164504091625399,208.66666666666666,1149.3333333333333,366139498016768.0,2069992290986.6667
831,question_19_aime_Qwen3-1.7B_S4,4,1,1,3,1,0.0,0.06742646325055622,205.33333333333334,379.3333333333333,282808331915946.7,1670621772885.3333
832,question_19_aime_Qwen3-1.7B_S2,2,1,1,3,1,0.0,0.08113581135194343,240.66666666666666,484.0,225710236802474.66,1363256353536.0
833,question_19_aime_Qwen3-1.7B_S1,1,1,1,3,1,0.0,0.07263621039676717,281.3333333333333,281.3333333333333,198572365169920.0,1204844389802.6667
834,question_19_aime_Qwen3-0.6B_S64,64,1,1,3,1,0.0,0.22086502751025158,225.0,5198.0,680854214818304.0,1559828280320.0
835,question_19_aime_Qwen3-0.6B_S32,32,1,1,3,1,0.0,0.22086502751025158,225.0,2546.6666666666665,414269642697728.0,1218216550741.3333
836,question_19_aime_Qwen3-0.6B_S16,16,1,1,3,1,0.0,0.13799287566414156,193.66666666666666,983.3333333333334,271575016989184.0,997910144682.6666
837,question_19_aime_Qwen3-0.6B_S8,8,1,1,3,1,0.0,0.14340885005306933,202.66666666666666,708.3333333333334,201413029295786.66,873777451178.6666
838,question_19_aime_Qwen3-0.6B_S4,4,1,1,3,1,0.0,0.16622602206604734,223.66666666666666,663.0,153322157289472.0,756641921536.0
839,question_19_aime_Qwen3-0.6B_S2,2,1,1,3,1,0.0,0.18381583203668625,296.0,519.3333333333334,104239262843904.0,547184618666.6667
840,question_19_aime_Qwen3-0.6B_S1,1,1,1,3,1,0.0,0.1388086281381077,290.3333333333333,290.3333333333333,88515847549610.67,488589923498.6667
841,question_20_aime_Qwen3-32B_S64,64,1,1,3,1,0.0,0.4688617554179242,925.0,1997.0,3.610912598764288e+16,206063848855040.0
842,question_20_aime_Qwen3-32B_S32,32,1,1,3,1,0.0,0.5693190382980313,908.6666666666666,2224.3333333333335,3.1575108611102548e+16,188506127664810.66
843,question_20_aime_Qwen3-32B_S16,16,1,1,3,1,0.0,0.7176266810873221,849.6666666666666,2992.3333333333335,3.2185727105967788e+16,197380243219626.66
844,question_20_aime_Qwen3-32B_S8,8,1,1,3,1,0.0,0.6312153037010071,741.6666666666666,1969.6666666666667,2.3812142613875884e+16,148141055541589.34
845,question_20_aime_Qwen3-32B_S4,4,1,1,3,1,0.0,0.65252869415289,900.3333333333334,1848.0,2.1927345552526336e+16,137700834422101.33
846,question_20_aime_Qwen3-32B_S2,2,1,1,3,1,0.0,0.4297622332835558,1011.3333333333334,1011.3333333333334,1.5294634040316246e+16,96825882108245.33
847,question_20_aime_Qwen3-32B_S1,1,1,1,3,1,0.0,0.42513642921398365,1082.3333333333333,1082.3333333333333,1.1520843172470954e+16,73139965664085.33
848,question_20_aime_Qwen3-14B_S64,64,1,1,3,1,0.0,0.5400038417409729,905.0,1247.0,1.1122956115454208e+16,62140827194880.0
849,question_20_aime_Qwen3-14B_S32,32,1,1,3,1,0.0,0.380471373074781,728.6666666666666,1146.0,9748449567856042.0,56940934444629.336
850,question_20_aime_Qwen3-14B_S16,16,1,1,3,1,0.0,0.2641087252020245,730.3333333333334,730.3333333333334,9564893393595562.0,57817144883200.0
851,question_20_aime_Qwen3-14B_S8,8,1,1,3,1,0.0,0.4367370092849659,1201.0,1533.6666666666667,1.1946359462791594e+16,73715817782613.33
852,question_20_aime_Qwen3-14B_S4,4,1,1,3,1,0.0,0.7722095913282357,861.6666666666666,1194.3333333333333,7469074026385323.0,46397902647381.336
853,question_20_aime_Qwen3-14B_S2,2,1,1,3,1,0.0,0.5025359637630146,1032.6666666666667,1032.6666666666667,7540384565581312.0,47409497908309.336
854,question_20_aime_Qwen3-14B_S1,1,1,1,3,1,0.0,0.41202042382008064,808.0,808.0,4121730883084970.5,26091472170240.0
855,question_20_aime_Qwen3-8B_S64,64,1,1,3,1,0.0,0.5301420501316318,1062.0,2417.0,2.005237722852992e+16,101125060488448.0
856,question_20_aime_Qwen3-8B_S32,32,1,1,3,1,0.0,0.5301420501316318,1062.0,1513.6666666666667,1.606880931750127e+16,89249942459562.67
857,question_20_aime_Qwen3-8B_S16,16,1,1,3,1,0.0,0.5768088681195628,1254.0,2130.3333333333335,1.4643167055734698e+16,84996426607872.0
858,question_20_aime_Qwen3-8B_S8,8,1,1,3,1,0.0,0.5438794849098157,1287.6666666666667,1287.6666666666667,9903762990771200.0,58876527059029.336
859,question_20_aime_Qwen3-8B_S4,4,1,1,3,1,0.0,0.5775616339857641,1408.3333333333333,2246.6666666666665,1.0170949074999382e+16,62027080913408.0
860,question_20_aime_Qwen3-8B_S2,2,1,1,3,1,0.0,0.5109190395954343,2085.0,3337.6666666666665,8653509072420608.0,52704712899925.336
861,question_20_aime_Qwen3-8B_S1,1,1,1,3,1,0.0,0.15640709655792617,3231.6666666666665,3231.6666666666665,8650271350796800.0,53712024277930.664
862,question_20_aime_Qwen3-4B_S64,64,1,1,3,1,0.0,0.759992420940614,1361.0,6203.0,1.1478003037474304e+16,49598001922048.0
863,question_20_aime_Qwen3-4B_S32,32,1,1,3,1,0.0,0.738686757537073,1401.6666666666667,7289.666666666667,9457547185954986.0,45488651342848.0
864,question_20_aime_Qwen3-4B_S16,16,1,1,3,1,0.0,0.43384598398087393,1128.6666666666667,3461.6666666666665,6466380001261056.0,34341197541205.332
865,question_20_aime_Qwen3-4B_S8,8,1,1,3,1,0.0,0.6151478755563805,1043.3333333333333,2369.0,5232809296679595.0,28994766898517.332
866,question_20_aime_Qwen3-4B_S4,4,1,1,3,1,0.0,0.2868925746500967,2054.3333333333335,2526.3333333333335,5159871791613611.0,30467073123669.332
867,question_20_aime_Qwen3-4B_S2,2,1,1,3,1,0.0,0.23671365918169684,2037.0,2037.0,3456212739651242.5,21011532811264.0
868,question_20_aime_Qwen3-4B_S1,1,1,1,3,1,0.0,0.05089625977256107,3876.6666666666665,3876.6666666666665,5297384600813909.0,32068450952533.332
869,question_20_aime_Qwen3-1.7B_S64,64,1,1,3,1,0.0,0.3778823609220651,209.0,3501.0,752674125355264.0,3229147149312.0
870,question_20_aime_Qwen3-1.7B_S32,32,1,1,3,1,0.0,0.3778823609220651,209.0,2106.3333333333335,520506203473834.7,2580937007189.3335
871,question_20_aime_Qwen3-1.7B_S16,16,1,1,3,1,0.0,0.24740677251559282,155.0,698.3333333333334,360099784930218.7,1916639827200.0
872,question_20_aime_Qwen3-1.7B_S8,8,1,1,3,1,0.0,0.14477526112073844,85.0,466.0,292954389659904.0,1674907272192.0
873,question_20_aime_Qwen3-1.7B_S4,4,1,1,3,1,0.0,0.16358369537749687,163.33333333333334,363.6666666666667,332879295799381.3,1972371300181.3333
874,question_20_aime_Qwen3-1.7B_S2,2,1,1,3,1,0.0,0.1130916668184296,119.0,119.0,191773272667648.0,1183268544938.6667
875,question_20_aime_Qwen3-1.7B_S1,1,1,1,3,1,0.0,0.10953205201066452,219.0,219.0,152132440793088.0,931955441237.3334
876,question_20_aime_Qwen3-0.6B_S64,64,1,1,3,1,0.0,0.276577292843018,166.0,288.0,468858229017600.0,1519320999424.0
877,question_20_aime_Qwen3-0.6B_S32,32,1,1,3,1,0.0,0.18438486189534534,110.66666666666667,151.33333333333334,295665030420650.7,1161369802240.0
878,question_20_aime_Qwen3-0.6B_S16,16,1,1,3,1,0.0,0.0,0.0,0.0,196527612238848.0,891917198165.3334
879,question_20_aime_Qwen3-0.6B_S8,8,1,1,3,1,0.0,0.1318737668663736,178.33333333333334,263.0,159354732524032.0,783528070485.3334
880,question_20_aime_Qwen3-0.6B_S4,4,1,1,3,1,0.0,0.1268382589102086,115.66666666666667,156.33333333333334,101280332023808.0,539441037312.0
881,question_20_aime_Qwen3-0.6B_S2,2,1,1,3,1,0.0,0.15456733704486036,261.3333333333333,494.3333333333333,139628284771669.33,747713129301.3334
882,question_20_aime_Qwen3-0.6B_S1,1,1,1,3,1,0.0,0.13991618925719598,253.66666666666666,253.66666666666666,90597352873130.67,524491507882.6667
883,question_21_aime_Qwen3-32B_S64,64,1,1,3,1,0.0,0.4218243276007812,518.0,2132.0,3.091382947342797e+16,174718406380544.0
884,question_21_aime_Qwen3-32B_S32,32,1,1,3,1,0.0,0.3192222889699944,666.0,2934.3333333333335,2.9282779019369812e+16,173450397904042.66
885,question_21_aime_Qwen3-32B_S16,16,1,1,3,1,0.0,0.40662172807110636,1135.3333333333333,2225.6666666666665,3.747559820379068e+16,228752988225706.66
886,question_21_aime_Qwen3-32B_S8,8,1,1,3,1,0.0,0.14938837117665535,1080.6666666666667,1080.6666666666667,2.6945376786925396e+16,167610977703936.0
887,question_21_aime_Qwen3-32B_S4,4,1,1,3,1,0.0,0.271895037394367,1359.6666666666667,2377.6666666666665,2.6675546535161172e+16,167690831379626.66
888,question_21_aime_Qwen3-32B_S2,2,1,1,3,1,0.0,0.24989236244223548,1516.3333333333333,1516.3333333333333,2.7735844388258304e+16,174840778482517.34
889,question_21_aime_Qwen3-32B_S1,1,1,1,3,1,0.0,0.2789509516933346,1885.0,1885.0,1.976564668590558e+16,125024006881450.67
890,question_21_aime_Qwen3-14B_S64,64,1,1,3,1,0.0,0.311907268709506,1385.0,7745.0,2.8761494579271424e+16,152169535350272.0
891,question_21_aime_Qwen3-14B_S32,32,1,1,3,1,0.0,0.311907268709506,1385.0,4734.0,2.3020549253400404e+16,130991202471082.67
892,question_21_aime_Qwen3-14B_S16,16,1,1,3,1,0.0,0.26270544533397666,1443.0,3565.6666666666665,1.833124552210338e+16,108773005491029.33
893,question_21_aime_Qwen3-14B_S8,8,1,1,3,1,0.0,0.32829423391902374,1410.6666666666667,3058.6666666666665,1.847959893061709e+16,112659940782165.33
894,question_21_aime_Qwen3-14B_S4,4,1,1,3,1,0.0,0.2883544527968483,1432.0,1995.6666666666667,1.3554815409899776e+16,84235276160682.67
895,question_21_aime_Qwen3-14B_S2,2,1,1,3,1,0.0,0.33685009886354633,1975.3333333333333,2820.3333333333335,1.555729778187247e+16,97028271056469.33
896,question_21_aime_Qwen3-14B_S1,1,1,1,3,1,0.0,0.14364339317690555,1936.3333333333333,1936.3333333333333,9363679806494890.0,58773851884202.664
897,question_21_aime_Qwen3-8B_S64,64,1,1,3,1,0.0,0.2677531877835133,704.0,1729.0,2.32957061587776e+16,114244558091520.0
898,question_21_aime_Qwen3-8B_S32,32,1,1,3,1,0.0,0.2677531877835133,704.0,1387.3333333333333,1.787850951850863e+16,97216615991978.67
899,question_21_aime_Qwen3-8B_S16,16,1,1,3,1,0.0,0.39999928887547864,1275.0,2420.6666666666665,1.7492535133750102e+16,100302549508949.33
900,question_21_aime_Qwen3-8B_S8,8,1,1,3,1,0.0,0.31277976719198214,1730.3333333333333,3028.6666666666665,1.667241308803601e+16,98370723200085.33
901,question_21_aime_Qwen3-8B_S4,4,1,1,3,1,0.0,0.3822373405366835,1739.6666666666667,5052.0,1.2998147718519978e+16,79582539217493.33
902,question_21_aime_Qwen3-8B_S2,2,1,1,3,1,0.0,0.284913653057239,3305.3333333333335,4571.333333333333,1.561219044271121e+16,95528031383637.33
903,question_21_aime_Qwen3-8B_S1,1,1,1,3,1,0.0,0.14763608956343757,3420.3333333333335,3420.3333333333335,9241173530050390.0,56876682172245.336
904,question_21_aime_Qwen3-4B_S64,64,1,1,3,1,0.0,0.4820633976621375,1237.0,18956.0,1.4905503630043136e+16,65034852018176.0
905,question_21_aime_Qwen3-4B_S32,32,1,1,3,1,0.0,0.47928667197280106,1147.3333333333333,10495.333333333334,1.1925121051136512e+16,59609692769962.664
906,question_21_aime_Qwen3-4B_S16,16,1,1,3,1,0.0,0.42926328046042667,1004.3333333333334,4486.0,7983732064882859.0,43635335372970.664
907,question_21_aime_Qwen3-4B_S8,8,1,1,3,1,0.0,0.30677329090030464,1266.3333333333333,3898.6666666666665,5699497993895936.0,32609681412778.668
908,question_21_aime_Qwen3-4B_S4,4,1,1,3,1,0.0,0.28014442649718563,1265.0,1755.6666666666667,4742004983783253.0,28137099923114.668
909,question_21_aime_Qwen3-4B_S2,2,1,1,3,1,0.0,0.28304247617777245,1696.0,2124.0,3590763397320192.0,21652302621184.0
910,question_21_aime_Qwen3-4B_S1,1,1,1,3,1,0.0,0.3071591986163093,2152.3333333333335,2152.3333333333335,2957358789017429.5,17780627365717.332
911,question_21_aime_Qwen3-1.7B_S64,64,1,1,3,1,0.0,0.2793718878956228,306.0,2984.0,1234987834081792.0,5380267619328.0
912,question_21_aime_Qwen3-1.7B_S32,32,1,1,3,1,0.0,0.24352818521737454,294.0,2215.0,1019806942549845.4,5119460184234.667
913,question_21_aime_Qwen3-1.7B_S16,16,1,1,3,1,0.0,0.17623554482744927,263.6666666666667,1745.0,878680567904682.6,4783014156629.333
914,question_21_aime_Qwen3-1.7B_S8,8,1,1,3,1,0.0,0.09843480292371032,254.33333333333334,969.6666666666666,650533664097706.6,3785078101504.0
915,question_21_aime_Qwen3-1.7B_S4,4,1,1,3,1,0.0,0.16531751276630888,580.6666666666666,1632.0,595703455125333.4,3453409482581.3335
916,question_21_aime_Qwen3-1.7B_S2,2,1,1,3,1,0.0,0.14349330396300178,407.6666666666667,581.0,478153307318698.7,2924638114645.3335
917,question_21_aime_Qwen3-1.7B_S1,1,1,1,3,1,0.0,0.04495464456845607,427.3333333333333,427.3333333333333,289273929017173.3,1791980399104.0
918,question_21_aime_Qwen3-0.6B_S64,64,1,1,3,1,0.0,0.03264320884012537,34.0,694.0,682542404595712.0,2206747604992.0
919,question_21_aime_Qwen3-0.6B_S32,32,1,1,3,1,0.0,0.04090508757000818,130.0,436.0,477282063427584.0,1782064942762.6667
920,question_21_aime_Qwen3-0.6B_S16,16,1,1,3,1,0.0,0.030109554395812404,257.6666666666667,693.3333333333334,314279626321237.3,1274511164074.6667
921,question_21_aime_Qwen3-0.6B_S8,8,1,1,3,1,0.0,0.06876667016430528,265.3333333333333,754.6666666666666,303832229577557.3,1501303802368.0
922,question_21_aime_Qwen3-0.6B_S4,4,1,1,3,1,0.0,0.055038892209438445,293.0,383.3333333333333,195018569165141.34,1037030058496.0
923,question_21_aime_Qwen3-0.6B_S2,2,1,1,3,1,0.0,0.022102399244217762,306.0,306.0,160349617793877.34,846019123712.0
924,question_21_aime_Qwen3-0.6B_S1,1,1,1,3,1,0.0,0.043733413495883916,462.6666666666667,462.6666666666667,134419573370368.0,758769849514.6666
925,question_22_aime_Qwen3-32B_S64,64,1,1,3,1,0.0,0.10764337182860241,519.0,4871.0,3.0012255628545024e+16,168814854750720.0
926,question_22_aime_Qwen3-32B_S32,32,1,1,3,1,0.0,0.13488525074094856,569.0,3548.0,2.3770581091613696e+16,140027206182912.0
927,question_22_aime_Qwen3-32B_S16,16,1,1,3,1,0.0,0.10756782202875831,561.0,1341.6666666666667,2.0073671175903404e+16,122099426892288.0
928,question_22_aime_Qwen3-32B_S8,8,1,1,3,1,0.0,0.10195786104433656,500.3333333333333,1312.3333333333333,1.3400713076310358e+16,82857267133269.33
929,question_22_aime_Qwen3-32B_S4,4,1,1,3,1,0.0,0.09284798673671814,472.6666666666667,618.0,1.3080235065325226e+16,82123323202901.33
930,question_22_aime_Qwen3-32B_S2,2,1,1,3,1,0.0,0.07964213785356945,671.3333333333334,900.0,1.1639541991727274e+16,73584261970944.0
931,question_22_aime_Qwen3-32B_S1,1,1,1,3,1,0.0,0.06953484341474941,629.0,629.0,6646735183481344.0,42154424104277.336
932,question_22_aime_Qwen3-14B_S64,64,1,1,3,1,0.0,0.36066371138024117,771.0,1741.0,1.5245581355103232e+16,86901692582912.0
933,question_22_aime_Qwen3-14B_S32,32,1,1,3,1,0.0,0.21365837504145835,691.6666666666666,1977.3333333333333,1.4154469693254314e+16,83466683374848.0
934,question_22_aime_Qwen3-14B_S16,16,1,1,3,1,0.0,0.2275112633758565,824.6666666666666,2019.0,1.136141126593297e+16,68839848021248.0
935,question_22_aime_Qwen3-14B_S8,8,1,1,3,1,0.0,0.3691084824270021,1302.6666666666667,2529.0,1.3430009943960662e+16,81179297453738.67
936,question_22_aime_Qwen3-14B_S4,4,1,1,3,1,0.0,0.22168881759902423,1110.0,2277.6666666666665,1.1982810886066346e+16,74563532890965.33
937,question_22_aime_Qwen3-14B_S2,2,1,1,3,1,0.0,0.14661180381956895,1367.0,1367.0,1.100386295695889e+16,68885895166293.336
938,question_22_aime_Qwen3-14B_S1,1,1,1,3,1,0.0,0.430966379906171,1884.0,1884.0,8987828539576917.0,56349217902762.664
939,question_22_aime_Qwen3-8B_S64,64,1,1,3,1,0.0,0.29338398197387044,945.0,3046.0,1.4129154090024704e+16,61575354566912.0
940,question_22_aime_Qwen3-8B_S32,32,1,1,3,1,0.0,0.1543090443699232,716.6666666666666,2291.3333333333335,1.1055434296046336e+16,55283511986005.336
941,question_22_aime_Qwen3-8B_S16,16,1,1,3,1,0.0,0.2321822826157126,832.3333333333334,2640.6666666666665,9744674379230550.0,52950786044586.664
942,question_22_aime_Qwen3-8B_S8,8,1,1,3,1,0.0,0.34822947087467576,1324.0,2653.3333333333335,1.2905342215356502e+16,72049673875114.67
943,question_22_aime_Qwen3-8B_S4,4,1,1,3,1,0.0,0.29615174317313914,1646.0,2693.6666666666665,1.0863591184309162e+16,63793731875413.336
944,question_22_aime_Qwen3-8B_S2,2,1,1,3,1,0.0,0.2307603550060082,917.6666666666666,917.6666666666666,4700431909197141.0,29017663866197.332
945,question_22_aime_Qwen3-8B_S1,1,1,1,3,1,0.0,0.1822883934889198,1877.6666666666667,1877.6666666666667,5136065867702187.0,31287912980650.668
946,question_22_aime_Qwen3-4B_S64,64,1,1,3,1,0.0,0.2584026690100664,659.0,1143.0,5583032920565760.0,21323093924352.0
947,question_22_aime_Qwen3-4B_S32,32,1,1,3,1,0.0,0.17266108420305046,641.0,1254.3333333333333,5747566463556437.0,25851914402474.668
948,question_22_aime_Qwen3-4B_S16,16,1,1,3,1,0.0,0.1603253501555464,712.0,1018.6666666666666,4883936385425920.0,24393320331605.332
949,question_22_aime_Qwen3-4B_S8,8,1,1,3,1,0.0,0.1964302398461596,686.3333333333334,993.0,3036565091301717.5,16526501635242.666
950,question_22_aime_Qwen3-4B_S4,4,1,1,3,1,0.0,0.17179886592719484,827.0,1108.0,2479647951600298.5,14308202496341.334
951,question_22_aime_Qwen3-4B_S2,2,1,1,3,1,0.0,0.1187843076851209,2075.6666666666665,3267.0,4718472647772672.0,25770392113152.0
952,question_22_aime_Qwen3-4B_S1,1,1,1,3,1,0.0,0.2683715986586882,1231.0,1231.0,1718236877939370.8,10210849994240.0
953,question_22_aime_Qwen3-1.7B_S64,64,1,1,3,1,0.0,0.14904409370189162,230.0,2323.0,593504055726848.0,2387659006208.0
954,question_22_aime_Qwen3-1.7B_S32,32,1,1,3,1,0.0,0.10187192133014923,139.66666666666666,1209.6666666666667,397580172025941.3,1855981440170.6667
955,question_22_aime_Qwen3-1.7B_S16,16,1,1,3,1,0.0,0.07699281192190095,153.0,858.0,359938680815018.7,1919303806037.3333
956,question_22_aime_Qwen3-1.7B_S8,8,1,1,3,1,0.0,0.21792377925431947,212.0,578.3333333333334,306014605379840.0,1728731607978.6667
957,question_22_aime_Qwen3-1.7B_S4,4,1,1,3,1,0.0,0.09080587444159154,178.0,429.3333333333333,237386214345130.66,1390749501269.3333
958,question_22_aime_Qwen3-1.7B_S2,2,1,1,3,1,0.0,0.21139508511913307,287.0,358.6666666666667,362589093781077.3,2161753307392.0
959,question_22_aime_Qwen3-1.7B_S1,1,1,1,3,1,0.0,0.07383407438100979,363.0,363.0,256843824157610.66,1538724075690.6667
960,question_22_aime_Qwen3-0.6B_S64,64,1,1,3,1,0.0,0.15006877850015224,109.0,3025.0,493262270991872.0,1378972626432.0
961,question_22_aime_Qwen3-0.6B_S32,32,1,1,3,1,0.0,0.10582901116133453,126.0,2245.6666666666665,307733156838912.0,1001054527146.6666
962,question_22_aime_Qwen3-0.6B_S16,16,1,1,3,1,0.0,0.24076073625532257,172.33333333333334,756.6666666666666,204645166797994.66,817269808810.6666
963,question_22_aime_Qwen3-0.6B_S8,8,1,1,3,1,0.0,0.09905003477874592,132.33333333333334,751.3333333333334,138361908992000.0,632690910378.6666
964,question_22_aime_Qwen3-0.6B_S4,4,1,1,3,1,0.0,0.08771094557930405,163.0,482.3333333333333,116568137953962.67,605633347413.3334
965,question_22_aime_Qwen3-0.6B_S2,2,1,1,3,1,0.0,0.05410376475864485,171.66666666666666,227.0,93506751460352.0,493411871232.0
966,question_22_aime_Qwen3-0.6B_S1,1,1,1,3,1,0.0,0.09127730387829253,222.33333333333334,222.33333333333334,67275516390570.664,370333594624.0
967,question_23_aime_Qwen3-32B_S64,64,1,1,3,1,0.0,0.5,611.0,1070.0,2.074831490592768e+16,111488273712128.0
968,question_23_aime_Qwen3-32B_S32,32,1,1,3,1,0.0,0.5,560.3333333333334,560.3333333333334,1.6334548323593046e+16,93984629085866.67
969,question_23_aime_Qwen3-32B_S16,16,1,1,3,1,0.0,0.5,865.3333333333334,2009.0,2.427816412970701e+16,146508590387029.34
970,question_23_aime_Qwen3-32B_S8,8,1,1,3,1,0.0,0.5,744.0,1530.3333333333333,2.5200798764193452e+16,155634705021269.34
971,question_23_aime_Qwen3-32B_S4,4,1,1,3,1,0.0,0.5,890.6666666666666,1239.0,2.009348072984542e+16,125641088564906.67
972,question_23_aime_Qwen3-32B_S2,2,1,1,3,1,0.0,0.5,1000.3333333333334,1000.3333333333334,1.696891983045632e+16,106913274684586.67
973,question_23_aime_Qwen3-32B_S1,1,1,1,3,1,0.0,0.5,1125.0,1125.0,1.175595228178705e+16,74275141067093.33
974,question_23_aime_Qwen3-14B_S64,64,1,1,3,1,0.0,0.5,877.0,877.0,1.4363602059037952e+16,87355980431104.0
975,question_23_aime_Qwen3-14B_S32,32,1,1,3,1,0.0,0.5,660.6666666666666,1247.6666666666667,9772522485533696.0,56742556019370.664
976,question_23_aime_Qwen3-14B_S16,16,1,1,3,1,0.0,0.5,700.0,2716.3333333333335,9697404073311062.0,56184225295616.0
977,question_23_aime_Qwen3-14B_S8,8,1,1,3,1,0.0,0.5,736.0,1323.3333333333333,8219278677303381.0,49767373941333.336
978,question_23_aime_Qwen3-14B_S4,4,1,1,3,1,0.0,0.5,679.3333333333334,961.3333333333334,6099226462233856.0,37756568203690.664
979,question_23_aime_Qwen3-14B_S2,2,1,1,3,1,0.0,0.5,885.0,1187.6666666666667,8478577665375403.0,53513104638890.664
980,question_23_aime_Qwen3-14B_S1,1,1,1,3,1,0.0,0.5,1094.0,1094.0,5242002900288597.0,32878268049834.668
981,question_23_aime_Qwen3-8B_S64,64,1,1,3,1,0.0,0.5,498.0,4428.0,1.16869927905152e+16,53510264535808.0
982,question_23_aime_Qwen3-8B_S32,32,1,1,3,1,0.0,0.5,760.0,4219.333333333333,9644632924706304.0,49996354782976.0
983,question_23_aime_Qwen3-8B_S16,16,1,1,3,1,0.0,0.5,530.0,3260.6666666666665,7285773416962219.0,40623647168597.336
984,question_23_aime_Qwen3-8B_S8,8,1,1,3,1,0.0,0.5,702.6666666666666,2381.0,7703133082524587.0,45415677261653.336
985,question_23_aime_Qwen3-8B_S4,4,1,1,3,1,0.0,0.5,699.0,1169.6666666666667,4462945361105066.5,27112766931626.668
986,question_23_aime_Qwen3-8B_S2,2,1,1,3,1,0.0,0.5,780.3333333333334,780.3333333333334,3887582338110976.0,23786036615424.0
987,question_23_aime_Qwen3-8B_S1,1,1,1,3,1,0.0,0.5,1548.6666666666667,1548.6666666666667,4193331573400064.0,25785783465984.0
988,question_23_aime_Qwen3-4B_S64,64,1,1,3,1,0.0,0.5,420.6666666666667,1761.0,5439267361605120.0,20573377883648.0
989,question_23_aime_Qwen3-4B_S32,32,1,1,3,1,0.0,0.5,448.6666666666667,2766.3333333333335,4018036716755456.0,17433947433813.334
990,question_23_aime_Qwen3-4B_S16,16,1,1,3,1,0.0,0.5,429.6666666666667,1938.3333333333333,3144892829626538.5,15783690317482.666
991,question_23_aime_Qwen3-4B_S8,8,1,1,3,1,0.0,0.5,563.3333333333334,1465.3333333333333,2504542500097706.5,13750950191616.0
992,question_23_aime_Qwen3-4B_S4,4,1,1,3,1,0.0,0.5,1031.0,2277.0,2916894370575872.0,16489895132672.0
993,question_23_aime_Qwen3-4B_S2,2,1,1,3,1,0.0,0.5,1173.0,2308.0,2742739384556885.5,16055778163882.666
994,question_23_aime_Qwen3-4B_S1,1,1,1,3,1,0.0,0.5,1028.0,1028.0,1413205131311445.2,8503498958848.0
995,question_23_aime_Qwen3-1.7B_S64,64,1,1,3,1,0.0,0.5,112.33333333333333,1959.0,655964130981376.0,2527518072576.0
996,question_23_aime_Qwen3-1.7B_S32,32,1,1,3,1,0.0,0.5,119.33333333333333,908.0,470133367112192.0,2181435590656.0
997,question_23_aime_Qwen3-1.7B_S16,16,1,1,3,1,0.0,0.5,109.33333333333333,610.3333333333334,385872604272810.7,2005650995114.6667
998,question_23_aime_Qwen3-1.7B_S8,8,1,1,3,1,0.0,0.5,137.33333333333334,436.6666666666667,297356764096597.3,1682238307754.6667
999,question_23_aime_Qwen3-1.7B_S4,4,1,1,3,1,0.0,0.5,165.66666666666666,232.0,315012622546346.7,1824552466090.6667
1000,question_23_aime_Qwen3-1.7B_S2,2,1,1,3,1,0.0,0.5,164.33333333333334,261.3333333333333,266163052064000.0,1605662110976.0
1001,question_23_aime_Qwen3-1.7B_S1,1,1,1,3,1,0.0,0.5,408.6666666666667,408.6666666666667,291684308088917.3,1739007990869.3333
1002,question_23_aime_Qwen3-0.6B_S64,64,1,1,3,1,0.0,0.5,259.0,5267.0,858153115054080.0,2188453123072.0
1003,question_23_aime_Qwen3-0.6B_S32,32,1,1,3,1,0.0,0.5,225.33333333333334,3310.6666666666665,520015895025493.3,1704993222997.3333
1004,question_23_aime_Qwen3-0.6B_S16,16,1,1,3,1,0.0,0.5,194.66666666666666,1519.0,341300844302336.0,1349394254848.0
1005,question_23_aime_Qwen3-0.6B_S8,8,1,1,3,1,0.0,0.5,262.3333333333333,633.6666666666666,234859392529920.0,1048202429098.6666
1006,question_23_aime_Qwen3-0.6B_S4,4,1,1,3,1,0.0,0.5,332.3333333333333,480.0,202485720422912.0,1020256480597.3334
1007,question_23_aime_Qwen3-0.6B_S2,2,1,1,3,1,0.0,0.5,281.3333333333333,365.0,119384160102912.0,641535289173.3334
1008,question_23_aime_Qwen3-0.6B_S1,1,1,1,3,1,0.0,0.5,290.3333333333333,290.3333333333333,88453871884288.0,485052940458.6667
1009,question_24_aime_Qwen3-32B_S64,64,1,1,3,1,0.0,0.4239085813172265,341.0,341.0,1.29368546050176e+16,72707746992128.0
1010,question_24_aime_Qwen3-32B_S32,32,1,1,3,1,0.0,0.4239085813172265,341.0,341.0,9853144241555798.0,58235040062122.664
1011,question_24_aime_Qwen3-32B_S16,16,1,1,3,1,0.0,0.44859678253092766,389.6666666666667,521.6666666666666,1.0386517490423126e+16,63354937927168.0
1012,question_24_aime_Qwen3-32B_S8,8,1,1,3,1,0.0,0.5359867806946007,491.6666666666667,769.3333333333334,1.4930363976592042e+16,93243986468693.33
1013,question_24_aime_Qwen3-32B_S4,4,1,1,3,1,0.0,0.5103521043781015,1056.3333333333333,2152.6666666666665,1.9105272454630228e+16,119800922370048.0
1014,question_24_aime_Qwen3-32B_S2,2,1,1,3,1,0.0,0.2786954773509155,1633.6666666666667,1633.6666666666667,1.9362310514274132e+16,122599279257770.67
1015,question_24_aime_Qwen3-32B_S1,1,1,1,3,1,0.0,0.2617454131735299,1336.6666666666667,1336.6666666666667,1.4038203570366976e+16,88507525591381.33
1016,question_24_aime_Qwen3-14B_S64,64,1,1,3,1,0.0,0.08163002068717555,84.0,84.0,1.7890816855866624e+16,109588780019456.0
1017,question_24_aime_Qwen3-14B_S32,32,1,1,3,1,0.0,0.027210006895725183,28.0,28.0,1.1791533709806166e+16,72659101885440.0
1018,question_24_aime_Qwen3-14B_S16,16,1,1,3,1,0.0,0.15173042810573253,276.6666666666667,2126.3333333333335,1.2970455408338944e+16,80548479934037.33
1019,question_24_aime_Qwen3-14B_S8,8,1,1,3,1,0.0,0.23122384492068726,491.3333333333333,1096.6666666666667,8869193077316864.0,55323749344512.0
1020,question_24_aime_Qwen3-14B_S4,4,1,1,3,1,0.0,0.36946427536238735,1040.3333333333333,2179.3333333333335,9628822552911018.0,59716934594389.336
1021,question_24_aime_Qwen3-14B_S2,2,1,1,3,1,0.0,0.5129679140271514,877.0,1674.3333333333333,6931082355019520.0,43337748275114.664
1022,question_24_aime_Qwen3-14B_S1,1,1,1,3,1,0.0,0.1846956343716496,1306.0,1306.0,6312229104064000.0,39907592791210.664
1023,question_24_aime_Qwen3-8B_S64,64,1,1,3,1,0.0,0.4489286905843655,419.0,2085.0,6110539059012096.0,27963734433792.0
1024,question_24_aime_Qwen3-8B_S32,32,1,1,3,1,0.0,0.25533234226948415,345.6666666666667,798.0,4783587617522859.0,24832384516522.668
1025,question_24_aime_Qwen3-8B_S16,16,1,1,3,1,0.0,0.2413045082117292,616.6666666666666,616.6666666666666,5705974879676928.0,31699172922197.332
1026,question_24_aime_Qwen3-8B_S8,8,1,1,3,1,0.0,0.24752174424604848,656.3333333333334,1020.6666666666666,5326052817764011.0,31164141311232.0
1027,question_24_aime_Qwen3-8B_S4,4,1,1,3,1,0.0,0.2969411334131081,1275.6666666666667,4258.666666666667,8970398146592000.0,53192357397248.0
1028,question_24_aime_Qwen3-8B_S2,2,1,1,3,1,0.0,0.47822754410600493,1295.6666666666667,2489.0,5679236615784363.0,34673382079829.332
1029,question_24_aime_Qwen3-8B_S1,1,1,1,3,1,0.0,0.2323403855830808,1565.3333333333333,1565.3333333333333,4220737532690261.5,26064387913557.332
1030,question_24_aime_Qwen3-4B_S64,64,1,1,3,1,0.0,0.5990062687219211,362.0,1194.0,3401470677757440.0,12880334517760.0
1031,question_24_aime_Qwen3-4B_S32,32,1,1,3,1,0.0,0.6750701132557161,646.0,2586.0,3441033539921408.0,15324888963584.0
1032,question_24_aime_Qwen3-4B_S16,16,1,1,3,1,0.0,0.6617002436594532,749.6666666666666,2007.3333333333333,3017318537662976.0,14877461108736.0
1033,question_24_aime_Qwen3-4B_S8,8,1,1,3,1,0.0,0.38348152953964526,574.6666666666666,936.0,2489910097587712.0,13620094175232.0
1034,question_24_aime_Qwen3-4B_S4,4,1,1,3,1,0.0,0.3105093405980323,1016.0,1016.0,2396799424603989.5,13886405183317.334
1035,question_24_aime_Qwen3-4B_S2,2,1,1,3,1,0.0,0.10790585086049516,2364.6666666666665,2364.6666666666665,4886721544337067.0,27228979685546.668
1036,question_24_aime_Qwen3-4B_S1,1,1,1,3,1,0.0,0.4356683184198,1486.0,1486.0,2079736630562474.8,12345824081408.0
1037,question_24_aime_Qwen3-1.7B_S64,64,1,1,3,1,0.0,0.14983518308285,126.0,924.0,630572186703872.0,2576949820928.0
1038,question_24_aime_Qwen3-1.7B_S32,32,1,1,3,1,0.0,0.17016646031409732,143.33333333333334,500.3333333333333,493986052756821.3,2372161928192.0
1039,question_24_aime_Qwen3-1.7B_S16,16,1,1,3,1,0.0,0.14983518308285,126.0,360.6666666666667,333238265722282.7,1776610125397.3333
1040,question_24_aime_Qwen3-1.7B_S8,8,1,1,3,1,0.0,0.13338956113375863,139.33333333333334,468.0,465658988681301.3,2668811065088.0
1041,question_24_aime_Qwen3-1.7B_S4,4,1,1,3,1,0.0,0.14211887988366642,361.3333333333333,886.3333333333334,510911048089344.0,3047559149226.6665
1042,question_24_aime_Qwen3-1.7B_S2,2,1,1,3,1,0.0,0.07924746372176178,464.0,544.6666666666666,490464684929109.3,2942216841386.6665
1043,question_24_aime_Qwen3-1.7B_S1,1,1,1,3,1,0.0,0.0855562206894992,1568.3333333333333,1568.3333333333333,1203084013747541.2,6699431127722.667
1044,question_24_aime_Qwen3-0.6B_S64,64,1,1,3,1,0.0,0.2829157042375819,196.0,479.0,499051395825152.0,1828306933248.0
1045,question_24_aime_Qwen3-0.6B_S32,32,1,1,3,1,0.0,0.2829157042375819,196.0,479.0,328996156882944.0,1272287253674.6667
1046,question_24_aime_Qwen3-0.6B_S16,16,1,1,3,1,0.0,0.1605889313394943,469.3333333333333,1077.0,323536112788650.7,1515782577152.0
1047,question_24_aime_Qwen3-0.6B_S8,8,1,1,3,1,0.0,0.1580191419291276,282.0,871.3333333333334,252832090727765.34,1248160219648.0
1048,question_24_aime_Qwen3-0.6B_S4,4,1,1,3,1,0.0,0.09251142218941182,282.6666666666667,664.0,208354838529706.66,1064837740373.3334
1049,question_24_aime_Qwen3-0.6B_S2,2,1,1,3,1,0.0,0.10912693664788986,321.6666666666667,321.6666666666667,136133881634645.33,749498511189.3334
1050,question_24_aime_Qwen3-0.6B_S1,1,1,1,3,1,0.0,0.02845256866659074,224.0,224.0,84476080006485.33,501721140906.6667
1051,question_25_aime_Qwen3-32B_S64,64,1,1,3,1,0.0,0.5,827.0,1694.0,2.931901293246259e+16,172158550588416.0
1052,question_25_aime_Qwen3-32B_S32,32,1,1,3,1,0.0,0.5,1035.0,4984.666666666667,2.8480044938823508e+16,172106265485312.0
1053,question_25_aime_Qwen3-32B_S16,16,1,1,3,1,0.0,0.5,867.0,867.0,2.0452612992333824e+16,126633974165845.33
1054,question_25_aime_Qwen3-32B_S8,8,1,1,3,1,0.0,0.5,980.3333333333334,1338.6666666666667,1.959381170545186e+16,122889942115840.0
1055,question_25_aime_Qwen3-32B_S4,4,1,1,3,1,0.0,0.5,838.6666666666666,1965.3333333333333,1.5563068745585322e+16,97882152659114.67
1056,question_25_aime_Qwen3-32B_S2,2,1,1,3,1,0.0,0.5,928.6666666666666,1172.6666666666667,1.2562676741279402e+16,79540309841578.67
1057,question_25_aime_Qwen3-32B_S1,1,1,1,3,1,0.0,0.5,1418.0,1418.0,1.4769682370935466e+16,93696717774506.67
1058,question_25_aime_Qwen3-14B_S64,64,1,1,3,1,0.0,0.5,1096.6666666666667,3442.0,2.057934648757376e+16,122643722370560.0
1059,question_25_aime_Qwen3-14B_S32,32,1,1,3,1,0.0,0.5,1148.3333333333333,1896.0,1.220995422172544e+16,73721686903722.67
1060,question_25_aime_Qwen3-14B_S16,16,1,1,3,1,0.0,0.5,1315.6666666666667,2723.3333333333335,1.6135298386671018e+16,98931725516202.67
1061,question_25_aime_Qwen3-14B_S8,8,1,1,3,1,0.3333333333333333,0.5,1360.3333333333333,2848.3333333333335,1.4930930922160982e+16,92322634933077.33
1062,question_25_aime_Qwen3-14B_S4,4,1,1,3,1,0.0,0.5,1777.6666666666667,3478.6666666666665,1.4152280421254998e+16,87139558814805.33
1063,question_25_aime_Qwen3-14B_S2,2,1,1,3,1,0.0,0.5,1523.0,1523.0,1.0019479035282774e+16,62571944943445.336
1064,question_25_aime_Qwen3-14B_S1,1,1,1,3,1,0.3333333333333333,0.5,2024.0,2024.0,9592368710278912.0,60481723273898.664
1065,question_25_aime_Qwen3-8B_S64,64,1,1,3,1,0.0,0.5,950.6666666666666,6106.0,1.922017681728256e+16,94353949556480.0
1066,question_25_aime_Qwen3-8B_S32,32,1,1,3,1,0.0,0.5,1291.0,7625.333333333333,1.5008516956042496e+16,79397636868778.67
1067,question_25_aime_Qwen3-8B_S16,16,1,1,3,1,0.0,0.5,1242.6666666666667,3756.3333333333335,1.2450342440589568e+16,71179763058944.0
1068,question_25_aime_Qwen3-8B_S8,8,1,1,3,1,0.0,0.5,1065.0,4197.0,1.0526400554246058e+16,62662166195370.664
1069,question_25_aime_Qwen3-8B_S4,4,1,1,3,1,0.0,0.5,1380.6666666666667,3026.0,9574365837429162.0,57807727631786.664
1070,question_25_aime_Qwen3-8B_S2,2,1,1,3,1,0.0,0.5,1544.0,1544.0,7180183193242880.0,44299148004949.336
1071,question_25_aime_Qwen3-8B_S1,1,1,1,3,1,0.0,0.5,1524.6666666666667,1524.6666666666667,4092363877177258.5,25377220365824.0
1072,question_25_aime_Qwen3-4B_S64,64,1,1,3,1,0.0,0.5,778.0,1535.0,6972988679448064.0,27406576401920.0
1073,question_25_aime_Qwen3-4B_S32,32,1,1,3,1,0.0,0.5,852.3333333333334,2440.6666666666665,6676412156018176.0,31276804314112.0
1074,question_25_aime_Qwen3-4B_S16,16,1,1,3,1,0.0,0.5,916.3333333333334,4207.333333333333,6364918651988821.0,33273707496960.0
1075,question_25_aime_Qwen3-4B_S8,8,1,1,3,1,0.0,0.5,1127.0,1971.3333333333333,4802733850051413.0,26806937659733.332
1076,question_25_aime_Qwen3-4B_S4,4,1,1,3,1,0.0,0.5,1367.3333333333333,3615.0,4587677163042475.0,26513430465706.668
1077,question_25_aime_Qwen3-4B_S2,2,1,1,3,1,0.0,0.5,1495.3333333333333,2239.3333333333335,3181899310363136.0,19029890569386.668
1078,question_25_aime_Qwen3-4B_S1,1,1,1,3,1,0.0,0.5,2349.3333333333335,2349.3333333333335,3268723694969856.0,19462287404544.0
1079,question_25_aime_Qwen3-1.7B_S64,64,1,1,3,1,0.0,0.5,111.33333333333333,4977.0,1185238937250816.0,6550071594752.0
1080,question_25_aime_Qwen3-1.7B_S32,32,1,1,3,1,0.0,0.5,117.0,2493.6666666666665,817070630317312.0,4686562624426.667
1081,question_25_aime_Qwen3-1.7B_S16,16,1,1,3,1,0.0,0.5,312.3333333333333,1153.6666666666667,378453306546261.3,2131914670592.0
1082,question_25_aime_Qwen3-1.7B_S8,8,1,1,3,1,0.0,0.5,90.0,363.6666666666667,195621237179050.66,1120485735936.0
1083,question_25_aime_Qwen3-1.7B_S4,4,1,1,3,1,0.0,0.5,157.33333333333334,269.6666666666667,202586206026922.66,1225621851477.3333
1084,question_25_aime_Qwen3-1.7B_S2,2,1,1,3,1,0.0,0.5,107.0,143.33333333333334,119971121278549.33,736405751722.6666
1085,question_25_aime_Qwen3-1.7B_S1,1,1,1,3,1,0.0,0.5,494.6666666666667,494.6666666666667,347154451918250.7,2107236150954.6667
1086,question_25_aime_Qwen3-0.6B_S64,64,1,1,3,1,0.0,0.5,142.33333333333334,1273.0,579637960890880.0,2293076041216.0
1087,question_25_aime_Qwen3-0.6B_S32,32,1,1,3,1,0.0,0.5,213.0,822.0,371591090875050.7,1517518606165.3333
1088,question_25_aime_Qwen3-0.6B_S16,16,1,1,3,1,0.0,0.5,250.66666666666666,1269.6666666666667,317742761277440.0,1506224454485.3333
1089,question_25_aime_Qwen3-0.6B_S8,8,1,1,3,1,0.0,0.5,441.0,1354.6666666666667,291629311527253.3,1505121713152.0
1090,question_25_aime_Qwen3-0.6B_S4,4,1,1,3,1,0.0,0.3333333333333333,250.0,538.0,162552939965269.34,858780876117.3334
1091,question_25_aime_Qwen3-0.6B_S2,2,1,1,3,1,0.0,0.5,226.0,226.0,94453915224405.33,537146330624.0
1092,question_25_aime_Qwen3-0.6B_S1,1,1,1,3,1,0.0,0.5,211.0,211.0,62868801378474.664,355380063914.6667
1093,question_26_aime_Qwen3-32B_S64,64,1,1,3,1,0.0,0.42842068073605816,1615.0,3795.0,4.086015832868557e+16,232979385267712.0
1094,question_26_aime_Qwen3-32B_S32,32,1,1,3,1,0.0,0.32953803623650696,1416.3333333333333,2732.6666666666665,3.323021419109086e+16,196903141825877.34
1095,question_26_aime_Qwen3-32B_S16,16,1,1,3,1,0.0,0.3220077966907106,1398.0,1964.0,3.703408863453833e+16,226398180650837.34
1096,question_26_aime_Qwen3-32B_S8,8,1,1,3,1,0.0,0.2794144658712114,1714.0,3457.6666666666665,3.291376053826253e+16,204103460223488.0
1097,question_26_aime_Qwen3-32B_S4,4,1,1,3,1,0.0,0.18996075946095345,1799.6666666666667,2286.0,3.06767459075171e+16,192837407313578.66
1098,question_26_aime_Qwen3-32B_S2,2,1,1,3,1,0.0,0.3179473239825302,2191.3333333333335,2722.6666666666665,3.288073717609694e+16,206968526101504.0
1099,question_26_aime_Qwen3-32B_S1,1,1,1,3,1,0.0,0.2669491170828999,1920.3333333333333,1920.3333333333333,2.0014640012535636e+16,126813435352064.0
1100,question_26_aime_Qwen3-14B_S64,64,1,1,3,1,0.0,0.06928910501064767,1204.0,4474.0,2.075534008684621e+16,122266163692032.0
1101,question_26_aime_Qwen3-14B_S32,32,1,1,3,1,0.0,0.043795923014973946,940.6666666666666,940.6666666666666,1.7984829020544768e+16,109541906768640.0
1102,question_26_aime_Qwen3-14B_S16,16,1,1,3,1,0.0,0.04139910935618279,1078.6666666666667,1078.6666666666667,1.602459558007552e+16,99749656017408.0
1103,question_26_aime_Qwen3-14B_S8,8,1,1,3,1,0.0,0.20074663101988177,2690.0,4503.0,2.3190223625167532e+16,144570874426624.0
1104,question_26_aime_Qwen3-14B_S4,4,1,1,3,1,0.0,0.04588631971741569,1261.0,1261.0,1.366536705932783e+16,86173086136832.0
1105,question_26_aime_Qwen3-14B_S2,2,1,1,3,1,0.0,0.3793353918392552,1565.3333333333333,2555.6666666666665,1.1567810943781376e+16,73111291155285.33
1106,question_26_aime_Qwen3-14B_S1,1,1,1,3,1,0.0,0.139674002320431,1486.6666666666667,1486.6666666666667,1.0176667465780138e+16,64187562429269.336
1107,question_26_aime_Qwen3-8B_S64,64,1,1,3,1,0.0,0.3854692550391286,1311.0,17280.0,3.190228475215923e+16,132686672908544.0
1108,question_26_aime_Qwen3-8B_S32,32,1,1,3,1,0.0,0.3840210923300078,2064.3333333333335,10156.666666666666,2.4766856553435988e+16,119992809353984.0
1109,question_26_aime_Qwen3-8B_S16,16,1,1,3,1,0.0,0.29908674069920443,1780.0,4434.666666666667,1.887052053223134e+16,102018823831722.67
1110,question_26_aime_Qwen3-8B_S8,8,1,1,3,1,0.0,0.26503125444664627,2225.6666666666665,5096.666666666667,1.7521880712612694e+16,100055650434560.0
1111,question_26_aime_Qwen3-8B_S4,4,1,1,3,1,0.0,0.31323780029878073,2006.6666666666667,2672.6666666666665,1.2041546914762582e+16,71956919320234.67
1112,question_26_aime_Qwen3-8B_S2,2,1,1,3,1,0.0,0.2685607396561862,2772.6666666666665,2772.6666666666665,1.141772234178705e+16,69050084447317.336
1113,question_26_aime_Qwen3-8B_S1,1,1,1,3,1,0.0,0.29505090012586693,2607.0,2607.0,7048294802045952.0,43377040902229.336
1114,question_26_aime_Qwen3-4B_S64,64,1,1,3,1,0.0,0.22945089596345605,1450.0,6448.0,1.032997185018112e+16,39578694075392.0
1115,question_26_aime_Qwen3-4B_S32,32,1,1,3,1,0.0,0.24341695864074123,1273.3333333333333,4209.333333333333,7466454025746432.0,33691339684181.332
1116,question_26_aime_Qwen3-4B_S16,16,1,1,3,1,0.0,0.24341695864074123,1273.3333333333333,3855.0,5681562840516949.0,29303115842560.0
1117,question_26_aime_Qwen3-4B_S8,8,1,1,3,1,0.0,0.220525644707262,1589.0,4736.0,6359690981321216.0,34477866120362.668
1118,question_26_aime_Qwen3-4B_S4,4,1,1,3,1,0.0,0.21754167568822366,1320.3333333333333,1778.0,3769957195628202.5,21826383743829.332
1119,question_26_aime_Qwen3-4B_S2,2,1,1,3,1,0.0,0.24608775553060258,2304.6666666666665,4118.333333333333,4821199734460416.0,27967884426752.0
1120,question_26_aime_Qwen3-4B_S1,1,1,1,3,1,0.0,0.2321596268778512,2503.3333333333335,2503.3333333333335,3480428489394005.5,20726912480085.332
1121,question_26_aime_Qwen3-1.7B_S64,64,1,1,3,1,0.0,0.07154899530679355,309.0,2137.0,1347828961656576.0,5674476410624.0
1122,question_26_aime_Qwen3-1.7B_S32,32,1,1,3,1,0.0,0.07154899530679355,309.0,1306.6666666666667,1002954873831680.0,4757660416768.0
1123,question_26_aime_Qwen3-1.7B_S16,16,1,1,3,1,0.0,0.05661969325905247,259.3333333333333,440.3333333333333,758562459502250.6,4127153393664.0
1124,question_26_aime_Qwen3-1.7B_S8,8,1,1,3,1,0.0,0.12215961430927248,761.6666666666666,2170.3333333333335,1184685841206186.8,6671875124394.667
1125,question_26_aime_Qwen3-1.7B_S4,4,1,1,3,1,0.0,0.03846429177067197,827.6666666666666,1525.0,1179343251097685.2,6925693518762.667
1126,question_26_aime_Qwen3-1.7B_S2,2,1,1,3,1,0.0,0.033846128353322825,771.3333333333334,771.3333333333334,950598595356330.6,5748340936277.333
1127,question_26_aime_Qwen3-1.7B_S1,1,1,1,3,1,0.0,0.09246825845614472,2149.0,2149.0,1501589757274880.0,9031607513600.0
1128,question_26_aime_Qwen3-0.6B_S64,64,1,1,3,1,0.0,0.02171938875359534,621.0,621.0,610751613568512.0,2064635264512.0
1129,question_26_aime_Qwen3-0.6B_S32,32,1,1,3,1,0.0,0.24423748430202355,306.6666666666667,2482.6666666666665,656004671613440.0,2216073741482.6665
1130,question_26_aime_Qwen3-0.6B_S16,16,1,1,3,1,0.0,0.02171938875359534,621.0,621.0,400186424067754.7,1876908433578.6667
1131,question_26_aime_Qwen3-0.6B_S8,8,1,1,3,1,0.0,0.08272888177775604,444.3333333333333,999.0,348601466910208.0,1562416321536.0
1132,question_26_aime_Qwen3-0.6B_S4,4,1,1,3,1,0.0,0.0762491261218393,620.6666666666666,620.6666666666666,358527709478229.3,1884158702592.0
1133,question_26_aime_Qwen3-0.6B_S2,2,1,1,3,1,0.0,0.08665182602948877,610.6666666666666,610.6666666666666,259687069717845.34,1379687997098.6667
1134,question_26_aime_Qwen3-0.6B_S1,1,1,1,3,1,0.0,0.13648520688844998,645.3333333333334,645.3333333333334,192703393448789.34,1074972848128.0
1135,question_27_aime_Qwen3-32B_S64,64,1,1,3,1,0.0,0.5,925.6666666666666,5835.0,3.2154011727438336e+16,182233376897024.0
1136,question_27_aime_Qwen3-32B_S32,32,1,1,3,1,0.0,0.5,884.6666666666666,2819.0,2.586056496408542e+16,153272309666474.66
1137,question_27_aime_Qwen3-32B_S16,16,1,1,3,1,0.0,0.5,1015.0,2537.3333333333335,2.2434257619083776e+16,137515171070976.0
1138,question_27_aime_Qwen3-32B_S8,8,1,1,3,1,0.0,0.5,1053.3333333333333,1400.6666666666667,1.918688079653069e+16,119660752958122.67
1139,question_27_aime_Qwen3-32B_S4,4,1,1,3,1,0.0,0.5,783.3333333333334,1081.0,1.8496175756837716e+16,116436499271509.33
1140,question_27_aime_Qwen3-32B_S2,2,1,1,3,1,0.0,0.5,1370.0,1370.0,2.0212293049181868e+16,127594195491669.33
1141,question_27_aime_Qwen3-32B_S1,1,1,1,3,1,0.0,0.5,1457.3333333333333,1457.3333333333333,1.5253084729268394e+16,96421402397013.33
1142,question_27_aime_Qwen3-14B_S64,64,1,1,3,1,0.0,0.5,1667.0,1667.0,1.260857786284544e+16,76499879061760.0
1143,question_27_aime_Qwen3-14B_S32,32,1,1,3,1,0.0,0.3333333333333333,1111.3333333333333,1111.3333333333333,1.1994131027923968e+16,74278203659008.0
1144,question_27_aime_Qwen3-14B_S16,16,1,1,3,1,0.0,0.5,1641.6666666666667,2297.0,1.2080281481164288e+16,74736523211690.67
1145,question_27_aime_Qwen3-14B_S8,8,1,1,3,1,0.0,0.5,1281.6666666666667,1281.6666666666667,1.0721765990672726e+16,66889439694592.0
1146,question_27_aime_Qwen3-14B_S4,4,1,1,3,1,0.0,0.3333333333333333,1048.6666666666667,1757.3333333333333,1.2132900726066176e+16,75905870021120.0
1147,question_27_aime_Qwen3-14B_S2,2,1,1,3,1,0.0,0.3333333333333333,1050.0,1050.0,9855132470060118.0,61897004836693.336
1148,question_27_aime_Qwen3-14B_S1,1,1,1,3,1,0.0,0.5,1707.0,1707.0,8150715944074667.0,51104311659434.664
1149,question_27_aime_Qwen3-8B_S64,64,1,1,3,1,0.0,0.5,1460.3333333333333,8921.0,1.8104570070995456e+16,77474061253632.0
1150,question_27_aime_Qwen3-8B_S32,32,1,1,3,1,0.0,0.5,1644.0,6001.666666666667,1.4083498906991104e+16,70253859194282.664
1151,question_27_aime_Qwen3-8B_S16,16,1,1,3,1,0.0,0.5,1669.6666666666667,4705.333333333333,1.2285528530511702e+16,67045614157994.664
1152,question_27_aime_Qwen3-8B_S8,8,1,1,3,1,0.0,0.5,1861.0,5846.333333333333,1.1543318085270358e+16,66657620432469.336
1153,question_27_aime_Qwen3-8B_S4,4,1,1,3,1,0.0,0.5,1572.6666666666667,2749.0,7768042792570709.0,47012276751957.336
1154,question_27_aime_Qwen3-8B_S2,2,1,1,3,1,0.0,0.5,1564.3333333333333,1564.3333333333333,6370107585159595.0,39167677422336.0
1155,question_27_aime_Qwen3-8B_S1,1,1,1,3,1,0.0,0.5,2044.0,2044.0,5535659863951872.0,34057632788821.332
1156,question_27_aime_Qwen3-4B_S64,64,1,1,3,1,0.0,0.5,815.0,2591.0,6471010437102592.0,26182315486208.0
1157,question_27_aime_Qwen3-4B_S32,32,1,1,3,1,0.0,0.5,815.0,1107.6666666666667,4793955887177728.0,22836982760789.332
1158,question_27_aime_Qwen3-4B_S16,16,1,1,3,1,0.0,0.5,1332.0,4671.666666666667,5124253942290603.0,26353436933461.332
1159,question_27_aime_Qwen3-4B_S8,8,1,1,3,1,0.0,0.5,1520.0,3940.0,4378579696586752.0,24158930691242.668
1160,question_27_aime_Qwen3-4B_S4,4,1,1,3,1,0.0,0.5,1280.3333333333333,2306.3333333333335,3461861549352277.5,20272510002688.0
1161,question_27_aime_Qwen3-4B_S2,2,1,1,3,1,0.0,0.5,1683.6666666666667,1683.6666666666667,3665361781247658.5,21349811890005.332
1162,question_27_aime_Qwen3-4B_S1,1,1,1,3,1,0.0,0.5,1583.0,1583.0,2152295524911445.2,13077912245077.334
1163,question_27_aime_Qwen3-1.7B_S64,64,1,1,3,1,0.0,0.5,425.3333333333333,4647.0,2086585320689408.0,7868880311040.0
1164,question_27_aime_Qwen3-1.7B_S32,32,1,1,3,1,0.0,0.5,526.0,2649.0,1499039926735530.8,6894436869973.333
1165,question_27_aime_Qwen3-1.7B_S16,16,1,1,3,1,0.0,0.5,473.3333333333333,1556.6666666666667,1121563815346688.0,5587445378816.0
1166,question_27_aime_Qwen3-1.7B_S8,8,1,1,3,1,0.0,0.5,735.6666666666666,1629.6666666666667,1102346619562496.0,6067134386432.0
1167,question_27_aime_Qwen3-1.7B_S4,4,1,1,3,1,0.0,0.5,403.6666666666667,764.3333333333334,708905753187669.4,4163401745066.6665
1168,question_27_aime_Qwen3-1.7B_S2,2,1,1,3,1,0.0,0.5,624.3333333333334,914.0,693767917550848.0,4094053015210.6665
1169,question_27_aime_Qwen3-1.7B_S1,1,1,1,3,1,0.0,0.5,1106.6666666666667,1106.6666666666667,795248620129450.6,4700385924266.667
1170,question_27_aime_Qwen3-0.6B_S64,64,1,1,3,1,0.0,0.5,383.0,432.0,488911578567680.0,1503550291968.0
1171,question_27_aime_Qwen3-0.6B_S32,32,1,1,3,1,0.0,0.5,160.33333333333334,176.66666666666666,295939411552256.0,1075680798037.3334
1172,question_27_aime_Qwen3-0.6B_S16,16,1,1,3,1,0.0,0.5,203.0,314.6666666666667,318151010264576.0,1221010719232.0
1173,question_27_aime_Qwen3-0.6B_S8,8,1,1,3,1,0.0,0.5,389.0,628.3333333333334,241885755534677.34,1142725859157.3333
1174,question_27_aime_Qwen3-0.6B_S4,4,1,1,3,1,0.0,0.5,579.3333333333334,1356.0,351527049384618.7,1665533684565.3333
1175,question_27_aime_Qwen3-0.6B_S2,2,1,1,3,1,0.0,0.5,712.0,1081.6666666666667,353558246320298.7,1758886804309.3333
1176,question_27_aime_Qwen3-0.6B_S1,1,1,1,3,1,0.0,0.5,710.0,710.0,221306252475392.0,1187124167338.6667
1177,question_28_aime_Qwen3-32B_S64,64,1,1,3,1,0.0,0.6147297304138241,821.0,2867.0,2.300454161951232e+16,130363985951232.0
1178,question_28_aime_Qwen3-32B_S32,32,1,1,3,1,0.0,0.35094860468773886,661.6666666666666,1854.3333333333333,2.250522045783808e+16,133207922578261.33
1179,question_28_aime_Qwen3-32B_S16,16,1,1,3,1,0.0,0.3906163036681307,667.6666666666666,1459.6666666666667,1.6417079325454678e+16,100063172572330.67
1180,question_28_aime_Qwen3-32B_S8,8,1,1,3,1,0.0,0.25904613673543403,768.0,1196.6666666666667,2.1803224467826176e+16,135908980521472.0
1181,question_28_aime_Qwen3-32B_S4,4,1,1,3,1,0.0,0.24016399829885113,663.3333333333334,663.3333333333334,1.266064466589457e+16,79594070200490.67
1182,question_28_aime_Qwen3-32B_S2,2,1,1,3,1,0.0,0.3024354801504165,888.3333333333334,888.3333333333334,1.4007862489292458e+16,88266096825685.33
1183,question_28_aime_Qwen3-32B_S1,1,1,1,3,1,0.0,0.3592052539689346,1035.3333333333333,1035.3333333333333,1.0805622541517654e+16,68376397284352.0
1184,question_28_aime_Qwen3-14B_S64,64,1,1,3,1,0.0,0.5,788.0,788.0,1.06115061923456e+16,60803304293120.0
1185,question_28_aime_Qwen3-14B_S32,32,1,1,3,1,0.0,0.5409342663340297,799.6666666666666,1396.6666666666667,1.1292333892039766e+16,66778070757717.336
1186,question_28_aime_Qwen3-14B_S16,16,1,1,3,1,0.0,0.3302569491098699,934.0,2271.0,1.183630820905199e+16,71443444529322.67
1187,question_28_aime_Qwen3-14B_S8,8,1,1,3,1,0.0,0.4358620148354017,1187.6666666666667,1846.3333333333333,1.4093871724319488e+16,86661588364970.67
1188,question_28_aime_Qwen3-14B_S4,4,1,1,3,1,0.0,0.30534953514528834,936.0,1365.6666666666667,8105606354517845.0,50240897413888.0
1189,question_28_aime_Qwen3-14B_S2,2,1,1,3,1,0.0,0.34312644024416916,962.6666666666666,962.6666666666666,6225279391928320.0,39124348109312.0
1190,question_28_aime_Qwen3-14B_S1,1,1,1,3,1,0.0,0.30729555237482614,1432.6666666666667,1432.6666666666667,6823179962201685.0,42908789859669.336
1191,question_28_aime_Qwen3-8B_S64,64,1,1,3,1,0.0,0.6008488332489383,1202.0,21791.0,4.336966036222413e+16,241314469918208.0
1192,question_28_aime_Qwen3-8B_S32,32,1,1,3,1,0.0,0.5249160765382564,1318.0,16000.333333333334,3.3773279974987948e+16,196667085671253.34
1193,question_28_aime_Qwen3-8B_S16,16,1,1,3,1,0.0,0.544884522477275,1355.0,5922.666666666667,2.6807426572317012e+16,161398300404565.34
1194,question_28_aime_Qwen3-8B_S8,8,1,1,3,1,0.0,0.3321757901193008,1448.0,4369.666666666667,1.5355209710693546e+16,93050780770389.33
1195,question_28_aime_Qwen3-8B_S4,4,1,1,3,1,0.0,0.48360429977173447,1263.0,3344.0,1.0715588165778944e+16,65654530457344.0
1196,question_28_aime_Qwen3-8B_S2,2,1,1,3,1,0.0,0.29265022436738425,2027.3333333333333,2568.6666666666665,8082025520249088.0,50171165142101.336
1197,question_28_aime_Qwen3-8B_S1,1,1,1,3,1,0.0,0.1453226496968348,2946.6666666666665,2946.6666666666665,7920852378681088.0,49078586602496.0
1198,question_28_aime_Qwen3-4B_S64,64,1,1,3,1,0.0,0.5110914315814175,1080.0,8857.0,1.2354958272617984e+16,58768135393792.0
1199,question_28_aime_Qwen3-4B_S32,32,1,1,3,1,0.0,0.3848159314255492,1020.3333333333334,4585.666666666667,9094461159929686.0,47846920094890.664
1200,question_28_aime_Qwen3-4B_S16,16,1,1,3,1,0.0,0.4455950223685097,1057.0,4095.6666666666665,5560872343105024.0,30011736145749.332
1201,question_28_aime_Qwen3-4B_S8,8,1,1,3,1,0.0,0.4333805963594512,1086.6666666666667,2435.3333333333335,3912093214720682.5,22027770968917.332
1202,question_28_aime_Qwen3-4B_S4,4,1,1,3,1,0.0,0.29792243357484816,837.6666666666666,1788.6666666666667,2911127438920362.5,17081372941653.334
1203,question_28_aime_Qwen3-4B_S2,2,1,1,3,1,0.0,0.33851641314253117,922.0,1572.3333333333333,1953905750660266.8,11631266078037.334
1204,question_28_aime_Qwen3-4B_S1,1,1,1,3,1,0.0,0.27260337710184135,2325.3333333333335,2325.3333333333335,3143634419172010.5,19265952348672.0
1205,question_28_aime_Qwen3-1.7B_S64,64,1,1,3,1,0.0,0.20884322774538097,170.0,7108.0,1597234656048640.0,6773151168000.0
1206,question_28_aime_Qwen3-1.7B_S32,32,1,1,3,1,0.0,0.19494694212812816,237.0,3418.3333333333335,1091347604370688.0,5276255301632.0
1207,question_28_aime_Qwen3-1.7B_S16,16,1,1,3,1,0.0,0.20126659133213784,248.0,2067.3333333333335,804639953732608.0,4277779350954.6665
1208,question_28_aime_Qwen3-1.7B_S8,8,1,1,3,1,0.0,0.20208101619065513,357.6666666666667,1508.0,596310334597376.0,3361501666730.6665
1209,question_28_aime_Qwen3-1.7B_S4,4,1,1,3,1,0.0,0.15540201110241458,394.3333333333333,871.0,555893197181952.0,3271950870272.0
1210,question_28_aime_Qwen3-1.7B_S2,2,1,1,3,1,0.0,0.19837913628332682,413.6666666666667,492.0,453199547846229.3,2742792770816.0
1211,question_28_aime_Qwen3-1.7B_S1,1,1,1,3,1,0.0,0.32464768062397736,703.3333333333334,703.3333333333334,482745429638229.3,2951774848512.0
1212,question_28_aime_Qwen3-0.6B_S64,64,1,1,3,1,0.0,0.0,0.0,0.0,514288918495232.0,1649574209024.0
1213,question_28_aime_Qwen3-0.6B_S32,32,1,1,3,1,0.0,0.10877002069982426,331.6666666666667,1585.0,687353079140864.0,2637757030058.6665
1214,question_28_aime_Qwen3-0.6B_S16,16,1,1,3,1,0.0,0.05776298578536342,123.33333333333333,303.3333333333333,310194997675178.7,1290451046912.0
1215,question_28_aime_Qwen3-0.6B_S8,8,1,1,3,1,0.0,0.17976668026394807,588.0,1515.3333333333333,471622898176000.0,2078444798634.6667
1216,question_28_aime_Qwen3-0.6B_S4,4,1,1,3,1,0.0,0.09595118554761768,313.0,701.0,190359994517162.66,984216333141.3334
1217,question_28_aime_Qwen3-0.6B_S2,2,1,1,3,1,0.0,0.09155335826655116,379.3333333333333,500.0,197857064675498.66,1048948927146.6666
1218,question_28_aime_Qwen3-0.6B_S1,1,1,1,3,1,0.0,0.16307459729897217,765.0,765.0,220737783322112.0,1248275993429.3333
1219,question_29_aime_Qwen3-32B_S64,64,1,1,3,1,0.0,0.6983849503499754,442.0,5489.0,1.6143131304852992e+16,85905323977216.0
1220,question_29_aime_Qwen3-32B_S32,32,1,1,3,1,0.0,0.6325739236086396,427.6666666666667,3024.3333333333335,1.3548622589247318e+16,78069770725546.67
1221,question_29_aime_Qwen3-32B_S16,16,1,1,3,1,0.0,0.6983849503499754,442.0,2493.3333333333335,1.3257047183599786e+16,80129648996010.67
1222,question_29_aime_Qwen3-32B_S8,8,1,1,3,1,0.0,0.44966586522971413,473.6666666666667,1163.3333333333333,1.0470208859755008e+16,64730818268330.664
1223,question_29_aime_Qwen3-32B_S4,4,1,1,3,1,0.0,0.5667628968673039,413.3333333333333,693.3333333333334,7634572452876288.0,47801226615808.0
1224,question_29_aime_Qwen3-32B_S2,2,1,1,3,1,0.0,0.39909523521795526,523.3333333333334,523.3333333333334,9585613670666070.0,60559306147328.0
1225,question_29_aime_Qwen3-32B_S1,1,1,1,3,1,0.0,0.3103647619951446,533.6666666666666,533.6666666666666,5674167454079488.0,35930674473642.664
1226,question_29_aime_Qwen3-14B_S64,64,1,1,3,1,0.0,0.052131169733989714,49.0,49.0,4383536616503296.0,23129403434496.0
1227,question_29_aime_Qwen3-14B_S32,32,1,1,3,1,0.0,0.1386070234158109,199.33333333333334,654.6666666666666,4633544833690453.0,26013675080789.332
1228,question_29_aime_Qwen3-14B_S16,16,1,1,3,1,0.0,0.29481348405594754,330.3333333333333,1219.6666666666667,4711642012958123.0,27767730343680.0
1229,question_29_aime_Qwen3-14B_S8,8,1,1,3,1,0.0,0.22919236989805328,279.6666666666667,581.0,4691957136763904.0,28678173810773.332
1230,question_29_aime_Qwen3-14B_S4,4,1,1,3,1,0.0,0.22473465976329685,203.33333333333334,430.0,4126682651557461.5,25783778732117.332
1231,question_29_aime_Qwen3-14B_S2,2,1,1,3,1,0.0,0.34639220656573894,642.6666666666666,976.3333333333334,4097821855022336.0,25748643190442.668
1232,question_29_aime_Qwen3-14B_S1,1,1,1,3,1,0.0,0.218074390943338,726.0,726.0,3484490158350506.5,21959552354133.332
1233,question_29_aime_Qwen3-8B_S64,64,1,1,3,1,0.0,0.40160621227596316,462.0,5506.0,7274712353139456.0,34045870110720.0
1234,question_29_aime_Qwen3-8B_S32,32,1,1,3,1,0.0,0.32708821318530906,455.6666666666667,2994.3333333333335,5405020624888235.0,28191372475050.668
1235,question_29_aime_Qwen3-8B_S16,16,1,1,3,1,0.0,0.352814514910174,461.3333333333333,1498.6666666666667,4920893247343019.0,27886201043200.0
1236,question_29_aime_Qwen3-8B_S8,8,1,1,3,1,0.0,0.3947039027703269,493.6666666666667,1669.0,4013931374574762.5,23769452244906.668
1237,question_29_aime_Qwen3-8B_S4,4,1,1,3,1,0.0,0.33955224774697235,511.6666666666667,1273.0,3034208348949930.5,18577895271424.0
1238,question_29_aime_Qwen3-8B_S2,2,1,1,3,1,0.0,0.21660751992816432,649.3333333333334,649.3333333333334,2726999326010965.5,16862496368810.666
1239,question_29_aime_Qwen3-8B_S1,1,1,1,3,1,0.0,0.19398798646157644,839.0,839.0,2236255354269098.8,13954765946282.666
1240,question_29_aime_Qwen3-4B_S64,64,1,1,3,1,0.0,0.40370112619962223,376.0,756.0,1911615899015168.0,8101480906240.0
1241,question_29_aime_Qwen3-4B_S32,32,1,1,3,1,0.0,0.3832423513718742,393.6666666666667,1306.6666666666667,1931458491077120.0,9300682715306.666
1242,question_29_aime_Qwen3-4B_S16,16,1,1,3,1,0.0,0.40381610370670895,457.6666666666667,931.6666666666666,1545559353048064.0,8297705986389.333
1243,question_29_aime_Qwen3-4B_S8,8,1,1,3,1,0.0,0.28881960870083184,414.0,783.3333333333334,1360849291702613.2,7807593267882.667
1244,question_29_aime_Qwen3-4B_S4,4,1,1,3,1,0.0,0.476459007299966,428.6666666666667,943.6666666666666,1316254562098005.2,7831271518208.0
1245,question_29_aime_Qwen3-4B_S2,2,1,1,3,1,0.0,0.42284275520832965,604.3333333333334,998.6666666666666,1175746775181653.2,7132146217813.333
1246,question_29_aime_Qwen3-4B_S1,1,1,1,3,1,0.0,0.4755641280312972,824.0,824.0,1111392831572309.4,6797461912234.667
1247,question_29_aime_Qwen3-1.7B_S64,64,1,1,3,1,0.0,0.5235774988774248,94.0,2814.0,392099306163712.0,1568185240832.0
1248,question_29_aime_Qwen3-1.7B_S32,32,1,1,3,1,0.0,0.5066138907592586,83.33333333333333,1496.6666666666667,268311032959573.34,1255007634944.0
1249,question_29_aime_Qwen3-1.7B_S16,16,1,1,3,1,0.0,0.41215974344920375,117.0,1030.3333333333333,231212753631402.66,1221514818048.0
1250,question_29_aime_Qwen3-1.7B_S8,8,1,1,3,1,0.0,0.2647582690853328,78.33333333333333,246.33333333333334,152661291368618.66,869228937472.0
1251,question_29_aime_Qwen3-1.7B_S4,4,1,1,3,1,0.0,0.35860852927953646,146.33333333333334,381.0,155324757213098.66,926045862485.3334
1252,question_29_aime_Qwen3-1.7B_S2,2,1,1,3,1,0.0,0.3859462427257512,69.33333333333333,140.0,67798117875114.664,406248957184.0
1253,question_29_aime_Qwen3-1.7B_S1,1,1,1,3,1,0.0,0.3324482853051862,162.0,162.0,115126659670101.33,703884459264.0
1254,question_29_aime_Qwen3-0.6B_S64,64,1,1,3,1,0.0,0.09293071184183711,55.0,992.0,388748910596608.0,1069225963008.0
1255,question_29_aime_Qwen3-0.6B_S32,32,1,1,3,1,0.0,0.09293071184183711,55.0,516.0,238965315632128.0,812214444885.3334
1256,question_29_aime_Qwen3-0.6B_S16,16,1,1,3,1,0.0,0.07553730705659255,65.0,461.0,162338793699328.0,660105998677.3334
1257,question_29_aime_Qwen3-0.6B_S8,8,1,1,3,1,0.0,0.058105873945426455,128.33333333333334,594.3333333333334,117886109945856.0,509512764245.3333
1258,question_29_aime_Qwen3-0.6B_S4,4,1,1,3,1,0.0,0.036126305511054446,59.0,204.33333333333334,95837944948565.33,493055665664.0
1259,question_29_aime_Qwen3-0.6B_S2,2,1,1,3,1,0.0,0.08167609584658651,160.0,358.0,79281313995264.0,426541979136.0
1260,question_29_aime_Qwen3-0.6B_S1,1,1,1,3,1,0.0,0.04113574070679224,145.0,145.0,45088672841728.0,252715327658.66666
1261,question_30_aime_Qwen3-32B_S64,64,1,1,3,1,0.0,0.9289497495446098,503.0,4322.0,2.165802429217741e+16,125846086536192.0
1262,question_30_aime_Qwen3-32B_S32,32,1,1,3,1,0.0,0.9289497495446098,503.0,2302.0,1.815137381240525e+16,109627080884224.0
1263,question_30_aime_Qwen3-32B_S16,16,1,1,3,1,0.0,0.9201580185403805,475.3333333333333,2468.0,1.393845936509201e+16,85158549152256.0
1264,question_30_aime_Qwen3-32B_S8,8,1,1,3,1,0.0,0.8058152910215242,480.3333333333333,1352.6666666666667,1.0080420746293248e+16,62764382115498.664
1265,question_30_aime_Qwen3-32B_S4,4,1,1,3,1,0.0,0.8799823146374243,487.6666666666667,1005.3333333333334,9419329966400170.0,59274353612288.0
1266,question_30_aime_Qwen3-32B_S2,2,1,1,3,1,0.0,0.7997162473109253,543.3333333333334,1127.0,9906160267907242.0,62620511012864.0
1267,question_30_aime_Qwen3-32B_S1,1,1,1,3,1,0.0,0.8224266623081883,458.3333333333333,458.3333333333333,4813277307902464.0,30515977750186.668
1268,question_30_aime_Qwen3-14B_S64,64,1,1,3,1,0.0,0.8533581813196692,396.0,809.0,7395987242111744.0,43818876106752.0
1269,question_30_aime_Qwen3-14B_S32,32,1,1,3,1,0.0,0.5566935960832046,269.6666666666667,407.3333333333333,6209875730140587.0,37959696879018.664
1270,question_30_aime_Qwen3-14B_S16,16,1,1,3,1,0.0,0.21226205699322245,163.33333333333334,300.3333333333333,4832666956622592.0,29787385019050.668
1271,question_30_aime_Qwen3-14B_S8,8,1,1,3,1,0.0,0.6066010788122699,372.6666666666667,991.3333333333334,3855293740817834.5,23760590443434.668
1272,question_30_aime_Qwen3-14B_S4,4,1,1,3,1,0.0,0.28777375968801966,186.0,416.3333333333333,3707909699369386.5,23391191561216.0
1273,question_30_aime_Qwen3-14B_S2,2,1,1,3,1,0.0,0.8755140966574594,600.3333333333334,806.6666666666666,4389291766737066.5,27611982717952.0
1274,question_30_aime_Qwen3-14B_S1,1,1,1,3,1,0.0,0.8767828020587644,752.3333333333334,752.3333333333334,3610458302918400.0,22717586030336.0
1275,question_30_aime_Qwen3-8B_S64,64,1,1,3,1,0.0,0.9394570234439769,814.0,7911.0,9360797401533696.0,45071429788928.0
1276,question_30_aime_Qwen3-8B_S32,32,1,1,3,1,0.0,0.9394570234439769,814.0,4425.0,6703137039050496.0,35591547096064.0
1277,question_30_aime_Qwen3-8B_S16,16,1,1,3,1,0.0,0.9479138569458078,829.3333333333334,4614.333333333333,5590781204930475.0,31623061990912.0
1278,question_30_aime_Qwen3-8B_S8,8,1,1,3,1,0.0,0.9544109036068646,961.6666666666666,3094.6666666666665,4928353719233877.0,29418984952490.668
1279,question_30_aime_Qwen3-8B_S4,4,1,1,3,1,0.0,0.8061029985580347,709.6666666666666,1947.3333333333333,3776212210466986.5,23089061813845.332
1280,question_30_aime_Qwen3-8B_S2,2,1,1,3,1,0.0,0.8049133476539178,702.6666666666666,923.3333333333334,2739439073618602.5,16958198197674.666
1281,question_30_aime_Qwen3-8B_S1,1,1,1,3,1,0.0,0.8511716205672307,825.6666666666666,825.6666666666666,2198533843598080.0,13736464709546.666
1282,question_30_aime_Qwen3-4B_S64,64,1,1,3,1,0.0,0.9528565789835096,434.0,8304.0,4472574721808896.0,17841455037440.0
1283,question_30_aime_Qwen3-4B_S32,32,1,1,3,1,0.0,0.8975009159455873,460.6666666666667,3854.6666666666665,3119904876943701.5,14639674485418.666
1284,question_30_aime_Qwen3-4B_S16,16,1,1,3,1,0.0,0.9433363848527554,463.3333333333333,2341.6666666666665,2108952489638741.2,10733043056298.666
1285,question_30_aime_Qwen3-4B_S8,8,1,1,3,1,0.0,0.926779563899801,457.6666666666667,2059.3333333333335,1803011344520704.0,10096464265557.334
1286,question_30_aime_Qwen3-4B_S4,4,1,1,3,1,0.0,0.9247547687295067,518.0,853.6666666666666,1522534021260288.0,8922425697109.334
1287,question_30_aime_Qwen3-4B_S2,2,1,1,3,1,0.0,0.9342667345023553,475.6666666666667,829.3333333333334,949368036678656.0,5711549586773.333
1288,question_30_aime_Qwen3-4B_S1,1,1,1,3,1,0.0,0.6936669719410916,519.0,519.0,705004547430229.4,4315425207125.3335
1289,question_30_aime_Qwen3-1.7B_S64,64,1,1,3,1,0.0,0.40015990891746916,85.0,339.0,559918125082624.0,2268100574208.0
1290,question_30_aime_Qwen3-1.7B_S32,32,1,1,3,1,0.0,0.3811997140940526,78.33333333333333,163.0,329751172363946.7,1456154911232.0
1291,question_30_aime_Qwen3-1.7B_S16,16,1,1,3,1,0.0,0.3439326437265646,81.0,119.66666666666667,269574085708032.0,1394875814229.3333
1292,question_30_aime_Qwen3-1.7B_S8,8,1,1,3,1,0.0,0.47108733716455414,221.66666666666666,221.66666666666666,385706383982677.3,2199567934890.6665
1293,question_30_aime_Qwen3-1.7B_S4,4,1,1,3,1,0.0,0.6454343575663846,577.6666666666666,1052.0,679944606710954.6,3972658332757.3335
1294,question_30_aime_Qwen3-1.7B_S2,2,1,1,3,1,0.0,0.45949751123664767,549.6666666666666,549.6666666666666,536220668245248.0,3235669754538.6665
1295,question_30_aime_Qwen3-1.7B_S1,1,1,1,3,1,0.0,0.6696031844393834,1190.0,1190.0,904157516288768.0,5109843791957.333
1296,question_30_aime_Qwen3-0.6B_S64,64,1,1,3,1,0.0,0.5301741826432774,329.0,2603.0,495240137212416.0,1759669020160.0
1297,question_30_aime_Qwen3-0.6B_S32,32,1,1,3,1,0.0,0.4978282008103145,426.3333333333333,1206.0,329378855053824.0,1407102549504.0
1298,question_30_aime_Qwen3-0.6B_S16,16,1,1,3,1,0.0,0.4978282008103145,426.3333333333333,1007.0,248549970732885.34,1234425488213.3333
1299,question_30_aime_Qwen3-0.6B_S8,8,1,1,3,1,0.0,0.2681537497496451,359.6666666666667,981.3333333333334,337675344001024.0,1790188599125.3333
1300,question_30_aime_Qwen3-0.6B_S4,4,1,1,3,1,0.0,0.24022551157307545,432.6666666666667,872.6666666666666,234949066949461.34,1256588891989.3333
1301,question_30_aime_Qwen3-0.6B_S2,2,1,1,3,1,0.0,0.13358667492699924,413.0,413.0,186971091961685.34,1022688361813.3334
1302,question_30_aime_Qwen3-0.6B_S1,1,1,1,3,1,0.0,0.09392199661669094,429.6666666666667,429.6666666666667,120031553055061.33,698396426069.3334
1303,question_31_aime_Qwen3-32B_S64,64,1,1,3,1,0.0,0.3988397205642608,717.0,3870.0,3.1367039573188096e+16,173944581345280.0
1304,question_31_aime_Qwen3-32B_S32,32,1,1,3,1,0.0,0.3145157847048165,802.0,1804.3333333333333,2.8744820561721856e+16,169254603781632.0
1305,question_31_aime_Qwen3-32B_S16,16,1,1,3,1,0.0,0.3645516210215358,1030.0,2075.3333333333335,2.4869302424085504e+16,151746590256810.66
1306,question_31_aime_Qwen3-32B_S8,8,1,1,3,1,0.0,0.3645516210215358,1030.0,2270.3333333333335,2.3750463035751084e+16,147558539450880.0
1307,question_31_aime_Qwen3-32B_S4,4,1,1,3,1,0.0,0.2990097067596463,730.6666666666666,1260.3333333333333,2.0767468178782892e+16,130542185565525.33
1308,question_31_aime_Qwen3-32B_S2,2,1,1,3,1,0.3333333333333333,0.4087808967514894,1678.6666666666667,1678.6666666666667,2.497388545510366e+16,157906347102549.34
1309,question_31_aime_Qwen3-32B_S1,1,1,1,3,1,0.0,0.4423851809550731,1351.6666666666667,1351.6666666666667,1.4230210064196608e+16,90232508026368.0
1310,question_31_aime_Qwen3-14B_S64,64,1,1,3,1,0.0,0.08522844122968849,925.0,925.0,1.285965016506496e+16,76191577879296.0
1311,question_31_aime_Qwen3-14B_S32,32,1,1,3,1,0.0,0.05681896081979234,616.6666666666666,616.6666666666666,1.0189262684221098e+16,62290138390528.0
1312,question_31_aime_Qwen3-14B_S16,16,1,1,3,1,0.0,0.0,0.0,0.0,7030954601405525.0,43592404023808.0
1313,question_31_aime_Qwen3-14B_S8,8,1,1,3,1,0.0,0.09653849929523016,1079.0,2754.3333333333335,1.2724689994596778e+16,78525597166677.33
1314,question_31_aime_Qwen3-14B_S4,4,1,1,3,1,0.0,0.2403086260426377,1836.3333333333333,3958.3333333333335,1.553608692507665e+16,96915358885376.0
1315,question_31_aime_Qwen3-14B_S2,2,1,1,3,1,0.0,0.13348631567951794,1234.3333333333333,1619.6666666666667,9288485039442432.0,58350727763882.664
1316,question_31_aime_Qwen3-14B_S1,1,1,1,3,1,0.0,0.36781568961154715,1745.0,1745.0,8264865115173803.0,52163042999381.336
1317,question_31_aime_Qwen3-8B_S64,64,1,1,3,1,0.0,0.4569660705760783,794.0,1479.0,1.7615412344189952e+16,83356060209408.0
1318,question_31_aime_Qwen3-8B_S32,32,1,1,3,1,0.0,0.41328162427782894,757.6666666666666,986.0,1.3360637452465066e+16,70931905132544.0
1319,question_31_aime_Qwen3-8B_S16,16,1,1,3,1,0.0,0.5338333341948199,1094.0,2983.0,1.4109835084705024e+16,80153811632554.67
1320,question_31_aime_Qwen3-8B_S8,8,1,1,3,1,0.0,0.3259127316813301,685.0,685.0,8151215317831680.0,48665021752832.0
1321,question_31_aime_Qwen3-8B_S4,4,1,1,3,1,0.0,0.5545353809918191,1625.3333333333333,2846.6666666666665,9615026187160576.0,57955799588010.664
1322,question_31_aime_Qwen3-8B_S2,2,1,1,3,1,0.0,0.41988453628695055,1579.3333333333333,1579.3333333333333,8036255644794965.0,49116885464490.664
1323,question_31_aime_Qwen3-8B_S1,1,1,1,3,1,0.0,0.5047809601754518,1710.3333333333333,1710.3333333333333,4586309833218645.0,28434278486954.668
1324,question_31_aime_Qwen3-4B_S64,64,1,1,3,1,0.0,0.6639958533410356,1402.0,29959.0,1.6514430617560576e+16,68836055364096.0
1325,question_31_aime_Qwen3-4B_S32,32,1,1,3,1,0.0,0.6216808435368434,1571.0,14917.0,1.2001473357431638e+16,57643101510997.336
1326,question_31_aime_Qwen3-4B_S16,16,1,1,3,1,0.0,0.6033789958312473,1377.0,10077.0,8338155101868885.0,44293991910058.664
1327,question_31_aime_Qwen3-4B_S8,8,1,1,3,1,0.0,0.5618802359694056,1485.0,5847.333333333333,6217749261797547.0,35171705967104.0
1328,question_31_aime_Qwen3-4B_S4,4,1,1,3,1,0.0,0.5588120361890766,1426.0,3381.6666666666665,4526871955436373.0,26593094617941.332
1329,question_31_aime_Qwen3-4B_S2,2,1,1,3,1,0.0,0.5969370189376737,1455.0,2439.3333333333335,2988396005703680.0,17927554628437.332
1330,question_31_aime_Qwen3-4B_S1,1,1,1,3,1,0.0,0.4269129662383573,2365.3333333333335,2365.3333333333335,3652633737527978.5,19762056340138.668
1331,question_31_aime_Qwen3-1.7B_S64,64,1,1,3,1,0.0,0.21780394531860126,310.0,2804.0,1027459632041472.0,4715000457216.0
1332,question_31_aime_Qwen3-1.7B_S32,32,1,1,3,1,0.0,0.21266006138647645,255.33333333333334,1420.0,721596962997418.6,3703701959253.3335
1333,question_31_aime_Qwen3-1.7B_S16,16,1,1,3,1,0.0,0.04730619959340763,143.0,519.3333333333334,599890913741056.0,3365309823829.3335
1334,question_31_aime_Qwen3-1.7B_S8,8,1,1,3,1,0.0,0.0879021781577496,154.66666666666666,214.66666666666666,418119581754709.3,2447197306624.0
1335,question_31_aime_Qwen3-1.7B_S4,4,1,1,3,1,0.0,0.12527258819936302,178.33333333333334,380.0,362600018291541.3,2190135992576.0
1336,question_31_aime_Qwen3-1.7B_S2,2,1,1,3,1,0.0,0.1799524693891157,212.0,307.0,329593497097386.7,2018140560128.0
1337,question_31_aime_Qwen3-1.7B_S1,1,1,1,3,1,0.0,0.22606291719005375,631.3333333333334,631.3333333333334,459104451085653.3,2688964974080.0
1338,question_31_aime_Qwen3-0.6B_S64,64,1,1,3,1,0.0,0.03395727472063852,86.0,997.0,586099789567488.0,2081536654848.0
1339,question_31_aime_Qwen3-0.6B_S32,32,1,1,3,1,0.0,0.022638183147092344,57.333333333333336,443.0,359726945888256.0,1475982774442.6667
1340,question_31_aime_Qwen3-0.6B_S16,16,1,1,3,1,0.0,0.04463609300875838,233.66666666666666,1117.6666666666667,303549595857920.0,1336902361941.3333
1341,question_31_aime_Qwen3-0.6B_S8,8,1,1,3,1,0.0,0.04356317237859428,212.66666666666666,1022.0,236207566746794.66,1120165968213.3333
1342,question_31_aime_Qwen3-0.6B_S4,4,1,1,3,1,0.0,0.025383789900506087,193.66666666666666,521.6666666666666,176220881307136.0,935102613162.6666
1343,question_31_aime_Qwen3-0.6B_S2,2,1,1,3,1,0.0,0.024684080817964707,212.0,576.6666666666666,161158848371541.34,893109937834.6666
1344,question_31_aime_Qwen3-0.6B_S1,1,1,1,3,1,0.0,0.012326243098939682,142.33333333333334,142.33333333333334,71243946786133.33,427523911850.6667
1345,question_32_aime_Qwen3-32B_S64,64,1,1,3,1,1.0,0.6288661931916958,880.6666666666666,1485.6666666666667,4.343192256743987e+16,248097411569664.0
1346,question_32_aime_Qwen3-32B_S32,32,1,1,3,1,0.6666666666666666,0.3960848452843626,888.3333333333334,1768.6666666666667,3.3786661813680812e+16,200375339154261.34
1347,question_32_aime_Qwen3-32B_S16,16,1,1,3,1,1.0,0.3839248073967072,1077.6666666666667,1077.6666666666667,2.9146825507483136e+16,177002843335168.0
1348,question_32_aime_Qwen3-32B_S8,8,1,1,3,1,1.0,0.4587423308566776,1016.0,1016.0,2.2101261438751572e+16,137306618389674.67
1349,question_32_aime_Qwen3-32B_S4,4,1,1,3,1,1.0,0.47816551717027395,1227.6666666666667,1582.3333333333333,2.1235404243522732e+16,132971756476416.0
1350,question_32_aime_Qwen3-32B_S2,2,1,1,3,1,1.0,0.37168922419756356,1048.3333333333333,1048.3333333333333,1.6809189121067008e+16,105936378729984.0
1351,question_32_aime_Qwen3-32B_S1,1,1,1,3,1,0.6666666666666666,0.4199390603152477,983.0,983.0,1.0353879311835306e+16,65545886985557.336
1352,question_32_aime_Qwen3-14B_S64,64,1,1,3,1,0.0,0.08127976270197441,75.0,729.0,2819816176672768.0,14491020662272.0
1353,question_32_aime_Qwen3-14B_S32,32,1,1,3,1,0.0,0.07450393453601954,90.0,345.6666666666667,2360667953002837.5,13303329842346.666
1354,question_32_aime_Qwen3-14B_S16,16,1,1,3,1,0.0,0.0543836944490127,103.66666666666667,167.33333333333334,1945055538899797.2,11543916653738.666
1355,question_32_aime_Qwen3-14B_S8,8,1,1,3,1,0.0,0.04349224879176103,175.33333333333334,252.0,2779872529294933.5,16982268960853.334
1356,question_32_aime_Qwen3-14B_S4,4,1,1,3,1,0.0,0.060295675719144126,127.66666666666667,205.0,1681473243352149.2,10480332369493.334
1357,question_32_aime_Qwen3-14B_S2,2,1,1,3,1,0.0,0.03556856531623886,151.0,151.0,1487867442358528.0,9365699573333.334
1358,question_32_aime_Qwen3-14B_S1,1,1,1,3,1,0.0,0.09520196006745107,547.3333333333334,547.3333333333334,2605216721287936.0,16441705694976.0
1359,question_32_aime_Qwen3-8B_S64,64,1,1,3,1,1.0,0.6544987384793005,1387.0,1993.0,1.7669115676059648e+16,75572194650880.0
1360,question_32_aime_Qwen3-8B_S32,32,1,1,3,1,1.0,0.6460971971586323,1406.0,1709.0,1.3099455501750784e+16,64014050088106.664
1361,question_32_aime_Qwen3-8B_S16,16,1,1,3,1,1.0,0.7243855692907936,1157.6666666666667,1157.6666666666667,1.194644847999232e+16,64973852201216.0
1362,question_32_aime_Qwen3-8B_S8,8,1,1,3,1,1.0,0.7849135033563575,1151.3333333333333,1151.3333333333333,8231277102084779.0,47217020043008.0
1363,question_32_aime_Qwen3-8B_S4,4,1,1,3,1,0.6666666666666666,0.6126186073258847,1084.6666666666667,1084.6666666666667,6878794353336320.0,41009701068544.0
1364,question_32_aime_Qwen3-8B_S2,2,1,1,3,1,1.0,0.7600037996761797,1162.3333333333333,1162.3333333333333,4795688592607317.0,29282200248490.668
1365,question_32_aime_Qwen3-8B_S1,1,1,1,3,1,1.0,0.7091857842195152,1295.0,1295.0,3506022714901589.5,21569622183338.668
1366,question_32_aime_Qwen3-4B_S64,64,1,1,3,1,1.0,0.5409358642196165,922.0,1185.0,7376636601332224.0,28089914396160.0
1367,question_32_aime_Qwen3-4B_S32,32,1,1,3,1,1.0,0.696145717310404,1064.6666666666667,2273.6666666666665,6175071091174571.0,27399342499669.332
1368,question_32_aime_Qwen3-4B_S16,16,1,1,3,1,1.0,0.6512810917821713,1010.6666666666666,1328.3333333333333,4927146233648640.0,24151980722176.0
1369,question_32_aime_Qwen3-4B_S8,8,1,1,3,1,1.0,0.638598984432917,1029.0,1029.0,3866188061117269.5,20933183211349.332
1370,question_32_aime_Qwen3-4B_S4,4,1,1,3,1,1.0,0.540369506993171,946.6666666666666,946.6666666666666,2720443883398826.5,15790678759082.666
1371,question_32_aime_Qwen3-4B_S2,2,1,1,3,1,1.0,0.6861259011563616,1124.6666666666667,1124.6666666666667,2366453994227370.5,14060553254229.334
1372,question_32_aime_Qwen3-4B_S1,1,1,1,3,1,1.0,0.7044924189021159,1204.6666666666667,1204.6666666666667,1647135419607040.0,9951886868138.666
1373,question_32_aime_Qwen3-1.7B_S64,64,1,1,3,1,0.0,0.24686152930654318,122.0,978.0,697859499106560.0,2637062478848.0
1374,question_32_aime_Qwen3-1.7B_S32,32,1,1,3,1,0.0,0.17712205006270362,111.0,510.6666666666667,491834513648128.0,2234837896106.6665
1375,question_32_aime_Qwen3-1.7B_S16,16,1,1,3,1,0.0,0.17233594850809472,115.0,199.33333333333334,394074350387200.0,2006993201920.0
1376,question_32_aime_Qwen3-1.7B_S8,8,1,1,3,1,0.0,0.19951035054991476,152.33333333333334,352.3333333333333,410756418128298.7,2260986923776.0
1377,question_32_aime_Qwen3-1.7B_S4,4,1,1,3,1,0.0,0.12662972035735287,174.0,174.0,299130839175168.0,1738735589546.6667
1378,question_32_aime_Qwen3-1.7B_S2,2,1,1,3,1,0.0,0.08336835862723065,329.0,512.0,370563183897685.3,2166619652437.3333
1379,question_32_aime_Qwen3-1.7B_S1,1,1,1,3,1,0.0,0.050751730659750076,270.0,270.0,190215201893546.66,1149620192597.3333
1380,question_32_aime_Qwen3-0.6B_S64,64,1,1,3,1,0.0,0.06026817195793823,222.0,1790.0,543220304759296.0,1818359903744.0
1381,question_32_aime_Qwen3-0.6B_S32,32,1,1,3,1,0.0,0.05730349550433034,258.0,753.6666666666666,334580098161664.0,1322389126656.0
1382,question_32_aime_Qwen3-0.6B_S16,16,1,1,3,1,0.0,0.037214104851684256,184.0,184.0,201913425599658.66,898970535424.0
1383,question_32_aime_Qwen3-0.6B_S8,8,1,1,3,1,0.0,0.013880164457286903,66.33333333333333,66.33333333333333,181930573991936.0,964976836096.0
1384,question_32_aime_Qwen3-0.6B_S4,4,1,1,3,1,0.0,0.04351025705554747,278.6666666666667,503.3333333333333,157885093132288.0,887277490688.0
1385,question_32_aime_Qwen3-0.6B_S2,2,1,1,3,1,0.0,0.026778771000426554,362.0,362.0,157649810588160.0,843194201941.3334
1386,question_32_aime_Qwen3-0.6B_S1,1,1,1,3,1,0.3333333333333333,0.022240764251009796,302.6666666666667,302.6666666666667,93874602430805.33,510526129152.0
1387,question_33_aime_Qwen3-32B_S64,64,1,1,3,1,0.0,0.47092352175072594,1193.0,4091.0,2.7330728920226304e+16,158744680937984.0
1388,question_33_aime_Qwen3-32B_S32,32,1,1,3,1,0.0,0.3396574647965109,1036.3333333333333,1995.6666666666667,2.2547241277871956e+16,136121522244096.0
1389,question_33_aime_Qwen3-32B_S16,16,1,1,3,1,0.0,0.23977691260651157,943.3333333333334,1248.0,1.886776286925619e+16,115842000823808.0
1390,question_33_aime_Qwen3-32B_S8,8,1,1,3,1,0.0,0.3082381421335092,1007.6666666666666,2699.0,1.875896549928226e+16,116815940564650.67
1391,question_33_aime_Qwen3-32B_S4,4,1,1,3,1,0.3333333333333333,0.359927526701566,1202.0,2083.6666666666665,2.1355601747419476e+16,133543871032490.67
1392,question_33_aime_Qwen3-32B_S2,2,1,1,3,1,0.0,0.2701047461415265,1110.0,1110.0,1.5424414450541398e+16,97485864707584.0
1393,question_33_aime_Qwen3-32B_S1,1,1,1,3,1,0.0,0.6337260931745118,1386.3333333333333,1386.3333333333333,1.4438868641160704e+16,91439148723541.33
1394,question_33_aime_Qwen3-14B_S64,64,1,1,3,1,0.0,0.4976580202491099,717.0,1346.0,1.2441382461276928e+16,74816762211072.0
1395,question_33_aime_Qwen3-14B_S32,32,1,1,3,1,0.0,0.5456706424626246,892.6666666666666,1946.3333333333333,1.3905876303517952e+16,85091877135530.67
1396,question_33_aime_Qwen3-14B_S16,16,1,1,3,1,0.0,0.3958719257521304,857.0,857.0,9740300268220502.0,60287766919168.0
1397,question_33_aime_Qwen3-14B_S8,8,1,1,3,1,0.0,0.43850067591785774,1239.6666666666667,2891.0,1.1868408429006848e+16,73130996762368.0
1398,question_33_aime_Qwen3-14B_S4,4,1,1,3,1,0.0,0.48278851904327613,687.6666666666666,687.6666666666666,7044327024767744.0,44620323873450.664
1399,question_33_aime_Qwen3-14B_S2,2,1,1,3,1,0.3333333333333333,0.5321665235902548,1163.0,1589.0,8390858794572373.0,52518750847232.0
1400,question_33_aime_Qwen3-14B_S1,1,1,1,3,1,0.0,0.5540377947311276,1339.3333333333333,1339.3333333333333,6528765006835627.0,41220611024384.0
1401,question_33_aime_Qwen3-8B_S64,64,1,1,3,1,1.0,0.6866980482976718,1190.0,6564.0,1.949260834812928e+16,86760992112128.0
1402,question_33_aime_Qwen3-8B_S32,32,1,1,3,1,1.0,0.7463843910735783,1210.6666666666667,4288.0,1.422042940809583e+16,71754440184917.33
1403,question_33_aime_Qwen3-8B_S16,16,1,1,3,1,1.0,0.7811477290361303,1227.6666666666667,4152.0,1.1496016938513152e+16,63222332498432.0
1404,question_33_aime_Qwen3-8B_S8,8,1,1,3,1,0.0,0.5912850458855039,1166.6666666666667,3940.0,8617391976200448.0,50085786133845.336
1405,question_33_aime_Qwen3-8B_S4,4,1,1,3,1,1.0,0.4205867048941305,1527.6666666666667,1984.6666666666667,7173003168240043.0,43029853291690.664
1406,question_33_aime_Qwen3-8B_S2,2,1,1,3,1,0.0,0.612102153983933,1203.3333333333333,2143.6666666666665,4850538481569621.0,29734592035242.668
1407,question_33_aime_Qwen3-8B_S1,1,1,1,3,1,0.0,0.48202578685472464,1381.6666666666667,1381.6666666666667,3695174671590741.5,22977976492458.668
1408,question_33_aime_Qwen3-4B_S64,64,1,1,3,1,1.0,0.8352759711905536,1181.3333333333333,7592.0,1.0526319708531712e+16,36922754302976.0
1409,question_33_aime_Qwen3-4B_S32,32,1,1,3,1,0.6666666666666666,0.7772272293459154,1159.6666666666667,5344.0,7230047149601963.0,30965028332544.0
1410,question_33_aime_Qwen3-4B_S16,16,1,1,3,1,0.6666666666666666,0.7312224369396105,1168.3333333333333,5072.666666666667,5342188259685888.0,26415886278314.668
1411,question_33_aime_Qwen3-4B_S8,8,1,1,3,1,0.3333333333333333,0.6558048444415117,1197.6666666666667,3348.3333333333335,4124424602436778.5,22275830320640.0
1412,question_33_aime_Qwen3-4B_S4,4,1,1,3,1,0.6666666666666666,0.4328032287731,1265.3333333333333,1668.3333333333333,3291765295381674.5,18734605942101.332
1413,question_33_aime_Qwen3-4B_S2,2,1,1,3,1,0.0,0.45238265809725237,1168.0,1571.0,2395021898997077.5,14276673419264.0
1414,question_33_aime_Qwen3-4B_S1,1,1,1,3,1,0.3333333333333333,0.5628011576930223,1410.3333333333333,1410.3333333333333,1929499209140224.0,11672954835114.666
1415,question_33_aime_Qwen3-1.7B_S64,64,1,1,3,1,0.0,0.2990520866750218,150.0,2471.0,675960074596352.0,3211108216064.0
1416,question_33_aime_Qwen3-1.7B_S32,32,1,1,3,1,0.0,0.26974941532259716,277.3333333333333,1344.0,559460216398421.3,3006492014848.0
1417,question_33_aime_Qwen3-1.7B_S16,16,1,1,3,1,0.0,0.1913691697182001,224.33333333333334,493.6666666666667,306971538073685.3,1690961739861.3333
1418,question_33_aime_Qwen3-1.7B_S8,8,1,1,3,1,0.0,0.16182646477885881,94.0,161.33333333333334,193719723006208.0,1101810579370.6667
1419,question_33_aime_Qwen3-1.7B_S4,4,1,1,3,1,0.0,0.2549367044958516,499.0,892.3333333333334,763136337835349.4,4355467731029.3335
1420,question_33_aime_Qwen3-1.7B_S2,2,1,1,3,1,0.0,0.2649355822120232,655.3333333333334,655.3333333333334,698971004944725.4,4140578976426.6665
1421,question_33_aime_Qwen3-1.7B_S1,1,1,1,3,1,0.0,0.2640515572386997,882.0,882.0,609637504124245.4,3712029042773.3335
1422,question_33_aime_Qwen3-0.6B_S64,64,1,1,3,1,0.0,0.1902660347196298,140.0,207.0,405865830214144.0,1284124544512.0
1423,question_33_aime_Qwen3-0.6B_S32,32,1,1,3,1,0.0,0.12684402314641988,93.33333333333333,93.33333333333333,256454638882133.34,991380751872.0
1424,question_33_aime_Qwen3-0.6B_S16,16,1,1,3,1,0.0,0.06342201157320994,46.666666666666664,76.0,206356654769152.0,912109592405.3334
1425,question_33_aime_Qwen3-0.6B_S8,8,1,1,3,1,0.0,0.338769473405859,364.6666666666667,1392.3333333333333,313770442379605.3,1544666028714.6667
1426,question_33_aime_Qwen3-0.6B_S4,4,1,1,3,1,0.0,0.2836015945209272,347.0,504.0,229494927214592.0,1214750996309.3333
1427,question_33_aime_Qwen3-0.6B_S2,2,1,1,3,1,0.0,0.15430786961871165,318.0,318.0,129934743613610.67,697359144789.3334
1428,question_33_aime_Qwen3-0.6B_S1,1,1,1,3,1,0.0,0.301099509372447,326.0,326.0,93350103687850.67,542138187776.0
1429,question_34_aime_Qwen3-32B_S64,64,1,1,3,1,0.0,0.0,0.0,0.0,1.845404394347264e+16,111394834753024.0
1430,question_34_aime_Qwen3-32B_S32,32,1,1,3,1,0.0,0.3456573786410036,784.6666666666666,3967.3333333333335,2.785044447577634e+16,168916101942101.34
1431,question_34_aime_Qwen3-32B_S16,16,1,1,3,1,0.0,0.09457172158314275,266.3333333333333,1003.0,1.9129089439645356e+16,118710039701333.33
1432,question_34_aime_Qwen3-32B_S8,8,1,1,3,1,0.0,0.35136722413830657,869.0,2342.3333333333335,2.114104704405555e+16,131285931451221.33
1433,question_34_aime_Qwen3-32B_S4,4,1,1,3,1,0.0,0.3186494630489665,969.0,969.0,2.0851376474803372e+16,130884621784917.33
1434,question_34_aime_Qwen3-32B_S2,2,1,1,3,1,0.0,0.3548517244452924,984.0,1464.0,1.7460899845203456e+16,110460729374549.33
1435,question_34_aime_Qwen3-32B_S1,1,1,1,3,1,0.0,0.3078220802096718,1284.0,1284.0,1.3485698626340522e+16,85455542452736.0
1436,question_34_aime_Qwen3-14B_S64,64,1,1,3,1,0.0,0.19157635482071844,132.0,383.0,3296292252748800.0,16998258080000.0
1437,question_34_aime_Qwen3-14B_S32,32,1,1,3,1,0.0,0.2069995907737023,209.33333333333334,1406.0,3791693979184640.0,21387114526037.332
1438,question_34_aime_Qwen3-14B_S16,16,1,1,3,1,0.0,0.1740907028308837,260.3333333333333,1243.6666666666667,4601091951686229.0,27466970240512.0
1439,question_34_aime_Qwen3-14B_S8,8,1,1,3,1,0.0,0.25518447123333354,379.0,1717.3333333333333,4447512057457834.5,27096927021653.332
1440,question_34_aime_Qwen3-14B_S4,4,1,1,3,1,0.0,0.11557483175246515,215.66666666666666,310.3333333333333,2253248888588800.0,14085757804202.666
1441,question_34_aime_Qwen3-14B_S2,2,1,1,3,1,0.0,0.10681426553381314,284.3333333333333,530.3333333333334,2552899598459050.5,16081790196394.666
1442,question_34_aime_Qwen3-14B_S1,1,1,1,3,1,0.0,0.1672660547635484,505.3333333333333,505.3333333333333,2391085617026730.5,15117352833536.0
1443,question_34_aime_Qwen3-8B_S64,64,1,1,3,1,0.0,0.8552440767626651,914.0,2280.0,1.4724564334979328e+16,69854946323456.0
1444,question_34_aime_Qwen3-8B_S32,32,1,1,3,1,0.0,0.6041558202404308,1024.0,2494.6666666666665,1.1285369830093568e+16,59532436428885.336
1445,question_34_aime_Qwen3-8B_S16,16,1,1,3,1,0.0,0.6355457053436723,891.3333333333334,2339.0,8790843715241216.0,49469925447509.336
1446,question_34_aime_Qwen3-8B_S8,8,1,1,3,1,0.0,0.6762880257920463,1128.6666666666667,2587.0,7864115121480704.0,46638443003989.336
1447,question_34_aime_Qwen3-8B_S4,4,1,1,3,1,0.0,0.5131354382488801,1301.3333333333333,3973.0,8308068080700672.0,50068921530880.0
1448,question_34_aime_Qwen3-8B_S2,2,1,1,3,1,0.0,0.4846684010229816,1197.3333333333333,2412.3333333333335,5684232045464661.0,34883599608746.668
1449,question_34_aime_Qwen3-8B_S1,1,1,1,3,1,0.0,0.15000433903160224,1555.6666666666667,1555.6666666666667,4160386162983509.5,25877003803221.332
1450,question_34_aime_Qwen3-4B_S64,64,1,1,3,1,0.0,0.4073123630150342,742.0,1644.0,3884248245440512.0,17481631627264.0
1451,question_34_aime_Qwen3-4B_S32,32,1,1,3,1,0.0,0.4073123630150342,742.0,1722.6666666666667,3283553508507989.5,16408706914304.0
1452,question_34_aime_Qwen3-4B_S16,16,1,1,3,1,0.0,0.40467327452567875,921.3333333333334,2312.0,3102861105025024.0,16542492596565.334
1453,question_34_aime_Qwen3-4B_S8,8,1,1,3,1,0.0,0.44173225292863544,771.0,2459.6666666666665,3458708866329429.5,19284718759424.0
1454,question_34_aime_Qwen3-4B_S4,4,1,1,3,1,0.0,0.33197949665948917,977.3333333333334,2846.0,2895858182512298.5,16799050631338.666
1455,question_34_aime_Qwen3-4B_S2,2,1,1,3,1,0.0,0.45091264687224325,1503.3333333333333,2246.6666666666665,2764997962058581.5,16526617493333.334
1456,question_34_aime_Qwen3-4B_S1,1,1,1,3,1,0.0,0.3442871222771715,1273.6666666666667,1273.6666666666667,1731342257364480.0,10514667108181.334
1457,question_34_aime_Qwen3-1.7B_S64,64,1,1,3,1,0.0,0.20440078813749493,68.0,488.0,745003458911488.0,3083434633216.0
1458,question_34_aime_Qwen3-1.7B_S32,32,1,1,3,1,0.0,0.16470813498293962,88.33333333333333,196.33333333333334,537451767942656.0,2594948895317.3335
1459,question_34_aime_Qwen3-1.7B_S16,16,1,1,3,1,0.0,0.16759581096475118,105.33333333333333,203.66666666666666,406406459982506.7,2154873297920.0
1460,question_34_aime_Qwen3-1.7B_S8,8,1,1,3,1,0.0,0.17314373684363424,96.33333333333333,96.33333333333333,356898595446101.3,2063533780224.0
1461,question_34_aime_Qwen3-1.7B_S4,4,1,1,3,1,0.0,0.21630020190503688,257.3333333333333,348.6666666666667,470902129494272.0,2786252289706.6665
1462,question_34_aime_Qwen3-1.7B_S2,2,1,1,3,1,0.0,0.09302181831771789,319.3333333333333,410.6666666666667,318630061951488.0,1906868072106.6667
1463,question_34_aime_Qwen3-1.7B_S1,1,1,1,3,1,0.0,0.13029034498057557,359.3333333333333,359.3333333333333,245656680111957.34,1512856506709.3333
1464,question_34_aime_Qwen3-0.6B_S64,64,1,1,3,1,0.0,0.1978046330303377,81.0,931.0,596156467270656.0,1864250595328.0
1465,question_34_aime_Qwen3-0.6B_S32,32,1,1,3,1,0.0,0.14375976974305996,138.33333333333334,404.3333333333333,343727168802133.3,1226578537130.6667
1466,question_34_aime_Qwen3-0.6B_S16,16,1,1,3,1,0.0,0.19297626243339105,234.66666666666666,1656.6666666666667,344104978653013.3,1411941717162.6667
1467,question_34_aime_Qwen3-0.6B_S8,8,1,1,3,1,0.0,0.0903453179680042,319.6666666666667,716.3333333333334,227963823828992.0,1095222431402.6666
1468,question_34_aime_Qwen3-0.6B_S4,4,1,1,3,1,0.0,0.06664756661653101,381.0,450.0,222398476042581.34,1119741330090.6667
1469,question_34_aime_Qwen3-0.6B_S2,2,1,1,3,1,0.0,0.14584201333927707,341.6666666666667,400.0,144020344688810.66,774341071701.3334
1470,question_34_aime_Qwen3-0.6B_S1,1,1,1,3,1,0.0,0.04079905042622831,310.6666666666667,310.6666666666667,95269687133354.67,536106315434.6667
1471,question_35_aime_Qwen3-32B_S64,64,1,1,3,1,0.0,0.3403684433581466,778.0,3393.0,3.173562807079885e+16,185965369783808.0
1472,question_35_aime_Qwen3-32B_S32,32,1,1,3,1,0.0,0.29442525571552197,544.6666666666666,1259.3333333333333,2.6121428218126164e+16,158845320294741.34
1473,question_35_aime_Qwen3-32B_S16,16,1,1,3,1,0.6666666666666666,0.5090873541674817,1076.6666666666667,3017.6666666666665,2.7120858883204948e+16,167672350539093.34
1474,question_35_aime_Qwen3-32B_S8,8,1,1,3,1,0.0,0.46176241719031097,929.0,1578.3333333333333,1.8876056152842068e+16,118298711186602.67
1475,question_35_aime_Qwen3-32B_S4,4,1,1,3,1,0.0,0.17163537234732007,709.6666666666666,709.6666666666666,1.4638333748340054e+16,92579169362432.0
1476,question_35_aime_Qwen3-32B_S2,2,1,1,3,1,1.0,0.5449583927538618,1132.3333333333333,1132.3333333333333,1.541815744220416e+16,97437050860885.33
1477,question_35_aime_Qwen3-32B_S1,1,1,1,3,1,0.0,0.3781144511405114,721.0,721.0,9707513998848854.0,61648859781973.336
1478,question_35_aime_Qwen3-14B_S64,64,1,1,3,1,0.0,0.4756678247450417,605.0,6546.0,2.0319199865223936e+16,120893567825408.0
1479,question_35_aime_Qwen3-14B_S32,32,1,1,3,1,0.0,0.4756678247450417,605.0,4129.333333333333,1.6371145607988736e+16,99624888049749.33
1480,question_35_aime_Qwen3-14B_S16,16,1,1,3,1,0.0,0.31711188316336114,403.3333333333333,839.6666666666666,1.0602740728904448e+16,65976612682154.664
1481,question_35_aime_Qwen3-14B_S8,8,1,1,3,1,0.0,0.3931046936172275,826.6666666666666,826.6666666666666,1.099432522768879e+16,69131772054698.664
1482,question_35_aime_Qwen3-14B_S4,4,1,1,3,1,0.0,0.12880661175835803,255.33333333333334,255.33333333333334,6608461183492693.0,41714877247061.336
1483,question_35_aime_Qwen3-14B_S2,2,1,1,3,1,0.3333333333333333,0.5062041192193917,657.3333333333334,657.3333333333334,6306631406873600.0,39705447794432.0
1484,question_35_aime_Qwen3-14B_S1,1,1,1,3,1,0.3333333333333333,0.5336952184305837,1059.0,1059.0,7417345569962667.0,46787292967594.664
1485,question_35_aime_Qwen3-8B_S64,64,1,1,3,1,0.0,0.3086699288762837,618.0,618.0,1.2032885241111552e+16,48810088683264.0
1486,question_35_aime_Qwen3-8B_S32,32,1,1,3,1,0.6666666666666666,0.5711773308354404,1050.0,1050.0,1.3071935731911338e+16,63395988422144.0
1487,question_35_aime_Qwen3-8B_S16,16,1,1,3,1,0.6666666666666666,0.45066482346104203,1091.0,1091.0,9343256621687210.0,49694264571648.0
1488,question_35_aime_Qwen3-8B_S8,8,1,1,3,1,1.0,0.5991055049009584,1294.3333333333333,1725.6666666666667,9673716882109782.0,54963267884714.664
1489,question_35_aime_Qwen3-8B_S4,4,1,1,3,1,1.0,0.44543869890586657,1405.6666666666667,1837.0,7792277257707435.0,46126475035648.0
1490,question_35_aime_Qwen3-8B_S2,2,1,1,3,1,1.0,0.5873597672348566,1416.6666666666667,1416.6666666666667,5614497364123733.0,34198720843178.668
1491,question_35_aime_Qwen3-8B_S1,1,1,1,3,1,1.0,0.6443413780530746,1536.0,1536.0,4134148342676138.5,25563206424234.668
1492,question_35_aime_Qwen3-4B_S64,64,1,1,3,1,1.0,0.6148553996839997,1058.6666666666667,1058.6666666666667,5177358667850240.0,24029338423296.0
1493,question_35_aime_Qwen3-4B_S32,32,1,1,3,1,1.0,0.6577488546316114,1028.6666666666667,1225.3333333333333,4073760137760938.5,21286681573034.668
1494,question_35_aime_Qwen3-4B_S16,16,1,1,3,1,1.0,0.5732310440812688,941.3333333333334,1252.6666666666667,3093433481560576.0,17270245643776.0
1495,question_35_aime_Qwen3-4B_S8,8,1,1,3,1,1.0,0.5422725542900428,1017.6666666666666,2137.3333333333335,3059826213897557.5,17639117668864.0
1496,question_35_aime_Qwen3-4B_S4,4,1,1,3,1,1.0,0.49516611412223316,1171.0,1491.6666666666667,2587726734741162.5,15543735976448.0
1497,question_35_aime_Qwen3-4B_S2,2,1,1,3,1,0.6666666666666666,0.39404878654290965,1015.6666666666666,1015.6666666666666,2057942725540522.8,12581874715989.334
1498,question_35_aime_Qwen3-4B_S1,1,1,1,3,1,0.6666666666666666,0.4236202853833955,2297.6666666666665,2297.6666666666665,3329144689651541.5,19113966779904.0
1499,question_35_aime_Qwen3-1.7B_S64,64,1,1,3,1,0.0,0.3026138334829117,381.0,1759.0,747205118675456.0,3705834883072.0
1500,question_35_aime_Qwen3-1.7B_S32,32,1,1,3,1,0.0,0.2826398162858108,309.0,1130.0,586367507289088.0,3100099429205.3335
1501,question_35_aime_Qwen3-1.7B_S16,16,1,1,3,1,0.0,0.15070556721085948,386.0,497.0,583601954022229.4,3410361682858.6665
1502,question_35_aime_Qwen3-1.7B_S8,8,1,1,3,1,0.0,0.10046692855991275,354.3333333333333,469.0,615904931151104.0,3525439357440.0
1503,question_35_aime_Qwen3-1.7B_S4,4,1,1,3,1,0.0,0.07458492787055593,293.3333333333333,596.0,652980957737472.0,3900251471872.0
1504,question_35_aime_Qwen3-1.7B_S2,2,1,1,3,1,0.0,0.0910661280692683,461.6666666666667,658.6666666666666,619055133934421.4,3603874678954.6665
1505,question_35_aime_Qwen3-1.7B_S1,1,1,1,3,1,0.0,0.2494545824124098,580.6666666666666,580.6666666666666,408448778523221.3,2461757975637.3335
1506,question_35_aime_Qwen3-0.6B_S64,64,1,1,3,1,0.0,0.2636933116118508,422.0,1151.0,934773450722304.0,3242615699968.0
1507,question_35_aime_Qwen3-0.6B_S32,32,1,1,3,1,0.0,0.20381336906542746,334.3333333333333,1822.0,646715811506005.4,2496220328277.3335
1508,question_35_aime_Qwen3-0.6B_S16,16,1,1,3,1,0.0,0.17564362988433438,454.6666666666667,1343.3333333333333,440679939857408.0,1884603672576.0
1509,question_35_aime_Qwen3-0.6B_S8,8,1,1,3,1,0.0,0.1285422780202097,352.0,665.6666666666666,331385222351872.0,1541746910037.3333
1510,question_35_aime_Qwen3-0.6B_S4,4,1,1,3,1,0.0,0.08117302719783344,388.6666666666667,388.6666666666667,231066729328128.0,1127834670933.3333
1511,question_35_aime_Qwen3-0.6B_S2,2,1,1,3,1,0.0,0.09198597162308647,546.0,715.3333333333334,236815488243200.0,1271951786154.6667
1512,question_35_aime_Qwen3-0.6B_S1,1,1,1,3,1,0.0,0.14533009288339863,449.3333333333333,449.3333333333333,136589431680170.67,746059447125.3334
1513,question_36_aime_Qwen3-32B_S64,64,1,1,3,1,0.0,0.035632134975393366,413.0,782.0,2.2095635112e+16,121877181452800.0
1514,question_36_aime_Qwen3-32B_S32,32,1,1,3,1,0.0,0.07739093944580355,655.6666666666666,1525.6666666666667,1.9171164080633856e+16,110690823888896.0
1515,question_36_aime_Qwen3-32B_S16,16,1,1,3,1,0.0,0.19438375991205029,693.6666666666666,1822.6666666666667,1.7746974940363606e+16,107280366636885.33
1516,question_36_aime_Qwen3-32B_S8,8,1,1,3,1,0.0,0.07924895677625243,687.6666666666666,873.0,1.4898353301824e+16,92290092476757.33
1517,question_36_aime_Qwen3-32B_S4,4,1,1,3,1,0.0,0.25497333438144903,981.3333333333334,1258.0,2.1174999931923116e+16,132183503843328.0
1518,question_36_aime_Qwen3-32B_S2,2,1,1,3,1,0.0,0.22167822058410458,682.6666666666666,682.6666666666666,1.1916443389818368e+16,75206942508885.33
1519,question_36_aime_Qwen3-32B_S1,1,1,1,3,1,0.0,0.1427638062094169,1012.0,1012.0,1.0600711057429504e+16,67055175566336.0
1520,question_36_aime_Qwen3-14B_S64,64,1,1,3,1,0.0,0.15864825520807893,552.0,552.0,5468930366611712.0,29775318840064.0
1521,question_36_aime_Qwen3-14B_S32,32,1,1,3,1,0.0,0.35628070603743955,796.6666666666666,1904.0,8594609599470421.0,49403369117013.336
1522,question_36_aime_Qwen3-14B_S16,16,1,1,3,1,0.0,0.15864825520807893,552.0,552.0,4590572923032917.0,28029828073301.332
1523,question_36_aime_Qwen3-14B_S8,8,1,1,3,1,0.0,0.23098104822679222,811.3333333333334,1710.6666666666667,6968322062673067.0,42256326498560.0
1524,question_36_aime_Qwen3-14B_S4,4,1,1,3,1,0.0,0.14223654194948857,518.6666666666666,874.0,5749817691787605.0,35595386506410.664
1525,question_36_aime_Qwen3-14B_S2,2,1,1,3,1,0.0,0.3643045164944266,620.6666666666666,954.3333333333334,5523564195404117.0,34730534259968.0
1526,question_36_aime_Qwen3-14B_S1,1,1,1,3,1,0.0,0.26148306388136733,686.0,686.0,3273337559533141.5,20714216298325.332
1527,question_36_aime_Qwen3-8B_S64,64,1,1,3,1,0.0,0.018250881017902516,504.0,504.0,9495009097611264.0,42639853616896.0
1528,question_36_aime_Qwen3-8B_S32,32,1,1,3,1,0.0,0.06828851688496591,700.6666666666666,2012.3333333333333,9298676588350550.0,46807588667306.664
1529,question_36_aime_Qwen3-8B_S16,16,1,1,3,1,0.0,0.05182050656746364,751.3333333333334,1997.6666666666667,8065498628695467.0,44438107432277.336
1530,question_36_aime_Qwen3-8B_S8,8,1,1,3,1,0.0,0.023927063821397327,568.3333333333334,568.3333333333334,5365071390214144.0,31405498467242.668
1531,question_36_aime_Qwen3-8B_S4,4,1,1,3,1,0.0,0.14718825845819078,968.0,2303.0,4909559478920619.0,29334090710101.332
1532,question_36_aime_Qwen3-8B_S2,2,1,1,3,1,0.0,0.17521604027076873,1237.6666666666667,1909.3333333333333,5115971053872299.0,31038775232341.332
1533,question_36_aime_Qwen3-8B_S1,1,1,1,3,1,0.0,0.29422817656670913,1456.6666666666667,1456.6666666666667,3946371672100949.5,24257419258368.0
1534,question_36_aime_Qwen3-4B_S64,64,1,1,3,1,0.0,0.7466531816268874,955.0,3212.0,8227810885497856.0,31320023279616.0
1535,question_36_aime_Qwen3-4B_S32,32,1,1,3,1,0.0,0.557954317004354,949.3333333333334,2614.6666666666665,5417071480512171.0,23699643598506.668
1536,question_36_aime_Qwen3-4B_S16,16,1,1,3,1,0.0,0.5094654062018646,831.6666666666666,2220.6666666666665,4371733507697834.5,21481228839936.0
1537,question_36_aime_Qwen3-4B_S8,8,1,1,3,1,0.0,0.36513374418690714,981.3333333333334,1783.0,3704162559135061.5,20085490191701.332
1538,question_36_aime_Qwen3-4B_S4,4,1,1,3,1,0.0,0.38823936754878624,909.3333333333334,909.3333333333334,2527133206273194.5,14599929164458.666
1539,question_36_aime_Qwen3-4B_S2,2,1,1,3,1,0.0,0.27115126945524437,1172.0,1507.0,2536045796311893.5,14942720305834.666
1540,question_36_aime_Qwen3-4B_S1,1,1,1,3,1,0.0,0.4150419503394638,2555.3333333333335,2555.3333333333335,3740678220527786.5,21335050543786.668
1541,question_36_aime_Qwen3-1.7B_S64,64,1,1,3,1,0.0,0.16441579928431646,103.0,1684.0,850994250414336.0,3632500897536.0
1542,question_36_aime_Qwen3-1.7B_S32,32,1,1,3,1,0.0,0.13530252713409963,115.0,824.3333333333334,591886978626645.4,2886706598570.6665
1543,question_36_aime_Qwen3-1.7B_S16,16,1,1,3,1,0.0,0.07702071664341777,85.0,344.6666666666667,438002365081344.0,2356944518656.0
1544,question_36_aime_Qwen3-1.7B_S8,8,1,1,3,1,0.0,0.11138234633182938,116.66666666666667,400.3333333333333,395713127669589.3,2293109287765.3335
1545,question_36_aime_Qwen3-1.7B_S4,4,1,1,3,1,0.0,0.025266313981264027,296.0,572.0,425171905546154.7,2513751504469.3335
1546,question_36_aime_Qwen3-1.7B_S2,2,1,1,3,1,0.0,0.020589769377403744,312.0,423.3333333333333,334951601650773.3,2015605363370.6667
1547,question_36_aime_Qwen3-1.7B_S1,1,1,1,3,1,0.0,0.03290325686064553,407.6666666666667,407.6666666666667,281412829832362.66,1726586415530.6667
1548,question_36_aime_Qwen3-0.6B_S64,64,1,1,3,1,0.0,0.021640698997180838,57.0,418.0,558345439344640.0,1445406365696.0
1549,question_36_aime_Qwen3-0.6B_S32,32,1,1,3,1,0.0,0.04470390670608404,148.33333333333334,794.3333333333334,404725498232832.0,1320314732885.3333
1550,question_36_aime_Qwen3-0.6B_S16,16,1,1,3,1,0.0,0.02309253475142368,134.33333333333334,545.6666666666666,237236617664512.0,938047309312.0
1551,question_36_aime_Qwen3-0.6B_S8,8,1,1,3,1,0.0,0.04727210963500309,252.0,1116.6666666666667,252301957576362.66,1126794604373.3333
1552,question_36_aime_Qwen3-0.6B_S4,4,1,1,3,1,0.0,0.029438091465172945,330.0,640.0,229268308533418.66,1154481242112.0
1553,question_36_aime_Qwen3-0.6B_S2,2,1,1,3,1,0.0,0.017073484060947396,336.3333333333333,635.3333333333334,176202788329472.0,937604572501.3334
1554,question_36_aime_Qwen3-0.6B_S1,1,1,1,3,1,0.0,0.018066701519579998,258.3333333333333,258.3333333333333,79930423209813.33,460199788714.6667
1555,question_37_aime_Qwen3-32B_S64,64,1,1,3,1,0.0,0.6637681515142906,1401.0,4631.0,4.841657926085683e+16,289755807777792.0
1556,question_37_aime_Qwen3-32B_S32,32,1,1,3,1,0.0,0.6056484929511895,1226.3333333333333,2911.6666666666665,3.3134508791356588e+16,201653800087210.66
1557,question_37_aime_Qwen3-32B_S16,16,1,1,3,1,0.0,0.6637681515142906,1401.0,3058.3333333333335,2.817774796689203e+16,174675457111040.0
1558,question_37_aime_Qwen3-32B_S8,8,1,1,3,1,0.3333333333333333,0.4629517520321316,1033.0,1781.3333333333333,1.9689864817916756e+16,122272413414741.33
1559,question_37_aime_Qwen3-32B_S4,4,1,1,3,1,0.0,0.5641182272477333,1361.0,1931.0,2.5583409732381184e+16,160176339398314.66
1560,question_37_aime_Qwen3-32B_S2,2,1,1,3,1,0.0,0.5576912599424421,1214.0,1214.0,1.5906910463724544e+16,100467157589674.67
1561,question_37_aime_Qwen3-32B_S1,1,1,1,3,1,0.6666666666666666,0.669413866842076,1703.0,1703.0,1.7811850597199018e+16,112573388283904.0
1562,question_37_aime_Qwen3-14B_S64,64,1,1,3,1,0.0,0.4087570912257809,1522.0,2369.0,3.386036779226752e+16,208755866852096.0
1563,question_37_aime_Qwen3-14B_S32,32,1,1,3,1,0.0,0.2869468182762612,1056.6666666666667,1621.3333333333333,2.4987524868196948e+16,155880621307050.66
1564,question_37_aime_Qwen3-14B_S16,16,1,1,3,1,0.0,0.1445847716836312,747.6666666666666,789.6666666666666,2.20579059352285e+16,138602874812672.0
1565,question_37_aime_Qwen3-14B_S8,8,1,1,3,1,0.0,0.028884181584814424,84.0,84.0,1.2937134591693312e+16,81571875050922.67
1566,question_37_aime_Qwen3-14B_S4,4,1,1,3,1,0.3333333333333333,0.35860655829999494,843.3333333333334,1292.6666666666667,9179830531421610.0,57737975648085.336
1567,question_37_aime_Qwen3-14B_S2,2,1,1,3,1,0.3333333333333333,0.38908920539388564,1076.3333333333333,1076.3333333333333,9170814345133056.0,58131162153301.336
1568,question_37_aime_Qwen3-14B_S1,1,1,1,3,1,0.6666666666666666,0.5500101842252424,1686.6666666666667,1686.6666666666667,7965918887876096.0,50480201433088.0
1569,question_37_aime_Qwen3-8B_S64,64,1,1,3,1,0.0,0.7355715304217657,1929.0,1929.0,2.642984083611136e+16,115264072345600.0
1570,question_37_aime_Qwen3-8B_S32,32,1,1,3,1,0.0,0.7628001692802581,1850.3333333333333,6062.666666666667,2.065794942679603e+16,100254206870954.67
1571,question_37_aime_Qwen3-8B_S16,16,1,1,3,1,1.0,0.8055556410365495,1662.6666666666667,4482.333333333333,1.7354921096838144e+16,91083559236181.33
1572,question_37_aime_Qwen3-8B_S8,8,1,1,3,1,0.6666666666666666,0.8046781654735597,1731.0,2977.6666666666665,1.3484995176987392e+16,77276725882965.33
1573,question_37_aime_Qwen3-8B_S4,4,1,1,3,1,0.3333333333333333,0.7606764899272443,1716.0,2958.6666666666665,1.1712383998388992e+16,70034240784725.336
1574,question_37_aime_Qwen3-8B_S2,2,1,1,3,1,0.0,0.5753669313834293,2354.3333333333335,2354.3333333333335,9879889619337898.0,59714191540138.664
1575,question_37_aime_Qwen3-8B_S1,1,1,1,3,1,0.3333333333333333,0.6993358296106615,2134.0,2134.0,5806106891094699.0,35573779764565.336
1576,question_37_aime_Qwen3-4B_S64,64,1,1,3,1,0.0,0.7567005824363608,1864.0,2880.0,1.0070250542882304e+16,32623171446272.0
1577,question_37_aime_Qwen3-4B_S32,32,1,1,3,1,0.3333333333333333,0.7468241310055506,1424.0,4128.333333333333,9729587721006592.0,37776516807850.664
1578,question_37_aime_Qwen3-4B_S16,16,1,1,3,1,0.3333333333333333,0.7464605946188373,1454.6666666666667,1454.6666666666667,6715973773102933.0,31452839170901.332
1579,question_37_aime_Qwen3-4B_S8,8,1,1,3,1,0.3333333333333333,0.7318223742888867,1357.3333333333333,1843.6666666666667,5291750843673088.0,27557161050282.668
1580,question_37_aime_Qwen3-4B_S4,4,1,1,3,1,0.3333333333333333,0.7085325691777214,1538.0,1538.0,4472651467731456.0,24973024065706.668
1581,question_37_aime_Qwen3-4B_S2,2,1,1,3,1,1.0,0.8443451568989481,2031.0,3461.6666666666665,4310363862982997.5,24867407082837.332
1582,question_37_aime_Qwen3-4B_S1,1,1,1,3,1,0.0,0.48178084151013095,2614.0,2614.0,3712729635924650.5,21731534761642.668
1583,question_37_aime_Qwen3-1.7B_S64,64,1,1,3,1,0.0,0.1530924755325582,447.0,1548.0,1788503678529792.0,7612819049472.0
1584,question_37_aime_Qwen3-1.7B_S32,32,1,1,3,1,0.0,0.09846587093203128,572.0,896.0,1403297017501269.2,6390003969962.667
1585,question_37_aime_Qwen3-1.7B_S16,16,1,1,3,1,0.0,0.24126557229536394,598.0,965.0,1226539571353600.0,6507534618965.333
1586,question_37_aime_Qwen3-1.7B_S8,8,1,1,3,1,0.0,0.061200345029045485,931.6666666666666,1413.3333333333333,1915341549732352.0,9696974817450.666
1587,question_37_aime_Qwen3-1.7B_S4,4,1,1,3,1,0.0,0.15304941724831136,976.0,1728.6666666666667,1536517062138538.8,8494308074410.667
1588,question_37_aime_Qwen3-1.7B_S2,2,1,1,3,1,0.0,0.1396954742446315,1005.3333333333334,1005.3333333333334,985287880743338.6,5778670199978.667
1589,question_37_aime_Qwen3-1.7B_S1,1,1,1,3,1,0.0,0.2977346362482569,1319.6666666666667,1319.6666666666667,998098315919189.4,5660285645653.333
1590,question_37_aime_Qwen3-0.6B_S64,64,1,1,3,1,0.0,0.05114108474684546,588.0,892.0,725571311628288.0,2593703002112.0
1591,question_37_aime_Qwen3-0.6B_S32,32,1,1,3,1,0.0,0.05114108474684546,588.0,790.6666666666666,483109668059989.3,2068730686122.6667
1592,question_37_aime_Qwen3-0.6B_S16,16,1,1,3,1,0.0,0.10892040484241199,476.6666666666667,1543.3333333333333,435192713812138.7,1829490066944.0
1593,question_37_aime_Qwen3-0.6B_S8,8,1,1,3,1,0.0,0.17463459471672305,506.3333333333333,939.3333333333334,330392675161941.3,1559466530986.6667
1594,question_37_aime_Qwen3-0.6B_S4,4,1,1,3,1,0.0,0.09742200727580601,340.3333333333333,470.3333333333333,258369192644096.0,1268777703936.0
1595,question_37_aime_Qwen3-0.6B_S2,2,1,1,3,1,0.0,0.15270159789301196,688.3333333333334,1281.6666666666667,311269743249920.0,1519627585194.6667
1596,question_37_aime_Qwen3-0.6B_S1,1,1,1,3,1,0.0,0.0490440127490764,793.3333333333334,793.3333333333334,258637973858474.66,1330589758293.3333
1597,question_38_aime_Qwen3-32B_S64,64,1,1,3,1,0.0,0.31196133202018334,1729.0,3060.0,4.227022374229914e+16,252315298665472.0
1598,question_38_aime_Qwen3-32B_S32,32,1,1,3,1,0.6666666666666666,0.5683879508667989,1673.0,2802.3333333333335,4.184085619739631e+16,255806176007850.66
1599,question_38_aime_Qwen3-32B_S16,16,1,1,3,1,0.3333333333333333,0.45039688834248753,1282.6666666666667,2373.0,3.871631169316028e+16,239572704078165.34
1600,question_38_aime_Qwen3-32B_S8,8,1,1,3,1,0.3333333333333333,0.39763167066686217,1090.0,1090.0,3.292868917913054e+16,206634093249536.0
1601,question_38_aime_Qwen3-32B_S4,4,1,1,3,1,0.3333333333333333,0.5593439376125544,1266.0,1674.0,2.6348921353191252e+16,166326520780970.66
1602,question_38_aime_Qwen3-32B_S2,2,1,1,3,1,0.0,0.44182870190166207,1083.0,1083.0,1.6014206130225322e+16,101192497585493.33
1603,question_38_aime_Qwen3-32B_S1,1,1,1,3,1,0.0,0.38831761556950345,1998.3333333333333,1998.3333333333333,2.0999411775853908e+16,133263298747733.33
1604,question_38_aime_Qwen3-14B_S64,64,1,1,3,1,0.0,0.0927894231509497,205.0,1841.0,5645701533886720.0,32242594568448.0
1605,question_38_aime_Qwen3-14B_S32,32,1,1,3,1,0.0,0.07724945435514032,313.6666666666667,1303.6666666666667,4853078660268629.0,28976669112490.668
1606,question_38_aime_Qwen3-14B_S16,16,1,1,3,1,0.0,0.04070899285525292,349.0,596.3333333333334,3913476518806869.5,23787338168917.332
1607,question_38_aime_Qwen3-14B_S8,8,1,1,3,1,0.0,0.08385083157116387,302.6666666666667,479.0,3950817721212416.0,24495912357034.668
1608,question_38_aime_Qwen3-14B_S4,4,1,1,3,1,0.0,0.021917872049945743,488.0,488.0,4001912036131840.0,25047371524096.0
1609,question_38_aime_Qwen3-14B_S2,2,1,1,3,1,0.0,0.05050761820735458,487.6666666666667,487.6666666666667,3179611231282176.0,20121739159125.332
1610,question_38_aime_Qwen3-14B_S1,1,1,1,3,1,0.0,0.08259267931357016,871.6666666666666,871.6666666666666,4133366008975786.5,26045811498666.668
1611,question_38_aime_Qwen3-8B_S64,64,1,1,3,1,0.0,0.47691552169437496,1313.0,3066.0,1.878954049553664e+16,87570982824704.0
1612,question_38_aime_Qwen3-8B_S32,32,1,1,3,1,0.0,0.45482218308362504,1459.6666666666667,1459.6666666666667,1.5413203211201194e+16,80134850622976.0
1613,question_38_aime_Qwen3-8B_S16,16,1,1,3,1,0.3333333333333333,0.5832408878043339,1511.3333333333333,2627.0,1.4297558445923498e+16,79875325096021.33
1614,question_38_aime_Qwen3-8B_S8,8,1,1,3,1,0.3333333333333333,0.6006772754341564,1840.3333333333333,2929.0,1.5038244534887424e+16,88296869399040.0
1615,question_38_aime_Qwen3-8B_S4,4,1,1,3,1,0.0,0.46635210329836524,1760.3333333333333,3096.6666666666665,1.0291496209420032e+16,62179696641365.336
1616,question_38_aime_Qwen3-8B_S2,2,1,1,3,1,0.0,0.2920593601757242,2651.6666666666665,4403.333333333333,1.0715066318031018e+16,65540849268650.664
1617,question_38_aime_Qwen3-8B_S1,1,1,1,3,1,0.0,0.3022143408648657,2332.0,2332.0,6327732173689344.0,38776347061162.664
1618,question_38_aime_Qwen3-4B_S64,64,1,1,3,1,0.0,0.34770472319663154,1022.0,3317.0,7386084213103104.0,29750219958272.0
1619,question_38_aime_Qwen3-4B_S32,32,1,1,3,1,0.3333333333333333,0.4233354189629753,1126.0,2218.3333333333335,5947290717684224.0,27941986203989.332
1620,question_38_aime_Qwen3-4B_S16,16,1,1,3,1,0.3333333333333333,0.48547661535693853,1357.3333333333333,3946.6666666666665,4587834530778112.0,24099303535445.332
1621,question_38_aime_Qwen3-4B_S8,8,1,1,3,1,0.0,0.3183179627854564,1222.6666666666667,1523.6666666666667,3875905033581226.5,21636030086485.332
1622,question_38_aime_Qwen3-4B_S4,4,1,1,3,1,0.3333333333333333,0.4689671623574522,1334.6666666666667,1773.3333333333333,3665886827481941.5,21372917415082.668
1623,question_38_aime_Qwen3-4B_S2,2,1,1,3,1,0.3333333333333333,0.4544507816447318,1619.6666666666667,2494.3333333333335,2673968643492693.5,16097365153280.0
1624,question_38_aime_Qwen3-4B_S1,1,1,1,3,1,0.0,0.36413165203326875,1474.0,1474.0,2004208235044010.8,12167047449600.0
1625,question_38_aime_Qwen3-1.7B_S64,64,1,1,3,1,0.0,0.12478060240759721,260.0,3582.0,1453264695473920.0,7684478927104.0
1626,question_38_aime_Qwen3-1.7B_S32,32,1,1,3,1,0.0,0.11927619353950718,338.0,1771.3333333333333,982900311309653.4,5509899204096.0
1627,question_38_aime_Qwen3-1.7B_S16,16,1,1,3,1,0.0,0.0647372733015411,333.0,848.0,726944656376661.4,4244744733525.3335
1628,question_38_aime_Qwen3-1.7B_S8,8,1,1,3,1,0.0,0.09403743150918929,639.3333333333334,1194.6666666666667,808912619962794.6,4648877148757.333
1629,question_38_aime_Qwen3-1.7B_S4,4,1,1,3,1,0.0,0.04981622288350917,396.6666666666667,755.6666666666666,548638419878826.7,3261358164736.0
1630,question_38_aime_Qwen3-1.7B_S2,2,1,1,3,1,0.0,0.03872975759731318,338.0,338.0,282634753950976.0,1746342513664.0
1631,question_38_aime_Qwen3-1.7B_S1,1,1,1,3,1,0.0,0.01967450425493632,579.3333333333334,579.3333333333334,399333936329813.3,2442412563285.3335
1632,question_38_aime_Qwen3-0.6B_S64,64,1,1,3,1,0.0,0.08803078011150102,122.0,1205.0,591740093467648.0,2217214336512.0
1633,question_38_aime_Qwen3-0.6B_S32,32,1,1,3,1,0.0,0.0547886467051403,202.0,457.6666666666667,381646808517290.7,1665425917440.0
1634,question_38_aime_Qwen3-0.6B_S16,16,1,1,3,1,0.0,0.0640140847422803,248.0,597.6666666666666,269308652096170.66,1248463746218.6667
1635,question_38_aime_Qwen3-0.6B_S8,8,1,1,3,1,0.0,0.061085093598495045,203.33333333333334,709.6666666666666,274419180946432.0,1376580387669.3333
1636,question_38_aime_Qwen3-0.6B_S4,4,1,1,3,1,0.0,0.052726008509305845,260.3333333333333,320.3333333333333,182052479731712.0,979831456597.3334
1637,question_38_aime_Qwen3-0.6B_S2,2,1,1,3,1,0.0,0.040224372741609504,435.3333333333333,608.0,178883399477077.34,963524676778.6666
1638,question_38_aime_Qwen3-0.6B_S1,1,1,1,3,1,0.0,0.08248188512709394,377.0,377.0,120408203251200.0,683806417749.3334
1639,question_39_aime_Qwen3-32B_S64,64,1,1,3,1,0.0,0.26330610682417216,696.0,1043.0,1.5328058176277504e+16,86267914325504.0
1640,question_39_aime_Qwen3-32B_S32,32,1,1,3,1,0.0,0.54322120014781,601.3333333333334,936.0,1.6722276176709632e+16,97802510308522.67
1641,question_39_aime_Qwen3-32B_S16,16,1,1,3,1,0.0,0.5011697341142222,707.6666666666666,940.0,1.5382535121141078e+16,93170045430442.67
1642,question_39_aime_Qwen3-32B_S8,8,1,1,3,1,0.0,0.5323189982275324,779.3333333333334,2191.3333333333335,1.4995016377325226e+16,92865405663573.33
1643,question_39_aime_Qwen3-32B_S4,4,1,1,3,1,0.0,0.5359630880693363,832.3333333333334,1768.0,1.4779346205767168e+16,92618367273813.33
1644,question_39_aime_Qwen3-32B_S2,2,1,1,3,1,0.0,0.5192171272881272,995.3333333333334,1262.3333333333333,1.3784280542736214e+16,87003527884288.0
1645,question_39_aime_Qwen3-32B_S1,1,1,1,3,1,0.0,0.6444641596482295,1126.0,1126.0,1.1788605694386006e+16,74663827451562.67
1646,question_39_aime_Qwen3-14B_S64,64,1,1,3,1,0.0,0.2140392585483907,136.0,2815.0,2377781638140416.0,11987401846528.0
1647,question_39_aime_Qwen3-14B_S32,32,1,1,3,1,0.0,0.20857675954293042,124.66666666666667,1629.3333333333333,2189335393382997.2,12342726406826.666
1648,question_39_aime_Qwen3-14B_S16,16,1,1,3,1,0.0,0.17451836363909887,106.0,656.6666666666666,1732461743694933.2,10260943028224.0
1649,question_39_aime_Qwen3-14B_S8,8,1,1,3,1,0.0,0.1412354854757492,125.33333333333333,423.0,1414766709565696.0,8649886045696.0
1650,question_39_aime_Qwen3-14B_S4,4,1,1,3,1,0.0,0.18238618298239243,113.33333333333333,256.0,1313149076733866.8,8168909118890.667
1651,question_39_aime_Qwen3-14B_S2,2,1,1,3,1,0.0,0.0807931230316206,99.0,235.66666666666666,1009998807654997.4,6350381364565.333
1652,question_39_aime_Qwen3-14B_S1,1,1,1,3,1,0.0,0.17937997749142154,261.0,261.0,1249597908464896.0,7878675503616.0
1653,question_39_aime_Qwen3-8B_S64,64,1,1,3,1,0.0,0.8080011077146083,575.0,3858.0,1.2911301430369792e+16,57994973495552.0
1654,question_39_aime_Qwen3-8B_S32,32,1,1,3,1,0.0,0.7759359691321607,632.3333333333334,2148.3333333333335,9715735835728726.0,49499982641152.0
1655,question_39_aime_Qwen3-8B_S16,16,1,1,3,1,0.0,0.7558903108424886,785.3333333333334,3164.3333333333335,8436894374585259.0,45891327620096.0
1656,question_39_aime_Qwen3-8B_S8,8,1,1,3,1,0.0,0.7110810461830067,819.3333333333334,2850.3333333333335,7083856757332736.0,41232274958848.0
1657,question_39_aime_Qwen3-8B_S4,4,1,1,3,1,0.3333333333333333,0.7006249312159271,905.6666666666666,1637.6666666666667,5467060068588203.0,32753913605120.0
1658,question_39_aime_Qwen3-8B_S2,2,1,1,3,1,0.0,0.610857334574416,731.6666666666666,1062.0,3047222266384384.0,18649087976362.668
1659,question_39_aime_Qwen3-8B_S1,1,1,1,3,1,0.0,0.6955332191415913,1052.3333333333333,1052.3333333333333,2839729502460074.5,17540349236992.0
1660,question_39_aime_Qwen3-4B_S64,64,1,1,3,1,0.0,0.6122375698459116,495.0,1671.0,4849823505235968.0,17396090537472.0
1661,question_39_aime_Qwen3-4B_S32,32,1,1,3,1,0.0,0.621069137179084,604.3333333333334,1824.0,4090861636944042.5,17996730395648.0
1662,question_39_aime_Qwen3-4B_S16,16,1,1,3,1,0.0,0.6222710073528793,596.3333333333334,3522.3333333333335,3376575736416938.5,16978582279338.666
1663,question_39_aime_Qwen3-4B_S8,8,1,1,3,1,0.0,0.5820367548944464,552.3333333333334,943.6666666666666,2236389402184533.2,12290407561728.0
1664,question_39_aime_Qwen3-4B_S4,4,1,1,3,1,0.0,0.5758539923992089,651.3333333333334,2191.3333333333335,2102898563772416.0,12058972116480.0
1665,question_39_aime_Qwen3-4B_S2,2,1,1,3,1,0.0,0.5966897915763402,740.3333333333334,1078.6666666666667,1709391181643264.0,10150128029866.666
1666,question_39_aime_Qwen3-4B_S1,1,1,1,3,1,0.0,0.6956581998093997,1199.3333333333333,1199.3333333333333,1646402297530538.8,9919221193386.666
1667,question_39_aime_Qwen3-1.7B_S64,64,1,1,3,1,0.0,0.24951617014616168,184.0,1613.0,664094285999872.0,2395284100608.0
1668,question_39_aime_Qwen3-1.7B_S32,32,1,1,3,1,0.0,0.2503371523448345,190.0,1118.6666666666667,463554306988117.3,1975567412821.3333
1669,question_39_aime_Qwen3-1.7B_S16,16,1,1,3,1,0.0,0.2357977688518261,181.0,779.6666666666666,387821597988608.0,1932345589589.3333
1670,question_39_aime_Qwen3-1.7B_S8,8,1,1,3,1,0.0,0.11750354980679213,123.0,271.3333333333333,312283706230272.0,1705333132458.6667
1671,question_39_aime_Qwen3-1.7B_S4,4,1,1,3,1,0.0,0.17917119484392438,164.33333333333334,362.0,285724555710122.7,1620590946389.3333
1672,question_39_aime_Qwen3-1.7B_S2,2,1,1,3,1,0.0,0.12213516963708197,189.33333333333334,264.6666666666667,267478464388352.0,1591580476416.0
1673,question_39_aime_Qwen3-1.7B_S1,1,1,1,3,1,0.0,0.19684393869472197,317.3333333333333,317.3333333333333,227250755830784.0,1353930228821.3333
1674,question_39_aime_Qwen3-0.6B_S64,64,1,1,3,1,0.0,0.030710771384678138,46.0,208.0,473833876973568.0,1209695501824.0
1675,question_39_aime_Qwen3-0.6B_S32,32,1,1,3,1,0.0,0.023471614113439922,83.66666666666667,391.0,328853282305194.7,969423078570.6666
1676,question_39_aime_Qwen3-0.6B_S16,16,1,1,3,1,0.0,0.06462201264307783,292.3333333333333,907.3333333333334,345414780780373.3,1245324494506.6667
1677,question_39_aime_Qwen3-0.6B_S8,8,1,1,3,1,0.0,0.025945786389094325,195.33333333333334,732.0,212159988297898.66,942633907541.3334
1678,question_39_aime_Qwen3-0.6B_S4,4,1,1,3,1,0.0,0.02761936673888876,123.33333333333333,711.6666666666666,142770652620288.0,678281157290.6666
1679,question_39_aime_Qwen3-0.6B_S2,2,1,1,3,1,0.0,0.08245806839197913,243.66666666666666,494.3333333333333,146184806772736.0,791377497088.0
1680,question_39_aime_Qwen3-0.6B_S1,1,1,1,3,1,0.0,0.039612103602082234,572.6666666666666,572.6666666666666,172245167035221.34,944514095445.3334
1681,question_40_aime_Qwen3-32B_S64,64,1,1,3,1,0.0,0.0,0.0,0.0,1.452156272830976e+16,85948352925184.0
1682,question_40_aime_Qwen3-32B_S32,32,1,1,3,1,0.0,0.01625748784526939,708.6666666666666,1199.3333333333333,2.4173373103970304e+16,144413984827904.0
1683,question_40_aime_Qwen3-32B_S16,16,1,1,3,1,0.0,0.007391188758381509,490.6666666666667,490.6666666666667,1.7257458966154922e+16,106663797257898.67
1684,question_40_aime_Qwen3-32B_S8,8,1,1,3,1,0.0,0.015738364547853226,1322.6666666666667,1795.0,2.973136998251827e+16,184301105260544.0
1685,question_40_aime_Qwen3-32B_S4,4,1,1,3,1,0.0,0.18127295561753987,1354.3333333333333,1805.6666666666667,2.4214319469113344e+16,152092189226496.0
1686,question_40_aime_Qwen3-32B_S2,2,1,1,3,1,0.0,0.05926727238040222,1720.3333333333333,2529.3333333333335,2.4210075070877356e+16,152531398267050.66
1687,question_40_aime_Qwen3-32B_S1,1,1,1,3,1,0.0,0.06922244009955149,1624.3333333333333,1624.3333333333333,1.6987672427222358e+16,107465097744042.67
1688,question_40_aime_Qwen3-14B_S64,64,1,1,3,1,0.0,0.1206197701142307,89.0,7103.0,3584838767948288.0,19404789999616.0
1689,question_40_aime_Qwen3-14B_S32,32,1,1,3,1,0.0,0.09454526627869991,132.66666666666666,3627.0,3066763778725205.5,17739201271978.668
1690,question_40_aime_Qwen3-14B_S16,16,1,1,3,1,0.0,0.07435772736418285,153.66666666666666,1631.0,2797407388071253.5,17019773473877.334
1691,question_40_aime_Qwen3-14B_S8,8,1,1,3,1,0.0,0.02044522665962195,149.33333333333334,1028.6666666666667,2325656602088618.5,14370141102677.334
1692,question_40_aime_Qwen3-14B_S4,4,1,1,3,1,0.0,0.028036506643955583,118.66666666666667,477.3333333333333,1683027478069760.0,10487155778901.334
1693,question_40_aime_Qwen3-14B_S2,2,1,1,3,1,0.0,0.01421677284689229,326.6666666666667,516.3333333333334,2045313492161962.8,12879790844501.334
1694,question_40_aime_Qwen3-14B_S1,1,1,1,3,1,0.0,0.012064957089895648,196.0,196.0,988037564316501.4,6230865486592.0
1695,question_40_aime_Qwen3-8B_S64,64,1,1,3,1,0.0,0.04176035003812129,1469.0,6309.0,2.1864464437715456e+16,95518031796992.0
1696,question_40_aime_Qwen3-8B_S32,32,1,1,3,1,0.0,0.04176035003812129,1469.0,3783.0,1.5794848509075712e+16,79050413058048.0
1697,question_40_aime_Qwen3-8B_S16,16,1,1,3,1,0.0,0.04699708713289697,1330.6666666666667,3933.6666666666665,1.4396900278536704e+16,78785093297578.67
1698,question_40_aime_Qwen3-8B_S8,8,1,1,3,1,0.0,0.013174773255605218,1155.6666666666667,1155.6666666666667,1.0224122072086186e+16,59431238362538.664
1699,question_40_aime_Qwen3-8B_S4,4,1,1,3,1,0.0,0.03219718078925784,1338.3333333333333,1726.3333333333333,7928985084334677.0,47898974615893.336
1700,question_40_aime_Qwen3-8B_S2,2,1,1,3,1,0.0,0.0362715626836623,1694.3333333333333,2359.0,7340736437097813.0,44662013590528.0
1701,question_40_aime_Qwen3-8B_S1,1,1,1,3,1,0.0,0.05611397599731869,2019.3333333333333,2019.3333333333333,5471299777424811.0,33635006372864.0
1702,question_40_aime_Qwen3-4B_S64,64,1,1,3,1,0.0,0.7126399547319965,1310.0,37288.0,1.875669600264141e+16,64934758387712.0
1703,question_40_aime_Qwen3-4B_S32,32,1,1,3,1,0.0,0.45169187854865367,1560.0,20324.666666666668,1.2388182228532566e+16,51771367118336.0
1704,question_40_aime_Qwen3-4B_S16,16,1,1,3,1,0.0,0.34956328403645553,1721.3333333333333,11413.333333333334,9258396873720490.0,44809270228480.0
1705,question_40_aime_Qwen3-4B_S8,8,1,1,3,1,0.0,0.26466557235578286,1806.3333333333333,8261.666666666666,6702969846870869.0,35978468572842.664
1706,question_40_aime_Qwen3-4B_S4,4,1,1,3,1,0.0,0.2632710032982575,1870.0,4172.0,5732126342245035.0,32203874590037.332
1707,question_40_aime_Qwen3-4B_S2,2,1,1,3,1,0.0,0.31124006902251405,1490.6666666666667,2003.0,3412458536147456.0,20029150573056.0
1708,question_40_aime_Qwen3-4B_S1,1,1,1,3,1,0.0,0.0223801655079011,1837.0,1837.0,2519497410856789.5,15174459682474.666
1709,question_40_aime_Qwen3-1.7B_S64,64,1,1,3,1,0.0,0.1769087468317697,283.0,7327.0,710197619742464.0,3038382909184.0
1710,question_40_aime_Qwen3-1.7B_S32,32,1,1,3,1,0.0,0.09521445224029966,205.0,3860.6666666666665,487702074949376.0,2375601633365.3335
1711,question_40_aime_Qwen3-1.7B_S16,16,1,1,3,1,0.0,0.08736055629339869,216.33333333333334,1723.0,393795283453525.3,2121865884245.3333
1712,question_40_aime_Qwen3-1.7B_S8,8,1,1,3,1,0.0,0.08029018596817511,191.33333333333334,849.3333333333334,362044576865365.3,2113208335018.6667
1713,question_40_aime_Qwen3-1.7B_S4,4,1,1,3,1,0.0,0.01732539862240648,178.66666666666666,463.6666666666667,311988879112960.0,1880420745130.6667
1714,question_40_aime_Qwen3-1.7B_S2,2,1,1,3,1,0.0,0.04100761454651719,165.66666666666666,294.0,200935103453952.0,1235374834176.0
1715,question_40_aime_Qwen3-1.7B_S1,1,1,1,3,1,0.0,0.016606131580862247,408.0,408.0,288237336708010.7,1729694331904.0
1716,question_40_aime_Qwen3-0.6B_S64,64,1,1,3,1,0.0,0.023596344399164013,199.0,1111.0,479489300082176.0,1395822763520.0
1717,question_40_aime_Qwen3-0.6B_S32,32,1,1,3,1,0.0,0.024998746308815583,156.66666666666666,1076.3333333333333,355023617295018.7,1238201780053.3333
1718,question_40_aime_Qwen3-0.6B_S16,16,1,1,3,1,0.0,0.02466572837973936,101.0,521.6666666666666,228399653060608.0,961586139648.0
1719,question_40_aime_Qwen3-0.6B_S8,8,1,1,3,1,0.0,0.028134931109329183,215.66666666666666,409.0,201266073310549.34,945749637632.0
1720,question_40_aime_Qwen3-0.6B_S4,4,1,1,3,1,0.0,0.025153409824819343,276.0,541.6666666666666,212232705709568.0,1067786383018.6666
1721,question_40_aime_Qwen3-0.6B_S2,2,1,1,3,1,0.0,0.015360083801776605,383.0,783.6666666666666,187234544963072.0,1022965241685.3334
1722,question_40_aime_Qwen3-0.6B_S1,1,1,1,3,1,0.0,0.015567638697101309,704.0,704.0,215065912936960.0,1188690427050.6667
1723,question_41_aime_Qwen3-32B_S64,64,1,1,3,1,0.0,0.3886270619146573,1497.0,3566.0,4.136813246350029e+16,232833057188864.0
1724,question_41_aime_Qwen3-32B_S32,32,1,1,3,1,0.0,0.2869181584727088,868.0,2030.0,3.4321658454005076e+16,203876445193898.66
1725,question_41_aime_Qwen3-32B_S16,16,1,1,3,1,0.0,0.4472006998433229,1304.6666666666667,3327.3333333333335,3.856212948700723e+16,235307410807466.66
1726,question_41_aime_Qwen3-32B_S8,8,1,1,3,1,0.0,0.48332233863056673,1360.3333333333333,2314.0,2.9571910284109652e+16,182267544491690.66
1727,question_41_aime_Qwen3-32B_S4,4,1,1,3,1,0.0,0.3272695687682797,1136.0,1136.0,2.4602973193334784e+16,153948868893013.34
1728,question_41_aime_Qwen3-32B_S2,2,1,1,3,1,0.0,0.41859566822110383,1544.6666666666667,1544.6666666666667,2.797138885520418e+16,175373638400853.34
1729,question_41_aime_Qwen3-32B_S1,1,1,1,3,1,0.0,0.17231505066931965,2070.6666666666665,2070.6666666666665,2.169187082544418e+16,136690259905365.33
1730,question_41_aime_Qwen3-14B_S64,64,1,1,3,1,0.0,0.43280102923906544,998.0,1446.0,9729651988435712.0,57569461859584.0
1731,question_41_aime_Qwen3-14B_S32,32,1,1,3,1,0.0,0.29181112706153595,814.6666666666666,964.0,9477172436823722.0,57697915811242.664
1732,question_41_aime_Qwen3-14B_S16,16,1,1,3,1,0.0,0.1066258255301011,281.3333333333333,281.3333333333333,8100753688950528.0,49494065829973.336
1733,question_41_aime_Qwen3-14B_S8,8,1,1,3,1,0.0,0.2728570301517396,865.6666666666666,1755.0,7488750298646357.0,46522602052352.0
1734,question_41_aime_Qwen3-14B_S4,4,1,1,3,1,0.0,0.2896530317853754,679.3333333333334,970.3333333333334,6217722220869035.0,38613139548501.336
1735,question_41_aime_Qwen3-14B_S2,2,1,1,3,1,0.3333333333333333,0.4183942979892033,1287.6666666666667,1287.6666666666667,7422236133600768.0,46483153479509.336
1736,question_41_aime_Qwen3-14B_S1,1,1,1,3,1,0.0,0.15834930224439195,1426.6666666666667,1426.6666666666667,7110942347687765.0,44719993712725.336
1737,question_41_aime_Qwen3-8B_S64,64,1,1,3,1,0.0,0.5541157065024481,882.0,1696.0,1.4123796279861504e+16,64787357416704.0
1738,question_41_aime_Qwen3-8B_S32,32,1,1,3,1,0.0,0.4799939857907736,1102.0,4291.333333333333,1.5707688858810368e+16,78352890241877.33
1739,question_41_aime_Qwen3-8B_S16,16,1,1,3,1,0.0,0.4060869115618295,1137.6666666666667,3185.0,1.3505894071160662e+16,74364592238080.0
1740,question_41_aime_Qwen3-8B_S8,8,1,1,3,1,0.0,0.4387017886257271,1801.0,2812.0,1.0292303329457664e+16,59198078505216.0
1741,question_41_aime_Qwen3-8B_S4,4,1,1,3,1,0.0,0.37237742183672745,1811.0,5069.333333333333,1.0849783338470058e+16,64302673538901.336
1742,question_41_aime_Qwen3-8B_S2,2,1,1,3,1,0.0,0.40501821407905964,1810.0,2514.3333333333335,6837117708564992.0,41499600505941.336
1743,question_41_aime_Qwen3-8B_S1,1,1,1,3,1,0.0,0.2388409922080935,2988.0,2988.0,8226951218679552.0,49910063750826.664
1744,question_41_aime_Qwen3-4B_S64,64,1,1,3,1,0.0,0.4835108729664039,1498.0,5466.0,1.5386241257115136e+16,54820241366528.0
1745,question_41_aime_Qwen3-4B_S32,32,1,1,3,1,0.0,0.48638607955730856,1623.3333333333333,5003.0,1.1434073089583786e+16,46937458675712.0
1746,question_41_aime_Qwen3-4B_S16,16,1,1,3,1,0.0,0.47987686227073567,1748.3333333333333,2831.0,7956741014357504.0,37173129500160.0
1747,question_41_aime_Qwen3-4B_S8,8,1,1,3,1,0.0,0.4530157554797294,1665.6666666666667,2802.6666666666665,5543278002312875.0,29366504812544.0
1748,question_41_aime_Qwen3-4B_S4,4,1,1,3,1,0.0,0.43206979692602787,1409.6666666666667,2057.0,4745787182534997.0,25844354477909.332
1749,question_41_aime_Qwen3-4B_S2,2,1,1,3,1,0.0,0.2503803479973166,2593.6666666666665,3882.0,6109611041693696.0,34395065600000.0
1750,question_41_aime_Qwen3-4B_S1,1,1,1,3,1,0.0,0.31858866645019085,2282.6666666666665,2282.6666666666665,3264527387111424.0,18995562340522.668
1751,question_41_aime_Qwen3-1.7B_S64,64,1,1,3,1,0.0,0.08822622878211243,122.0,6603.0,464999015439616.0,1925106901760.0
1752,question_41_aime_Qwen3-1.7B_S32,32,1,1,3,1,0.0,0.028357735298290197,137.66666666666666,3339.3333333333335,347047128040704.0,1686757392469.3333
1753,question_41_aime_Qwen3-1.7B_S16,16,1,1,3,1,0.0,0.02723337475277596,126.33333333333333,1630.6666666666667,273328614469120.0,1480396268885.3333
1754,question_41_aime_Qwen3-1.7B_S8,8,1,1,3,1,0.0,0.04686439016321897,124.66666666666667,905.0,141243458764800.0,777726343594.6666
1755,question_41_aime_Qwen3-1.7B_S4,4,1,1,3,1,0.0,0.04227437849473866,126.0,390.3333333333333,175155372127232.0,1052218221824.0
1756,question_41_aime_Qwen3-1.7B_S2,2,1,1,3,1,0.0,0.020535553384295777,107.0,213.33333333333334,95841432558592.0,579823859029.3334
1757,question_41_aime_Qwen3-1.7B_S1,1,1,1,3,1,0.0,0.019398290435098317,121.33333333333333,121.33333333333333,85895605104810.67,529469074176.0
1758,question_41_aime_Qwen3-0.6B_S64,64,1,1,3,1,0.0,0.04086882148444754,119.0,2900.0,390031248289792.0,989746261504.0
1759,question_41_aime_Qwen3-0.6B_S32,32,1,1,3,1,0.0,0.14139476640658488,118.66666666666667,3302.3333333333335,280853494013269.34,840984307029.3334
1760,question_41_aime_Qwen3-0.6B_S16,16,1,1,3,1,0.0,0.0654903354982876,125.66666666666667,1580.6666666666667,193658099343360.0,703788310869.3334
1761,question_41_aime_Qwen3-0.6B_S8,8,1,1,3,1,0.0,0.08606824653845148,113.0,629.6666666666666,123676668882773.33,563023465130.6666
1762,question_41_aime_Qwen3-0.6B_S4,4,1,1,3,1,0.0,0.03797611155414804,136.66666666666666,545.6666666666666,75036557460650.67,371948456106.6667
1763,question_41_aime_Qwen3-0.6B_S2,2,1,1,3,1,0.0,0.02401918446889971,154.66666666666666,297.3333333333333,80800117820757.33,450431248554.6667
1764,question_41_aime_Qwen3-0.6B_S1,1,1,1,3,1,0.0,0.03336024945736874,199.66666666666666,199.66666666666666,60071982782976.0,335919537493.3333
1765,question_42_aime_Qwen3-32B_S64,64,1,1,3,1,0.0,0.3115299150350796,735.0,4325.0,1.7330223502816256e+16,94753149707264.0
1766,question_42_aime_Qwen3-32B_S32,32,1,1,3,1,0.0,0.29792337931038526,548.6666666666666,3070.6666666666665,1.555383213933056e+16,90585800223402.67
1767,question_42_aime_Qwen3-32B_S16,16,1,1,3,1,0.0,0.30242534043622343,669.6666666666666,2090.6666666666665,1.367118564847121e+16,82947033125717.33
1768,question_42_aime_Qwen3-32B_S8,8,1,1,3,1,0.0,0.5407126300041101,628.3333333333334,1113.3333333333333,1.1499362871222614e+16,71163325383509.33
1769,question_42_aime_Qwen3-32B_S4,4,1,1,3,1,0.0,0.21746294814053715,456.6666666666667,581.0,8210363594142720.0,51471044161365.336
1770,question_42_aime_Qwen3-32B_S2,2,1,1,3,1,0.0,0.32116279601829606,625.6666666666666,792.3333333333334,8073716676322475.0,50985370507264.0
1771,question_42_aime_Qwen3-32B_S1,1,1,1,3,1,0.0,0.16682175822484402,432.0,432.0,4649209978604885.0,29444472750762.668
1772,question_42_aime_Qwen3-14B_S64,64,1,1,3,1,0.0,0.38066425910747875,66.0,3061.0,3124851663730944.0,17225660479232.0
1773,question_42_aime_Qwen3-14B_S32,32,1,1,3,1,0.0,0.36191065567022457,72.66666666666667,1324.6666666666667,2579012478511018.5,15088939247786.666
1774,question_42_aime_Qwen3-14B_S16,16,1,1,3,1,0.0,0.3610994935306884,73.33333333333333,728.3333333333334,2192354730905173.2,13298039568640.0
1775,question_42_aime_Qwen3-14B_S8,8,1,1,3,1,0.0,0.2993497128704706,79.33333333333333,405.0,1989851037971029.2,12346625821354.666
1776,question_42_aime_Qwen3-14B_S4,4,1,1,3,1,0.0,0.2706144935630221,85.0,203.66666666666666,1313566910935552.0,8234595296512.0
1777,question_42_aime_Qwen3-14B_S2,2,1,1,3,1,0.0,0.25682342330913693,148.66666666666666,238.66666666666666,841537358155349.4,5290684524117.333
1778,question_42_aime_Qwen3-14B_S1,1,1,1,3,1,0.0,0.27692996239547196,126.33333333333333,126.33333333333333,633742067761152.0,3996884848640.0
1779,question_42_aime_Qwen3-8B_S64,64,1,1,3,1,0.0,0.5030006182571455,388.0,4526.0,8625974898298880.0,41717815442944.0
1780,question_42_aime_Qwen3-8B_S32,32,1,1,3,1,0.0,0.47792628997080017,457.3333333333333,3325.3333333333335,6678365753990144.0,35901876092586.664
1781,question_42_aime_Qwen3-8B_S16,16,1,1,3,1,0.0,0.5337563560576983,476.0,2850.6666666666665,5230462516414805.0,29656588638464.0
1782,question_42_aime_Qwen3-8B_S8,8,1,1,3,1,0.0,0.5680720227781512,547.6666666666666,3351.3333333333335,4482633563955712.0,26627575105194.668
1783,question_42_aime_Qwen3-8B_S4,4,1,1,3,1,0.0,0.4707485135542242,501.3333333333333,994.0,3229547077482581.5,19701952293034.668
1784,question_42_aime_Qwen3-8B_S2,2,1,1,3,1,0.0,0.44114860023394137,781.6666666666666,1230.6666666666667,3249636300754090.5,20034600030720.0
1785,question_42_aime_Qwen3-8B_S1,1,1,1,3,1,0.0,0.430582618358551,735.0,735.0,1962074657100202.8,12251145753173.334
1786,question_42_aime_Qwen3-4B_S64,64,1,1,3,1,0.0,0.6770581181006851,273.0,4068.0,2054301814516736.0,8767014492160.0
1787,question_42_aime_Qwen3-4B_S32,32,1,1,3,1,0.0,0.6662776790663736,340.3333333333333,3733.3333333333335,1745451980099754.8,8583504647850.667
1788,question_42_aime_Qwen3-4B_S16,16,1,1,3,1,0.0,0.608162466128735,304.6666666666667,1596.0,1288854368053589.2,7069405928618.667
1789,question_42_aime_Qwen3-4B_S8,8,1,1,3,1,0.0,0.461047023973173,256.6666666666667,968.3333333333334,1122079405032277.4,6471843651072.0
1790,question_42_aime_Qwen3-4B_S4,4,1,1,3,1,0.0,0.5209851905033179,393.6666666666667,711.0,1008190040424448.0,6039433319594.667
1791,question_42_aime_Qwen3-4B_S2,2,1,1,3,1,0.0,0.511507375112207,281.3333333333333,407.0,616420497849344.0,3775480006826.6665
1792,question_42_aime_Qwen3-4B_S1,1,1,1,3,1,0.0,0.5328676157862042,492.0,492.0,652611160741888.0,4052905724416.0
1793,question_42_aime_Qwen3-1.7B_S64,64,1,1,3,1,0.0,0.3904322867609657,210.0,3676.0,616131710218752.0,2507668846592.0
1794,question_42_aime_Qwen3-1.7B_S32,32,1,1,3,1,0.0,0.37441199474155135,195.33333333333334,1936.3333333333333,444484074488234.7,2119914513322.6667
1795,question_42_aime_Qwen3-1.7B_S16,16,1,1,3,1,0.0,0.36059513897133194,166.0,919.0,323468677185621.3,1704834111232.0
1796,question_42_aime_Qwen3-1.7B_S8,8,1,1,3,1,0.0,0.3147742915322806,121.0,441.0,293323785107285.3,1684472231680.0
1797,question_42_aime_Qwen3-1.7B_S4,4,1,1,3,1,0.0,0.35761943001025737,135.33333333333334,214.0,248572837478485.34,1465148958634.6667
1798,question_42_aime_Qwen3-1.7B_S2,2,1,1,3,1,0.0,0.24549365151493585,144.33333333333334,144.33333333333334,219417417189973.34,1334501928704.0
1799,question_42_aime_Qwen3-1.7B_S1,1,1,1,3,1,0.0,0.148501584988448,147.0,147.0,106877517208746.67,641962892629.3334
1800,question_42_aime_Qwen3-0.6B_S64,64,1,1,3,1,0.0,0.21700095724251142,83.0,645.0,408103193168896.0,1087546770944.0
1801,question_42_aime_Qwen3-0.6B_S32,32,1,1,3,1,0.0,0.36004559356089344,154.33333333333334,1812.6666666666667,347673745088000.0,1051909106688.0
1802,question_42_aime_Qwen3-0.6B_S16,16,1,1,3,1,0.0,0.2895847558136086,167.0,1534.3333333333333,249108236204885.34,907953698133.3334
1803,question_42_aime_Qwen3-0.6B_S8,8,1,1,3,1,0.0,0.03575386021021277,25.666666666666668,25.666666666666668,105914965632512.0,507601074346.6667
1804,question_42_aime_Qwen3-0.6B_S4,4,1,1,3,1,0.0,0.15801510991658455,140.66666666666666,390.6666666666667,118689433440597.33,578995977216.0
1805,question_42_aime_Qwen3-0.6B_S2,2,1,1,3,1,0.0,0.18259851226052928,250.33333333333334,501.3333333333333,107944056739669.33,578096037888.0
1806,question_42_aime_Qwen3-0.6B_S1,1,1,1,3,1,0.0,0.10125000658100645,279.6666666666667,279.6666666666667,84003814733824.0,474163331072.0
1807,question_43_aime_Qwen3-32B_S64,64,1,1,3,1,0.0,0.012263082812081052,49.0,49.0,8791283559161344.0,46619290708992.0
1808,question_43_aime_Qwen3-32B_S32,32,1,1,3,1,0.0,0.21906171037358735,278.0,1594.6666666666667,1.709664936531968e+16,100239986671445.33
1809,question_43_aime_Qwen3-32B_S16,16,1,1,3,1,0.3333333333333333,0.3312407098306685,586.0,3363.0,2.0817286472008364e+16,126411174941696.0
1810,question_43_aime_Qwen3-32B_S8,8,1,1,3,1,0.0,0.5181561207753054,1023.3333333333334,2775.0,2.132013232979166e+16,132186906584064.0
1811,question_43_aime_Qwen3-32B_S4,4,1,1,3,1,0.0,0.23483735173173584,635.6666666666666,1308.0,1.3469075909974016e+16,84518227846144.0
1812,question_43_aime_Qwen3-32B_S2,2,1,1,3,1,0.0,0.45422070609701565,1719.6666666666667,2258.3333333333335,2.3344011998691668e+16,147140215722666.66
1813,question_43_aime_Qwen3-32B_S1,1,1,1,3,1,0.0,0.48310600298088424,1296.6666666666667,1296.6666666666667,1.3555107911364778e+16,85997820765525.33
1814,question_43_aime_Qwen3-14B_S64,64,1,1,3,1,1.0,0.3452402179739744,1179.6666666666667,2604.0,1.5938967315328512e+16,83939015691264.0
1815,question_43_aime_Qwen3-14B_S32,32,1,1,3,1,1.0,0.4491974323200094,1065.6666666666667,2751.6666666666665,1.3185456202402474e+16,75074405704277.33
1816,question_43_aime_Qwen3-14B_S16,16,1,1,3,1,0.6666666666666666,0.3503794173950076,1040.3333333333333,2016.3333333333333,1.2119179184766976e+16,71701519913813.33
1817,question_43_aime_Qwen3-14B_S8,8,1,1,3,1,0.6666666666666666,0.43867011348850876,999.0,2899.6666666666665,1.042171617180288e+16,63627269341184.0
1818,question_43_aime_Qwen3-14B_S4,4,1,1,3,1,0.3333333333333333,0.2935492714488553,1016.0,1714.3333333333333,9202770177481216.0,57097330104746.664
1819,question_43_aime_Qwen3-14B_S2,2,1,1,3,1,0.0,0.34065825578294007,931.0,1335.3333333333333,7339981115901952.0,46094676274432.0
1820,question_43_aime_Qwen3-14B_S1,1,1,1,3,1,0.0,0.2893639339320817,1644.0,1644.0,7870976103197611.0,49495763491925.336
1821,question_43_aime_Qwen3-8B_S64,64,1,1,3,1,0.0,0.43678902212482457,685.0,5309.0,2.0089511327950336e+16,89921332598784.0
1822,question_43_aime_Qwen3-8B_S32,32,1,1,3,1,0.0,0.31012101674690556,931.0,2502.0,1.6048471591071402e+16,81718477628586.67
1823,question_43_aime_Qwen3-8B_S16,16,1,1,3,1,0.0,0.37219214476855744,799.0,2841.6666666666665,1.104925484931601e+16,60436292590250.664
1824,question_43_aime_Qwen3-8B_S8,8,1,1,3,1,0.0,0.4746208864600449,1332.6666666666667,7860.0,1.1884701831507712e+16,68578000798464.0
1825,question_43_aime_Qwen3-8B_S4,4,1,1,3,1,0.0,0.3108690723153958,1526.0,2818.0,9953312365194410.0,59205416056917.336
1826,question_43_aime_Qwen3-8B_S2,2,1,1,3,1,0.0,0.33516016523505915,1295.3333333333333,1295.3333333333333,6451389566372011.0,39019974993408.0
1827,question_43_aime_Qwen3-8B_S1,1,1,1,3,1,0.0,0.3633813176142134,1647.3333333333333,1647.3333333333333,4448590330892458.5,27424680581290.668
1828,question_43_aime_Qwen3-4B_S64,64,1,1,3,1,0.0,0.47294516603066633,579.0,1170.0,5578340559539200.0,23408429885440.0
1829,question_43_aime_Qwen3-4B_S32,32,1,1,3,1,0.0,0.5192507738605874,712.3333333333334,2415.3333333333335,4757428057329152.0,22758774754645.332
1830,question_43_aime_Qwen3-4B_S16,16,1,1,3,1,0.0,0.4731038195697583,702.0,2799.0,4110875158193493.5,21757172097536.0
1831,question_43_aime_Qwen3-4B_S8,8,1,1,3,1,0.0,0.5328680090236539,1117.3333333333333,2791.6666666666665,3354021630259541.5,18727140119722.668
1832,question_43_aime_Qwen3-4B_S4,4,1,1,3,1,0.0,0.4873811266107371,1068.6666666666667,1325.0,2776225209928362.5,16306030813866.666
1833,question_43_aime_Qwen3-4B_S2,2,1,1,3,1,0.0,0.37066258386966894,1266.6666666666667,1694.6666666666667,2467727466504704.0,14798346944341.334
1834,question_43_aime_Qwen3-4B_S1,1,1,1,3,1,0.0,0.49368456056196336,1146.0,1146.0,1565838244100608.0,9480813096277.334
1835,question_43_aime_Qwen3-1.7B_S64,64,1,1,3,1,0.0,0.18955815533990872,362.0,6328.0,1327717471600128.0,5091307966976.0
1836,question_43_aime_Qwen3-1.7B_S32,32,1,1,3,1,0.0,0.18020687960538928,331.3333333333333,3294.0,890615080848640.0,4003954647466.6665
1837,question_43_aime_Qwen3-1.7B_S16,16,1,1,3,1,0.0,0.1658089670753919,372.0,1678.3333333333333,761415750305877.4,3898283014826.6665
1838,question_43_aime_Qwen3-1.7B_S8,8,1,1,3,1,0.0,0.15552186398329473,441.0,1583.3333333333333,611743683566250.6,3393838979328.0
1839,question_43_aime_Qwen3-1.7B_S4,4,1,1,3,1,0.0,0.1824622997754964,338.3333333333333,833.0,589958534083072.0,3462846316458.6665
1840,question_43_aime_Qwen3-1.7B_S2,2,1,1,3,1,0.0,0.06595481373123849,314.0,422.3333333333333,382502040268544.0,2300406414506.6665
1841,question_43_aime_Qwen3-1.7B_S1,1,1,1,3,1,0.0,0.029928633649574973,754.3333333333334,754.3333333333334,535495147037013.3,3192874210474.6665
1842,question_43_aime_Qwen3-0.6B_S64,64,1,1,3,1,1.0,0.010185283878008948,227.0,354.3333333333333,631822477320192.0,1771034875904.0
1843,question_43_aime_Qwen3-0.6B_S32,32,1,1,3,1,1.0,0.013616371699538034,269.3333333333333,793.3333333333334,477455101718016.0,1551159210666.6667
1844,question_43_aime_Qwen3-0.6B_S16,16,1,1,3,1,1.0,0.020939153242037507,258.0,593.6666666666666,298587110482944.0,1158845681664.0
1845,question_43_aime_Qwen3-0.6B_S8,8,1,1,3,1,1.0,0.011829208805781435,373.6666666666667,886.6666666666666,295347644335616.0,1327428744704.0
1846,question_43_aime_Qwen3-0.6B_S4,4,1,1,3,1,0.3333333333333333,0.01352784156622447,276.6666666666667,668.6666666666666,186629657733120.0,932005908309.3334
1847,question_43_aime_Qwen3-0.6B_S2,2,1,1,3,1,0.3333333333333333,0.014005124395852426,292.6666666666667,509.3333333333333,119408427546965.33,669119084032.0
1848,question_43_aime_Qwen3-0.6B_S1,1,1,1,3,1,0.0,0.016713321349010688,370.6666666666667,370.6666666666667,118181612643498.67,630526550528.0
1849,question_44_aime_Qwen3-32B_S64,64,1,1,3,1,0.0,0.5544623224010891,1006.0,3732.0,2.882292261728512e+16,158013222382592.0
1850,question_44_aime_Qwen3-32B_S32,32,1,1,3,1,0.0,0.43960171022806066,1385.0,5283.666666666667,2.7208661443102036e+16,159085389893120.0
1851,question_44_aime_Qwen3-32B_S16,16,1,1,3,1,0.0,0.49528798146147085,1038.3333333333333,2802.3333333333335,2.5173225135413932e+16,152763774115840.0
1852,question_44_aime_Qwen3-32B_S8,8,1,1,3,1,0.0,0.3508030391311396,1281.0,2679.0,2.5371071657601876e+16,157699434749440.0
1853,question_44_aime_Qwen3-32B_S4,4,1,1,3,1,0.0,0.4456927666479136,1494.6666666666667,2459.0,2.7056826830095188e+16,169631485150378.66
1854,question_44_aime_Qwen3-32B_S2,2,1,1,3,1,0.0,0.3412308526082926,1554.0,1554.0,2.1098521252709376e+16,133399596187648.0
1855,question_44_aime_Qwen3-32B_S1,1,1,1,3,1,0.0,0.3570102370861988,1598.6666666666667,1598.6666666666667,1.6872886237953706e+16,106884340869632.0
1856,question_44_aime_Qwen3-14B_S64,64,1,1,3,1,0.0,0.5589005647801545,845.0,6887.0,1.659946853005056e+16,85351840162560.0
1857,question_44_aime_Qwen3-14B_S32,32,1,1,3,1,0.0,0.5765143795506141,986.3333333333334,8546.333333333334,1.5240708611529558e+16,86138609426602.67
1858,question_44_aime_Qwen3-14B_S16,16,1,1,3,1,0.0,0.5435042592157909,851.3333333333334,2666.3333333333335,1.114399010158097e+16,65853740040277.336
1859,question_44_aime_Qwen3-14B_S8,8,1,1,3,1,0.0,0.45334950958334014,971.0,2065.0,1.0383438715739562e+16,63172317555712.0
1860,question_44_aime_Qwen3-14B_S4,4,1,1,3,1,0.0,0.45791132214976416,866.3333333333334,1251.6666666666667,7897077829948160.0,49154464049834.664
1861,question_44_aime_Qwen3-14B_S2,2,1,1,3,1,0.0,0.4613322083508043,1251.0,1655.3333333333333,7111727147860907.0,44676418022656.0
1862,question_44_aime_Qwen3-14B_S1,1,1,1,3,1,0.0,0.3503322291529724,1783.6666666666667,1783.6666666666667,8502386191111680.0,53372424060672.0
1863,question_44_aime_Qwen3-8B_S64,64,1,1,3,1,0.0,0.61924287873027,1148.0,3502.0,2.212951300531456e+16,106711516307712.0
1864,question_44_aime_Qwen3-8B_S32,32,1,1,3,1,0.0,0.6074597884523413,1333.3333333333333,11054.0,2.1055183232350036e+16,112309388627285.33
1865,question_44_aime_Qwen3-8B_S16,16,1,1,3,1,0.0,0.5194443417926964,1137.3333333333333,4923.666666666667,1.366011273062289e+16,76891664212565.33
1866,question_44_aime_Qwen3-8B_S8,8,1,1,3,1,0.0,0.5017360386524978,1356.3333333333333,3607.0,1.1243619571236522e+16,66204802780074.664
1867,question_44_aime_Qwen3-8B_S4,4,1,1,3,1,0.0,0.5793725092317576,1242.6666666666667,3057.6666666666665,7860402772773888.0,47738717794218.664
1868,question_44_aime_Qwen3-8B_S2,2,1,1,3,1,0.0,0.4147148505845397,1600.0,1600.0,7069093346431147.0,43554719569066.664
1869,question_44_aime_Qwen3-8B_S1,1,1,1,3,1,0.0,0.4746108397998772,1744.6666666666667,1744.6666666666667,4654529426754560.0,28967217887658.668
1870,question_44_aime_Qwen3-4B_S64,64,1,1,3,1,0.0,0.4960669308028045,1433.0,4927.0,8860279443534848.0,39933338469376.0
1871,question_44_aime_Qwen3-4B_S32,32,1,1,3,1,0.0,0.4778197952243067,1296.0,2909.0,5778935555061077.0,28672584672426.668
1872,question_44_aime_Qwen3-4B_S16,16,1,1,3,1,0.0,0.4627084177062671,1001.6666666666666,2384.0,4855700567253163.0,26361018799445.332
1873,question_44_aime_Qwen3-4B_S8,8,1,1,3,1,0.0,0.46245327172529166,968.0,1726.3333333333333,4836245344501760.0,27119501194581.332
1874,question_44_aime_Qwen3-4B_S4,4,1,1,3,1,0.0,0.5534648585350818,1353.3333333333333,2712.3333333333335,4217322869884074.5,25027965691050.668
1875,question_44_aime_Qwen3-4B_S2,2,1,1,3,1,0.0,0.4571180832670802,1519.3333333333333,3061.6666666666665,3725436548014421.5,22152615131306.668
1876,question_44_aime_Qwen3-4B_S1,1,1,1,3,1,0.0,0.42796325693566556,1498.0,1498.0,2014915109436586.8,12332559661397.334
1877,question_44_aime_Qwen3-1.7B_S64,64,1,1,3,1,0.0,0.29702407639544215,407.0,4166.0,1877664257432320.0,8392332639488.0
1878,question_44_aime_Qwen3-1.7B_S32,32,1,1,3,1,0.0,0.29524298691379475,435.0,3128.3333333333335,1469873629174272.0,7452249637802.667
1879,question_44_aime_Qwen3-1.7B_S16,16,1,1,3,1,0.0,0.2789267941366715,395.0,1585.6666666666667,1159617718713514.8,6389702554965.333
1880,question_44_aime_Qwen3-1.7B_S8,8,1,1,3,1,0.0,0.23032901067446862,566.0,1828.6666666666667,857821845515861.4,4835314885034.667
1881,question_44_aime_Qwen3-1.7B_S4,4,1,1,3,1,0.0,0.28510947663394043,544.0,841.3333333333334,632156369123328.0,3782740454826.6665
1882,question_44_aime_Qwen3-1.7B_S2,2,1,1,3,1,0.0,0.26372561718130266,560.6666666666666,1078.6666666666667,660081733594453.4,4037825524394.6665
1883,question_44_aime_Qwen3-1.7B_S1,1,1,1,3,1,0.0,0.19524473898644792,884.6666666666666,884.6666666666666,609030985664938.6,3710124882090.6665
1884,question_44_aime_Qwen3-0.6B_S64,64,1,1,3,1,0.0,0.0,0.0,0.0,475686128564224.0,1581107652096.0
1885,question_44_aime_Qwen3-0.6B_S32,32,1,1,3,1,0.0,0.06592599396617639,63.333333333333336,291.3333333333333,408515835779584.0,1585461239125.3333
1886,question_44_aime_Qwen3-0.6B_S16,16,1,1,3,1,0.0,0.18261602891495196,359.6666666666667,1160.6666666666667,435230913016149.3,1821045850965.3333
1887,question_44_aime_Qwen3-0.6B_S8,8,1,1,3,1,0.0,0.14706740684935257,487.6666666666667,1049.6666666666667,319645736067754.7,1494895646890.6667
1888,question_44_aime_Qwen3-0.6B_S4,4,1,1,3,1,0.0,0.1233516322602215,384.3333333333333,584.6666666666666,240942823924906.66,1270339936426.6667
1889,question_44_aime_Qwen3-0.6B_S2,2,1,1,3,1,0.0,0.05637510724612824,456.0,456.0,212992943236608.0,1187189831680.0
1890,question_44_aime_Qwen3-0.6B_S1,1,1,1,3,1,0.0,0.23097883282586895,781.6666666666666,781.6666666666666,231250691884032.0,1284566583125.3333
1891,question_45_aime_Qwen3-32B_S64,64,1,1,3,1,1.0,0.6710050392373764,1408.0,1699.3333333333333,4.430866846055373e+16,244096700914688.0
1892,question_45_aime_Qwen3-32B_S32,32,1,1,3,1,1.0,0.7277617186482699,1311.6666666666667,1603.0,4.0244217658898776e+16,235437985980074.66
1893,question_45_aime_Qwen3-32B_S16,16,1,1,3,1,1.0,0.669379474992439,1277.3333333333333,2206.6666666666665,3.0281571273499988e+16,183601351581696.0
1894,question_45_aime_Qwen3-32B_S8,8,1,1,3,1,0.6666666666666666,0.57889190964025,1111.6666666666667,1455.3333333333333,2.6328405490995884e+16,163261684822528.0
1895,question_45_aime_Qwen3-32B_S4,4,1,1,3,1,0.3333333333333333,0.3802405217473634,1456.0,1456.0,2.3379395050474668e+16,146431111070720.0
1896,question_45_aime_Qwen3-32B_S2,2,1,1,3,1,0.3333333333333333,0.4059337119179572,1220.6666666666667,1220.6666666666667,1.7721631199814826e+16,111984989524138.67
1897,question_45_aime_Qwen3-32B_S1,1,1,1,3,1,0.3333333333333333,0.2330334368636784,2318.6666666666665,2318.6666666666665,2.4403407072139436e+16,153777080661333.34
1898,question_45_aime_Qwen3-14B_S64,64,1,1,3,1,0.0,0.4982671192380174,1109.0,1109.0,1.0017584262969344e+16,53897298882816.0
1899,question_45_aime_Qwen3-14B_S32,32,1,1,3,1,0.3333333333333333,0.5732928699680695,1167.3333333333333,1167.3333333333333,1.1359091998648746e+16,65176331760128.0
1900,question_45_aime_Qwen3-14B_S16,16,1,1,3,1,0.3333333333333333,0.5183176324313958,1204.6666666666667,1204.6666666666667,1.0795236583270742e+16,64864348601344.0
1901,question_45_aime_Qwen3-14B_S8,8,1,1,3,1,0.6666666666666666,0.56029855475066,1354.6666666666667,1354.6666666666667,1.251867179212416e+16,76521194648490.67
1902,question_45_aime_Qwen3-14B_S4,4,1,1,3,1,1.0,0.7239896041529934,1590.3333333333333,2877.3333333333335,1.447394253540497e+16,89706526059008.0
1903,question_45_aime_Qwen3-14B_S2,2,1,1,3,1,0.6666666666666666,0.6327913076694233,1290.0,1290.0,9427906257833302.0,59261826283349.336
1904,question_45_aime_Qwen3-14B_S1,1,1,1,3,1,0.6666666666666666,0.6155591806107221,1616.3333333333333,1616.3333333333333,7960687750223360.0,50068563999146.664
1905,question_45_aime_Qwen3-8B_S64,64,1,1,3,1,1.0,0.8432989891807342,1204.0,1204.0,1.3378253921414144e+16,64444278123776.0
1906,question_45_aime_Qwen3-8B_S32,32,1,1,3,1,1.0,0.7374225658225063,1295.3333333333333,1295.3333333333333,1.583113001423249e+16,83357710050389.33
1907,question_45_aime_Qwen3-8B_S16,16,1,1,3,1,1.0,0.7470798466940014,1246.3333333333333,1246.3333333333333,1.1632813032836438e+16,64957208037802.664
1908,question_45_aime_Qwen3-8B_S8,8,1,1,3,1,1.0,0.7411500035710805,1398.0,1398.0,1.1553835508402858e+16,67766538115925.336
1909,question_45_aime_Qwen3-8B_S4,4,1,1,3,1,1.0,0.6430502650290492,1353.3333333333333,1353.3333333333333,7329036866760192.0,44464359133354.664
1910,question_45_aime_Qwen3-8B_S2,2,1,1,3,1,1.0,0.740956799737535,1413.0,1413.0,6842560899729067.0,42135515735552.0
1911,question_45_aime_Qwen3-8B_S1,1,1,1,3,1,0.6666666666666666,0.49409293609981225,1913.0,1913.0,5151153704603477.0,31812649884928.0
1912,question_45_aime_Qwen3-4B_S64,64,1,1,3,1,1.0,0.6872675773683156,1227.0,1552.0,1.1335617253656064e+16,43815913485312.0
1913,question_45_aime_Qwen3-4B_S32,32,1,1,3,1,1.0,0.7952194016839074,1226.6666666666667,1900.3333333333333,7930087956641792.0,36377986002944.0
1914,question_45_aime_Qwen3-4B_S16,16,1,1,3,1,1.0,0.7923980695203688,1351.6666666666667,1351.6666666666667,7178286794057899.0,36239127819946.664
1915,question_45_aime_Qwen3-4B_S8,8,1,1,3,1,1.0,0.693328055963725,1297.3333333333333,1297.3333333333333,5194055828163413.0,28446017352704.0
1916,question_45_aime_Qwen3-4B_S4,4,1,1,3,1,0.6666666666666666,0.6711494752810534,1155.6666666666667,1155.6666666666667,3777846649719637.5,21971867657557.332
1917,question_45_aime_Qwen3-4B_S2,2,1,1,3,1,0.6666666666666666,0.515966240531103,1770.3333333333333,1770.3333333333333,4136114430039040.0,23961213613568.0
1918,question_45_aime_Qwen3-4B_S1,1,1,1,3,1,1.0,0.7848961372350726,1476.6666666666667,1476.6666666666667,2041867819577685.2,12227504794112.0
1919,question_45_aime_Qwen3-1.7B_S64,64,1,1,3,1,0.0,0.21633546796978534,138.0,773.0,856799654740736.0,3530203536384.0
1920,question_45_aime_Qwen3-1.7B_S32,32,1,1,3,1,0.0,0.20549519949874895,127.66666666666667,344.3333333333333,638390490654634.6,3111152880640.0
1921,question_45_aime_Qwen3-1.7B_S16,16,1,1,3,1,0.0,0.0876726513000667,268.6666666666667,676.6666666666666,915546533269162.6,4790468828245.333
1922,question_45_aime_Qwen3-1.7B_S8,8,1,1,3,1,0.0,0.08608864670585285,401.6666666666667,437.3333333333333,911614341265152.0,4990699865685.333
1923,question_45_aime_Qwen3-1.7B_S4,4,1,1,3,1,0.0,0.18345170496932728,536.0,704.3333333333334,1050609316839338.6,5947822182400.0
1924,question_45_aime_Qwen3-1.7B_S2,2,1,1,3,1,0.0,0.22275529259645951,953.3333333333334,953.3333333333334,1194489807497130.8,6730947231829.333
1925,question_45_aime_Qwen3-1.7B_S1,1,1,1,3,1,0.0,0.2570578195322878,2250.0,2250.0,1714192185936384.0,9608168578474.666
1926,question_45_aime_Qwen3-0.6B_S64,64,1,1,3,1,0.0,0.10946568847375142,65.0,841.0,997331000147968.0,3114687568384.0
1927,question_45_aime_Qwen3-0.6B_S32,32,1,1,3,1,0.0,0.12888234830702144,129.33333333333334,1175.6666666666667,670319304196949.4,2520163226282.6665
1928,question_45_aime_Qwen3-0.6B_S16,16,1,1,3,1,0.0,0.13378290082184416,232.66666666666666,1656.0,495165859529728.0,2027213727232.0
1929,question_45_aime_Qwen3-0.6B_S8,8,1,1,3,1,0.0,0.1632852119924963,297.3333333333333,1647.0,344964822523562.7,1665617008981.3333
1930,question_45_aime_Qwen3-0.6B_S4,4,1,1,3,1,0.0,0.23089523840918688,440.6666666666667,1127.3333333333333,274983818878805.34,1397225046016.0
1931,question_45_aime_Qwen3-0.6B_S2,2,1,1,3,1,0.0,0.05442120750641432,328.3333333333333,392.6666666666667,173565030305109.34,939914694656.0
1932,question_45_aime_Qwen3-0.6B_S1,1,1,1,3,1,0.0,0.16288682939089733,385.6666666666667,385.6666666666667,109157549800960.0,627231988394.6666
1933,question_46_aime_Qwen3-32B_S64,64,1,1,3,1,0.0,0.0,0.0,0.0,1.3604393912994816e+16,82809524306432.0
1934,question_46_aime_Qwen3-32B_S32,32,1,1,3,1,0.0,0.5942475397326128,649.0,649.0,1.5880184357415082e+16,95032371788629.33
1935,question_46_aime_Qwen3-32B_S16,16,1,1,3,1,0.3333333333333333,0.43352566338805126,735.0,735.0,1.9659583242550784e+16,119520436177408.0
1936,question_46_aime_Qwen3-32B_S8,8,1,1,3,1,0.6666666666666666,0.6401325161699393,662.0,1630.3333333333333,2.3385212950774612e+16,145234082054314.66
1937,question_46_aime_Qwen3-32B_S4,4,1,1,3,1,0.6666666666666666,0.5193568295000071,658.6666666666666,1132.3333333333333,1.889386607633715e+16,118384820317354.67
1938,question_46_aime_Qwen3-32B_S2,2,1,1,3,1,0.6666666666666666,0.7602340866393092,842.0,842.0,1.5509680383698944e+16,97599989678933.33
1939,question_46_aime_Qwen3-32B_S1,1,1,1,3,1,0.3333333333333333,0.40203724226530735,1327.0,1327.0,1.4023208632695296e+16,88631815734442.67
1940,question_46_aime_Qwen3-14B_S64,64,1,1,3,1,0.0,0.6937518277256666,607.0,2228.0,9707671995404800.0,57799711413760.0
1941,question_46_aime_Qwen3-14B_S32,32,1,1,3,1,0.0,0.41231234954311446,858.3333333333334,858.3333333333334,8153368022611200.0,49952063588778.664
1942,question_46_aime_Qwen3-14B_S16,16,1,1,3,1,0.0,0.3316667041574784,414.6666666666667,742.6666666666666,6366257258970368.0,39381049138176.0
1943,question_46_aime_Qwen3-14B_S8,8,1,1,3,1,0.3333333333333333,0.6824678254387813,757.3333333333334,1016.6666666666666,6625773978170624.0,41119839820544.0
1944,question_46_aime_Qwen3-14B_S4,4,1,1,3,1,0.0,0.6264898748045288,654.0,654.0,4796699096464981.0,29998860256597.332
1945,question_46_aime_Qwen3-14B_S2,2,1,1,3,1,0.3333333333333333,0.5908146867776015,1093.6666666666667,1093.6666666666667,6347437503961600.0,39979267048618.664
1946,question_46_aime_Qwen3-14B_S1,1,1,1,3,1,0.3333333333333333,0.650650364634959,1259.6666666666667,1259.6666666666667,5988481212648363.0,37968888437333.336
1947,question_46_aime_Qwen3-8B_S64,64,1,1,3,1,1.0,0.8845241844057908,663.3333333333334,663.3333333333334,7599417036703232.0,35665345853184.0
1948,question_46_aime_Qwen3-8B_S32,32,1,1,3,1,1.0,0.8544969079032967,597.0,855.6666666666666,7684030894619989.0,40078882788010.664
1949,question_46_aime_Qwen3-8B_S16,16,1,1,3,1,1.0,0.8587400748817203,596.3333333333334,596.3333333333334,5837990880900779.0,32740660748885.332
1950,question_46_aime_Qwen3-8B_S8,8,1,1,3,1,1.0,0.8347034088666431,628.6666666666666,799.6666666666666,5173557258783147.0,30562954168405.332
1951,question_46_aime_Qwen3-8B_S4,4,1,1,3,1,1.0,0.8257122817183161,628.0,628.0,5563302819812779.0,34046792016128.0
1952,question_46_aime_Qwen3-8B_S2,2,1,1,3,1,0.6666666666666666,0.7919945529631023,939.6666666666666,1239.0,3483981844120149.5,21532361944149.332
1953,question_46_aime_Qwen3-8B_S1,1,1,1,3,1,1.0,0.833674444167332,1164.3333333333333,1164.3333333333333,3151329423166122.5,19425946987861.332
1954,question_46_aime_Qwen3-4B_S64,64,1,1,3,1,1.0,0.8776181055866751,584.6666666666666,788.0,5392973180759552.0,24038669659648.0
1955,question_46_aime_Qwen3-4B_S32,32,1,1,3,1,1.0,0.8595533691372195,646.0,1046.0,4110057067538944.0,20816837876565.332
1956,question_46_aime_Qwen3-4B_S16,16,1,1,3,1,1.0,0.8646664395567741,708.3333333333334,911.0,3159817621660160.0,17067833086634.666
1957,question_46_aime_Qwen3-4B_S8,8,1,1,3,1,0.6666666666666666,0.8104668796372261,673.0,875.6666666666666,2512684641236650.5,14550555797674.666
1958,question_46_aime_Qwen3-4B_S4,4,1,1,3,1,1.0,0.823017292423352,637.3333333333334,840.0,2303151521009664.0,13741775328085.334
1959,question_46_aime_Qwen3-4B_S2,2,1,1,3,1,0.3333333333333333,0.7587109631435012,887.0,1103.6666666666667,1649889592046933.2,9975167908864.0
1960,question_46_aime_Qwen3-4B_S1,1,1,1,3,1,0.0,0.69651966572201,730.0,730.0,990301959462912.0,6053708126208.0
1961,question_46_aime_Qwen3-1.7B_S64,64,1,1,3,1,1.0,0.8309709901406106,432.0,529.3333333333334,2388016109850112.0,10816764539392.0
1962,question_46_aime_Qwen3-1.7B_S32,32,1,1,3,1,0.3333333333333333,0.6980400517069919,664.0,3503.6666666666665,1943806673342464.0,9656282653696.0
1963,question_46_aime_Qwen3-1.7B_S16,16,1,1,3,1,0.0,0.42716992988944197,655.0,2145.3333333333335,1435295250838101.2,7677928039936.0
1964,question_46_aime_Qwen3-1.7B_S8,8,1,1,3,1,0.3333333333333333,0.5599360521746469,613.6666666666666,2027.6666666666667,1109988977263786.6,6352907669845.333
1965,question_46_aime_Qwen3-1.7B_S4,4,1,1,3,1,0.0,0.159861956536443,590.3333333333334,757.0,919042136255488.0,5458758838101.333
1966,question_46_aime_Qwen3-1.7B_S2,2,1,1,3,1,0.0,0.36672243560589557,847.0,847.0,894620743890944.0,5263001076480.0
1967,question_46_aime_Qwen3-1.7B_S1,1,1,1,3,1,0.3333333333333333,0.5403077476461806,1082.6666666666667,1082.6666666666667,770727472217770.6,4582309921280.0
1968,question_46_aime_Qwen3-0.6B_S64,64,1,1,3,1,0.0,0.3087074517852488,167.0,344.0,476261147521024.0,1684796153344.0
1969,question_46_aime_Qwen3-0.6B_S32,32,1,1,3,1,0.0,0.174302030276243,158.33333333333334,475.6666666666667,408891446375082.7,1647553319594.6667
1970,question_46_aime_Qwen3-0.6B_S16,16,1,1,3,1,0.0,0.09496123247333649,196.66666666666666,306.0,231232819477845.34,978578149546.6666
1971,question_46_aime_Qwen3-0.6B_S8,8,1,1,3,1,0.0,0.21020640412249358,120.0,399.0,232289353018197.34,1156529004032.0
1972,question_46_aime_Qwen3-0.6B_S4,4,1,1,3,1,0.0,0.2158626486822569,451.0,1106.3333333333333,382622185901738.7,2006551413418.6667
1973,question_46_aime_Qwen3-0.6B_S2,2,1,1,3,1,0.0,0.366752871407364,403.0,697.0,204403316084224.0,1099561335808.0
1974,question_46_aime_Qwen3-0.6B_S1,1,1,1,3,1,0.0,0.3139080099270477,481.0,481.0,146183603797504.0,799242647040.0
1975,question_47_aime_Qwen3-32B_S64,64,1,1,3,1,0.0,0.5147206585256521,409.0,1390.0,1.5850883137178112e+16,85658604974080.0
1976,question_47_aime_Qwen3-32B_S32,32,1,1,3,1,0.0,0.5082044572233574,397.6666666666667,876.6666666666666,1.3435333932548096e+16,78159259192320.0
1977,question_47_aime_Qwen3-32B_S16,16,1,1,3,1,0.0,0.5688597225341726,635.6666666666666,1379.3333333333333,1.3757842922942122e+16,82689537202176.0
1978,question_47_aime_Qwen3-32B_S8,8,1,1,3,1,0.0,0.36063768945532493,447.6666666666667,799.3333333333334,1.2265511384565078e+16,75925553903786.67
1979,question_47_aime_Qwen3-32B_S4,4,1,1,3,1,0.0,0.5965643321122865,648.3333333333334,1202.0,1.1028588428392278e+16,69159277624149.336
1980,question_47_aime_Qwen3-32B_S2,2,1,1,3,1,0.0,0.4344870257478169,712.3333333333334,912.0,9962283444391936.0,62903603038208.0
1981,question_47_aime_Qwen3-32B_S1,1,1,1,3,1,0.0,0.37593230432461716,646.6666666666666,646.6666666666666,6800414085163179.0,43119890858666.664
1982,question_47_aime_Qwen3-14B_S64,64,1,1,3,1,0.0,0.3774685338494563,180.0,1619.0,3770156962107904.0,20281719671040.0
1983,question_47_aime_Qwen3-14B_S32,32,1,1,3,1,0.0,0.4703713613275029,199.33333333333334,3125.3333333333335,3645427132978432.0,20978376762624.0
1984,question_47_aime_Qwen3-14B_S16,16,1,1,3,1,0.0,0.3904951963075076,203.0,1351.6666666666667,3209849124121429.5,19358934427648.0
1985,question_47_aime_Qwen3-14B_S8,8,1,1,3,1,0.0,0.46326789206556196,194.0,1139.6666666666667,2654236531731114.5,16329890094080.0
1986,question_47_aime_Qwen3-14B_S4,4,1,1,3,1,0.0,0.36881495765735534,200.0,631.3333333333334,2575426525461248.0,16123881160021.334
1987,question_47_aime_Qwen3-14B_S2,2,1,1,3,1,0.0,0.31795273871131075,312.6666666666667,519.0,2278657949427285.5,14344076819285.334
1988,question_47_aime_Qwen3-14B_S1,1,1,1,3,1,0.0,0.3014757551631328,248.33333333333334,248.33333333333334,1182958088289706.8,7486968705280.0
1989,question_47_aime_Qwen3-8B_S64,64,1,1,3,1,0.0,0.5206253766819885,449.0,4213.0,8778103441757952.0,42495989268736.0
1990,question_47_aime_Qwen3-8B_S32,32,1,1,3,1,0.0,0.5423470014883707,494.0,3334.0,6661368349102933.0,35231333766400.0
1991,question_47_aime_Qwen3-8B_S16,16,1,1,3,1,0.0,0.5308271066845359,539.6666666666666,1986.3333333333333,5402842969767168.0,30546370009770.668
1992,question_47_aime_Qwen3-8B_S8,8,1,1,3,1,0.0,0.5823901994037756,630.6666666666666,2135.3333333333335,4804846788770987.0,28406607945984.0
1993,question_47_aime_Qwen3-8B_S4,4,1,1,3,1,0.0,0.5477965667740666,619.6666666666666,2067.0,3517004138785621.5,21396875987968.0
1994,question_47_aime_Qwen3-8B_S2,2,1,1,3,1,0.0,0.6478164271056691,778.3333333333334,1078.0,3557293353517824.0,21972610344533.332
1995,question_47_aime_Qwen3-8B_S1,1,1,1,3,1,0.0,0.6248046132933721,674.3333333333334,674.3333333333334,1803827093051477.2,11241134014037.334
1996,question_47_aime_Qwen3-4B_S64,64,1,1,3,1,0.0,0.6432842963246924,370.0,2147.0,3663732004979712.0,14232667574272.0
1997,question_47_aime_Qwen3-4B_S32,32,1,1,3,1,0.0,0.6004143447382492,372.0,2810.6666666666665,2812712120293546.5,12808461151061.334
1998,question_47_aime_Qwen3-4B_S16,16,1,1,3,1,0.0,0.5969092139266718,367.6666666666667,1969.6666666666667,2262731110681941.5,11700545250645.334
1999,question_47_aime_Qwen3-4B_S8,8,1,1,3,1,0.0,0.5118763436451074,425.0,1756.6666666666667,1814189463433386.8,10055505843882.666
2000,question_47_aime_Qwen3-4B_S4,4,1,1,3,1,0.0,0.47665382079678764,609.0,1458.6666666666667,1661429352066048.0,9686438410069.334
2001,question_47_aime_Qwen3-4B_S2,2,1,1,3,1,0.0,0.47695992140857807,512.0,697.0,1083338595307861.4,6493333223082.667
2002,question_47_aime_Qwen3-4B_S1,1,1,1,3,1,0.0,0.4663954054132366,486.6666666666667,486.6666666666667,664260982283264.0,4049803679061.3335
2003,question_47_aime_Qwen3-1.7B_S64,64,1,1,3,1,0.0,0.32495501577198754,57.0,1268.0,659672617581824.0,2512093808896.0
2004,question_47_aime_Qwen3-1.7B_S32,32,1,1,3,1,0.0,0.2868973610346902,73.33333333333333,726.3333333333334,473484072567893.3,2173224046336.0
2005,question_47_aime_Qwen3-1.7B_S16,16,1,1,3,1,0.0,0.28138996348109524,152.0,776.6666666666666,413342665434197.3,2139066702677.3333
2006,question_47_aime_Qwen3-1.7B_S8,8,1,1,3,1,0.0,0.2993453001889264,127.33333333333333,615.6666666666666,295001381183488.0,1649947341653.3333
2007,question_47_aime_Qwen3-1.7B_S4,4,1,1,3,1,0.0,0.2506095967153629,260.0,782.3333333333334,301260522350592.0,1765553988949.3333
2008,question_47_aime_Qwen3-1.7B_S2,2,1,1,3,1,0.0,0.08960838061495591,279.6666666666667,439.6666666666667,278639843127893.34,1650599308288.0
2009,question_47_aime_Qwen3-1.7B_S1,1,1,1,3,1,0.0,0.18605944013741224,230.0,230.0,161688002689024.0,982882531157.3334
2010,question_47_aime_Qwen3-0.6B_S64,64,1,1,3,1,0.0,0.322143827472779,194.0,847.0,518202106983424.0,1289528457216.0
2011,question_47_aime_Qwen3-0.6B_S32,32,1,1,3,1,0.0,0.30257452576835914,163.33333333333334,890.0,332460375269205.3,1030033741312.0
2012,question_47_aime_Qwen3-0.6B_S16,16,1,1,3,1,0.0,0.29011168602614495,175.66666666666666,1005.3333333333334,247102032392533.34,912885971626.6666
2013,question_47_aime_Qwen3-0.6B_S8,8,1,1,3,1,0.0,0.3542061640366823,204.33333333333334,1337.3333333333333,189191590795946.66,801599847765.3334
2014,question_47_aime_Qwen3-0.6B_S4,4,1,1,3,1,0.0,0.17696240593185805,228.0,645.0,129220347528704.0,624001113600.0
2015,question_47_aime_Qwen3-0.6B_S2,2,1,1,3,1,0.0,0.24211972833022774,165.33333333333334,364.3333333333333,79363911240021.33,417461100373.3333
2016,question_47_aime_Qwen3-0.6B_S1,1,1,1,3,1,0.0,0.07757389273747833,274.0,274.0,83340984522069.33,462055783765.3333
2017,question_48_aime_Qwen3-32B_S64,64,1,1,3,1,0.0,0.5245943839224693,1180.0,4277.0,3.420198741916877e+16,201969450799616.0
2018,question_48_aime_Qwen3-32B_S32,32,1,1,3,1,0.0,0.4347086808674074,1203.3333333333333,2921.0,2.839925497318963e+16,173303309588992.0
2019,question_48_aime_Qwen3-32B_S16,16,1,1,3,1,0.0,0.34755727534483594,1138.6666666666667,2064.6666666666665,2.3059710240443564e+16,141514922484736.0
2020,question_48_aime_Qwen3-32B_S8,8,1,1,3,1,0.0,0.3517113285268045,913.6666666666666,1289.0,2.0590863773369004e+16,128292443060906.67
2021,question_48_aime_Qwen3-32B_S4,4,1,1,3,1,0.3333333333333333,0.2974445396068472,1180.0,1180.0,2.1827672291600384e+16,136733155368277.33
2022,question_48_aime_Qwen3-32B_S2,2,1,1,3,1,0.0,0.25795713356527034,1605.6666666666667,1605.6666666666667,2.3418377311313748e+16,148081125533354.66
2023,question_48_aime_Qwen3-32B_S1,1,1,1,3,1,0.0,0.329705572527545,1214.6666666666667,1214.6666666666667,1.3040752870439594e+16,82695574046720.0
2024,question_48_aime_Qwen3-14B_S64,64,1,1,3,1,0.0,0.5405110385961672,971.0,3396.0,1.6455837624873728e+16,95273737579264.0
2025,question_48_aime_Qwen3-14B_S32,32,1,1,3,1,0.0,0.44961553446397023,964.3333333333334,1636.3333333333333,1.3727946439618986e+16,82989658906624.0
2026,question_48_aime_Qwen3-14B_S16,16,1,1,3,1,0.0,0.3942285579231412,951.3333333333334,951.3333333333334,1.16348634279488e+16,72048805234005.33
2027,question_48_aime_Qwen3-14B_S8,8,1,1,3,1,0.0,0.24956673931578663,621.3333333333334,802.0,1.0251646422635776e+16,64257251151360.0
2028,question_48_aime_Qwen3-14B_S4,4,1,1,3,1,0.0,0.0,0.0,0.0,8260978046087680.0,52215711362901.336
2029,question_48_aime_Qwen3-14B_S2,2,1,1,3,1,0.3333333333333333,0.27318320635114346,642.6666666666666,1083.0,6780975030318677.0,42918334308352.0
2030,question_48_aime_Qwen3-14B_S1,1,1,1,3,1,0.0,0.4642264250822968,1069.6666666666667,1069.6666666666667,5244173598597205.0,33321306208085.332
2031,question_48_aime_Qwen3-8B_S64,64,1,1,3,1,1.0,0.6669224203395494,1546.6666666666667,5150.666666666667,2.567142973124915e+16,114071174525952.0
2032,question_48_aime_Qwen3-8B_S32,32,1,1,3,1,1.0,0.668561049083572,1591.6666666666667,3108.0,1.9686715863034196e+16,101008537373098.67
2033,question_48_aime_Qwen3-8B_S16,16,1,1,3,1,0.6666666666666666,0.7625969298723247,1538.6666666666667,9985.333333333334,1.5974867066225152e+16,89156392428885.33
2034,question_48_aime_Qwen3-8B_S8,8,1,1,3,1,0.6666666666666666,0.5423439127049781,1456.0,4524.666666666667,1.1780284870751744e+16,69257227383978.664
2035,question_48_aime_Qwen3-8B_S4,4,1,1,3,1,0.0,0.5654185143468154,1677.6666666666667,5644.333333333333,1.039441861209617e+16,62844305768533.336
2036,question_48_aime_Qwen3-8B_S2,2,1,1,3,1,0.0,0.5182340691346632,1533.6666666666667,1533.6666666666667,8064785009257131.0,49721682842112.0
2037,question_48_aime_Qwen3-8B_S1,1,1,1,3,1,0.0,0.25041884434335715,2112.3333333333335,2112.3333333333335,5678084222335659.0,35125095198805.332
2038,question_48_aime_Qwen3-4B_S64,64,1,1,3,1,0.0,0.41682963391790273,1122.0,3233.0,9638342350286336.0,38440119195136.0
2039,question_48_aime_Qwen3-4B_S32,32,1,1,3,1,0.0,0.37934925918139534,1077.6666666666667,1687.0,7020857884414805.0,33398296258730.668
2040,question_48_aime_Qwen3-4B_S16,16,1,1,3,1,0.0,0.7788519538911555,1235.0,8171.333333333333,6494378765009237.0,34019415236608.0
2041,question_48_aime_Qwen3-4B_S8,8,1,1,3,1,0.3333333333333333,0.6997204651187063,1454.0,4491.0,5303663948477099.0,29834033886890.668
2042,question_48_aime_Qwen3-4B_S4,4,1,1,3,1,0.0,0.6303016160842174,1146.0,2984.0,3838947708956160.0,22706640073216.0
2043,question_48_aime_Qwen3-4B_S2,2,1,1,3,1,0.0,0.6269632050788004,1354.3333333333333,2694.6666666666665,2663855673330346.5,16020045432661.334
2044,question_48_aime_Qwen3-4B_S1,1,1,1,3,1,0.0,0.5607606838441465,1587.3333333333333,1587.3333333333333,2163602499730090.8,13124441791488.0
2045,question_48_aime_Qwen3-1.7B_S64,64,1,1,3,1,0.0,0.27367148598184204,513.0,1452.0,842663540518912.0,4065982152960.0
2046,question_48_aime_Qwen3-1.7B_S32,32,1,1,3,1,0.0,0.20374818199683134,299.3333333333333,878.3333333333334,590974251019264.0,3123001185621.3335
2047,question_48_aime_Qwen3-1.7B_S16,16,1,1,3,1,0.0,0.13371529122803918,269.0,521.0,750267502229504.0,4096889388032.0
2048,question_48_aime_Qwen3-1.7B_S8,8,1,1,3,1,0.0,0.1453920609836015,295.3333333333333,564.0,598877005896362.6,3520711855360.0
2049,question_48_aime_Qwen3-1.7B_S4,4,1,1,3,1,0.0,0.12033090737689484,308.6666666666667,392.6666666666667,534453778963029.3,3207037357141.3335
2050,question_48_aime_Qwen3-1.7B_S2,2,1,1,3,1,0.0,0.1877763011180865,431.6666666666667,431.6666666666667,394676178966272.0,2432822729045.3335
2051,question_48_aime_Qwen3-1.7B_S1,1,1,1,3,1,0.0,0.06889929545969296,907.0,907.0,640232559103573.4,3882495141205.3335
2052,question_48_aime_Qwen3-0.6B_S64,64,1,1,3,1,0.0,0.1878003803007624,101.0,861.0,470005341342720.0,1617978951168.0
2053,question_48_aime_Qwen3-0.6B_S32,32,1,1,3,1,0.0,0.17020624715803986,105.66666666666667,574.0,306875512609792.0,1280116166826.6667
2054,question_48_aime_Qwen3-0.6B_S16,16,1,1,3,1,0.0,0.17096604418908357,244.66666666666666,403.3333333333333,246989676390229.34,1118464807594.6667
2055,question_48_aime_Qwen3-0.6B_S8,8,1,1,3,1,0.0,0.23418028002544963,397.0,1418.3333333333333,290917070224042.7,1421780223317.3333
2056,question_48_aime_Qwen3-0.6B_S4,4,1,1,3,1,0.0,0.13948200936036198,590.3333333333334,1161.6666666666667,281785469258410.7,1498633323861.3333
2057,question_48_aime_Qwen3-0.6B_S2,2,1,1,3,1,0.0,0.19077038000990099,333.6666666666667,622.0,166621265182549.34,955919677781.3334
2058,question_48_aime_Qwen3-0.6B_S1,1,1,1,3,1,0.0,0.10820160940249406,506.0,506.0,140818616325973.34,822268310698.6666
2059,question_49_aime_Qwen3-32B_S64,64,1,1,3,1,0.0,0.0,0.0,0.0,1.859625460512e+16,109388814230016.0
2060,question_49_aime_Qwen3-32B_S32,32,1,1,3,1,0.0,0.13756180550375052,306.0,745.3333333333334,1.7061634729214464e+16,102746341457920.0
2061,question_49_aime_Qwen3-32B_S16,16,1,1,3,1,0.3333333333333333,0.13756180550375052,306.0,522.0,1.648146023616495e+16,101528586720256.0
2062,question_49_aime_Qwen3-32B_S8,8,1,1,3,1,0.3333333333333333,0.25286535789410886,412.0,920.3333333333334,1.5944176934021802e+16,99297575353685.33
2063,question_49_aime_Qwen3-32B_S4,4,1,1,3,1,0.3333333333333333,0.1437229471954182,481.0,885.0,1.2937414555112278e+16,81420339460778.67
2064,question_49_aime_Qwen3-32B_S2,2,1,1,3,1,0.0,0.3593816784568216,976.0,976.0,1.3798289991738198e+16,87019516753920.0
2065,question_49_aime_Qwen3-32B_S1,1,1,1,3,1,0.0,0.34336563143858845,804.0,804.0,8518453586386091.0,54026482553344.0
2066,question_49_aime_Qwen3-14B_S64,64,1,1,3,1,0.0,0.390929250981175,616.0,616.0,8387359660289792.0,46141886808064.0
2067,question_49_aime_Qwen3-14B_S32,32,1,1,3,1,0.0,0.1303097503270583,205.33333333333334,205.33333333333334,7014903594620843.0,41232762603264.0
2068,question_49_aime_Qwen3-14B_S16,16,1,1,3,1,0.0,0.0,0.0,0.0,6495977632526592.0,39732709684565.336
2069,question_49_aime_Qwen3-14B_S8,8,1,1,3,1,0.0,0.0,0.0,0.0,5578108740029355.0,34746133721429.332
2070,question_49_aime_Qwen3-14B_S4,4,1,1,3,1,0.0,0.30317483777045096,415.3333333333333,1032.6666666666667,5712131102531243.0,35742061876650.664
2071,question_49_aime_Qwen3-14B_S2,2,1,1,3,1,0.0,0.2766906065586401,597.0,929.0,5256282485441195.0,33158246758400.0
2072,question_49_aime_Qwen3-14B_S1,1,1,1,3,1,0.0,0.3096841704713042,744.0,744.0,3692775755259136.0,23374027227733.332
2073,question_49_aime_Qwen3-8B_S64,64,1,1,3,1,1.0,0.6436487649613429,857.0,1144.3333333333333,1.4930712838468096e+16,66569783713792.0
2074,question_49_aime_Qwen3-8B_S32,32,1,1,3,1,1.0,0.67065110617787,976.0,3131.6666666666665,1.2822282624127488e+16,64268301278208.0
2075,question_49_aime_Qwen3-8B_S16,16,1,1,3,1,0.6666666666666666,0.5938375680957468,981.0,5106.666666666667,1.095920112643089e+16,59979717458602.664
2076,question_49_aime_Qwen3-8B_S8,8,1,1,3,1,0.6666666666666666,0.5875930314512644,1094.6666666666667,3766.3333333333335,8445780484749056.0,49034060674304.0
2077,question_49_aime_Qwen3-8B_S4,4,1,1,3,1,0.3333333333333333,0.5681762488587576,1258.6666666666667,2105.6666666666665,7865319697358251.0,47020250293674.664
2078,question_49_aime_Qwen3-8B_S2,2,1,1,3,1,0.3333333333333333,0.5922759808133035,1335.0,1335.0,6036049642944939.0,36964447935488.0
2079,question_49_aime_Qwen3-8B_S1,1,1,1,3,1,0.0,0.6589880267504897,1208.3333333333333,1208.3333333333333,3245826555819093.5,20129405579349.332
2080,question_49_aime_Qwen3-4B_S64,64,1,1,3,1,0.0,0.6926408918644215,615.0,2214.0,5791320721298944.0,22730780555776.0
2081,question_49_aime_Qwen3-4B_S32,32,1,1,3,1,0.0,0.566199018689299,731.3333333333334,2470.3333333333335,5030320632807595.0,23015494263125.332
2082,question_49_aime_Qwen3-4B_S16,16,1,1,3,1,0.0,0.6270905264189071,749.6666666666666,1659.3333333333333,3754010435655509.5,19365810514432.0
2083,question_49_aime_Qwen3-4B_S8,8,1,1,3,1,0.0,0.6614358643192318,903.0,2126.6666666666665,3197275926984704.0,17592602302805.332
2084,question_49_aime_Qwen3-4B_S4,4,1,1,3,1,0.0,0.5480206303333345,770.0,1116.0,2366102795686570.5,13874247874730.666
2085,question_49_aime_Qwen3-4B_S2,2,1,1,3,1,0.0,0.5963255560343435,1001.0,1701.0,2182783709890389.2,12885452670976.0
2086,question_49_aime_Qwen3-4B_S1,1,1,1,3,1,0.0,0.7032735628104261,1215.3333333333333,1215.3333333333333,1642440186551978.8,10020594162176.0
2087,question_49_aime_Qwen3-1.7B_S64,64,1,1,3,1,0.0,0.33913316826134227,172.0,616.0,952970199195392.0,3950346579200.0
2088,question_49_aime_Qwen3-1.7B_S32,32,1,1,3,1,0.0,0.3094001038573765,191.33333333333334,416.0,661420504588629.4,3180264164522.6665
2089,question_49_aime_Qwen3-1.7B_S16,16,1,1,3,1,0.0,0.3135118094931137,375.3333333333333,1616.3333333333333,896590418903125.4,4764711322709.333
2090,question_49_aime_Qwen3-1.7B_S8,8,1,1,3,1,0.0,0.42100782055383473,270.0,541.6666666666666,637708293040298.6,3632392459434.6665
2091,question_49_aime_Qwen3-1.7B_S4,4,1,1,3,1,0.0,0.1838734809984218,399.6666666666667,399.6666666666667,527426551466154.7,3103331385429.3335
2092,question_49_aime_Qwen3-1.7B_S2,2,1,1,3,1,0.0,0.21559635805007263,523.3333333333334,834.3333333333334,624627123943424.0,3723907866709.3335
2093,question_49_aime_Qwen3-1.7B_S1,1,1,1,3,1,0.0,0.40582365933651676,460.0,460.0,326192309590784.0,1953567633322.6667
2094,question_49_aime_Qwen3-0.6B_S64,64,1,1,3,1,0.0,0.4512158009831489,356.0,4140.0,800834726811136.0,2471372259328.0
2095,question_49_aime_Qwen3-0.6B_S32,32,1,1,3,1,0.0,0.39751264585528023,396.6666666666667,2682.3333333333335,528123578035370.7,1955584093013.3333
2096,question_49_aime_Qwen3-0.6B_S16,16,1,1,3,1,0.0,0.43539568654518074,342.3333333333333,2327.0,361766341778261.3,1490993512448.0
2097,question_49_aime_Qwen3-0.6B_S8,8,1,1,3,1,0.0,0.1726996199715365,293.3333333333333,1178.3333333333333,228229422593877.34,1076749577386.6666
2098,question_49_aime_Qwen3-0.6B_S4,4,1,1,3,1,0.0,0.09109612422753056,273.0,403.3333333333333,174753763566592.0,909010836992.0
2099,question_49_aime_Qwen3-0.6B_S2,2,1,1,3,1,0.0,0.15899546427663916,373.3333333333333,373.3333333333333,172762868130474.66,973443763882.6666
2100,question_49_aime_Qwen3-0.6B_S1,1,1,1,3,1,0.0,0.22010950527220133,367.3333333333333,367.3333333333333,103402106489173.33,596580384938.6666
2101,question_50_aime_Qwen3-32B_S64,64,1,1,3,1,0.0,0.04016425565843666,683.0,1205.0,2.6382522908829696e+16,150263221582336.0
2102,question_50_aime_Qwen3-32B_S32,32,1,1,3,1,0.0,0.05934741507662613,834.3333333333334,1462.3333333333333,2.7029249938494804e+16,160951710116693.34
2103,question_50_aime_Qwen3-32B_S16,16,1,1,3,1,0.0,0.2306861872649368,1404.0,3506.6666666666665,2.6867292612179628e+16,163015349284181.34
2104,question_50_aime_Qwen3-32B_S8,8,1,1,3,1,0.0,0.2149136519919139,1022.0,3773.0,2.8633467965775532e+16,177556551432192.0
2105,question_50_aime_Qwen3-32B_S4,4,1,1,3,1,0.0,0.2308995023175494,1407.0,2053.6666666666665,2.438985542242816e+16,153260146984277.34
2106,question_50_aime_Qwen3-32B_S2,2,1,1,3,1,0.0,0.10298426628198341,1589.0,2040.6666666666667,2.0319970801006764e+16,128210201932117.33
2107,question_50_aime_Qwen3-32B_S1,1,1,1,3,1,0.0,0.2868720490353135,1622.6666666666667,1622.6666666666667,1.700192072321007e+16,107699555031040.0
2108,question_50_aime_Qwen3-14B_S64,64,1,1,3,1,0.0,0.024161696978096076,1159.0,2376.0,2.65604979475712e+16,159524662223104.0
2109,question_50_aime_Qwen3-14B_S32,32,1,1,3,1,0.0,0.016107797985397385,772.6666666666666,772.6666666666666,1.5927028227642368e+16,96731080084565.33
2110,question_50_aime_Qwen3-14B_S16,16,1,1,3,1,0.0,0.0,0.0,0.0,1.1482522363712768e+16,71198521955669.33
2111,question_50_aime_Qwen3-14B_S8,8,1,1,3,1,0.0,0.2824529852095968,1110.0,2243.3333333333335,1.7301885284311894e+16,107666972103338.67
2112,question_50_aime_Qwen3-14B_S4,4,1,1,3,1,0.0,0.0,0.0,0.0,1.1252708251452074e+16,71140629060693.33
2113,question_50_aime_Qwen3-14B_S2,2,1,1,3,1,0.0,0.03697722195533583,2211.6666666666665,3300.6666666666665,1.8431989289443924e+16,116282599689898.67
2114,question_50_aime_Qwen3-14B_S1,1,1,1,3,1,0.0,0.1407592334798777,2310.0,2310.0,1.1563765696591018e+16,73168253008554.67
2115,question_50_aime_Qwen3-8B_S64,64,1,1,3,1,0.0,0.2516879118458351,2681.0,4210.0,3.3105717856669184e+16,162282700031744.0
2116,question_50_aime_Qwen3-8B_S32,32,1,1,3,1,0.0,0.21136507093974885,2297.0,2806.6666666666665,2.4841596056785748e+16,132697737966421.33
2117,question_50_aime_Qwen3-8B_S16,16,1,1,3,1,0.0,0.2812261638416079,2307.3333333333335,4693.666666666667,2.1380060739830356e+16,121357463975168.0
2118,question_50_aime_Qwen3-8B_S8,8,1,1,3,1,0.0,0.364211179176593,2597.6666666666665,7159.666666666667,2.1542601473195948e+16,124871379396608.0
2119,question_50_aime_Qwen3-8B_S4,4,1,1,3,1,0.3333333333333333,0.2623833402817806,2206.6666666666665,4023.3333333333335,1.5147908023250602e+16,91492486146474.67
2120,question_50_aime_Qwen3-8B_S2,2,1,1,3,1,0.0,0.24924955524078873,3058.6666666666665,3983.6666666666665,1.2333732063378858e+16,75171608240640.0
2121,question_50_aime_Qwen3-8B_S1,1,1,1,3,1,0.0,0.2727170305097386,2477.3333333333335,2477.3333333333335,6610084790582528.0,41147866954496.0
2122,question_50_aime_Qwen3-4B_S64,64,1,1,3,1,0.0,0.4506896236672702,1984.0,14472.0,2.408898834045491e+16,89277257759744.0
2123,question_50_aime_Qwen3-4B_S32,32,1,1,3,1,0.0,0.518002407255433,1895.3333333333333,12072.0,1.6618229735681536e+16,73189398020096.0
2124,question_50_aime_Qwen3-4B_S16,16,1,1,3,1,0.0,0.5025314080365457,2039.6666666666667,10846.0,1.258819707539968e+16,61717422025216.0
2125,question_50_aime_Qwen3-4B_S8,8,1,1,3,1,0.0,0.4359846523593645,2302.6666666666665,4288.333333333333,9973237489305088.0,53447428505600.0
2126,question_50_aime_Qwen3-4B_S4,4,1,1,3,1,0.0,0.44295342760203543,2405.6666666666665,3876.3333333333335,7202549154621440.0,40941430721365.336
2127,question_50_aime_Qwen3-4B_S2,2,1,1,3,1,0.0,0.40870977326508445,2419.3333333333335,3214.3333333333335,5369809348218539.0,31658073613824.0
2128,question_50_aime_Qwen3-4B_S1,1,1,1,3,1,0.0,0.21497245268910706,3317.6666666666665,3317.6666666666665,4721998410150400.0,27540032849237.332
2129,question_50_aime_Qwen3-1.7B_S64,64,1,1,3,1,0.0,0.21910626303611902,285.0,6469.0,962034043833856.0,4626488090112.0
2130,question_50_aime_Qwen3-1.7B_S32,32,1,1,3,1,0.0,0.21910626303611902,285.0,3401.3333333333335,796883699745877.4,4304999133269.3335
2131,question_50_aime_Qwen3-1.7B_S16,16,1,1,3,1,0.0,0.18076117273001882,219.66666666666666,1969.0,607339269006250.6,3473132940032.0
2132,question_50_aime_Qwen3-1.7B_S8,8,1,1,3,1,0.0,0.13193085958926057,206.0,650.0,481666973387264.0,2850050616746.6665
2133,question_50_aime_Qwen3-1.7B_S4,4,1,1,3,1,0.0,0.026324388803716996,157.66666666666666,281.0,408278007566762.7,2496410119765.3335
2134,question_50_aime_Qwen3-1.7B_S2,2,1,1,3,1,0.0,0.07906050929609326,161.0,223.0,243892778051328.0,1493554633984.0
2135,question_50_aime_Qwen3-1.7B_S1,1,1,1,3,1,0.0,0.09395902085286308,240.66666666666666,240.66666666666666,163256190265429.34,1018490157141.3334
2136,question_50_aime_Qwen3-0.6B_S64,64,1,1,3,1,0.0,0.06556231986873161,183.0,2111.0,627652169692160.0,2155396183552.0
2137,question_50_aime_Qwen3-0.6B_S32,32,1,1,3,1,0.0,0.06548819330364705,286.0,1526.3333333333333,428417567910229.3,1704147065173.3333
2138,question_50_aime_Qwen3-0.6B_S16,16,1,1,3,1,0.0,0.06565926902351996,283.3333333333333,1198.0,303103664109056.0,1373319142570.6667
2139,question_50_aime_Qwen3-0.6B_S8,8,1,1,3,1,0.0,0.047195107506932364,285.0,1355.6666666666667,238500538976256.0,1193234331818.6667
2140,question_50_aime_Qwen3-0.6B_S4,4,1,1,3,1,0.0,0.045633526392717456,355.0,737.3333333333334,176196907398144.0,969374762666.6666
2141,question_50_aime_Qwen3-0.6B_S2,2,1,1,3,1,0.0,0.01865609462543662,313.0,447.6666666666667,162993308883456.0,915807608149.3334
2142,question_50_aime_Qwen3-0.6B_S1,1,1,1,3,1,0.0,0.024838939094804866,728.3333333333334,728.3333333333334,220504970622464.0,1233947806208.0
2143,question_51_aime_Qwen3-32B_S64,64,1,1,3,1,0.0,0.24054642318563393,1208.0,4433.0,3.4321647870762496e+16,196242235578368.0
2144,question_51_aime_Qwen3-32B_S32,32,1,1,3,1,0.0,0.24054642318563393,1208.0,3814.3333333333335,3.0807612144725332e+16,184762335189674.66
2145,question_51_aime_Qwen3-32B_S16,16,1,1,3,1,0.0,0.17549343832685446,1225.3333333333333,3418.6666666666665,2.8694807913933824e+16,176276648084821.34
2146,question_51_aime_Qwen3-32B_S8,8,1,1,3,1,0.0,0.17864601260042232,953.3333333333334,2514.3333333333335,2.212616680427315e+16,137882565689173.33
2147,question_51_aime_Qwen3-32B_S4,4,1,1,3,1,0.0,0.22945184630949064,1459.3333333333333,2013.0,2.5630842179424596e+16,160902623041706.66
2148,question_51_aime_Qwen3-32B_S2,2,1,1,3,1,0.0,0.18341411792581097,1304.6666666666667,1703.6666666666667,1.947206341070285e+16,123105592729770.67
2149,question_51_aime_Qwen3-32B_S1,1,1,1,3,1,0.0,0.16828692835901946,1478.3333333333333,1478.3333333333333,1.6591379930487466e+16,105206315837269.33
2150,question_51_aime_Qwen3-14B_S64,64,1,1,3,1,0.0,0.0631561394459243,672.0,672.0,1.932898254716237e+16,115390950602496.0
2151,question_51_aime_Qwen3-14B_S32,32,1,1,3,1,0.0,0.021052046481974767,224.0,224.0,1.7489247973505024e+16,107608444141653.33
2152,question_51_aime_Qwen3-14B_S16,16,1,1,3,1,0.0,0.021052046481974767,224.0,224.0,1.3299937981152e+16,83115092260266.67
2153,question_51_aime_Qwen3-14B_S8,8,1,1,3,1,0.0,0.0,0.0,0.0,7293073526719573.0,45691046263637.336
2154,question_51_aime_Qwen3-14B_S4,4,1,1,3,1,0.0,0.11002437158518673,315.0,729.6666666666666,8124210091496619.0,51095087643648.0
2155,question_51_aime_Qwen3-14B_S2,2,1,1,3,1,0.0,0.0,0.0,0.0,5579942894473216.0,35423262584746.664
2156,question_51_aime_Qwen3-14B_S1,1,1,1,3,1,0.0,0.1977762825922397,1649.6666666666667,1649.6666666666667,7890168108538880.0,49546041847978.664
2157,question_51_aime_Qwen3-8B_S64,64,1,1,3,1,0.0,0.479121249058643,2074.0,7133.0,4.148157812662528e+16,195184422877440.0
2158,question_51_aime_Qwen3-8B_S32,32,1,1,3,1,0.0,0.47381119823725465,1909.0,3595.3333333333335,2.8788672021752064e+16,148462365604437.34
2159,question_51_aime_Qwen3-8B_S16,16,1,1,3,1,0.0,0.4983641513401867,1917.6666666666667,10996.0,2.335131571937331e+16,128051618659584.0
2160,question_51_aime_Qwen3-8B_S8,8,1,1,3,1,0.0,0.4919447690002558,1914.6666666666667,8183.0,1.7878686951388074e+16,103587426586709.33
2161,question_51_aime_Qwen3-8B_S4,4,1,1,3,1,0.0,0.3713391892967077,1911.6666666666667,5776.333333333333,1.3319763985844054e+16,78889264178944.0
2162,question_51_aime_Qwen3-8B_S2,2,1,1,3,1,0.0,0.40754813977998827,2360.6666666666665,4401.333333333333,9194058901699158.0,55977555563008.0
2163,question_51_aime_Qwen3-8B_S1,1,1,1,3,1,0.0,0.3116666626149151,2285.6666666666665,2285.6666666666665,6196941618159701.0,38047418692693.336
2164,question_51_aime_Qwen3-4B_S64,64,1,1,3,1,0.0,0.697949931197886,1307.0,16022.0,2.1112522330766336e+16,88536536303104.0
2165,question_51_aime_Qwen3-4B_S32,32,1,1,3,1,0.0,0.5473426867047516,1612.6666666666667,9957.666666666666,1.3843467891089408e+16,65219406689621.336
2166,question_51_aime_Qwen3-4B_S16,16,1,1,3,1,0.0,0.6438630067851475,1583.0,8492.666666666666,1.0689785639002624e+16,55494100426069.336
2167,question_51_aime_Qwen3-4B_S8,8,1,1,3,1,0.0,0.49709574779955346,1310.6666666666667,3546.3333333333335,6435536809435819.0,35639550329514.664
2168,question_51_aime_Qwen3-4B_S4,4,1,1,3,1,0.0,0.5298014714801716,1697.0,6465.0,5639252681283243.0,32444388503210.668
2169,question_51_aime_Qwen3-4B_S2,2,1,1,3,1,0.0,0.3621388287371356,2014.3333333333333,3469.0,4426924230679381.5,26162379892224.0
2170,question_51_aime_Qwen3-4B_S1,1,1,1,3,1,0.0,0.2910719617235283,1696.3333333333333,1696.3333333333333,2342003696666282.5,14042155433813.334
2171,question_51_aime_Qwen3-1.7B_S64,64,1,1,3,1,0.0,0.09881402418069664,619.0,3008.0,1679902498688512.0,6495804616448.0
2172,question_51_aime_Qwen3-1.7B_S32,32,1,1,3,1,0.0,0.12712713938333758,422.3333333333333,2315.0,1338683935642368.0,6087202052437.333
2173,question_51_aime_Qwen3-1.7B_S16,16,1,1,3,1,0.0,0.07403431960637534,361.3333333333333,727.3333333333334,845917136024576.0,4273862914048.0
2174,question_51_aime_Qwen3-1.7B_S8,8,1,1,3,1,0.0,0.09000748856218903,532.0,795.0,885203691747498.6,4927127429802.667
2175,question_51_aime_Qwen3-1.7B_S4,4,1,1,3,1,0.0,0.12032584999654727,597.6666666666666,1322.0,710646941435050.6,4060779899904.0
2176,question_51_aime_Qwen3-1.7B_S2,2,1,1,3,1,0.0,0.09942737171183354,592.3333333333334,795.0,575810041904384.0,3393661778602.6665
2177,question_51_aime_Qwen3-1.7B_S1,1,1,1,3,1,0.0,0.12497920495736486,547.6666666666666,547.6666666666666,388318442343850.7,2346795013546.6665
2178,question_51_aime_Qwen3-0.6B_S64,64,1,1,3,1,0.0,0.050791125551036855,458.0,760.0,685471185483264.0,2126070083584.0
2179,question_51_aime_Qwen3-0.6B_S32,32,1,1,3,1,0.0,0.0469171720808863,406.0,611.6666666666666,472482372114602.7,1690899515733.3333
2180,question_51_aime_Qwen3-0.6B_S16,16,1,1,3,1,0.0,0.047216959883065214,448.6666666666667,1333.0,398066697339904.0,1613179282602.6667
2181,question_51_aime_Qwen3-0.6B_S8,8,1,1,3,1,0.0,0.07043716106536528,363.6666666666667,1617.0,322002927584938.7,1393649942528.0
2182,question_51_aime_Qwen3-0.6B_S4,4,1,1,3,1,0.0,0.030456730916704384,360.3333333333333,435.3333333333333,208191518497450.66,1094110479018.6666
2183,question_51_aime_Qwen3-0.6B_S2,2,1,1,3,1,0.0,0.10928646256846924,442.3333333333333,713.6666666666666,190634156824917.34,1015242626389.3334
2184,question_51_aime_Qwen3-0.6B_S1,1,1,1,3,1,0.0,0.05203593704583063,521.0,521.0,155000364221952.0,855615238314.6666
2185,question_52_aime_Qwen3-32B_S64,64,1,1,3,1,0.0,0.5009597565367103,840.0,4672.0,2.6155777777972736e+16,141098846377472.0
2186,question_52_aime_Qwen3-32B_S32,32,1,1,3,1,0.0,0.4834022419589445,795.3333333333334,2008.0,2.2151102287364948e+16,128241845144917.33
2187,question_52_aime_Qwen3-32B_S16,16,1,1,3,1,0.0,0.4436703841015159,936.6666666666666,2048.6666666666665,2.0434225422193324e+16,123714419285504.0
2188,question_52_aime_Qwen3-32B_S8,8,1,1,3,1,0.0,0.30256886030069047,632.3333333333334,1089.6666666666667,1.4136326721649322e+16,87454651665408.0
2189,question_52_aime_Qwen3-32B_S4,4,1,1,3,1,0.0,0.27565218073667713,681.0,962.3333333333334,1.410138158386432e+16,88367208284330.67
2190,question_52_aime_Qwen3-32B_S2,2,1,1,3,1,0.0,0.46655827490936835,1022.0,1250.0,1.2533535191126186e+16,79240619200853.33
2191,question_52_aime_Qwen3-32B_S1,1,1,1,3,1,0.0,0.21966278503762773,1254.0,1254.0,1.3138625414236842e+16,83078261429589.33
2192,question_52_aime_Qwen3-14B_S64,64,1,1,3,1,0.0,0.040183764125938194,349.0,990.0,9209885699859712.0,46746479407616.0
2193,question_52_aime_Qwen3-14B_S32,32,1,1,3,1,0.0,0.01743968875993607,324.0,434.3333333333333,7386909719088555.0,41124094163882.664
2194,question_52_aime_Qwen3-14B_S16,16,1,1,3,1,0.0,0.1615448779122521,509.3333333333333,1558.3333333333333,7860477890946987.0,46528902845013.336
2195,question_52_aime_Qwen3-14B_S8,8,1,1,3,1,0.0,0.23495940617593913,657.3333333333334,1444.0,7324428211273301.0,44546233989888.0
2196,question_52_aime_Qwen3-14B_S4,4,1,1,3,1,0.0,0.15599623529553566,760.6666666666666,977.6666666666666,7865802367715413.0,48700067300522.664
2197,question_52_aime_Qwen3-14B_S2,2,1,1,3,1,0.0,0.3713430515568465,1075.6666666666667,1397.0,7620588117179819.0,47491213787392.0
2198,question_52_aime_Qwen3-14B_S1,1,1,1,3,1,0.0,0.21682426652242381,1550.3333333333333,1550.3333333333333,7535313246761216.0,47122280844032.0
2199,question_52_aime_Qwen3-8B_S64,64,1,1,3,1,0.0,0.4354916500194992,1031.0,5660.0,1.5142207377907456e+16,71007660376576.0
2200,question_52_aime_Qwen3-8B_S32,32,1,1,3,1,0.0,0.39840078973044674,947.6666666666666,4836.0,1.16984538202496e+16,61320931413930.664
2201,question_52_aime_Qwen3-8B_S16,16,1,1,3,1,0.0,0.3900094975003027,821.6666666666666,2702.0,1.0642633383656362e+16,60160712608341.336
2202,question_52_aime_Qwen3-8B_S8,8,1,1,3,1,0.0,0.34923917439835045,966.0,2712.6666666666665,7515415448884224.0,44007126679040.0
2203,question_52_aime_Qwen3-8B_S4,4,1,1,3,1,0.0,0.4207404664957776,891.6666666666666,2702.6666666666665,5809044358803115.0,34845025262933.332
2204,question_52_aime_Qwen3-8B_S2,2,1,1,3,1,0.0,0.2996858922024755,1044.6666666666667,1396.3333333333333,4442694193755904.0,27172730342485.332
2205,question_52_aime_Qwen3-8B_S1,1,1,1,3,1,0.0,0.3072790426376722,1199.0,1199.0,3203671492857941.5,19927294322261.332
2206,question_52_aime_Qwen3-4B_S64,64,1,1,3,1,0.0,0.23150668021058404,795.0,2824.0,5110849666755584.0,22047598875136.0
2207,question_52_aime_Qwen3-4B_S32,32,1,1,3,1,0.0,0.198158549906872,719.3333333333334,1749.3333333333333,4357702361596416.0,21727572375893.332
2208,question_52_aime_Qwen3-4B_S16,16,1,1,3,1,0.0,0.2881805448851756,668.0,1957.6666666666667,3046111400485888.0,16066716132522.666
2209,question_52_aime_Qwen3-4B_S8,8,1,1,3,1,0.0,0.15507226125304183,572.6666666666666,820.3333333333334,2021849236273834.8,11430565359445.334
2210,question_52_aime_Qwen3-4B_S4,4,1,1,3,1,0.0,0.29915486257036544,724.3333333333334,1200.6666666666667,1829940216182784.0,10684825002154.666
2211,question_52_aime_Qwen3-4B_S2,2,1,1,3,1,0.0,0.2827218963897576,781.0,781.0,1647835702541312.0,9955996166144.0
2212,question_52_aime_Qwen3-4B_S1,1,1,1,3,1,0.0,0.2062001674160403,1076.6666666666667,1076.6666666666667,1457010386525354.8,8887226350762.666
2213,question_52_aime_Qwen3-1.7B_S64,64,1,1,3,1,0.0,0.2559369405815736,160.0,3079.0,829944500598528.0,3000602105088.0
2214,question_52_aime_Qwen3-1.7B_S32,32,1,1,3,1,0.0,0.20944159130585904,259.6666666666667,1581.3333333333333,560022294719402.7,2435339349333.3335
2215,question_52_aime_Qwen3-1.7B_S16,16,1,1,3,1,0.0,0.2559369405815736,160.0,968.3333333333334,437542271309397.3,2215816032341.3335
2216,question_52_aime_Qwen3-1.7B_S8,8,1,1,3,1,0.0,0.1865905215705563,148.66666666666666,402.0,310427610677930.7,1703518741418.6667
2217,question_52_aime_Qwen3-1.7B_S4,4,1,1,3,1,0.0,0.14922842727923932,105.0,231.0,198421483657898.66,1146985606741.3333
2218,question_52_aime_Qwen3-1.7B_S2,2,1,1,3,1,0.0,0.14803206781446224,172.33333333333334,214.66666666666666,199763816611669.34,1198821668352.0
2219,question_52_aime_Qwen3-1.7B_S1,1,1,1,3,1,0.0,0.1631402850090116,286.0,286.0,205286662426794.66,1221654669312.0
2220,question_52_aime_Qwen3-0.6B_S64,64,1,1,3,1,0.0,0.3142022974983078,223.0,2222.0,752457171718144.0,1928938778624.0
2221,question_52_aime_Qwen3-0.6B_S32,32,1,1,3,1,0.0,0.31606824643972126,239.33333333333334,1720.0,443095481035946.7,1296375412906.6667
2222,question_52_aime_Qwen3-0.6B_S16,16,1,1,3,1,0.0,0.2254511061099461,149.0,1308.3333333333333,332341425486165.3,1228971727360.0
2223,question_52_aime_Qwen3-0.6B_S8,8,1,1,3,1,0.0,0.24004692916293932,271.6666666666667,1096.0,267150489667754.66,1162054773930.6667
2224,question_52_aime_Qwen3-0.6B_S4,4,1,1,3,1,0.0,0.3784064889335698,309.0,800.3333333333334,164978484114261.34,782227614208.0
2225,question_52_aime_Qwen3-0.6B_S2,2,1,1,3,1,0.0,0.1347949043627115,206.66666666666666,206.66666666666666,119597911733760.0,626550822570.6666
2226,question_52_aime_Qwen3-0.6B_S1,1,1,1,3,1,0.0,0.08195253477201879,266.6666666666667,266.6666666666667,81358444030805.33,445892672682.6667
2227,question_53_aime_Qwen3-32B_S64,64,1,1,3,1,0.0,0.4698629607365388,1177.0,3286.0,3.994449668861645e+16,234168749719552.0
2228,question_53_aime_Qwen3-32B_S32,32,1,1,3,1,0.0,0.49115641283460504,1197.6666666666667,5159.0,3.311529158342605e+16,199096463774720.0
2229,question_53_aime_Qwen3-32B_S16,16,1,1,3,1,0.0,0.46567430589207076,1085.0,2569.6666666666665,2.9601983614429868e+16,182492451112960.0
2230,question_53_aime_Qwen3-32B_S8,8,1,1,3,1,0.0,0.5162338070495681,1305.0,1305.0,2.2330801765054976e+16,139726630663509.33
2231,question_53_aime_Qwen3-32B_S4,4,1,1,3,1,0.0,0.4533166402734909,1253.0,1701.3333333333333,1.976638712134451e+16,124831475855701.33
2232,question_53_aime_Qwen3-32B_S2,2,1,1,3,1,0.0,0.5054010998257038,1631.3333333333333,2279.0,2.388362715835187e+16,150686263137280.0
2233,question_53_aime_Qwen3-32B_S1,1,1,1,3,1,0.0,0.3691728189959936,1374.6666666666667,1374.6666666666667,1.4496455001918464e+16,91719159401130.67
2234,question_53_aime_Qwen3-14B_S64,64,1,1,3,1,0.0,0.1360412063534222,891.0,2093.0,1.1136619412034816e+16,65557384364800.0
2235,question_53_aime_Qwen3-14B_S32,32,1,1,3,1,0.0,0.13069618794108925,994.6666666666666,1395.3333333333333,1.0481952372410026e+16,63689156894208.0
2236,question_53_aime_Qwen3-14B_S16,16,1,1,3,1,0.0,0.31037769384824343,911.0,1652.3333333333333,1.0072057406130944e+16,62151821599488.0
2237,question_53_aime_Qwen3-14B_S8,8,1,1,3,1,0.0,0.4228967263812793,1126.0,1682.6666666666667,1.1538498713641984e+16,71713990120704.0
2238,question_53_aime_Qwen3-14B_S4,4,1,1,3,1,0.0,0.4667798780969814,1330.6666666666667,1721.6666666666667,9507702982968064.0,59597915431082.664
2239,question_53_aime_Qwen3-14B_S2,2,1,1,3,1,0.0,0.3641062190556314,1103.0,1103.0,6895045794885547.0,43552499206656.0
2240,question_53_aime_Qwen3-14B_S1,1,1,1,3,1,0.0,0.47447219867829515,1730.0,1730.0,8276503180473771.0,52081582567850.664
2241,question_53_aime_Qwen3-8B_S64,64,1,1,3,1,0.0,0.7614079507725919,1635.0,17645.0,4.23909704324777e+16,209093869069056.0
2242,question_53_aime_Qwen3-8B_S32,32,1,1,3,1,0.0,0.7452166801479677,1816.0,11732.0,3.008531818236979e+16,161735708756224.0
2243,question_53_aime_Qwen3-8B_S16,16,1,1,3,1,0.0,0.754968489866917,1745.6666666666667,8483.0,2.0463924847722324e+16,115399605323093.33
2244,question_53_aime_Qwen3-8B_S8,8,1,1,3,1,0.0,0.7456155768457798,2065.6666666666665,4731.666666666667,1.780206909026176e+16,104811949751893.33
2245,question_53_aime_Qwen3-8B_S4,4,1,1,3,1,0.0,0.7605226791320049,2075.6666666666665,8175.0,1.360407755312623e+16,81810340476842.67
2246,question_53_aime_Qwen3-8B_S2,2,1,1,3,1,0.0,0.6941858232552652,2203.0,4415.666666666667,8810785911277909.0,53670345482325.336
2247,question_53_aime_Qwen3-8B_S1,1,1,1,3,1,0.0,0.6107427202664789,2527.6666666666665,2527.6666666666665,6818819064562944.0,42049731265450.664
2248,question_53_aime_Qwen3-4B_S64,64,1,1,3,1,0.0,0.5047628593713313,1189.0,2123.0,8794646084469248.0,38436963753472.0
2249,question_53_aime_Qwen3-4B_S32,32,1,1,3,1,0.0,0.48169785551473937,1104.0,2737.6666666666665,6924610272006485.0,33960326387712.0
2250,question_53_aime_Qwen3-4B_S16,16,1,1,3,1,0.0,0.5797210513348348,1244.3333333333333,4327.666666666667,5736958556380160.0,30984367938560.0
2251,question_53_aime_Qwen3-4B_S8,8,1,1,3,1,0.0,0.5652050101761743,1308.3333333333333,2814.6666666666665,3950666650755754.5,22186411186176.0
2252,question_53_aime_Qwen3-4B_S4,4,1,1,3,1,0.0,0.7704480824950134,1564.6666666666667,3252.3333333333335,3927267573672448.0,23070093829461.332
2253,question_53_aime_Qwen3-4B_S2,2,1,1,3,1,0.0,0.5334004906173531,1351.3333333333333,1836.3333333333333,2823390593793024.0,17100659044010.666
2254,question_53_aime_Qwen3-4B_S1,1,1,1,3,1,0.0,0.7225675434982769,1581.3333333333333,1581.3333333333333,2113539182633130.8,12992771142485.334
2255,question_53_aime_Qwen3-1.7B_S64,64,1,1,3,1,0.0,0.3163853807788851,178.0,5250.0,967339753051392.0,4107275334400.0
2256,question_53_aime_Qwen3-1.7B_S32,32,1,1,3,1,0.0,0.3163853807788851,178.0,2763.6666666666665,696616384271360.0,3436732750080.0
2257,question_53_aime_Qwen3-1.7B_S16,16,1,1,3,1,0.0,0.30894955057146706,153.33333333333334,1151.3333333333333,532228630447957.3,2863781613653.3335
2258,question_53_aime_Qwen3-1.7B_S8,8,1,1,3,1,0.0,0.19586171656909276,225.0,600.3333333333334,519173474283520.0,3004373888768.0
2259,question_53_aime_Qwen3-1.7B_S4,4,1,1,3,1,0.0,0.1543547128673934,289.0,529.6666666666666,364193556530346.7,2181895667541.3333
2260,question_53_aime_Qwen3-1.7B_S2,2,1,1,3,1,0.0,0.15929504708853987,230.0,385.6666666666667,282700671687765.3,1725299055872.0
2261,question_53_aime_Qwen3-1.7B_S1,1,1,1,3,1,0.0,0.2777314863931178,724.0,724.0,519755399632298.7,3065412618837.3335
2262,question_53_aime_Qwen3-0.6B_S64,64,1,1,3,1,0.0,0.14872250534668277,89.0,794.0,549320940183552.0,1821571720704.0
2263,question_53_aime_Qwen3-0.6B_S32,32,1,1,3,1,0.0,0.08430332396103596,79.0,400.0,342093462462122.7,1334906458282.6667
2264,question_53_aime_Qwen3-0.6B_S16,16,1,1,3,1,0.0,0.17159157124637045,219.33333333333334,920.6666666666666,283260374072320.0,1287564188160.0
2265,question_53_aime_Qwen3-0.6B_S8,8,1,1,3,1,0.0,0.12865554363390186,147.66666666666666,596.6666666666666,215975768784896.0,1102649818453.3333
2266,question_53_aime_Qwen3-0.6B_S4,4,1,1,3,1,0.0,0.06446701238639956,52.333333333333336,136.0,121548461775530.67,647967806122.6666
2267,question_53_aime_Qwen3-0.6B_S2,2,1,1,3,1,0.0,0.10221029121314319,236.33333333333334,324.0,110826384541013.33,614764344832.0
2268,question_53_aime_Qwen3-0.6B_S1,1,1,1,3,1,0.0,0.14435761476038678,344.0,344.0,98579415814144.0,564264480768.0
2269,question_54_aime_Qwen3-32B_S64,64,1,1,3,1,0.0,0.05634757454785349,521.0,1034.0,2.9732430848014336e+16,169556541914624.0
2270,question_54_aime_Qwen3-32B_S32,32,1,1,3,1,0.0,0.4584007741953662,935.6666666666666,3166.0,2.7994436790050476e+16,165454919738197.34
2271,question_54_aime_Qwen3-32B_S16,16,1,1,3,1,0.0,0.3945177063944975,834.0,1967.3333333333333,2.5528603880056148e+16,156113443299669.34
2272,question_54_aime_Qwen3-32B_S8,8,1,1,3,1,0.0,0.3297765161241614,785.0,964.3333333333334,1.5329702683789142e+16,94627012923050.67
2273,question_54_aime_Qwen3-32B_S4,4,1,1,3,1,0.0,0.22736333486271312,782.0,782.0,1.5853847172528982e+16,99107930067968.0
2274,question_54_aime_Qwen3-32B_S2,2,1,1,3,1,0.0,0.23560382515562636,863.3333333333334,1123.0,1.197751277249809e+16,75379994935296.0
2275,question_54_aime_Qwen3-32B_S1,1,1,1,3,1,0.0,0.04811341984637273,603.6666666666666,603.6666666666666,6353413103808341.0,40267122547882.664
2276,question_54_aime_Qwen3-14B_S64,64,1,1,3,1,0.0,0.14379357679173482,110.0,1748.0,3203110602321152.0,17379653298944.0
2277,question_54_aime_Qwen3-14B_S32,32,1,1,3,1,0.0,0.11951455413849325,96.0,714.6666666666666,2389366557695658.5,13741052541610.666
2278,question_54_aime_Qwen3-14B_S16,16,1,1,3,1,0.0,0.12397964293578446,123.0,340.3333333333333,2266686954772821.5,13715688665514.666
2279,question_54_aime_Qwen3-14B_S8,8,1,1,3,1,0.0,0.08092559157067752,192.0,421.6666666666667,1976556379227904.0,12118996679253.334
2280,question_54_aime_Qwen3-14B_S4,4,1,1,3,1,0.0,0.05019167143378084,126.0,165.33333333333334,1441859958198784.0,9051584916309.334
2281,question_54_aime_Qwen3-14B_S2,2,1,1,3,1,0.0,0.03304447661125613,214.0,331.6666666666667,1649399465536426.8,10346301139541.334
2282,question_54_aime_Qwen3-14B_S1,1,1,1,3,1,0.0,0.04420665039598367,216.66666666666666,216.66666666666666,1051225483477589.4,6626630700458.667
2283,question_54_aime_Qwen3-8B_S64,64,1,1,3,1,0.0,0.5664447480054926,933.0,9605.0,1.4043558844678912e+16,70761100047360.0
2284,question_54_aime_Qwen3-8B_S32,32,1,1,3,1,0.0,0.23960604878715866,666.6666666666666,3646.6666666666665,9883729105811286.0,53645120437930.664
2285,question_54_aime_Qwen3-8B_S16,16,1,1,3,1,0.0,0.144346872260503,608.0,2392.3333333333335,7607615447238229.0,44058766278570.664
2286,question_54_aime_Qwen3-8B_S8,8,1,1,3,1,0.0,0.3752764984898194,781.6666666666666,1803.6666666666667,6149703435271595.0,36458533492565.336
2287,question_54_aime_Qwen3-8B_S4,4,1,1,3,1,0.0,0.06442201611578792,646.6666666666666,1262.3333333333333,3956596424567296.0,23830057928106.668
2288,question_54_aime_Qwen3-8B_S2,2,1,1,3,1,0.0,0.06650569534336241,693.0,984.6666666666666,3005727871814570.5,18453558507605.332
2289,question_54_aime_Qwen3-8B_S1,1,1,1,3,1,0.0,0.051969420145617416,654.6666666666666,654.6666666666666,1765628950090069.2,10935725214037.334
2290,question_54_aime_Qwen3-4B_S64,64,1,1,3,1,0.0,0.0777103415741032,325.0,4020.0,3954370214216704.0,16437087761408.0
2291,question_54_aime_Qwen3-4B_S32,32,1,1,3,1,0.0,0.07683801069019075,345.0,5133.333333333333,3202647566148437.5,15448059952128.0
2292,question_54_aime_Qwen3-4B_S16,16,1,1,3,1,0.0,0.07157961986471621,400.0,3168.0,2300482464976725.5,12204138872490.666
2293,question_54_aime_Qwen3-4B_S8,8,1,1,3,1,0.0,0.07450548031155291,378.3333333333333,2343.3333333333335,1868835494477994.8,10606833313109.334
2294,question_54_aime_Qwen3-4B_S4,4,1,1,3,1,0.0,0.2518296243527556,607.0,1072.6666666666667,1972373096694272.0,11761935462058.666
2295,question_54_aime_Qwen3-4B_S2,2,1,1,3,1,0.0,0.06548053784592346,429.3333333333333,565.3333333333334,986374758866602.6,5943873281194.667
2296,question_54_aime_Qwen3-4B_S1,1,1,1,3,1,0.0,0.3533107475649895,809.3333333333334,809.3333333333334,1089407790707541.4,6681435600042.667
2297,question_54_aime_Qwen3-1.7B_S64,64,1,1,3,1,0.0,0.14938111451036246,114.0,777.0,576182868902144.0,2185739499776.0
2298,question_54_aime_Qwen3-1.7B_S32,32,1,1,3,1,0.0,0.10089195829539828,97.66666666666667,363.3333333333333,417239125360810.7,1919604449280.0
2299,question_54_aime_Qwen3-1.7B_S16,16,1,1,3,1,0.0,0.06481004576391391,94.66666666666667,242.66666666666666,303247953256789.3,1572250238122.6667
2300,question_54_aime_Qwen3-1.7B_S8,8,1,1,3,1,0.0,0.0670243526517605,105.66666666666667,105.66666666666667,284308747411285.3,1633924545792.0
2301,question_54_aime_Qwen3-1.7B_S4,4,1,1,3,1,0.0,0.08362731797475303,207.0,415.3333333333333,277117859709525.34,1589840769365.3333
2302,question_54_aime_Qwen3-1.7B_S2,2,1,1,3,1,0.0,0.0719040061753482,216.0,314.6666666666667,243689947490304.0,1441336657749.3333
2303,question_54_aime_Qwen3-1.7B_S1,1,1,1,3,1,0.0,0.06296078508905704,227.66666666666666,227.66666666666666,161945754028800.0,977486896213.3334
2304,question_54_aime_Qwen3-0.6B_S64,64,1,1,3,1,0.0,0.06039250642632212,301.0,1499.0,654438509563904.0,1550876496384.0
2305,question_54_aime_Qwen3-0.6B_S32,32,1,1,3,1,0.0,0.06039250642632212,301.0,2099.3333333333335,450025684442794.7,1310263549610.6667
2306,question_54_aime_Qwen3-0.6B_S16,16,1,1,3,1,0.0,0.056312185442125524,302.3333333333333,1764.6666666666667,302365028625408.0,1042619314346.6666
2307,question_54_aime_Qwen3-0.6B_S8,8,1,1,3,1,0.0,0.07282705720436265,368.3333333333333,1452.3333333333333,248704390700202.66,1018537752405.3334
2308,question_54_aime_Qwen3-0.6B_S4,4,1,1,3,1,0.0,0.0630771268835016,300.3333333333333,534.6666666666666,166502629681834.66,767912560469.3334
2309,question_54_aime_Qwen3-0.6B_S2,2,1,1,3,1,0.0,0.042278453496338964,279.0,363.0,118116511005184.0,613480641024.0
2310,question_54_aime_Qwen3-0.6B_S1,1,1,1,3,1,0.0,0.09796186035543807,278.6666666666667,278.6666666666667,82219710189397.33,460587802282.6667
2311,question_55_aime_Qwen3-32B_S64,64,1,1,3,1,0.0,0.1304674509925637,579.0,1305.0,2.019431671539763e+16,112017223117824.0
2312,question_55_aime_Qwen3-32B_S32,32,1,1,3,1,0.0,0.20565339827958087,838.0,2902.0,2.155445083317026e+16,126722106553344.0
2313,question_55_aime_Qwen3-32B_S16,16,1,1,3,1,0.0,0.18210038884919277,835.3333333333334,2690.3333333333335,1.7712864377022634e+16,107744044084906.67
2314,question_55_aime_Qwen3-32B_S8,8,1,1,3,1,0.0,0.24579999188336119,981.6666666666666,2406.0,2.218450932119586e+16,137525867377322.67
2315,question_55_aime_Qwen3-32B_S4,4,1,1,3,1,0.0,0.2225012757726966,685.0,1265.6666666666667,1.6128412240938154e+16,101221040431274.67
2316,question_55_aime_Qwen3-32B_S2,2,1,1,3,1,0.0,0.2015411080205178,1180.6666666666667,1180.6666666666667,2.112713812218931e+16,133295868740949.33
2317,question_55_aime_Qwen3-32B_S1,1,1,1,3,1,0.0,0.20020216672317023,1041.6666666666667,1041.6666666666667,1.0856768596585984e+16,68764865741994.664
2318,question_55_aime_Qwen3-14B_S64,64,1,1,3,1,0.0,0.36072887406360127,578.0,6755.0,1.3825952531620352e+16,71912262924288.0
2319,question_55_aime_Qwen3-14B_S32,32,1,1,3,1,0.0,0.4979366606235904,958.3333333333334,8809.333333333334,1.2575186345685334e+16,70718802689109.33
2320,question_55_aime_Qwen3-14B_S16,16,1,1,3,1,0.0,0.552171887788025,712.0,4671.333333333333,1.0240744873390934e+16,60971326323541.336
2321,question_55_aime_Qwen3-14B_S8,8,1,1,3,1,0.0,0.29652847783951103,871.6666666666666,3231.0,9513878217610326.0,58205840192938.664
2322,question_55_aime_Qwen3-14B_S4,4,1,1,3,1,0.0,0.13994781785871188,882.6666666666666,1419.0,7618880045565781.0,47451478524501.336
2323,question_55_aime_Qwen3-14B_S2,2,1,1,3,1,0.0,0.18004900159694426,857.3333333333334,857.3333333333334,6514805597113515.0,41004586770346.664
2324,question_55_aime_Qwen3-14B_S1,1,1,1,3,1,0.0,0.19557987555550693,1244.6666666666667,1244.6666666666667,5907484728555008.0,37245483278336.0
2325,question_55_aime_Qwen3-8B_S64,64,1,1,3,1,0.0,0.514550152915167,666.0,2400.0,1.3130825988667136e+16,61879811427584.0
2326,question_55_aime_Qwen3-8B_S32,32,1,1,3,1,0.0,0.49652591809848867,976.3333333333334,8937.0,1.2526355467210752e+16,65664471463082.664
2327,question_55_aime_Qwen3-8B_S16,16,1,1,3,1,0.0,0.4399320297792367,871.6666666666666,5823.666666666667,9808949756491350.0,55636870225322.664
2328,question_55_aime_Qwen3-8B_S8,8,1,1,3,1,0.0,0.24761684860257985,999.0,3943.0,8133846784541867.0,47695105078528.0
2329,question_55_aime_Qwen3-8B_S4,4,1,1,3,1,0.0,0.19719597654125212,870.0,1458.0,6424312820164693.0,39040465145770.664
2330,question_55_aime_Qwen3-8B_S2,2,1,1,3,1,0.0,0.24459187685581477,1110.3333333333333,1986.3333333333333,4940456330164224.0,30422226785194.668
2331,question_55_aime_Qwen3-8B_S1,1,1,1,3,1,0.0,0.36556569115485055,1126.6666666666667,1126.6666666666667,3016589728299520.0,18736747020970.668
2332,question_55_aime_Qwen3-4B_S64,64,1,1,3,1,0.0,0.28194272513220847,541.0,1809.0,4132465905412608.0,17341021763584.0
2333,question_55_aime_Qwen3-4B_S32,32,1,1,3,1,0.0,0.2064391579585146,654.3333333333334,1963.3333333333333,3311515844347733.5,16091348696917.334
2334,question_55_aime_Qwen3-4B_S16,16,1,1,3,1,0.0,0.24058565107474816,606.6666666666666,1547.3333333333333,3010275029229909.5,16272733576704.0
2335,question_55_aime_Qwen3-4B_S8,8,1,1,3,1,0.0,0.0919192315429208,632.0,2127.6666666666665,2500295606757717.5,14191320070314.666
2336,question_55_aime_Qwen3-4B_S4,4,1,1,3,1,0.0,0.10394569397519521,659.0,1877.0,1911985339302741.2,11227496711509.334
2337,question_55_aime_Qwen3-4B_S2,2,1,1,3,1,0.0,0.14409515850168741,746.3333333333334,1260.0,1510187264617130.8,9078421486080.0
2338,question_55_aime_Qwen3-4B_S1,1,1,1,3,1,0.0,0.16286108816289616,884.0,884.0,1202281785789269.2,7305708158805.333
2339,question_55_aime_Qwen3-1.7B_S64,64,1,1,3,1,0.0,0.2360486801820502,194.0,5143.0,725755786561792.0,2531776574208.0
2340,question_55_aime_Qwen3-1.7B_S32,32,1,1,3,1,0.0,0.22890293266713102,184.66666666666666,2712.3333333333335,511031762795008.0,2211469026218.6665
2341,question_55_aime_Qwen3-1.7B_S16,16,1,1,3,1,0.0,0.2100541588309183,186.66666666666666,2297.6666666666665,396491824982101.3,1966598327978.6667
2342,question_55_aime_Qwen3-1.7B_S8,8,1,1,3,1,0.0,0.2027927977070394,183.66666666666666,988.6666666666666,294217410992810.7,1630781849088.0
2343,question_55_aime_Qwen3-1.7B_S4,4,1,1,3,1,0.0,0.22553128086609497,213.0,653.3333333333334,294286077128362.7,1709273415509.3333
2344,question_55_aime_Qwen3-1.7B_S2,2,1,1,3,1,0.0,0.15238387949484902,217.0,383.0,221925412297642.66,1344215907328.0
2345,question_55_aime_Qwen3-1.7B_S1,1,1,1,3,1,0.0,0.1735611574972866,298.6666666666667,298.6666666666667,211788046911914.66,1296477835520.0
2346,question_55_aime_Qwen3-0.6B_S64,64,1,1,3,1,0.0,0.16803998360684444,136.0,5218.0,804308453316096.0,2004533668864.0
2347,question_55_aime_Qwen3-0.6B_S32,32,1,1,3,1,0.0,0.1480111679320453,186.33333333333334,2691.3333333333335,467005256445781.3,1430481553749.3333
2348,question_55_aime_Qwen3-0.6B_S16,16,1,1,3,1,0.0,0.18549974807663605,204.66666666666666,2280.6666666666665,344163709256874.7,1239893929301.3333
2349,question_55_aime_Qwen3-0.6B_S8,8,1,1,3,1,0.0,0.12466599951103698,257.3333333333333,1261.0,211867487630506.66,918672828074.6666
2350,question_55_aime_Qwen3-0.6B_S4,4,1,1,3,1,0.0,0.1092778480196473,228.0,589.6666666666666,149919782537557.34,758750803285.3334
2351,question_55_aime_Qwen3-0.6B_S2,2,1,1,3,1,0.0,0.083343965597042,275.3333333333333,429.0,115580946387797.33,612179470506.6666
2352,question_55_aime_Qwen3-0.6B_S1,1,1,1,3,1,0.0,0.0728876669922107,280.3333333333333,280.3333333333333,79344460034560.0,457603882496.0
2353,question_56_aime_Qwen3-32B_S64,64,1,1,3,1,0.0,0.30644487350247174,1317.0,1317.0,3.473723370419507e+16,204522563307520.0
2354,question_56_aime_Qwen3-32B_S32,32,1,1,3,1,0.0,0.3668047033998885,1232.6666666666667,2457.3333333333335,3.3249596385639936e+16,199393393517738.66
2355,question_56_aime_Qwen3-32B_S16,16,1,1,3,1,0.0,0.38767630338045284,1142.6666666666667,1142.6666666666667,2.466413767938253e+16,151524223894528.0
2356,question_56_aime_Qwen3-32B_S8,8,1,1,3,1,0.0,0.23963758013134143,1766.3333333333333,1766.3333333333333,2.5893298385883476e+16,161975226984448.0
2357,question_56_aime_Qwen3-32B_S4,4,1,1,3,1,0.0,0.29517783264231134,1857.6666666666667,1857.6666666666667,2.9142189169355436e+16,183467726287872.0
2358,question_56_aime_Qwen3-32B_S2,2,1,1,3,1,0.0,0.4422128747674319,1475.6666666666667,1475.6666666666667,2.2226913454314324e+16,139828320785066.67
2359,question_56_aime_Qwen3-32B_S1,1,1,1,3,1,0.0,0.3314411963347896,1326.3333333333333,1326.3333333333333,1.3868865964527616e+16,88019162592426.67
2360,question_56_aime_Qwen3-14B_S64,64,1,1,3,1,0.0,0.03780138829055029,1133.0,3134.0,1.8418876004515584e+16,108693230773760.0
2361,question_56_aime_Qwen3-14B_S32,32,1,1,3,1,0.0,0.03780138829055029,1133.0,2467.0,1.8524987696986964e+16,112769553015296.0
2362,question_56_aime_Qwen3-14B_S16,16,1,1,3,1,0.0,0.2554608195745017,1367.0,3238.0,2.198870802451251e+16,134064890081536.0
2363,question_56_aime_Qwen3-14B_S8,8,1,1,3,1,0.0,0.20878326480878728,1788.6666666666667,1788.6666666666667,1.6724129236021504e+16,103276216510549.33
2364,question_56_aime_Qwen3-14B_S4,4,1,1,3,1,0.0,0.024620989135726617,1018.6666666666666,1018.6666666666666,1.0406961151634774e+16,65506633055146.664
2365,question_56_aime_Qwen3-14B_S2,2,1,1,3,1,0.0,0.1748138110753171,1958.0,1958.0,1.4584908572637354e+16,92254531957760.0
2366,question_56_aime_Qwen3-14B_S1,1,1,1,3,1,0.0,0.06688971393228567,3264.3333333333335,3264.3333333333335,1.554262841984e+16,97375256871936.0
2367,question_56_aime_Qwen3-8B_S64,64,1,1,3,1,0.0,0.6311386465127303,1338.0,4527.0,1.7611572847193344e+16,87407327799552.0
2368,question_56_aime_Qwen3-8B_S32,32,1,1,3,1,0.0,0.41443265805164425,1509.0,2089.0,1.4326009658238122e+16,78222330078720.0
2369,question_56_aime_Qwen3-8B_S16,16,1,1,3,1,0.0,0.36525801384188444,1951.6666666666667,4393.666666666667,1.59737238798592e+16,91066536956160.0
2370,question_56_aime_Qwen3-8B_S8,8,1,1,3,1,0.0,0.4856819182122749,1715.0,4249.333333333333,1.2207274426784e+16,72980588598186.67
2371,question_56_aime_Qwen3-8B_S4,4,1,1,3,1,0.0,0.2405646900794116,2230.6666666666665,2230.6666666666665,9990244521845248.0,60291314813184.0
2372,question_56_aime_Qwen3-8B_S2,2,1,1,3,1,0.0,0.12100264544140678,1928.3333333333333,1928.3333333333333,6393925447158016.0,39445793947562.664
2373,question_56_aime_Qwen3-8B_S1,1,1,1,3,1,0.0,0.024228808301957356,2461.6666666666665,2461.6666666666665,6731865600271189.0,40977142118400.0
2374,question_56_aime_Qwen3-4B_S64,64,1,1,3,1,0.0,0.642454767834182,1516.0,5135.0,1.4665245405091328e+16,53954041696256.0
2375,question_56_aime_Qwen3-4B_S32,32,1,1,3,1,0.0,0.642454767834182,1516.0,4335.666666666667,9973152178579286.0,43640829066922.664
2376,question_56_aime_Qwen3-4B_S16,16,1,1,3,1,0.0,0.4594827440355475,1697.6666666666667,5674.666666666667,1.037084027661585e+16,48814703633749.336
2377,question_56_aime_Qwen3-4B_S8,8,1,1,3,1,0.0,0.2736047275688466,1993.3333333333333,4796.333333333333,8455303376908800.0,44096212114261.336
2378,question_56_aime_Qwen3-4B_S4,4,1,1,3,1,0.0,0.3797215331867072,2138.6666666666665,4307.0,7109116280313685.0,39703556094464.0
2379,question_56_aime_Qwen3-4B_S2,2,1,1,3,1,0.0,0.503733735960361,2065.6666666666665,2065.6666666666665,4140691692440576.0,24399151237632.0
2380,question_56_aime_Qwen3-4B_S1,1,1,1,3,1,0.0,0.19477661783178246,3441.0,3441.0,4884958652117675.0,28549161431381.332
2381,question_56_aime_Qwen3-1.7B_S64,64,1,1,3,1,0.0,0.07679591542860977,162.0,1136.0,1210793274025216.0,5427045743616.0
2382,question_56_aime_Qwen3-1.7B_S32,32,1,1,3,1,0.0,0.06841788252788464,146.66666666666666,507.3333333333333,913233933313706.6,4685540736426.667
2383,question_56_aime_Qwen3-1.7B_S16,16,1,1,3,1,0.0,0.035311684680742556,208.66666666666666,713.0,984722657041834.6,5435508591445.333
2384,question_56_aime_Qwen3-1.7B_S8,8,1,1,3,1,0.0,0.027104523341442366,164.33333333333334,164.33333333333334,765588622038613.4,4410563782314.667
2385,question_56_aime_Qwen3-1.7B_S4,4,1,1,3,1,0.0,0.07259488296091411,311.6666666666667,413.6666666666667,750841115649109.4,4473106035626.667
2386,question_56_aime_Qwen3-1.7B_S2,2,1,1,3,1,0.0,0.025509340364283595,529.0,860.3333333333334,659296644807509.4,4002658249557.3335
2387,question_56_aime_Qwen3-1.7B_S1,1,1,1,3,1,0.0,0.030393435092522684,1881.3333333333333,1881.3333333333333,1513618616722090.8,8077701084842.667
2388,question_56_aime_Qwen3-0.6B_S64,64,1,1,3,1,0.0,0.4646398678444357,326.0,2342.0,660958730916352.0,2437225168384.0
2389,question_56_aime_Qwen3-0.6B_S32,32,1,1,3,1,0.0,0.04878829141855825,365.6666666666667,2036.3333333333333,466198376074752.0,1992144872448.0
2390,question_56_aime_Qwen3-0.6B_S16,16,1,1,3,1,0.0,0.3264991056633279,272.3333333333333,1559.0,358453767016618.7,1756309886122.6667
2391,question_56_aime_Qwen3-0.6B_S8,8,1,1,3,1,0.0,0.03546705892361851,516.3333333333334,903.3333333333334,307016573316778.7,1533711561728.0
2392,question_56_aime_Qwen3-0.6B_S4,4,1,1,3,1,0.0,0.025732814785774338,241.0,258.6666666666667,149167084612608.0,834750512298.6666
2393,question_56_aime_Qwen3-0.6B_S2,2,1,1,3,1,0.0,0.023857127526556474,210.0,255.66666666666666,104174591488341.33,565629483008.0
2394,question_56_aime_Qwen3-0.6B_S1,1,1,1,3,1,0.0,0.055935465231230934,581.3333333333334,581.3333333333334,174802701153792.0,970288971776.0
2395,question_57_aime_Qwen3-32B_S64,64,1,1,3,1,0.0,0.5,1207.6666666666667,7297.0,5.100334348322202e+16,305148845051392.0
2396,question_57_aime_Qwen3-32B_S32,32,1,1,3,1,0.0,0.5,1390.3333333333333,3833.3333333333335,4.172082989848627e+16,256517838319104.0
2397,question_57_aime_Qwen3-32B_S16,16,1,1,3,1,0.0,0.5,1510.3333333333333,3607.0,3.916872532354953e+16,242833831386965.34
2398,question_57_aime_Qwen3-32B_S8,8,1,1,3,1,0.0,0.5,1408.3333333333333,1924.6666666666667,3.2113937002596692e+16,200881004620117.34
2399,question_57_aime_Qwen3-32B_S4,4,1,1,3,1,0.0,0.5,1389.3333333333333,1389.3333333333333,2.640124841969698e+16,165508216715264.0
2400,question_57_aime_Qwen3-32B_S2,2,1,1,3,1,0.0,0.5,1597.0,2528.0,2.6100944838614356e+16,164797404415658.66
2401,question_57_aime_Qwen3-32B_S1,1,1,1,3,1,0.0,0.5,1584.6666666666667,1584.6666666666667,1.6565742438753622e+16,104965243092821.33
2402,question_57_aime_Qwen3-14B_S64,64,1,1,3,1,0.0,0.5,1464.0,1464.0,2.1410184405853184e+16,130187056211200.0
2403,question_57_aime_Qwen3-14B_S32,32,1,1,3,1,0.0,0.16666666666666666,488.0,488.0,1.7839702718900566e+16,110857680700842.67
2404,question_57_aime_Qwen3-14B_S16,16,1,1,3,1,0.0,0.5,1489.6666666666667,2039.6666666666667,1.973448569277901e+16,123193322742613.33
2405,question_57_aime_Qwen3-14B_S8,8,1,1,3,1,0.0,0.3333333333333333,924.6666666666666,2057.3333333333335,1.525513679141905e+16,95341526905258.67
2406,question_57_aime_Qwen3-14B_S4,4,1,1,3,1,0.0,0.5,1997.6666666666667,3225.0,1.4170509255625814e+16,89279829997312.0
2407,question_57_aime_Qwen3-14B_S2,2,1,1,3,1,0.0,0.5,1553.0,1553.0,7939357070648747.0,50215110415445.336
2408,question_57_aime_Qwen3-14B_S1,1,1,1,3,1,0.0,0.3333333333333333,1169.6666666666667,1169.6666666666667,6897826808031744.0,43588805170688.0
2409,question_57_aime_Qwen3-8B_S64,64,1,1,3,1,0.0,0.5,1145.0,10289.0,2.586253010856499e+16,123291339088128.0
2410,question_57_aime_Qwen3-8B_S32,32,1,1,3,1,0.0,0.5,1302.0,5389.333333333333,1.9391423959820204e+16,102829317721856.0
2411,question_57_aime_Qwen3-8B_S16,16,1,1,3,1,0.0,0.5,1179.6666666666667,2943.6666666666665,1.4947348275855616e+16,84361662577408.0
2412,question_57_aime_Qwen3-8B_S8,8,1,1,3,1,0.0,0.5,1335.6666666666667,2804.0,1.1577082510361942e+16,68169181209770.664
2413,question_57_aime_Qwen3-8B_S4,4,1,1,3,1,0.0,0.5,1673.3333333333333,2918.6666666666665,9664853533424298.0,58204482353152.0
2414,question_57_aime_Qwen3-8B_S2,2,1,1,3,1,0.0,0.5,1396.3333333333333,1396.3333333333333,6916391663424341.0,42580888551424.0
2415,question_57_aime_Qwen3-8B_S1,1,1,1,3,1,0.0,0.5,2107.6666666666665,2107.6666666666665,5661071643130453.0,35042561054122.668
2416,question_57_aime_Qwen3-4B_S64,64,1,1,3,1,0.0,0.5,2087.0,9439.0,2.006091386583757e+16,77603714547200.0
2417,question_57_aime_Qwen3-4B_S32,32,1,1,3,1,0.0,0.5,2147.3333333333335,6674.666666666667,1.3796899312250026e+16,61960009247232.0
2418,question_57_aime_Qwen3-4B_S16,16,1,1,3,1,0.0,0.5,1969.6666666666667,7272.0,1.1593343038749354e+16,58199031435776.0
2419,question_57_aime_Qwen3-4B_S8,8,1,1,3,1,0.0,0.5,1925.6666666666667,3373.0,8653950017755989.0,47469891605845.336
2420,question_57_aime_Qwen3-4B_S4,4,1,1,3,1,0.0,0.5,2017.6666666666667,3588.0,5811748140258816.0,33546102972074.668
2421,question_57_aime_Qwen3-4B_S2,2,1,1,3,1,0.0,0.5,2745.3333333333335,3864.0,5932990916511744.0,34929143780522.668
2422,question_57_aime_Qwen3-4B_S1,1,1,1,3,1,0.0,0.5,3152.6666666666665,3152.6666666666665,4332211342727338.5,26057718578005.332
2423,question_57_aime_Qwen3-1.7B_S64,64,1,1,3,1,0.0,0.5,296.6666666666667,571.0,1893499600842752.0,8119743303168.0
2424,question_57_aime_Qwen3-1.7B_S32,32,1,1,3,1,0.0,0.5,538.6666666666666,4863.333333333333,2036557181701802.8,9956645734485.334
2425,question_57_aime_Qwen3-1.7B_S16,16,1,1,3,1,0.0,0.5,586.3333333333334,3213.3333333333335,1549902015693994.8,8194550010453.333
2426,question_57_aime_Qwen3-1.7B_S8,8,1,1,3,1,0.0,0.5,868.0,2156.0,1309553299453354.8,7322946588160.0
2427,question_57_aime_Qwen3-1.7B_S4,4,1,1,3,1,0.0,0.5,502.0,1659.3333333333333,808541354668544.0,4785135559680.0
2428,question_57_aime_Qwen3-1.7B_S2,2,1,1,3,1,0.0,0.5,587.3333333333334,672.0,629347666898346.6,3757950116181.3335
2429,question_57_aime_Qwen3-1.7B_S1,1,1,1,3,1,0.0,0.5,831.3333333333334,831.3333333333334,573538175046741.4,3489222627072.0
2430,question_57_aime_Qwen3-0.6B_S64,64,1,1,3,1,0.0,0.5,123.33333333333333,233.0,488706744182784.0,1590483086848.0
2431,question_57_aime_Qwen3-0.6B_S32,32,1,1,3,1,0.0,0.5,122.0,462.0,376676737898154.7,1388962560682.6667
2432,question_57_aime_Qwen3-0.6B_S16,16,1,1,3,1,0.0,0.5,174.0,495.6666666666667,279934485549397.34,1186133829973.3333
2433,question_57_aime_Qwen3-0.6B_S8,8,1,1,3,1,0.0,0.3333333333333333,122.66666666666667,293.3333333333333,206692671977813.34,1022553646080.0
2434,question_57_aime_Qwen3-0.6B_S4,4,1,1,3,1,0.0,0.5,358.3333333333333,562.6666666666666,272125450392234.66,1398891554474.6667
2435,question_57_aime_Qwen3-0.6B_S2,2,1,1,3,1,0.0,0.5,286.0,286.0,150983475756544.0,827343279104.0
2436,question_57_aime_Qwen3-0.6B_S1,1,1,1,3,1,0.0,0.5,544.6666666666666,544.6666666666666,167498960703146.66,903353735850.6666
2437,question_58_aime_Qwen3-32B_S64,64,1,1,3,1,0.0,0.35595252433526886,1439.0,3184.0,3.0209679333891584e+16,174326968717312.0
2438,question_58_aime_Qwen3-32B_S32,32,1,1,3,1,0.0,0.17795372122202577,800.0,1448.0,2.145474779716898e+16,128270524906154.67
2439,question_58_aime_Qwen3-32B_S16,16,1,1,3,1,0.0,0.3508158553192602,1086.3333333333333,2335.6666666666665,2.634079634095616e+16,162410494104746.66
2440,question_58_aime_Qwen3-32B_S8,8,1,1,3,1,0.0,0.2302016827937423,733.0,1371.3333333333333,1.941084205799885e+16,120194984663210.67
2441,question_58_aime_Qwen3-32B_S4,4,1,1,3,1,0.0,0.24391785897855203,731.0,1737.3333333333333,1.7557362481957718e+16,110402201302016.0
2442,question_58_aime_Qwen3-32B_S2,2,1,1,3,1,0.0,0.33303921859821634,850.6666666666666,1207.3333333333333,1.1279311407661398e+16,71030430277461.33
2443,question_58_aime_Qwen3-32B_S1,1,1,1,3,1,0.0,0.35067811304925495,1496.6666666666667,1496.6666666666667,1.5660243587327488e+16,99200523600213.33
2444,question_58_aime_Qwen3-14B_S64,64,1,1,3,1,0.0,0.5295500949272177,725.0,6851.0,2.2148309403663104e+16,124673721206272.0
2445,question_58_aime_Qwen3-14B_S32,32,1,1,3,1,0.0,0.4708068036746571,932.0,3805.3333333333335,1.6870169281524566e+16,99445402226517.33
2446,question_58_aime_Qwen3-14B_S16,16,1,1,3,1,0.0,0.43980081490795025,991.6666666666666,3188.3333333333335,1.3447811074157482e+16,81225762105429.33
2447,question_58_aime_Qwen3-14B_S8,8,1,1,3,1,0.0,0.3139719817846533,920.6666666666666,1100.0,8832486355410176.0,54201173610410.664
2448,question_58_aime_Qwen3-14B_S4,4,1,1,3,1,0.0,0.25788005329739266,1146.6666666666667,1146.6666666666667,7231127565759659.0,45186795162538.664
2449,question_58_aime_Qwen3-14B_S2,2,1,1,3,1,0.0,0.43755251556926655,1636.0,2259.0,1.0024572371143338e+16,63228221072384.0
2450,question_58_aime_Qwen3-14B_S1,1,1,1,3,1,0.0,0.3570831663967368,1521.0,1521.0,7253970272055467.0,45636551467264.0
2451,question_58_aime_Qwen3-8B_S64,64,1,1,3,1,0.0,0.6076310186474366,534.0,2276.0,1.2997796133623552e+16,63043906631424.0
2452,question_58_aime_Qwen3-8B_S32,32,1,1,3,1,0.0,0.3843725757493819,486.6666666666667,700.6666666666666,9301154616823126.0,49310426255189.336
2453,question_58_aime_Qwen3-8B_S16,16,1,1,3,1,0.0,0.5965065042766152,845.0,2153.6666666666665,9337510397326506.0,52504400488533.336
2454,question_58_aime_Qwen3-8B_S8,8,1,1,3,1,0.0,0.5520167215872247,937.3333333333334,2383.0,7067542739521621.0,41642561118378.664
2455,question_58_aime_Qwen3-8B_S4,4,1,1,3,1,0.0,0.34623570321466685,1053.6666666666667,1721.3333333333333,8095418961507584.0,48906125400490.664
2456,question_58_aime_Qwen3-8B_S2,2,1,1,3,1,0.0,0.43625267549026364,1212.3333333333333,1591.6666666666667,5591618349286400.0,34217839057920.0
2457,question_58_aime_Qwen3-8B_S1,1,1,1,3,1,0.0,0.42549311561052666,1234.0,1234.0,3347562826521514.5,20582333054805.332
2458,question_58_aime_Qwen3-4B_S64,64,1,1,3,1,0.0,0.3676190925467007,1184.0,3402.0,1.0136297906894848e+16,40587967776768.0
2459,question_58_aime_Qwen3-4B_S32,32,1,1,3,1,0.0,0.36478579204403855,810.0,1341.6666666666667,6572807446174379.0,29900927605589.332
2460,question_58_aime_Qwen3-4B_S16,16,1,1,3,1,0.0,0.43521784402520947,968.3333333333334,1520.3333333333333,5350799158694400.0,27099994134016.0
2461,question_58_aime_Qwen3-4B_S8,8,1,1,3,1,0.0,0.32373343305178137,649.0,649.0,3428473361725440.0,19064713133568.0
2462,question_58_aime_Qwen3-4B_S4,4,1,1,3,1,0.0,0.3881357040002515,1268.0,2128.3333333333335,3623232584530432.0,20894537902250.668
2463,question_58_aime_Qwen3-4B_S2,2,1,1,3,1,0.0,0.446916730245772,2088.6666666666665,3474.0,4205388471447893.5,24604975305386.668
2464,question_58_aime_Qwen3-4B_S1,1,1,1,3,1,0.0,0.372354671436377,2409.6666666666665,2409.6666666666665,3370776017330346.5,19985913960789.332
2465,question_58_aime_Qwen3-1.7B_S64,64,1,1,3,1,0.0,0.3358382197203116,427.0,4543.0,1869542029621504.0,7023127204352.0
2466,question_58_aime_Qwen3-1.7B_S32,32,1,1,3,1,0.0,0.3021788474609329,421.3333333333333,2477.3333333333335,1315857865845077.2,5937374820608.0
2467,question_58_aime_Qwen3-1.7B_S16,16,1,1,3,1,0.0,0.3358382197203116,427.0,2141.6666666666665,988913193358421.4,4958088001962.667
2468,question_58_aime_Qwen3-1.7B_S8,8,1,1,3,1,0.0,0.09958663012924952,386.3333333333333,1626.0,813647962972842.6,4430833645056.0
2469,question_58_aime_Qwen3-1.7B_S4,4,1,1,3,1,0.0,0.05527086564036121,424.3333333333333,713.3333333333334,649561802974037.4,3774705374122.6665
2470,question_58_aime_Qwen3-1.7B_S2,2,1,1,3,1,0.0,0.13959162946097833,797.0,1120.0,862300471898282.6,5053421416362.667
2471,question_58_aime_Qwen3-1.7B_S1,1,1,1,3,1,0.0,0.01521881124901448,429.0,429.0,294618801851136.0,1804050886997.3333
2472,question_58_aime_Qwen3-0.6B_S64,64,1,1,3,1,0.0,0.024209536346601928,12.0,106.0,746454962961408.0,2333928509440.0
2473,question_58_aime_Qwen3-0.6B_S32,32,1,1,3,1,0.0,0.1090656041577714,124.33333333333333,1405.3333333333333,546955374400682.7,1805076402858.6667
2474,question_58_aime_Qwen3-0.6B_S16,16,1,1,3,1,0.0,0.02689314764939867,83.66666666666667,960.6666666666666,346644931788970.7,1344185964714.6667
2475,question_58_aime_Qwen3-0.6B_S8,8,1,1,3,1,0.0,0.024159628506186543,205.33333333333334,433.3333333333333,233762685652138.66,1064883490304.0
2476,question_58_aime_Qwen3-0.6B_S4,4,1,1,3,1,0.0,0.02746190090577186,305.0,929.3333333333334,229496591409664.0,1141799594496.0
2477,question_58_aime_Qwen3-0.6B_S2,2,1,1,3,1,0.0,0.04440394737791212,367.6666666666667,500.3333333333333,165016626305024.0,881141497173.3334
2478,question_58_aime_Qwen3-0.6B_S1,1,1,1,3,1,0.0,0.0847364552225679,553.3333333333334,553.3333333333334,159617796547925.34,901710198613.3334
2479,question_59_aime_Qwen3-32B_S64,64,1,1,3,1,0.0,0.5,1143.6666666666667,6297.0,4.110661628489882e+16,231157345551360.0
2480,question_59_aime_Qwen3-32B_S32,32,1,1,3,1,0.0,0.5,1470.3333333333333,4829.666666666667,4.000109535443319e+16,230982411754496.0
2481,question_59_aime_Qwen3-32B_S16,16,1,1,3,1,0.0,0.5,1513.6666666666667,1913.3333333333333,3.3598523029464404e+16,202744975885312.0
2482,question_59_aime_Qwen3-32B_S8,8,1,1,3,1,0.0,0.5,1487.6666666666667,2536.0,2.9937275830191276e+16,185885169949525.34
2483,question_59_aime_Qwen3-32B_S4,4,1,1,3,1,0.0,0.5,1194.3333333333333,1674.3333333333333,2.517134604621056e+16,156798216713386.66
2484,question_59_aime_Qwen3-32B_S2,2,1,1,3,1,0.0,0.5,1730.3333333333333,2924.0,2.661142657154526e+16,166945592857088.0
2485,question_59_aime_Qwen3-32B_S1,1,1,1,3,1,0.0,0.5,1932.6666666666667,1932.6666666666667,2.0221818202157396e+16,127826905509376.0
2486,question_59_aime_Qwen3-14B_S64,64,1,1,3,1,0.0,0.5,905.3333333333334,6676.0,1.512793137240704e+16,78708293437696.0
2487,question_59_aime_Qwen3-14B_S32,32,1,1,3,1,0.0,0.5,976.0,3177.3333333333335,1.2181291453325142e+16,68605934377557.336
2488,question_59_aime_Qwen3-14B_S16,16,1,1,3,1,0.0,0.5,1066.3333333333333,3837.3333333333335,1.0596828137402026e+16,62462190281216.0
2489,question_59_aime_Qwen3-14B_S8,8,1,1,3,1,0.0,0.5,977.3333333333334,1619.0,1.1519983671126358e+16,70078898373546.664
2490,question_59_aime_Qwen3-14B_S4,4,1,1,3,1,0.0,0.5,1050.6666666666667,1646.3333333333333,9146004384196010.0,56622866241877.336
2491,question_59_aime_Qwen3-14B_S2,2,1,1,3,1,0.0,0.5,1212.6666666666667,1212.6666666666667,7806849000709717.0,48973243981653.336
2492,question_59_aime_Qwen3-14B_S1,1,1,1,3,1,0.0,0.5,1164.0,1164.0,5629557384202325.0,35515924233728.0
2493,question_59_aime_Qwen3-8B_S64,64,1,1,3,1,0.0,0.5,1195.3333333333333,3420.0,1.6905803085045248e+16,68168252648960.0
2494,question_59_aime_Qwen3-8B_S32,32,1,1,3,1,0.0,0.5,1294.0,3672.0,1.6408416227529386e+16,74216716608256.0
2495,question_59_aime_Qwen3-8B_S16,16,1,1,3,1,0.0,0.5,1084.6666666666667,1084.6666666666667,1.0426019274067626e+16,55081017499306.664
2496,question_59_aime_Qwen3-8B_S8,8,1,1,3,1,0.0,0.5,1819.6666666666667,3796.3333333333335,1.2360316457599318e+16,67683241165312.0
2497,question_59_aime_Qwen3-8B_S4,4,1,1,3,1,0.0,0.5,1886.6666666666667,3270.0,1.0734501923484416e+16,61322765213866.664
2498,question_59_aime_Qwen3-8B_S2,2,1,1,3,1,0.0,0.5,1909.3333333333333,2659.3333333333335,8074667496599723.0,48373908843776.0
2499,question_59_aime_Qwen3-8B_S1,1,1,1,3,1,0.0,0.5,2069.0,2069.0,5680013446174464.0,34514805238442.668
2500,question_59_aime_Qwen3-4B_S64,64,1,1,3,1,0.0,0.5,657.0,657.0,7534031861486080.0,26769432251904.0
2501,question_59_aime_Qwen3-4B_S32,32,1,1,3,1,0.0,0.5,749.0,749.0,5963040956085077.0,25343910999552.0
2502,question_59_aime_Qwen3-4B_S16,16,1,1,3,1,0.0,0.5,1209.0,2840.3333333333335,6170158619862016.0,28850528986112.0
2503,question_59_aime_Qwen3-4B_S8,8,1,1,3,1,0.0,0.5,1180.6666666666667,2117.3333333333335,3775839770178048.0,20398686563498.668
2504,question_59_aime_Qwen3-4B_S4,4,1,1,3,1,0.0,0.5,1654.0,4081.6666666666665,5358492105166848.0,28799643564373.332
2505,question_59_aime_Qwen3-4B_S2,2,1,1,3,1,0.0,0.5,1841.6666666666667,3282.0,3996942907133952.0,22642560203093.332
2506,question_59_aime_Qwen3-4B_S1,1,1,1,3,1,0.0,0.5,1813.6666666666667,1813.6666666666667,2594865553026218.5,15086662476629.334
2507,question_59_aime_Qwen3-1.7B_S64,64,1,1,3,1,0.0,0.5,101.0,101.0,808227440416256.0,4052914901504.0
2508,question_59_aime_Qwen3-1.7B_S32,32,1,1,3,1,0.0,0.3333333333333333,104.66666666666667,168.66666666666666,621244160493226.6,3259989525930.6665
2509,question_59_aime_Qwen3-1.7B_S16,16,1,1,3,1,0.0,0.3333333333333333,214.0,550.0,533992968219050.7,2964413665621.3335
2510,question_59_aime_Qwen3-1.7B_S8,8,1,1,3,1,0.0,0.5,252.66666666666666,652.3333333333334,541896095062186.7,3095657082112.0
2511,question_59_aime_Qwen3-1.7B_S4,4,1,1,3,1,0.0,0.5,335.6666666666667,947.0,354123779112618.7,2086834801408.0
2512,question_59_aime_Qwen3-1.7B_S2,2,1,1,3,1,0.0,0.5,397.3333333333333,633.6666666666666,427956154996309.3,2498660375978.6665
2513,question_59_aime_Qwen3-1.7B_S1,1,1,1,3,1,0.0,0.5,660.3333333333334,660.3333333333334,467246752162474.7,2794822105002.6665
2514,question_59_aime_Qwen3-0.6B_S64,64,1,1,3,1,0.0,0.5,279.6666666666667,1093.0,510251807120896.0,1713741045248.0
2515,question_59_aime_Qwen3-0.6B_S32,32,1,1,3,1,0.0,0.3333333333333333,201.33333333333334,201.33333333333334,309898004954965.3,1215793458688.0
2516,question_59_aime_Qwen3-0.6B_S16,16,1,1,3,1,0.0,0.3333333333333333,139.66666666666666,256.3333333333333,230933496321024.0,1034926993749.3334
2517,question_59_aime_Qwen3-0.6B_S8,8,1,1,3,1,0.0,0.3333333333333333,209.33333333333334,880.6666666666666,232694167123456.0,1108565625685.3333
2518,question_59_aime_Qwen3-0.6B_S4,4,1,1,3,1,0.0,0.16666666666666666,172.66666666666666,510.3333333333333,156910567169706.66,848904870400.0
2519,question_59_aime_Qwen3-0.6B_S2,2,1,1,3,1,0.0,0.3333333333333333,236.66666666666666,344.6666666666667,123949348790272.0,692190245888.0
2520,question_59_aime_Qwen3-0.6B_S1,1,1,1,3,1,0.0,0.5,324.6666666666667,324.6666666666667,92059918352725.33,528437861376.0
